,投稿日,この製品のいい点,改善してほしい点,メリット,おすすめポイント
0,2024/06/08,世の中が基本領収書もPDF化されており、PDFを自動読み取りしてくれるため精算が非常にスムーズです。承認の進捗具合もメールで連絡が来るためわかりやすいです。,領収書のPDFが取り込まれた際に、領収書の発行日が読み込まれることがあり、実際に取引が発生した日時と乖離があることが時々あります。システムの不具合がありましたか？特にありません。,インボイス制度にもいち早く適応したため、大きな混乱もなく経費精算が行えています。また、無駄に領収書の原紙を紙で保管する必要は無くなります。,まずは検討されてみては良いのではないでしょうか。
1,2024/06/02,法人クレジットカード(コーポレートカード)との連携ができること。また、自社の運用に沿ってある程度カスタマイズ機能があること。,モバイル端末で使いづらかった。パソコンでの操作のみを想定している印象です。当社はインターネットPC端末が1台しかないため、毎月の精算前にPC前が渋滞しました。,外回り営業員が外で支払うガソリン代などの管理、精算が楽になりました。特にコーポレートカードとの連携が可能なことで、精算申請の事務処理も以前の半分以下の労力でできるようになりました。この口コミを詳しく見る,ットカード(コーポレートカード)との連携ができること。また、自社の運用に沿ってある程度カスタマイズ機能があること。楽楽精算の改善してほしい点モバイル端末で使いづらかった。パソコンでの操作のみを想定している印象です。当社はインターネットPC端末が1台しかないため、毎月の精算前にPC前が渋滞しました。楽楽精算導入で得られた効果・メリット外回り営業員が外で支払うガソリン代などの管理、精算が楽になりました。特にコーポレートカードとの連携が可能なことで、精算申請の事務処理も以前の半分以下の労力でできるようになりました。
2,2024/05/30,経費精算システム。pcやスマホから申請ができて便利。領収書を読み込んで添付することで、支店が複数店舗ある場合や距離が遠い場所に複数ある場合には便利。事前に購入していいかの承認を得られる機能もあるため便利。,私の会社では一定額以上の買い物をする際に事前に承認が必要。その申請も楽楽精算でできるのだが承認までに時間がかかることがある。もちろん上司の問題だが、忘れられていそうな時や催促したい時にお知らせするみたいな機能があれば便利だと思った。システムの不具合がありましたか？特になし,わたしは支店の経理を担当しているため営業さんの経費申請をしなければいけなかったが、写真を撮って読み込むだけでいつどこでいくら使ったのか自動入力してくれるのでかかる時間が圧倒的に減った。,導入コストなどが分からないためコスパは正直不明。ユーザーからしてみると便利であることは間違いない。
3,2024/05/30,新型コロナウイルス時期に導入したが今までは出張費と経費は紙での申請だったため会社に出勤して申請していたが導入のおかげで家からでも申請できるようになった。,月に１度程度しか使用していないため改善して欲しいところは無いが領収書撮影時に社名と金額が異なることが多い,今まで紙で回していたため申請金額が振り込まれるまで状況が分からず紛失も何度かあったが導入のおかげで見える化できたこの口コミを詳しく見る,ウイルス時期に導入したが今までは出張費と経費は紙での申請だったため会社に出勤して申請していたが導入のおかげで家からでも申請できるようになった。楽楽精算の改善してほしい点月に１度程度しか使用していないため改善して欲しいところは無いが領収書撮影時に社名と金額が異なることが多い楽楽精算導入で得られた効果・メリット今まで紙で回していたため申請金額が振り込まれるまで状況が分からず紛失も何度かあったが導入のおかげで見える化できた
4,2024/05/30,特に領収書やレシートを撮影すれば自動で打ち込まれるので、手入力する必要がないです。よって、数字のミスなどがしにくいです。,2つあります。慣れるまでは手順がわかりにくく、マニュアルを見て申請方法を覚えなければならないこと。スキャンの間違いも時にはあるということ。少しずつでいいので、改善されていくといいです。,ペーパーレスなので経費の申請に紙を使わず、環境に優しい。スマホから撮って申請できるので、出先からでも提出が可能です。この口コミを詳しく見る,やレシートを撮影すれば自動で打ち込まれるので、手入力する必要がないです。よって、数字のミスなどがしにくいです。楽楽精算の改善してほしい点2つあります。慣れるまでは手順がわかりにくく、マニュアルを見て申請方法を覚えなければならないこと。スキャンの間違いも時にはあるということ。少しずつでいいので、改善されていくといいです。楽楽精算導入で得られた効果・メリットペーパーレスなので経費の申請に紙を使わず、環境に優しい。スマホから撮って申請できるので、出先からでも提出が可能です。
5,2024/05/28,備品購入などの経費を、レシートまたは領収書をスマホかスキャナーで読み取るだけで、ほぼ入力いらずで申請ができます。,たまにレシートや領収書の読み取り間違いがあることくらいで、さほど重大な不満、不具合は今までなかったです。,前は紙の申請だったので、それに比べるとスムーズで面倒くさくなくなりましたし、読み取りで自動で入るので、間違いが少なくなりました。この口コミを詳しく見る,どの経費を、レシートまたは領収書をスマホかスキャナーで読み取るだけで、ほぼ入力いらずで申請ができます。楽楽精算の改善してほしい点たまにレシートや領収書の読み取り間違いがあることくらいで、さほど重大な不満、不具合は今までなかったです。楽楽精算導入で得られた効果・メリット前は紙の申請だったので、それに比べるとスムーズで面倒くさくなくなりましたし、読み取りで自動で入るので、間違いが少なくなりました。
6,2024/05/28,交通費などを精算する際に使用するのですが、いちいち領収書などが必要だったのですが、簡単な電車移動だけの交通費精算なら移動した駅から駅を入力するだけ済みます。また定期を含むこともできるので定期範囲以外を精算してくれるので不正なども防げる。また領収書が必要な際には写真をとってアップロードするだけでOKであとは簡単に入力するだけです。,写真をアップロードする際、携帯からだと簡単にできるのですが、パソコンからだと少しめんどくさいパターンになってしまうこと。,経理の際、会社が出張などが多い為交通費精算が多いので、それが楽楽精算を使うことによりユーザーや導入した会社双方が簡単に精算処理を行うことが出来る。つまり業務の効率化の面でかなり役に立っていると思います。この口コミを詳しく見る,を精算する際に使用するのですが、いちいち領収書などが必要だったのですが、簡単な電車移動だけの交通費精算なら移動した駅から駅を入力するだけ済みます。また定期を含むこともできるので定期範囲以外を精算してくれるので不正なども防げる。また領収書が必要な際には写真をとってアップロードするだけでOKであとは簡単に入力するだけです。楽楽精算の改善してほしい点写真をアップロードする際、携帯からだと簡単にできるのですが、パソコンからだと少しめんどくさいパターンになってしまうこと。楽楽精算導入で得られた効果・メリット経理の際、会社が出張などが多い為交通費精算が多いので、それが楽楽精算を使うことによりユーザーや導入した会社双方が簡単に精算処理を行うことが出来る。つまり業務の効率化の面でかなり役に立っていると思います。
7,2024/05/28,精算等で回覧が必要なとき、すべてネット上で進み、押印も電子でできます。上長が在宅勤務や出張時でも対応してもらえるので、待つことがなくなった。,インボイスなど、どういったときにどう操作するかなど、操作に関する説明(動画)をすぐに見れるようにしてほしい。現在もあるのかもしれないが、見つけられていない(見つけにくい場所にあるのか)。,わざわざハンコをもらいに出社することがなくなったのはありがたい。また、すべてネット上で完結するため、紙を印刷する手間もなくなった。この口コミを詳しく見る,覧が必要なとき、すべてネット上で進み、押印も電子でできます。上長が在宅勤務や出張時でも対応してもらえるので、待つことがなくなった。楽楽精算の改善してほしい点インボイスなど、どういったときにどう操作するかなど、操作に関する説明(動画)をすぐに見れるようにしてほしい。現在もあるのかもしれないが、見つけられていない(見つけにくい場所にあるのか)。楽楽精算導入で得られた効果・メリットわざわざハンコをもらいに出社することがなくなったのはありがたい。また、すべてネット上で完結するため、紙を印刷する手間もなくなった。
8,2024/05/26,経費の精算が効率的にできます。レシートや領収書をスマホで読み取れば、入力しなくて大丈夫なので、間違いも少なくて非常に楽です。,読み取りの精度は信用できますが、それでも100％ではないので、もっとミスがなく高性能になって欲しいです。,導入する前は、一つ一つ経費を紙で申請していてかなり面倒でしたが、楽楽精算を入れてからは写真を撮って何度かクリックするだけなので、かなり効率が良くなりました。この口コミを詳しく見る,が効率的にできます。レシートや領収書をスマホで読み取れば、入力しなくて大丈夫なので、間違いも少なくて非常に楽です。楽楽精算の改善してほしい点読み取りの精度は信用できますが、それでも100％ではないので、もっとミスがなく高性能になって欲しいです。楽楽精算導入で得られた効果・メリット導入する前は、一つ一つ経費を紙で申請していてかなり面倒でしたが、楽楽精算を入れてからは写真を撮って何度かクリックするだけなので、かなり効率が良くなりました。
9,2024/05/24,出張申請がわざわざ上司にハンコをもらいに行かなくなり及び精算も簡単に出来る。領収書の添付が少しめんどくさい。,色々な機能がついているが細かくて分かりづらい。画面も細かいので、ボタンを押したら使える様にしてほしい。システムの不具合がありましたか？領収書を貼り付ける時に、なかなか添付出来なかった。,以前だと課長、部長のハンコをわざわざ席まで行き、もらっていたが、電子で出張申請と精算が出来るので、時間短縮出来た。,煩わしい上司にハンコをもらいに行かなくてすむ。
10,2024/05/22,スマホからレシートや領収書の写真を撮ることで、経費の申請が簡単にできます。紙の申請に比べて驚くほど簡単です。,中には正しく読み込みにくい領収書、レシートもあるので、それには注意が必要。読み込みの精度をもっと上げて欲しい。,紙で申請していた時に比べて、簡単で効率がいいですし、経理の担当も処理が早くなり、立て替えたお金が戻ってくるのが前より早くなりました。この口コミを詳しく見る,レシートや領収書の写真を撮ることで、経費の申請が簡単にできます。紙の申請に比べて驚くほど簡単です。楽楽精算の改善してほしい点中には正しく読み込みにくい領収書、レシートもあるので、それには注意が必要。読み込みの精度をもっと上げて欲しい。楽楽精算導入で得られた効果・メリット紙で申請していた時に比べて、簡単で効率がいいですし、経理の担当も処理が早くなり、立て替えたお金が戻ってくるのが前より早くなりました。
11,2024/05/21,経費精算の自動化により、手作業での入力や計算ミスを大幅に削減できました。領収書のスキャンやスマートフォンでの写真撮影に対応し、デジタルデータとして簡単に管理が可能なので大変便利です。また、クラウドベースのシステムであるため、インターネット環境があればどこからでもアクセスでき、モバイルアプリを使えば外出先でも申請や承認が行えるのも魅力の一つです。さらに、経費データを基にした詳細なレポート作成機能により、経費の分析や予算管理が容易になると経理社員が大絶賛していました。,操作が少し複雑だと感じることがあります。また、カスタマイズ性が向上されたら嬉しいです。企業ごとの独自の経費精算ルールや承認フローに対応できる柔軟性が不足のように思います。また、他の業務システムとの連携を強化し、データの一元管理をよりスムーズに行えたらさらによくなると思います。,手作業の経費精算を自動化し、月20時間の業務時間削減を実現したと同時に経費精算のミスも大幅に減少しました。この口コミを詳しく見る,自動化により、手作業での入力や計算ミスを大幅に削減できました。領収書のスキャンやスマートフォンでの写真撮影に対応し、デジタルデータとして簡単に管理が可能なので大変便利です。また、クラウドベースのシステムであるため、インターネット環境があればどこからでもアクセスでき、モバイルアプリを使えば外出先でも申請や承認が行えるのも魅力の一つです。さらに、経費データを基にした詳細なレポート作成機能により、経費の分析や予算管理が容易になると経理社員が大絶賛していました。楽楽精算の改善してほしい点操作が少し複雑だと感じることがあります。また、カスタマイズ性が向上されたら嬉しいです。企業ごとの独自の経費精算ルールや承認フローに対応できる柔軟性が不足のように思います。また、他の業務システムとの連携を強化し、データの一元管理をよりスムーズに行えたらさらによくなると思います。楽楽精算導入で得られた効果・メリット手作業の経費精算を自動化し、月20時間の業務時間削減を実現したと同時に経費精算のミスも大幅に減少しました。
12,2024/05/20,通常の経費精算や出張申請ができるのは当然だが、稟議申請もこのプラットフォームで行えるのが本当に楽です。,弊社のルールの問題なのかもしれませんが、意外と直感的ではなく、ある程度のマニュアルがないと容易には扱えない印象です。,煩雑になりがちな稟議書の提出が簡単になります。また承認プロセスも設定に伴ってスムーズに行われるため、効率が上がります。この口コミを詳しく見る,精算や出張申請ができるのは当然だが、稟議申請もこのプラットフォームで行えるのが本当に楽です。楽楽精算の改善してほしい点弊社のルールの問題なのかもしれませんが、意外と直感的ではなく、ある程度のマニュアルがないと容易には扱えない印象です。楽楽精算導入で得られた効果・メリット煩雑になりがちな稟議書の提出が簡単になります。また承認プロセスも設定に伴ってスムーズに行われるため、効率が上がります。
13,2024/05/18,インボイス対応も早く、PDFファイルから事業者コードや金額を自動で読み取ってくれるので経費精算の手間が少ないです。,取引先をデータベース化してPDFファイルから取引先の名前も抽出してくれるとより業務効率が良くなると思う。システムの不具合がありましたか？PDFファイルから事業者コードなどを読み込み時、間違った値になることがしばしばあります。,UIが非常にわかりやすく、特に詳しい説明なしでも従業員全員が簡単に経費精算できる点がメリットだと思います。この口コミを詳しく見る,対応も早く、PDFファイルから事業者コードや金額を自動で読み取ってくれるので経費精算の手間が少ないです。楽楽精算の改善してほしい点取引先をデータベース化してPDFファイルから取引先の名前も抽出してくれるとより業務効率が良くなると思う。システムの不具合がありましたか？PDFファイルから事業者コードなどを読み込み時、間違った値になることがしばしばあります。楽楽精算導入で得られた効果・メリットUIが非常にわかりやすく、特に詳しい説明なしでも従業員全員が簡単に経費精算できる点がメリットだと思います。
14,2024/05/15,名前の通り写真を撮るだけで金額や名前を自動入力してくれるので、精算が楽々になります。また、データ上で領収書を管理できる点も評価が高いです。,少し反応が遅かったりロード時間が長いことがありストレスに感じることがありました。もう少し快適に使用できるようにしてほしい。,紙ベースで保管していたレシートや領収書をデータ管理できることで紛失を防げたり、管理にリソースを割かれなくてすんだ。この口コミを詳しく見る,写真を撮るだけで金額や名前を自動入力してくれるので、精算が楽々になります。また、データ上で領収書を管理できる点も評価が高いです。楽楽精算の改善してほしい点少し反応が遅かったりロード時間が長いことがありストレスに感じることがありました。もう少し快適に使用できるようにしてほしい。楽楽精算導入で得られた効果・メリット紙ベースで保管していたレシートや領収書をデータ管理できることで紛失を防げたり、管理にリソースを割かれなくてすんだ。
15,2024/05/15,アプリで撮影し領収書を自動読み取りして取引先、金額、日付、登録番号を読み込みしてくれるので入力せず登録できる,ときどきデータの自動入力が正確でないことがあるため、レシートの金額が正しく認識されず、手動で修正する必要がある。,支払い、経費精算や交通費精算が入力の仕方が分りやすく処理しやすい。アプリがあるので携帯からも処理ができる。この口コミを詳しく見る,影し領収書を自動読み取りして取引先、金額、日付、登録番号を読み込みしてくれるので入力せず登録できる楽楽精算の改善してほしい点ときどきデータの自動入力が正確でないことがあるため、レシートの金額が正しく認識されず、手動で修正する必要がある。楽楽精算導入で得られた効果・メリット支払い、経費精算や交通費精算が入力の仕方が分りやすく処理しやすい。アプリがあるので携帯からも処理ができる。
16,2024/05/14,領収書を読み取ってそれが自動入力されるので、手打ちをしなくてよく、かなりの時短になります。交通費関係の清算も非常に楽です。,せっかく便利なのに、領収書が正しく読み込めないことが珍しくないので、もっと精度が上がるといいなと思います。,ペーパーレスなので、領収書などの紙を溜め込まず、ごちゃごちゃにならずに済んでいる。また紙代、印刷代の節約にもなっています。この口コミを詳しく見る,み取ってそれが自動入力されるので、手打ちをしなくてよく、かなりの時短になります。交通費関係の清算も非常に楽です。楽楽精算の改善してほしい点せっかく便利なのに、領収書が正しく読み込めないことが珍しくないので、もっと精度が上がるといいなと思います。楽楽精算導入で得られた効果・メリットペーパーレスなので、領収書などの紙を溜め込まず、ごちゃごちゃにならずに済んでいる。また紙代、印刷代の節約にもなっています。
17,2024/05/09,領収書での精算を今までは手動登録だったのに対して，直近のアップデートでファイルアップデートで自動読み込みできるようになり，非常に便利になりました。,タブが毎回別途作られてしまうため、画面を切り替えた際にどのタブで作業したのかがわからなくなるときがある。,経費の全体管理ができるようになった。細かい交通費の精算管理に加えて，独自で経費項目を設定できるため、自社の会計項目に合わせた処理が楽にできるようになった。この口コミを詳しく見る,精算を今までは手動登録だったのに対して，直近のアップデートでファイルアップデートで自動読み込みできるようになり，非常に便利になりました。楽楽精算の改善してほしい点タブが毎回別途作られてしまうため、画面を切り替えた際にどのタブで作業したのかがわからなくなるときがある。楽楽精算導入で得られた効果・メリット経費の全体管理ができるようになった。細かい交通費の精算管理に加えて，独自で経費項目を設定できるため、自社の会計項目に合わせた処理が楽にできるようになった。
18,2024/05/09,以前のシステムは社内環境でしか使えなかった為、スマホでどこからでも操作出来るのはクラウドシステムの良さだと思います。また、入力項目の並びも分かりやすく、マニュアルを常に側におかなくても入力できます。乗換案内のシステムと連携しているので、わざわざ自分で利用料金を確認しなくても電車、バスの料金が自動で出てくるのも便利でした。,利用者として強いて言えば、乗り換えルートの検索画面のUIが少し分かりにくいかなと感じました。決定ボタン？を押さないと候補が出てこなかったりして少し迷いました。,紙の削減、コスト削減につながりました。経理の最終承認まで設定したルートに沿ってメールで通知も飛ぶので、承認漏れ防止にもなっています。以前利用していた製品の解約理由サポート料金が高いのと、レガシーシステムだった為リプレースの時期で解約しました。この口コミを詳しく見る,テムは社内環境でしか使えなかった為、スマホでどこからでも操作出来るのはクラウドシステムの良さだと思います。また、入力項目の並びも分かりやすく、マニュアルを常に側におかなくても入力できます。乗換案内のシステムと連携しているので、わざわざ自分で利用料金を確認しなくても電車、バスの料金が自動で出てくるのも便利でした。楽楽精算の改善してほしい点利用者として強いて言えば、乗り換えルートの検索画面のUIが少し分かりにくいかなと感じました。決定ボタン？を押さないと候補が出てこなかったりして少し迷いました。楽楽精算導入で得られた効果・メリット紙の削減、コスト削減につながりました。経理の最終承認まで設定したルートに沿ってメールで通知も飛ぶので、承認漏れ防止にもなっています。以前利用していた製品の解約理由サポート料金が高いのと、レガシーシステムだった為リプレースの時期で解約しました。
19,2024/05/07,昨今の法改正にともなって、経理部や精算担当者の業務の負担軽減に役立っていると思われる点。電子データとしての保存を申請段階でしているため、経理担当者の業務効率が上がった。,領収書や請求書をスキャナで取り込み、電子化した上でフォーマットに合わせて申請をしなければならず、その上で原本の提出も必要なため、使用者としては手間が増えた。領収書や請求書のデータを取り込んだらダイレクト(コピーペースト等)で申請できるシステムだと使いやすい。,社員が実費で支払った料金を、会社経費として社員に精算するシステムのみ(通常通勤以外の交通費を含む)を導入しているが、清算のフォーマット(入力)が以前のシステムより見やすく、清算申請を行う際に必要事項の入力で迷うことが少なくなった。以前利用していた製品の解約理由電子帳簿保存法が施行されたためこの口コミを詳しく見る,正にともなって、経理部や精算担当者の業務の負担軽減に役立っていると思われる点。電子データとしての保存を申請段階でしているため、経理担当者の業務効率が上がった。楽楽精算の改善してほしい点領収書や請求書をスキャナで取り込み、電子化した上でフォーマットに合わせて申請をしなければならず、その上で原本の提出も必要なため、使用者としては手間が増えた。領収書や請求書のデータを取り込んだらダイレクト(コピーペースト等)で申請できるシステムだと使いやすい。楽楽精算導入で得られた効果・メリット社員が実費で支払った料金を、会社経費として社員に精算するシステムのみ(通常通勤以外の交通費を含む)を導入しているが、清算のフォーマット(入力)が以前のシステムより見やすく、清算申請を行う際に必要事項の入力で迷うことが少なくなった。以前利用していた製品の解約理由電子帳簿保存法が施行されたため
20,2024/05/05,領収書などを写真をとって、上長などの承認のワークフローまで一貫しておこなえるのが楽です。また領収書原本も出す必要が無くなったのでペーパレス化が進みました。,領収書のOCRの機能があるのですが、手書きで読み取りが難しいものだけではなくて新幹線の領収書ですらたまに読み取れないようなものもあり、OCRの精度向上をしてほしいと思っています。,出張先や外出先でも気軽にリモート勤務のまま交通費などの申請ができるのが助かっています。自動で路線の計算をしてくれたり、目的地の使うルートの候補が出るのは地味に助かっています。この口コミを詳しく見る,を写真をとって、上長などの承認のワークフローまで一貫しておこなえるのが楽です。また領収書原本も出す必要が無くなったのでペーパレス化が進みました。楽楽精算の改善してほしい点領収書のOCRの機能があるのですが、手書きで読み取りが難しいものだけではなくて新幹線の領収書ですらたまに読み取れないようなものもあり、OCRの精度向上をしてほしいと思っています。楽楽精算導入で得られた効果・メリット出張先や外出先でも気軽にリモート勤務のまま交通費などの申請ができるのが助かっています。自動で路線の計算をしてくれたり、目的地の使うルートの候補が出るのは地味に助かっています。
21,2024/05/04,会社員で、業務で経費処理するときに楽楽精算を使っています。高速道路料金やコインパーキング料金等仕事で使ったものを申請しています。今どきのソフトなので楽に申請出来るしいちいち上長に確認取る手間が省けて楽だと思います。,今のところこれと言って改善して欲しいところは特にありませんが、強いて言うなら、経費処理するにあたって、使い道の選択肢をもっと増やして貰えればなと。システムの不具合がありましたか？特にありません,一番のメリットは、上長への確認や決済書などいちいち手間のかかるものが要らなくなったのと、販売店で働いていますが、店舗の準備金を一時的に使うことがないのでお金の管理が楽になりました。,とにかく楽になる、この一点です！
22,2024/05/02,請求書をスマホ携帯の写真で撮ってすぐに費用請求できることが非常に便利です。今までは複合機でスキャンしてサーバーに取りに行って、という対応が面倒でした。,私は承認する立場ですが、一度承認したデータを確認することができませんでした。誤って承認してしまうこともあるので、簡単に確認できて、再度承認し直しができるようになると便利です。,今まで電車で移動の場合、yahoo乗り換え案内等で電車を調べて、一路線ごとに入力して精算、していましたが、楽楽精算は乗り換え検索を行え、そこから決定ボタンを押すだけで処理が完了するので、本当に便利で時間短縮ができています。この口コミを詳しく見る,マホ携帯の写真で撮ってすぐに費用請求できることが非常に便利です。今までは複合機でスキャンしてサーバーに取りに行って、という対応が面倒でした。楽楽精算の改善してほしい点私は承認する立場ですが、一度承認したデータを確認することができませんでした。誤って承認してしまうこともあるので、簡単に確認できて、再度承認し直しができるようになると便利です。楽楽精算導入で得られた効果・メリット今まで電車で移動の場合、yahoo乗り換え案内等で電車を調べて、一路線ごとに入力して精算、していましたが、楽楽精算は乗り換え検索を行え、そこから決定ボタンを押すだけで処理が完了するので、本当に便利で時間短縮ができています。
23,2024/04/29,これまでは、購入希望品について、購入の可否を本社に電話で確認していたが、楽楽精算にマニュアル通りに入力すれば、本社から承認され、現金が入金されるので、便利。,入力したいセルをクリックすると、その項目には、どのような内容を入力すればいいのかの説明文が出ると、いちいちマニュアルを見なくて済む。システムの不具合がありましたか？特にありません。,ちょっとした買い物(コンビニや100円均一)は、今まで小口現金で処理していたが、楽楽精算を導入したことにより、小口現金の使用頻度が減った。,煩雑な小口現金を廃止したければ、楽楽精算が便利です！
24,2024/04/24,勤めている会社が、交通費の申請等で楽楽精算を導入しております。初めて使ったのですが、すごく簡単に申請ができるので助かっております…！！,スマートフォンでログインする際、その会社のurl？がいるところですかね…バックアップをしっかり取っていなかった私も悪いのですが、urlとかではなく、IDなどにしてくれると助かります。,申請したい領収証を、纏めて経理に送るとかではなくそのまま入力して申請が通ればすぐに降りてくるところはメリットだと思います。ペーパーレスなところもメリットです。この口コミを詳しく見る,会社が、交通費の申請等で楽楽精算を導入しております。初めて使ったのですが、すごく簡単に申請ができるので助かっております…！！楽楽精算の改善してほしい点スマートフォンでログインする際、その会社のurl？がいるところですかね…バックアップをしっかり取っていなかった私も悪いのですが、urlとかではなく、IDなどにしてくれると助かります。楽楽精算導入で得られた効果・メリット申請したい領収証を、纏めて経理に送るとかではなくそのまま入力して申請が通ればすぐに降りてくるところはメリットだと思います。ペーパーレスなところもメリットです。
25,2024/04/21,交通費の入力が最も多い「出張旅費精算」において、入力作業が楽になりました。領収書があるものは、スマホから撮影するだけで、読み取りミスもなく取り込んでくれますし、領収書が無い、電車・バスに関しては、検索メニューから入力ができるので、いちいち乗り換え案内等の画面を開けて調べる手間が省けます。,一部の交通機関の領収書では、決済日が表示されている為、データを取り込んだ後で、修正作業を行う必要があり不便さを感じています。申請メニューと清算メニューが科目ごとに分かれているのですが、少し分かりにくく戸惑う事があります。システムの不具合がありましたか？今のところ、トラブルはありません。,今までは、紙で印刷したものをスキャンして、ワークフローで回覧し、最終的な承認（清算）の際には紙、という感じで、非常に手間がかかっていましたが、ほとんどがWEB上で完結できるので、時間短縮できました。,一般社員が関わる、清算業務をこれ一つでシステム化できます。
26,2024/04/15,スキャナで作成した領収書のPDFファイルを自動読み取りして取引先、料金、日付、登録番号を児童で表示してくれる,読み取り精度があまりよくない修正した時にこちらの意図を汲んで学習してほしい複数のPDFファイルを一括読み取りして欲しいシステムの不具合がありましたか？読み取り精度いまいち結局、読み取った内容チェックと修正になるのでたまにうまく読み取れてた分の時間短縮くらい,PDF読み取り機能で手入力の時間はほんの少し減ったほんの少しの理由は結局自身で読み取り内容のチェックが必要,特になし
27,2024/04/13,楽楽精算は、使いやすさと効率性に優れています。スマートなインターフェースで経費の申請や精算が簡単に行え、管理者側も申請の承認や経費の集計がスムーズにできます。さらに、レシートの写真を撮るだけで自動でデータが入力される機能も便利です。,改善点としては、レポートのカスタマイズ性がもう少し欲しいです。特定の要件に合わせてレポートを調整できると便利です。また、稀にデータの自動入力が正確でないことがあるので、精度向上にも注力してほしいです。システムの不具合がありましたか？残念ながら、楽楽精算を利用していて、稀にデータの自動入力が正確でないことがありました。例えば、レシートの金額が正しく認識されず、手動で修正する必要があることがありました。ただし、サポートチームは迅速に対応してくれました。,楽楽精算を利用することで、経費精算の手間と時間を大幅に削減できました。従業員は簡単に経費を申請でき、管理者は効率的に承認と集計ができます。これにより、経費処理の遅延が解消され、業務効率が向上しました。,楽楽精算は、使いやすさと効率性に優れています。特に、スマートなインターフェースで経費の申請や精算が簡単に行える点がおすすめです。また、レシートの写真を撮るだけで自動でデータが入力される機能も便利です。
28,2024/04/11,会社で新たに経費精算システムとして導入をして使用していますが交通費の精算もルートが出てくるので楽。領収書の適格請求書発行事業者登録番号も読み込んでくれるので楽です。,アプリから出来るのは楽ですがパソコンでやるときに領収書を読み込むところがよくわからないです。使用方法を調べずにやりたい。,領収書を画像保存してくれるため保存レス化が図れる。今まで交通費精算するのも手書きの用紙を記入してやっていたが路線が導入されているのですぐに登録できる。この口コミを詳しく見る,に経費精算システムとして導入をして使用していますが交通費の精算もルートが出てくるので楽。領収書の適格請求書発行事業者登録番号も読み込んでくれるので楽です。楽楽精算の改善してほしい点アプリから出来るのは楽ですがパソコンでやるときに領収書を読み込むところがよくわからないです。使用方法を調べずにやりたい。楽楽精算導入で得られた効果・メリット領収書を画像保存してくれるため保存レス化が図れる。今まで交通費精算するのも手書きの用紙を記入してやっていたが路線が導入されているのですぐに登録できる。
29,2024/04/11,UIがはっきりしていて分かりやすい、領収書の登録が簡単にできる、交通費を路線検索で計算して登録できる,領収書登録を行ってから各明細にひもづけるというやり方が個人的に面倒だと思いました。各明細に直接領収書登録ができるようにしてほしい,以前使っていた自社開発の精算アプリはスマホからアクセスするとUIが見づらかったですが、楽々精算はスマホからのUIも非常に見やすく助かっています。この口コミを詳しく見る,きりしていて分かりやすい、領収書の登録が簡単にできる、交通費を路線検索で計算して登録できる楽楽精算の改善してほしい点領収書登録を行ってから各明細にひもづけるというやり方が個人的に面倒だと思いました。各明細に直接領収書登録ができるようにしてほしい楽楽精算導入で得られた効果・メリット以前使っていた自社開発の精算アプリはスマホからアクセスするとUIが見づらかったですが、楽々精算はスマホからのUIも非常に見やすく助かっています。
30,2024/04/11,直感的なインターフェースを備えており、従業員や管理者が簡単に操作できるため、満足度が非常に高く。経費の申請から承認までの手順がスムーズで、時間を節約でき助かってます。,より詳細な経費レポートの作成や分析機能の強化を希望。経費の傾向や分析結果を可視化し、経営判断や予算管理に役立てることができれば、さらに価値が高まるのではと思います。システムの不具合がありましたか？特に大きなトラブルはありません,経費精算プロセスは、従業員と管理者の両方にとって手間がかかるものでした。従業員はレシートを集め、手作業でエクセルシートに情報を入力し、経費報告書を作成する必要がありました。また、管理者は複数の経費報告書を確認し、承認する作業に時間を費やしていました。しかし、楽々精算システムを導入することでこの課題に対処しました。新しいシステムでは、従業員はスマートフォンのアプリを使ってレシートをスキャンし、必要な情報を入力するだけなので時間と労力を節約でき、より業務に集中することができるようになりました。,経費のカテゴリー分け、承認フローの設定など、必要な機能が十分に揃っている
31,2024/04/11,精算したい領収書データを自動で読み込んでくれるので、手入力の手間が省ける。入力手順に慣れてしまえば、精算したい人も経理の方も楽になると思う。,入力に間違いがあったらエラーで進めないようにするとか、要所要所で使い方を教えてくれる機能があると尚便利。間違ったまま精算、申請に進めてしまうので申請後に差し戻されることがあり、時間を取られてしまうことがある。システムの不具合がありましたか？携帯で領収書の写真を撮り、そのデータを楽々精算に添付することはできなかった。ものすごく急いでいる時は少し不便さを感じた。,領収書を直接経理に提出せずに、遠隔でデータを共有、承認してもらえるので、現場と本社が離れている場合にとても効率が良い。また、精算した本人の給与明細に直接反映されるのも経理へ取りに行く手間が省けてとても良い。,使う方たちへ、しっかりとレクチャーすることが大切。
32,2024/04/09,社用で使用した高速代や雑費購入代金はレシート撮像してパソコンでアップロードと簡単な入力だけで楽々に経費精算が出来る所。,特に改善点は見当たりませんが、強いて言えば各項目で少しわかりづらい所があると思います。会社によって変更できればと思います。（知らないだけかもしれませんが）システムの不具合がありましたか？特にありません。,我が社では経費精算に関しては本社などに書類でのやり取りが必要でしたが、パソコンに簡単な入力だけでスムーズに精算が出来るようになりました。,とにかく楽々です。
33,2024/04/09,SaaSサービスなので、動作が軽く、UIUXも常に最新のものを利用できるのが良いと思います。電子請求書のデータ自動読み取り機能もあり、経費精算がかなり楽になりました。,現状、日本においては最良級のサービスだと思うので、文句はありませんが、強いてあげさせて頂くと、旅費精算で、経路に従った料金入力はもう少し、分かりやすくできると思います。,社内独自の経費規定のルールも、楽々精算の画面上で必要に合わせて、呼び起こすことができ、新入社員でも一人で経費精算できると思います以前利用していた製品の解約理由オンプレミス型で、UIUXが古臭い。細かい設定に対応できない点がストレスでした。この口コミを詳しく見る,ービスなので、動作が軽く、UIUXも常に最新のものを利用できるのが良いと思います。電子請求書のデータ自動読み取り機能もあり、経費精算がかなり楽になりました。楽楽精算の改善してほしい点現状、日本においては最良級のサービスだと思うので、文句はありませんが、強いてあげさせて頂くと、旅費精算で、経路に従った料金入力はもう少し、分かりやすくできると思います。楽楽精算導入で得られた効果・メリット社内独自の経費規定のルールも、楽々精算の画面上で必要に合わせて、呼び起こすことができ、新入社員でも一人で経費精算できると思います以前利用していた製品の解約理由オンプレミス型で、UIUXが古臭い。細かい設定に対応できない点がストレスでした。
34,2024/04/09,会社の経費精算で使用してます。今までは手書きのフォーマットで提出してましたが、楽々精算でPCでの打ち込みに変わりペーパーレスになって非常に良いです。領収書も専用アプリで写真撮りして提出でき、インボイスにも対応しており便利です,ほとんどの領収書を専用アプリで写真撮りして、自動で読み込みしてくれますが、たまに読み取れない領収書があります。特に新幹線代など自動販売機で購入した際の領収書は読み込みが悪いです。改善していただきたいですシステムの不具合がありましたか？特にありません,会社としてはペーパーレス化が進んだことが大きいです。また手書の時は提出間違いを人力で確認していたようですが、楽楽精算によりその手間が大幅に改善できたようです。利用する側（使用する側）にとっても作業の簡素化が出来ました,導入する費用もCMの通り安く導入出来るようです。使用する際に最初は慣れてないので、今までのやり方と比べると戸惑いもありますが、慣れれば非常に時短になるツールとなってます
35,2024/04/09,領収書等を撮影すると自動で入力してくれるので、時短になる。読み取りの性能が良いので、ほとんど手入力しなくて良い。,差し戻しされた際に、領収書の原本が手元にないと再度撮影ができないので困った。撮影した画像がどこに保存されているのか分かりにくい。,どこでも手軽に申請できるので、出張先などでもスマホがあれば申請できるのが助かります。今までは一つ一つ手入力だったので、手間が省けました。この口コミを詳しく見る,撮影すると自動で入力してくれるので、時短になる。読み取りの性能が良いので、ほとんど手入力しなくて良い。楽楽精算の改善してほしい点差し戻しされた際に、領収書の原本が手元にないと再度撮影ができないので困った。撮影した画像がどこに保存されているのか分かりにくい。楽楽精算導入で得られた効果・メリットどこでも手軽に申請できるので、出張先などでもスマホがあれば申請できるのが助かります。今までは一つ一つ手入力だったので、手間が省けました。
36,2024/04/07,経費申請として使用していますが、登録や領収書のアップロードが簡単で使いやすいです。また過去の申請の記録も一覧からすぐに見返せすことができ、よく経費申請する項目をお気に入りできて便利です。,スマホからのUIがPCと比較して少しわかりづらくて使いづらいので、混乱せずに直感的に操作できるようにしてほしいです。システムの不具合がありましたか？PCやネットワークの問題かもしれませんが、一度入力申請途中のデータがすべて消えてしまって再度登録するのに時間がかかったことがあります。,以前は、出張先や外出中には申請ができませんでしたが、楽楽精算では、外出先でもスマホで空いている時間に申請ができるので、申請の業務に時間がかからず助かります。また自動で運賃を計算してくれたり、目的地を登録したり機能がいろいろあって便利です。,UIが分かりやすく機能も充実しているので、経費申請や管理に時間が取られているのであればとてもおすすめです。
37,2024/04/04,現状勤務先で使用していますが、精算に関して、見やすく、わかりやすく、シンプルで非常に使いやすいです。良く使う精算方法としては、出張精算や、立替精算などですが、場面におおじてわかりやすく使いやすいです。,領収書を添付する際、事前に領収書を登録した上で、精算という流れですが、少し手間がかかりますので、精算時にスキャンされたデータをそのまま添付できると、非常にありがたいです。,以前は紙ベースで経費の精算など行っていましたが、楽楽精算導入後、申請者の手間と精算者(経理)の手間が激減しました。電子上でやり取りが行える点や、そのデータをもとに経理の仕訳も自動反映でき、人件費の削減に繋がっております。(当初、人件費削減がビジネス課題でありました。)この口コミを詳しく見る,で使用していますが、精算に関して、見やすく、わかりやすく、シンプルで非常に使いやすいです。良く使う精算方法としては、出張精算や、立替精算などですが、場面におおじてわかりやすく使いやすいです。楽楽精算の改善してほしい点領収書を添付する際、事前に領収書を登録した上で、精算という流れですが、少し手間がかかりますので、精算時にスキャンされたデータをそのまま添付できると、非常にありがたいです。楽楽精算導入で得られた効果・メリット以前は紙ベースで経費の精算など行っていましたが、楽楽精算導入後、申請者の手間と精算者(経理)の手間が激減しました。電子上でやり取りが行える点や、そのデータをもとに経理の仕訳も自動反映でき、人件費の削減に繋がっております。(当初、人件費削減がビジネス課題でありました。)
38,2024/04/02,交通費精算が全てWeb上で完結するため、テレワークや出張先でのリアルタイム処理が可能。また、UIとしても感覚的に操作可能で、出発駅から到着駅までの最適金額を自動計算してくれるので、特に悩むことなく作業ができる。,電車利用については機能が強いですが、バスに関しては駅名が出ず手入力が必要となります。並行してgoogle等で経路検索すれば確認できますが効率的ではないと感じます。,導入前はExcelで交通費精算を行っていましたが、記入ミスやファイルの消失などがあり無駄な手戻り工数が発生していました。このシステムを導入後はそれらが無くなり、かつ端末に依存しないのでどこでも何時でも入力、保存が可能なので隙間時間を有効活用できています。この口コミを詳しく見る,が全てWeb上で完結するため、テレワークや出張先でのリアルタイム処理が可能。また、UIとしても感覚的に操作可能で、出発駅から到着駅までの最適金額を自動計算してくれるので、特に悩むことなく作業ができる。楽楽精算の改善してほしい点電車利用については機能が強いですが、バスに関しては駅名が出ず手入力が必要となります。並行してgoogle等で経路検索すれば確認できますが効率的ではないと感じます。楽楽精算導入で得られた効果・メリット導入前はExcelで交通費精算を行っていましたが、記入ミスやファイルの消失などがあり無駄な手戻り工数が発生していました。このシステムを導入後はそれらが無くなり、かつ端末に依存しないのでどこでも何時でも入力、保存が可能なので隙間時間を有効活用できています。
39,2024/04/01,この製品を導入前は交通費や経費を申請用紙に都度都度記入しなければならなかったが、導入後はSuicaを読み込みさせるだけで金額、利用駅など申請に必要な項目が自動で入力される。,iPhoneでのモバイルSuica読み込みは対応しているが、アンドロイドでのモバイルSuica読み込みが上手く反映されない。アンドロイドでもできるようになるとより良いシステムの不具合がありましたか？とくになし,交通費や経費の申請が紙媒体ですと本社にファックスを流し、それから本社で決済を行いますが、ファックスが埋もれてしまって決済が遅れたり、見逃してしまうこともありましたが、導入後は申請一覧がリアルタイムでわかるためより正確にスピーディーに決済が行われるようになりましたこの口コミを詳しく見る,導入前は交通費や経費を申請用紙に都度都度記入しなければならなかったが、導入後はSuicaを読み込みさせるだけで金額、利用駅など申請に必要な項目が自動で入力される。楽楽精算の改善してほしい点iPhoneでのモバイルSuica読み込みは対応しているが、アンドロイドでのモバイルSuica読み込みが上手く反映されない。アンドロイドでもできるようになるとより良いシステムの不具合がありましたか？とくになし楽楽精算導入で得られた効果・メリット交通費や経費の申請が紙媒体ですと本社にファックスを流し、それから本社で決済を行いますが、ファックスが埋もれてしまって決済が遅れたり、見逃してしまうこともありましたが、導入後は申請一覧がリアルタイムでわかるためより正確にスピーディーに決済が行われるようになりました
40,2024/03/29,私は、経費精算や支払い処理を主に使用しています。いままで紙での処理が多かったものが全てweb上でできるので、重宝しています。,経費精算するときに、領収書をコピー機でスキャンした際、登録事業者番号がたまに読み取れないことがあるので、精密度を上げていただけるとストレスなく経費精算ができます。システムの不具合がありましたか？特にないです。,災害や、体調不良など出社できなくても、経費精算、支払い処理ができるので、期日を気にすることなくできるようになりました。,処理、管理が一括でできる！
41,2024/03/27,今までは社内サイトで費用申請しており時間がかかっていました。それが楽楽精算を使うとスムーズに申請受理までいったのでよかったです。,金額が入力でき、路線アプリと連携しているようですが、そちらを入力しないと手打ち入力みたいな表示され、最安値かどうかが表示されないので、少し煩わしい瞬間がありました。,従来までは社内サイトからしか申請ができませんでしたが、アプリから申請や管理が出来るようになり、自分自身の業務効率や完了までのフロー確認がスムーズになりました。この口コミを詳しく見る,内サイトで費用申請しており時間がかかっていました。それが楽楽精算を使うとスムーズに申請受理までいったのでよかったです。楽楽精算の改善してほしい点金額が入力でき、路線アプリと連携しているようですが、そちらを入力しないと手打ち入力みたいな表示され、最安値かどうかが表示されないので、少し煩わしい瞬間がありました。楽楽精算導入で得られた効果・メリット従来までは社内サイトからしか申請ができませんでしたが、アプリから申請や管理が出来るようになり、自分自身の業務効率や完了までのフロー確認がスムーズになりました。
42,2024/03/27,従来交通費や社内経費などを書面にて提出していたがデジタル化することでどこからでも交通費や経費の申請や管理ができる。,写真を撮って領収証やレシートを登録できるのですが、その制度があまり良くなく、間違いがあったりすることがある。,ペーパーレス化による環境問題の解決にもなりますし、データの管理をスマホ、パソコンからできるようになりましたので楽になった。この口コミを詳しく見る,や社内経費などを書面にて提出していたがデジタル化することでどこからでも交通費や経費の申請や管理ができる。楽楽精算の改善してほしい点写真を撮って領収証やレシートを登録できるのですが、その制度があまり良くなく、間違いがあったりすることがある。楽楽精算導入で得られた効果・メリットペーパーレス化による環境問題の解決にもなりますし、データの管理をスマホ、パソコンからできるようになりましたので楽になった。
43,2024/03/27,社内での領収書の処理、管理がずばぬけてやりやすくなりました。過去のデータを確認できるところも最高です。,個人的な理由ですが、データそれぞれに題名つけることができ、その題名の検索機能があればもっとよくなると思います。,私の担当している部署の中では、会食、移動、社内管理費、など様々な用途で使用しておりますので、それぞれどれだけの費用がかかっているかを可視化されていることが良いと思いました。この口コミを詳しく見る,収書の処理、管理がずばぬけてやりやすくなりました。過去のデータを確認できるところも最高です。楽楽精算の改善してほしい点個人的な理由ですが、データそれぞれに題名つけることができ、その題名の検索機能があればもっとよくなると思います。楽楽精算導入で得られた効果・メリット私の担当している部署の中では、会食、移動、社内管理費、など様々な用途で使用しておりますので、それぞれどれだけの費用がかかっているかを可視化されていることが良いと思いました。
44,2024/03/26,今までは紙ベースで出張申請を行っていましたが、WEBで申請できることで回覧の負担がなくなり出張申請に費やす時間が削減された,旅費精算の画面の操作性や見た目が良くなく、入力に時間が掛かったり誤りを見逃すことが多々発生しました。システムの不具合がありましたか？特になし,乗り換え案内の機能が搭載されているので、交通費の算出が容易であり、審査時の確認作業が不要になったこと。,旅費精算ソフトの中ではよいソフトだと思う
45,2024/03/24,出張精算だけでなく、立て替え購入や会議費、交際費の申請、積算が同一システムで実施することができ、大きな進歩となった。,楽々と言いながら初期ユーザーには操作が分かりにくい。ユーザーインターフェースをもっと改善し初心者でも分かりやすい操作にして欲しいシステムの不具合がありましたか？特に不具合は無し,慣れてしまえば比較的短時間で申請、積算が行え、時間短縮になる。領収書の管理も一括で行うことができ、支払いも簡素化出来ていると思う。以前利用していた製品の解約理由内部システムから楽々積算に変わり機能が増えた,一括システムとしての利点
46,2024/03/24,移動時間での精算が可能となったので隙間時間を活用でき、効率的。また、過去は出社しての精算だったので出社する必要がなくなった。,領収書の読み込みの精度が正確ではないことが多いのでもう少し読み取りの精度が上がればいいかなと思います。,経費精算が簡単になり、領収書をためなくなったので、経理部門の月末の残業時間が大幅に改善されています。この口コミを詳しく見る,の精算が可能となったので隙間時間を活用でき、効率的。また、過去は出社しての精算だったので出社する必要がなくなった。楽楽精算の改善してほしい点領収書の読み込みの精度が正確ではないことが多いのでもう少し読み取りの精度が上がればいいかなと思います。楽楽精算導入で得られた効果・メリット経費精算が簡単になり、領収書をためなくなったので、経理部門の月末の残業時間が大幅に改善されています。
47,2024/03/24,アプリで写真を撮影して、設定された必要項目を入力して回避申請します。アプリは使いやすくわかりやすいUIをしています。,日付の自動読み取りで、「2024年」の部分の読み取りが悪いかと思います。その部分を改善して頂きたいです。,今までは1ヶ月ごとまとめて精算書を作成し、その精算書と一緒にレシートや領収書を本社へ郵送していましたが、その手間がなくなりました。この口コミを詳しく見る,真を撮影して、設定された必要項目を入力して回避申請します。アプリは使いやすくわかりやすいUIをしています。楽楽精算の改善してほしい点日付の自動読み取りで、「2024年」の部分の読み取りが悪いかと思います。その部分を改善して頂きたいです。楽楽精算導入で得られた効果・メリット今までは1ヶ月ごとまとめて精算書を作成し、その精算書と一緒にレシートや領収書を本社へ郵送していましたが、その手間がなくなりました。
48,2024/03/23,領収書を撮影するだけで自動で情報を入力してくれる為、転記ミスのチェックも非常に短時間で済むようになりました。もちろんミスもゼロではありませんが、手入力していた頃と比べて10%ほどに収まっている気がします。そして何より迅速に入力することができ、経費の請求が楽になりました。,請求を入力している最中、日付を調べたりするためにホーム画面に戻ると、入力が1からやり直しになってしまう場合があります。これがなくなるとより業務が楽になります。システムの不具合がありましたか？改善してほしい点に書いた通りです。,出張の後などは、これまでは30分ほどかけて経費を請求しなければいけませんでしたが、今では5分もあれば片付いてしまいます。資料の不備で請求が不受理となることも、楽楽精算を導入してからは無くなりました。この口コミを詳しく見る,影するだけで自動で情報を入力してくれる為、転記ミスのチェックも非常に短時間で済むようになりました。もちろんミスもゼロではありませんが、手入力していた頃と比べて10%ほどに収まっている気がします。そして何より迅速に入力することができ、経費の請求が楽になりました。楽楽精算の改善してほしい点請求を入力している最中、日付を調べたりするためにホーム画面に戻ると、入力が1からやり直しになってしまう場合があります。これがなくなるとより業務が楽になります。システムの不具合がありましたか？改善してほしい点に書いた通りです。楽楽精算導入で得られた効果・メリット出張の後などは、これまでは30分ほどかけて経費を請求しなければいけませんでしたが、今では5分もあれば片付いてしまいます。資料の不備で請求が不受理となることも、楽楽精算を導入してからは無くなりました。
49,2024/03/23,タイトル通りだが、広告も多く出ているだけあり、企業としてもユーザーとしても簡便に使えてUIも不明点が少ない。,"アクセス時やや動作が重く感じる面もある。また、スマートフォン(Android,iPhoneともに)ソフトウェアキーボードとの相性がどこか少しだけ良いとは言えない。システムの不具合がありましたか？トラブルは特になく、修正点が発生しても対応はし易かった。",交通費精算においての導入企業での勤務経験から、駅サジェストや企業側の固定駅の設定がやりやすいため管理側の使用感は良い。具体的には月次の一覧性が高く、他外部サービスとの連携性も高い。ユーザーとして利用時はiPhone業務端末と私用ハイエンドAndroidやPCからでもどこか動作が鈍く感じたのは時間帯によるサーバー負担だろうか、確認を促すも側面から敢えてしているのかも知れないが……。,もはやベターなサービスと言って過言でないため、迷う時間を費やすのであればこのサービスにして良いと思う。
50,2024/03/23,領収書の取込みや電車の最安値、インボイス番号などデーターベースは充実している。従って紙での提出は不要となる。,スマホ対応アプリのIDパスワードが一定期間使用しないと消えてしまう点。要望だが、よく使う電車の会社やインボイス番号をガイドで呼べるとよい。システムの不具合がありましたか？特になし,会社での経費精算担当者は楽になると思います。紙での提出やチェックが不要になるため。ワークフロー機能もあって、承認制なため企業としてはよい。,費用対効果
51,2024/03/23,長年に渡り紙媒体で交通費や経費の精算を行ってきましたが、本製品の導入により、精算する側としても、部署メンバーの承認を行う側としても、非常に業務効率が高まりました。,移動中、モバイル版での承認作業を行う場合に、領収書データとの金額を見比べたりが、もう少しスムーズにできるとありがたいです。システムの不具合がありましたか？トラブルについては特にありません。,弊社では月末月初に全国から届く紙媒体の申請を確認するための出社が不要になりました。また申請時の不備があった場合も該当者へ差し戻しの後、即座に再申請してもらえるので、数日間かけていた業務を短日で解決することが可能になりました。,時間とストレスを格段に減らすことができる製品で大変満足度が高いです。
52,2024/03/22,乗り換え案内が使えるので経路検索が楽領収書をその場でスマホで撮影できるので紛失の心配が少なくなった,他のサイトに飛ぶとすぐログアウトするので、一時保存をマメにしないといかないpdf添付がスマホでできない,定期券を登録するとその区間は除外されて計算してくれるので、清算への時間が軽減された自身の計算の手間がなくなり差し戻しも少なくなったこの口コミを詳しく見る,内が使えるので経路検索が楽領収書をその場でスマホで撮影できるので紛失の心配が少なくなった楽楽精算の改善してほしい点他のサイトに飛ぶとすぐログアウトするので、一時保存をマメにしないといかないpdf添付がスマホでできない楽楽精算導入で得られた効果・メリット定期券を登録するとその区間は除外されて計算してくれるので、清算への時間が軽減された自身の計算の手間がなくなり差し戻しも少なくなった
53,2024/03/21,利用者としては，承認がどこまで回っているのか？ワークフローが分かるのは紙と異なりいい！過去の履歴も見れるので、見ながら書けるのもいい,精算業務を理解していないと、入力項目も多いし、電子帳簿法の事も理解しないといけないので、そこを？ボタンなどで説明してくれるといいかな,ペーパーレスという意味においては、UIが簡便なので高齢の人でも使いやすいため、教えておじさんが発生しなくなったの良い点,労務管理システムとの統合が可能か？などは事前に確認しておいた方がいい！
54,2024/03/20,スマホからほとんどの機能が使える点は良い。請求書をアップロードすると、内容をシステムに反映してるが、テキストの読み込み精度も高い。,よく使う機能は、同じ社内であっても部署や人によって様々。よく使う機能のお気に入り登録ができると便利だと思う。,紙で請求書処理や経費精算を行っていた際は、会社に行ったり出先から郵送したりと何かと不便であったがら、システム導入後はどこでも行える。この口コミを詳しく見る,ほとんどの機能が使える点は良い。請求書をアップロードすると、内容をシステムに反映してるが、テキストの読み込み精度も高い。楽楽精算の改善してほしい点よく使う機能は、同じ社内であっても部署や人によって様々。よく使う機能のお気に入り登録ができると便利だと思う。楽楽精算導入で得られた効果・メリット紙で請求書処理や経費精算を行っていた際は、会社に行ったり出先から郵送したりと何かと不便であったがら、システム導入後はどこでも行える。
55,2024/03/19,毎月領収書を溜めずに都度アプリから写真撮影でデータを取り込んで精算出来るようになったのは非常に楽になった。,写真をアップロードしてまとめて精算することが多いが日付順に並び変えれると見返しやすいので、そういった機能も盛り込んでほしい。システムの不具合がありましたか？二重で同じ領収書があり、精算の際に差し戻しになってしまったことがある。重複する領収書はアラート機能などあると嬉しい。,紙での保存が不要となったのは幾分か楽になったが、紛失しては元も子もないので領収書が手元に入ったらすぐにアップロードする習慣は見に付いた。交通費や小口などジャンル別でアップロード出来れば更に使いやすくなると思う。この口コミを詳しく見る,を溜めずに都度アプリから写真撮影でデータを取り込んで精算出来るようになったのは非常に楽になった。楽楽精算の改善してほしい点写真をアップロードしてまとめて精算することが多いが日付順に並び変えれると見返しやすいので、そういった機能も盛り込んでほしい。システムの不具合がありましたか？二重で同じ領収書があり、精算の際に差し戻しになってしまったことがある。重複する領収書はアラート機能などあると嬉しい。楽楽精算導入で得られた効果・メリット紙での保存が不要となったのは幾分か楽になったが、紛失しては元も子もないので領収書が手元に入ったらすぐにアップロードする習慣は見に付いた。交通費や小口などジャンル別でアップロード出来れば更に使いやすくなると思う。
56,2024/03/18,領収書の読み込みの精度が良いので、金額等が自動入力されるため楽。申請内容のミスに気がついたら自分で差し戻しができる(以前できないサービスがあった)。,新幹線の料金について、ウェブ申込で割り引かれた金額の領収書と、サービス内に入力した経路から検索されて出てくる正規の金額が相違するため、毎回備考に理由記載が必要。必要な書類を添付済みでも、不要なアラートが出てきて不安になる。,紙での申請時は領収書の原本提出ありきで申請が開始されていたが、楽楽精算導入後は社内運用上、システム上で申請が完了すれば原本は後日都合のいい出社時の提出で良くなったため、申請期限に追われることが減った。この口コミを詳しく見る,み込みの精度が良いので、金額等が自動入力されるため楽。申請内容のミスに気がついたら自分で差し戻しができる(以前できないサービスがあった)。楽楽精算の改善してほしい点新幹線の料金について、ウェブ申込で割り引かれた金額の領収書と、サービス内に入力した経路から検索されて出てくる正規の金額が相違するため、毎回備考に理由記載が必要。必要な書類を添付済みでも、不要なアラートが出てきて不安になる。楽楽精算導入で得られた効果・メリット紙での申請時は領収書の原本提出ありきで申請が開始されていたが、楽楽精算導入後は社内運用上、システム上で申請が完了すれば原本は後日都合のいい出社時の提出で良くなったため、申請期限に追われることが減った。
57,2024/03/17,領収書を画像を読み込み提出するだけでできるので、今までの紙での申請よりも簡略化されていてありがたい。,今のところそんなに不便だと感じたことはないが、項目が多いので自分に合った項目に編集ができたりしたらもっと使いやすい。,出張に関する経費精算が簡単にスマホでできるので、その日にすぐ申請ができるため他の業務に充てる時間が増えてストレスが削減。この口コミを詳しく見る,像を読み込み提出するだけでできるので、今までの紙での申請よりも簡略化されていてありがたい。楽楽精算の改善してほしい点今のところそんなに不便だと感じたことはないが、項目が多いので自分に合った項目に編集ができたりしたらもっと使いやすい。楽楽精算導入で得られた効果・メリット出張に関する経費精算が簡単にスマホでできるので、その日にすぐ申請ができるため他の業務に充てる時間が増えてストレスが削減。
58,2024/03/10,今までは領収書を紙で提出していましたが、スマホのカメラで写真を撮るだけで反映されるようになり、計算の手間が減りミスも減りました。,領収書を撮影した際に、読み込みエラーが一度は起こることと、パソコンでの経費申請が慣れるまでは難しかったので、尚簡単にできるようになると良い。,経費を使うとその場で申請できるようになったので忘れる事がなくなった。経理も楽になったようで業務時間の改善に繋がった。この口コミを詳しく見る,収書を紙で提出していましたが、スマホのカメラで写真を撮るだけで反映されるようになり、計算の手間が減りミスも減りました。楽楽精算の改善してほしい点領収書を撮影した際に、読み込みエラーが一度は起こることと、パソコンでの経費申請が慣れるまでは難しかったので、尚簡単にできるようになると良い。楽楽精算導入で得られた効果・メリット経費を使うとその場で申請できるようになったので忘れる事がなくなった。経理も楽になったようで業務時間の改善に繋がった。
59,2024/03/10,出張の申請及び精算に活用させていただいています。過去の履歴のコピー等、出張回数も多い為、非常に便利に使用させていただいています。,出張申請の際に、電車等の乗り換え案内から選択していますが、高速バス等の経路の選択が難しい。もう少し選択しやすくしていただきたいです。システムの不具合がありましたか？特に現時点ではありません。,出張の申請も、精算も操作性は良く、業務時間の削減にも繋がっていると思います。ワークフローからの必要書類の申請も非常に便利です。この口コミを詳しく見る,及び精算に活用させていただいています。過去の履歴のコピー等、出張回数も多い為、非常に便利に使用させていただいています。楽楽精算の改善してほしい点出張申請の際に、電車等の乗り換え案内から選択していますが、高速バス等の経路の選択が難しい。もう少し選択しやすくしていただきたいです。システムの不具合がありましたか？特に現時点ではありません。楽楽精算導入で得られた効果・メリット出張の申請も、精算も操作性は良く、業務時間の削減にも繋がっていると思います。ワークフローからの必要書類の申請も非常に便利です。
60,2024/03/09,会社での経費、交通費などの精算に使用しております。以前のシステムよりも申請が簡単になったような気がします。,今のところは思いつきませんが、会社の社員全員の名前が検索から見れてしまうためプライバシーをもう少し配慮できたらいいと思います,申請方法が煩雑になっていましたが、方法がやや簡単になったと思います。交通費も経費も同じ画面からできるのがよい。この口コミを詳しく見る,費、交通費などの精算に使用しております。以前のシステムよりも申請が簡単になったような気がします。楽楽精算の改善してほしい点今のところは思いつきませんが、会社の社員全員の名前が検索から見れてしまうためプライバシーをもう少し配慮できたらいいと思います楽楽精算導入で得られた効果・メリット申請方法が煩雑になっていましたが、方法がやや簡単になったと思います。交通費も経費も同じ画面からできるのがよい。
61,2024/03/06,電車だけでなくバスの乗り換え案内も、いちいち別サイトで調べて入力せずとも同じ画面でできるのがとても助かります。片道/往復の切り替えもでき、使いやすいです。,従業員番号や乗り換え案内を検索した後に選択するところが少しちっちゃくて使いづらいかな？と思います。最初に申請するときに見づらかったな〜と思い出しました。,自店舗以外のヘルプに行った時にかかった交通費の申請に利用しています。いつでもパソコンで楽に、上の者を介さなくても自分でできるようになったので申請漏れが減りました。この口コミを詳しく見る,なくバスの乗り換え案内も、いちいち別サイトで調べて入力せずとも同じ画面でできるのがとても助かります。片道/往復の切り替えもでき、使いやすいです。楽楽精算の改善してほしい点従業員番号や乗り換え案内を検索した後に選択するところが少しちっちゃくて使いづらいかな？と思います。最初に申請するときに見づらかったな〜と思い出しました。楽楽精算導入で得られた効果・メリット自店舗以外のヘルプに行った時にかかった交通費の申請に利用しています。いつでもパソコンで楽に、上の者を介さなくても自分でできるようになったので申請漏れが減りました。
62,2024/03/05,機能が充実している。OCR機能の精度が高く、物にもよるが9割ぐらいは正しく読み込める。UIが分かりやすい。,モバイル系ICカードもサポート対象としてほしいです。添付データを削除する際に毎回確認のポップアップが出てきますが、それを消せる設定も追加して欲しいです。システムの不具合がありましたか？特にないです。,これまでは精算に1週間ぐらいかかっていたが、3日でできるようになりました。もう紙には戻れないです。精算が楽になって空いた時間は重要な仕事に充てることができ、仕事の質が上がりました。,無料でコスパ抜群
63,2024/03/05,紙を提出しないで、スマホでできるので、本当に楽です。交通費のルートも出してくれるところ。一回行ったところは記憶してくれるところも気に入っています。,特にありません。選択項目にわからないものもありますが、そのまま、送信しても、上司が承認してくれたら、振り込まれているので、今のところ、大丈夫です。システムの不具合がありましたか？まだ、特に問題ありません。,今まで、紙に書いたり、プリントアウトして、ハンコを押して、提出していた。なので、紙を使わないこと。ルートを調べて、書き写すという作業がなくなったことが、業務が効率化しました。,交通費のルート検索機能があるのが素晴らしいです。
64,2024/03/05,外出先からも経費精算出来るし、交通費精算に関しても路線検索・運賃検索までシステム内で完結。領収書も携帯のカメラで撮影するだけ。,特に無いがPCとスマホの両端末から利用出来るため、操作感の違いから、中高年者等が多い会社では、操作に慣れるまで時間がかかるかもしれません。マニュアルや説明会などの充実化が希望です。,外出先や移動時間に経費精算することが出来て、業務の効率化、時間の短縮が行える。また、紙ベースでの印刷が不用のため、経費削減にもつながる。この口コミを詳しく見る,も経費精算出来るし、交通費精算に関しても路線検索・運賃検索までシステム内で完結。領収書も携帯のカメラで撮影するだけ。楽楽精算の改善してほしい点特に無いがPCとスマホの両端末から利用出来るため、操作感の違いから、中高年者等が多い会社では、操作に慣れるまで時間がかかるかもしれません。マニュアルや説明会などの充実化が希望です。楽楽精算導入で得られた効果・メリット外出先や移動時間に経費精算することが出来て、業務の効率化、時間の短縮が行える。また、紙ベースでの印刷が不用のため、経費削減にもつながる。
65,2024/03/04,紙申請をしておりましたが、楽々精算をいれることで、データ申請が可能となり、領収書も自動読み取りできるためおすすめです。,領収書読み取りが携帯からのみとなっているため、携帯から使うことが多い。機能を使いこなせてないだけかもしれないがICOCA連携とかあればいい,時間節約ができる。本業とは関係のない経費精算は思いの外時間をとっていたので、業務の効率につながった。この口コミを詳しく見る,ておりましたが、楽々精算をいれることで、データ申請が可能となり、領収書も自動読み取りできるためおすすめです。楽楽精算の改善してほしい点領収書読み取りが携帯からのみとなっているため、携帯から使うことが多い。機能を使いこなせてないだけかもしれないがICOCA連携とかあればいい楽楽精算導入で得られた効果・メリット時間節約ができる。本業とは関係のない経費精算は思いの外時間をとっていたので、業務の効率につながった。
66,2024/03/02,紙の資料をスキャンして経費精算に必要な情報を自動で入力してくれるところが便利です。また、その情報を楽楽精算上で一括管理できるところも魅力的です。,強いて言うなら、スキャンの精度がもう少し上がれば嬉しいです。また、領収書を一括ではなく一枚一枚手作業でスキャンしなくてはいけないところは面倒に感じます。システムの不具合がありましたか？特にありません,以前のシステムでは適格事業者番号を自分で探さなくてはいけなかったが、楽楽精算では適格事業者番号をシステム内に紐付けておくことができるため圧倒的に作業効率が上がりました。以前利用していた製品の解約理由以前の決済システムがインボイス制度に対応していなかったため。,承認ワークフローがあるため、作業ミスを防ぐことができ安心できます。
67,2024/02/26,領収書の取り込みや、ICカードの読み込みができて便利です。MobileSuica、アップルウォッチのSuica、どちらも読み取れます。,領収書の取り込みで入力した備考欄の内容が、申請の際に反映されないことがあります。また、勘定項目や免税・課税などの項目も自分で選択するため、申請の際の勘定項目に、例えばこれはこの項目、のように例が一覧で見れる機能があると便利です。システムの不具合がありましたか？領収書の取り込みで入力した備考欄の内容が、申請の際に反映されないことがあります。,交通費の精算ではICカードを読み込むだけなので、調べる手間が減り、精算忘れもなくなりました。領収書の読み込みも楽々精算内で完了できるので便利です。,交通費でアップルウォッチやMobileSuicaも読み込めます。
68,2024/02/25,紙の領収書をケータイの写真で撮ることでアプリ内に反映されるため、紙で管理する必要がなく非常に便利です。,領収書によって事業者登録番号の読み取りができないことが多く、自分で記載する必要があるため改善をしてほしい。,紙で管理していた頃よりも最初に覚えることは多いが、覚えてしまえば経費精算の手間が省けて業務に集中できることがメリットだと思います。この口コミを詳しく見る,をケータイの写真で撮ることでアプリ内に反映されるため、紙で管理する必要がなく非常に便利です。楽楽精算の改善してほしい点領収書によって事業者登録番号の読み取りができないことが多く、自分で記載する必要があるため改善をしてほしい。楽楽精算導入で得られた効果・メリット紙で管理していた頃よりも最初に覚えることは多いが、覚えてしまえば経費精算の手間が省けて業務に集中できることがメリットだと思います。
69,2024/02/23,icカード連携ができるところ。1ヶ月単位の営業交通費ををicカードをかざすだけで完了できます。また、タクシーの領収書を携帯で写真を撮るだけでできます。,画面が少し見ずらい。特にアイコンが多すぎて入り口がわからなくことがよくある。もっと直感的に操作できるようになるとなお良い。,毎月月初に発生する交通費精算の作業工数が削減した。具体的には電車の乗車区間を入力するなどの手間削減ができた。この口コミを詳しく見る,連携ができるところ。1ヶ月単位の営業交通費ををicカードをかざすだけで完了できます。また、タクシーの領収書を携帯で写真を撮るだけでできます。楽楽精算の改善してほしい点画面が少し見ずらい。特にアイコンが多すぎて入り口がわからなくことがよくある。もっと直感的に操作できるようになるとなお良い。楽楽精算導入で得られた効果・メリット毎月月初に発生する交通費精算の作業工数が削減した。具体的には電車の乗車区間を入力するなどの手間削減ができた。
70,2024/02/17,交通費からパーキング代、備品などのレシート項目、日付を選んで金額を入力すればペーパーレスで上長に申請ができます。,会社ではレシートは別で提出が必要なためレシートをデータで貼り付けられる機能があるともっと楽になるかなと思います。システムの不具合がありましたか？特にありません。,今まで紙での申請が必要だったため、作業の効率化になりました。交通費や備品購入代など分けられているので申請しやすいです。,支店が移動になった際も簡単に変更ができます。
71,2024/02/14,領収書を画像で取り込んで、その後画像を読み込んで経費の登録作業ができること。使い方がシンプルで分かりやすい。,サポートセンターが17時までの営業なので、18時まで営業していただけるとありがたい。また、課税非課税の表示についてわからないことがある。,業務時間を圧縮することができている。領収書もネットで保存できるため、ペーパーレスにも繋がり、帳簿やエビデンス保管の手間が省けている。この口コミを詳しく見る,像で取り込んで、その後画像を読み込んで経費の登録作業ができること。使い方がシンプルで分かりやすい。楽楽精算の改善してほしい点サポートセンターが17時までの営業なので、18時まで営業していただけるとありがたい。また、課税非課税の表示についてわからないことがある。楽楽精算導入で得られた効果・メリット業務時間を圧縮することができている。領収書もネットで保存できるため、ペーパーレスにも繋がり、帳簿やエビデンス保管の手間が省けている。
72,2024/02/14,勤務先にて導入された精算システムですが、今までと比べて出張時の領収書の処理が格段に楽になりました。特にスマホで勝手に相手先等も読み込んでくれるので社内業務が簡略化されてます。,使用期間が短いため試行錯誤しながら使用していますが、今のところ不満点はないです。強いて言うならば出張の申請フォーマットが重複してる部分がありややこしく感じました。,社内業務時間が若干ですが短くなっております。また紙で精算していたものがPCで完結することで余計な印刷作業も減りました。この口コミを詳しく見る,導入された精算システムですが、今までと比べて出張時の領収書の処理が格段に楽になりました。特にスマホで勝手に相手先等も読み込んでくれるので社内業務が簡略化されてます。楽楽精算の改善してほしい点使用期間が短いため試行錯誤しながら使用していますが、今のところ不満点はないです。強いて言うならば出張の申請フォーマットが重複してる部分がありややこしく感じました。楽楽精算導入で得られた効果・メリット社内業務時間が若干ですが短くなっております。また紙で精算していたものがPCで完結することで余計な印刷作業も減りました。
73,2024/02/12,出張時の領収書原本を提出するために帰社する必要がありましたが、楽楽精算を導入したことでスマホアプリで写真を撮るだけで提出が可能になり無駄な帰社作業が減りました。,一度取り込んだ領収書を編集する際に取り消し作業が複雑なため作業がし辛い。カメラ精度が上がっているため企業名等詳細を読み取ってくれるようになったが不要なところまで読み取って反映してしまう。システムの不具合がありましたか？特になし。,経費処理は営業部門だと毎月かなりの量の領収書が提出され、その都度経理課でミスがないか確認し計上していたので経理の負担がとても大きかった。また営業側でも経費の処理に時間をとられ営業時間を削られていたので両面が解決しました。,経理の負担が大きい方、インボイス制度の導入に困っている方にお勧めです。
74,2024/02/11,出張申請と交通費の精算に主に使用していますが利用する路線の検索を申請画面が行えて選択すれば金額が反映されるので1画面で手続きが済むのは便利です。,交通費申請の際に承認者から否認された場合必ず理由を記載するようにして欲しい。理由がわからないと何を訂正すればいいのか分からず確認しなければいけない。,出張申請と交通費の精算をまとめて行えるのでタスクごとにソフトを使い分ける必要がなく時間短縮につながったと感じます。この口コミを詳しく見る,交通費の精算に主に使用していますが利用する路線の検索を申請画面が行えて選択すれば金額が反映されるので1画面で手続きが済むのは便利です。楽楽精算の改善してほしい点交通費申請の際に承認者から否認された場合必ず理由を記載するようにして欲しい。理由がわからないと何を訂正すればいいのか分からず確認しなければいけない。楽楽精算導入で得られた効果・メリット出張申請と交通費の精算をまとめて行えるのでタスクごとにソフトを使い分ける必要がなく時間短縮につながったと感じます。
75,2024/02/11,交通費の申請や精算等は、経理部を通じて押印等の承認を頂く必要があるが、楽楽精算はパソコン上で全て承認を得られるので、とてもスピーディーに申請できて、承認を頂けるようになり、大変助かっております。,申請ボタンや精算ボタンの画面が少し小さいため、たまに押し間違える時もあるため、もう少しボタンの画面を大きくしてもらえると尚、使いやすいと感じております。,交通費や渉外費等のお金が発生する事は、必ず専門部署を通じて事前承認を頂く事が必須であるが、全てパソコン上で完結が出来て、紙ベースでやり取りしないため、承認を頂くまでの時間の短縮化が図れる所が利点であると感じております。,従業員数が多くて、経理部署の承認の時間がかかる事業所にオススメです。
76,2024/02/10,領収書の画像添付で自動入力される点が便利で重宝しています。スマホアプリもあるので領収書が発生したタイミングで撮影して置くと便利です。,通勤や出張時の交通費精算の際、新設された路線や運賃改訂への対応が遅いためスピーディーに対応してほしいです。システムの不具合がありましたか？特になし,隙間時間でこまめに入力しておけば月末締めの際にバタバタしなくて良い。領収書をもらった時にすぐに撮影しておけば原本をなくしても精算ができる。,便利です
77,2024/02/07,スマホでも経費の精算が簡単にできるようになったので、出張先の帰りからでも出張の精算等が素早くできる。,いろんな項目があり使いこなせてはいないように感じる。もっと簡単に必要な項目のみに絞れて自分の使いやすいようにカスタム（個人）できるといい。システムの不具合がありましたか？特になし,出張が多い仕事なので、出張に関する経費精算が簡単に素早くできるようにった。またスマホでできるので職場に行かなくても出張帰りの移動の時に精算できる。わざわざ帰りや別日に事務所に行かなくて良くなったので、ストレス半減！,スマホでできるからおすすめ！
78,2024/02/06,これまでは自社の経理端末を使用し、使いにくいし、紙のチェックと承認が必要で時間がかかっていましたが、それがなくなったので業務効率化につながっています。,強いて思ったのは、操作のコマンド等がいろいろとあり、最初は分かりにくかったです。また、データの保管場所などが分かりにくかったです。システムの不具合がありましたか？なしです,自社の経理端末は経理知識のある方でないと操作できなかったですが、この製品は誰でも操作可能なので、経理への問い合わせ件数が減っています。,誰でも交通費の清算をできるようにするという観点ではオススメです。
79,2024/02/05,今までは領収書を全て貼り付けて事務方に提出をしていたが、スマホに取り込む事が出来るので時間の短縮に繋がった。,領収書を一枚ずつ取り込んでいるが、まとめてスマホに取り込む事が出来ると更に時間の短縮に繋がり億劫な精算作業をスムーズに出来ると感じる。,紙の領収書を管理する事は煩雑であると同時に処理する側の事務負担を軽減出来る点が非常に良かったと思う。仮に紙の領収書を紛失してもデータとして残っていれば精算出来るので、利用者としては便利になった。この口コミを詳しく見る,収書を全て貼り付けて事務方に提出をしていたが、スマホに取り込む事が出来るので時間の短縮に繋がった。楽楽精算の改善してほしい点領収書を一枚ずつ取り込んでいるが、まとめてスマホに取り込む事が出来ると更に時間の短縮に繋がり億劫な精算作業をスムーズに出来ると感じる。楽楽精算導入で得られた効果・メリット紙の領収書を管理する事は煩雑であると同時に処理する側の事務負担を軽減出来る点が非常に良かったと思う。仮に紙の領収書を紛失してもデータとして残っていれば精算出来るので、利用者としては便利になった。
80,2024/02/03,経費計算がスムーズにできます。領収書をカメラで読み込めば、データで保存することができたり、交通費もicカードを連携することで過去の記憶をさかのぼってテンプレートに書き込む手間を省いて楽に計算することができます。,カメラ読み込みの時に読み込みミスが多いのが少しだけ気になります。その精度だけ向上させていただければ問題ありません。システムの不具合がありましたか？特にないです。,出張をしたときにかかった経費の計算で利用させていただいています。これまでは領収書の管理を紙媒体でやっており、また、用意したスプレッドシートに書き込んでいたようなのですが、このサービスを使うことで紙がかさばったり、紛失したりすることはないですし、スプレッドシートなどに書き込む時間も短縮することができました。また、特に交通費の計算でicカードと連携できるのはよかったです。このサービスを利用していなかった前の職場では券売機で領収書を発行していたのですが発行する時間も短く取り忘れるというミスも多くあったのですが、このサービスを使うことで安心して移動することができるようになりました。,出張が多い職場にお勧めです
81,2024/02/03,領収書をスマホで読み込み、その内容が勝手にアップロードされるため、いつどこでいくら分使用した領収書なのか、入力する手間が省け、効率的に経費精算が可能。,スマホで領収書を読み取る際に、マナーモードにしていても必ずシャッター音が鳴るため、オフィスで響き渡って少しうるさい。シャッター音は鳴らないような設定にして欲しい。システムの不具合がありましたか？不具合ではないが、稀に領収書をスマホで読み込むと文字化けしたり違った数字が反映したりするため、その際は訂正が必要。,業務時間内に経費精算をするため、かなり時短になり業務に割ける時間が増えた。以前はどこで何に使った領収書なのか全て入力し、それを印刷し担当者に渡していたが今はその必要がなくかなり時短になった。この口コミを詳しく見る,マホで読み込み、その内容が勝手にアップロードされるため、いつどこでいくら分使用した領収書なのか、入力する手間が省け、効率的に経費精算が可能。楽楽精算の改善してほしい点スマホで領収書を読み取る際に、マナーモードにしていても必ずシャッター音が鳴るため、オフィスで響き渡って少しうるさい。シャッター音は鳴らないような設定にして欲しい。システムの不具合がありましたか？不具合ではないが、稀に領収書をスマホで読み込むと文字化けしたり違った数字が反映したりするため、その際は訂正が必要。楽楽精算導入で得られた効果・メリット業務時間内に経費精算をするため、かなり時短になり業務に割ける時間が増えた。以前はどこで何に使った領収書なのか全て入力し、それを印刷し担当者に渡していたが今はその必要がなくかなり時短になった。
82,2024/02/01,昨今のデジタル化、インボイス対応で各社が対応を迫られましたが、楽々清算を導入していたわが社は日々の会計業務にかかる時間を大幅に短縮できていると感じます。デジタルで管理できるので紛失のリスクもなく、すぐに上司の確認をもらうことができます。会計業務に使っていた時間を他の業務に回すことができています。,とても満足していますが、レイアウトが少々殺風景なのが修正できないのかなと思います。少し見にくいと感じがしてしまします。,数年前まで紙ベースで会計業務を行っていたが、伝票や請求書が無くなる、期限までに提出できないなど大きな問題を抱えていた。導入したことにより、そういった「余分な」仕事をなくすことができたので、会社全体でも業務時間・残業時間の短縮につながっている。以前利用していた製品の解約理由社内全体での会計システム入れ替えに伴う導入。,会計関連の仕事をデジタルで一元管理したい方にお勧め!!
83,2024/02/01,今の時代に即したペーパーレスで精算ができます。交通費など検索で自動計算できる点も便利です。また、他社と比較すると金額はかなり引くのでコストパフォーマンスはとても良いです。,・経費申請の際添付ファイルを一つしか添付できない為そこを改善してもらえたらもっと便利。　・記入できる文字数が少ない項目があるので、もう少し文字数を増やしてほしい。,ICカード読み取り機能をつかうことで電車代の入力を毎回乗り換え案内からしなくてよく、効率化を実感している。領収書を携帯で写真をとってアップロードしてパソコンから作成申請できるので、便利です。この口コミを詳しく見る,即したペーパーレスで精算ができます。交通費など検索で自動計算できる点も便利です。また、他社と比較すると金額はかなり引くのでコストパフォーマンスはとても良いです。楽楽精算の改善してほしい点・経費申請の際添付ファイルを一つしか添付できない為そこを改善してもらえたらもっと便利。　・記入できる文字数が少ない項目があるので、もう少し文字数を増やしてほしい。楽楽精算導入で得られた効果・メリットICカード読み取り機能をつかうことで電車代の入力を毎回乗り換え案内からしなくてよく、効率化を実感している。領収書を携帯で写真をとってアップロードしてパソコンから作成申請できるので、便利です。
84,2024/01/31,支払い起算日から設定した支払日の即時反映が大変ありがたいです。また、課税事業者登録番号を入力するとすぐ会社名が反映されるため、確認が容易。,私自身がよくミスしてしまうのが前月の精算履歴をコピーした後、支払い起算日を前月のままにしてしまうことです。明細の日付が締め日のままだとポップアップで表示されるので気付けるのですが、支払い起算日の部分も前月の日付だとポップアップされてほしい。,何よりも、経費精算等々がとても捗ります。各社員の交通費や接待費も私の部署ですべて処理をすることなく個人でやって頂いてるのでとても助かっています。この口コミを詳しく見る,日から設定した支払日の即時反映が大変ありがたいです。また、課税事業者登録番号を入力するとすぐ会社名が反映されるため、確認が容易。楽楽精算の改善してほしい点私自身がよくミスしてしまうのが前月の精算履歴をコピーした後、支払い起算日を前月のままにしてしまうことです。明細の日付が締め日のままだとポップアップで表示されるので気付けるのですが、支払い起算日の部分も前月の日付だとポップアップされてほしい。楽楽精算導入で得られた効果・メリット何よりも、経費精算等々がとても捗ります。各社員の交通費や接待費も私の部署ですべて処理をすることなく個人でやって頂いてるのでとても助かっています。
85,2024/01/31,PCとスマートフォンどちらからでも対応しており、現金立替精算がとてもスムーズです。一番はOCRの読み取り性能の高さ。私は複写機でレシートをスキャンし、本システムに登録することがありますが、インボイスの適格番号までしっかり読み取ってくれます。非常に助かります。,利用していてほとんど困ったことはありませんが、強いて言うなら融通が利かないところと感じます。イレギュラーな精算を実施する際、登録前に弾かれる事があります。その場合経理と相談し、どのように登録をすれば良いか確認をしています。それくらいでしょうか。システムの不具合がありましたか？特にありません。,外出先（出張中）でもスマートフォンアプリから立替金精算が可能なところ。電車移動時間でも処理が出来るのが非常に助かります。,経理担当者は、イレギュラーな登録が非常に少なくなったと喜んでいました。
86,2024/01/31,営業担当のため、よく外回りや遠方への出張があり、交通費や宿泊費の精算で毎回お世話になっている。定期区間の登録ができたり、よく使う交通ルートをマイリストとして保存することができるため、時短になる。,領収書の金額や日付の不備で否認された時に、領収書の修正ができず、新規で登録し直さなければならない点。,出張に行く際は、距離や宿泊有無によって手当が変わるが、交通ルートや宿泊有無を入力すれば自動で手当の計算がされるため、こちらで計算する手間が省ける。この口コミを詳しく見る,ため、よく外回りや遠方への出張があり、交通費や宿泊費の精算で毎回お世話になっている。定期区間の登録ができたり、よく使う交通ルートをマイリストとして保存することができるため、時短になる。楽楽精算の改善してほしい点領収書の金額や日付の不備で否認された時に、領収書の修正ができず、新規で登録し直さなければならない点。楽楽精算導入で得られた効果・メリット出張に行く際は、距離や宿泊有無によって手当が変わるが、交通ルートや宿泊有無を入力すれば自動で手当の計算がされるため、こちらで計算する手間が省ける。
87,2024/01/30,楽楽精算の利便性が素晴らしいです。経費の管理が簡単で、データの入力から承認までスムーズに行えます。リアルタイムで経費データが可視化され、予算の遵守が簡単にできます。,モバイルアプリのユーザーインターフェースが改善の余地があるかもしれません。もう少し使いやすさを向上させてほしいです。カスタマイズオプションがもう少し多様化すると、ユーザーにとってより便利かもしれません。システムの不具合がありましたか？システムやサービスの不具合やトラブルは発生しませんでした。安定して動作しました。,経費精算プロセスが大幅に簡略化されました。紙の領収書をデジタル化し、効率的な承認プロセスを確立しました。これにより、時間とコストの節約が実現し、ビジネス課題を解決しました。,楽楽精算は、経費管理において非常に効果的なツールです。簡単な使い方と高度な機能の組み合わせは、多くの企業にお勧めできます。
88,2024/01/30,オプションで追加料金が必要ではあるが、電子帳簿への対応も可能。スキャナ保存もスマホや複合機を使ってできるのでかなり紙削減には貢献してくれています。精算システムも申請ルール等でエラー表記も自由に付けられるので、申請者の悪癖などを先読みして制限もかけられる。,スキャナ保存する際のOCRの精度が悪く、登録事業者番号や日付金額も一切読み取ってくれない場合があるので、今後のアップデートで改善をお願いいたします。,出先からでも経費精算や出張伺いを受けることが出来るので、在宅勤務をしている場合でも精算手続きを滞りなく進める事が出来る。やり取りがシステム内で完結できるので態々相手のデスクまで行って訂正箇所を指摘する必要が無い。この口コミを詳しく見る,で追加料金が必要ではあるが、電子帳簿への対応も可能。スキャナ保存もスマホや複合機を使ってできるのでかなり紙削減には貢献してくれています。精算システムも申請ルール等でエラー表記も自由に付けられるので、申請者の悪癖などを先読みして制限もかけられる。楽楽精算の改善してほしい点スキャナ保存する際のOCRの精度が悪く、登録事業者番号や日付金額も一切読み取ってくれない場合があるので、今後のアップデートで改善をお願いいたします。楽楽精算導入で得られた効果・メリット出先からでも経費精算や出張伺いを受けることが出来るので、在宅勤務をしている場合でも精算手続きを滞りなく進める事が出来る。やり取りがシステム内で完結できるので態々相手のデスクまで行って訂正箇所を指摘する必要が無い。
89,2024/01/28,以前は紙や社内の独自プラットフォームで経費の精算を行っており、必ずといっていいほど不備がでており差戻をされちたが、本サービス導入後は書類の不備もなくなり、今ではスマホで写真を撮るだけでOCR機能により自動読み込みまでしてくれ、手間なく不備なく迅速に経費の精算が行えるようになった。,基本的に現在のシステムに対し不満はないが、しいて言えばログイン後の画面にもう少し情報を載せてほしい。今はメニューのみが表示されているため、そこから数クリックしないと現在の申請状況が確認できないため、ログイン後すぐに確認できるような画面表示だとより分かりやすい。,経理担当者もユーザーもお互いの時間を大幅に短縮できる。また、経理処理が苦手に感じている社員や経理処理がめんどうに感じている社員は、小さな経費は申請しないこともままあるが、本サービスはそのような社員の行動も抑止できる。この口コミを詳しく見る,社内の独自プラットフォームで経費の精算を行っており、必ずといっていいほど不備がでており差戻をされちたが、本サービス導入後は書類の不備もなくなり、今ではスマホで写真を撮るだけでOCR機能により自動読み込みまでしてくれ、手間なく不備なく迅速に経費の精算が行えるようになった。楽楽精算の改善してほしい点基本的に現在のシステムに対し不満はないが、しいて言えばログイン後の画面にもう少し情報を載せてほしい。今はメニューのみが表示されているため、そこから数クリックしないと現在の申請状況が確認できないため、ログイン後すぐに確認できるような画面表示だとより分かりやすい。楽楽精算導入で得られた効果・メリット経理担当者もユーザーもお互いの時間を大幅に短縮できる。また、経理処理が苦手に感じている社員や経理処理がめんどうに感じている社員は、小さな経費は申請しないこともままあるが、本サービスはそのような社員の行動も抑止できる。
90,2024/01/27,いつもスマホでの経費精算、出張精算で活用しております。領収者も簡単にスキャンできて、スキャンした領収書をどの経費分か簡単に選べるので便利です。,いつもスマホから申請するので、たまにPCのweb版を開くと少し見にくく感じております。機能で不足があるわけではありませんが、web版のUIがもっと見やすくなるといいなと思います。,経費精算の時間短縮になります。以前は経費精算用紙に領収書を貼り、上司の捺印をいただき承認を得なければいけなかったので、出社時に印刷したり上司が在社していないと精算出来ませんでしたが、出社する必要も上司が不在でも精算できるので、とても時短になりました。この口コミを詳しく見る,ホでの経費精算、出張精算で活用しております。領収者も簡単にスキャンできて、スキャンした領収書をどの経費分か簡単に選べるので便利です。楽楽精算の改善してほしい点いつもスマホから申請するので、たまにPCのweb版を開くと少し見にくく感じております。機能で不足があるわけではありませんが、web版のUIがもっと見やすくなるといいなと思います。楽楽精算導入で得られた効果・メリット経費精算の時間短縮になります。以前は経費精算用紙に領収書を貼り、上司の捺印をいただき承認を得なければいけなかったので、出社時に印刷したり上司が在社していないと精算出来ませんでしたが、出社する必要も上司が不在でも精算できるので、とても時短になりました。
91,2024/01/27,以前勤めていた会社では経費の申請が紙で行われており、上司を何名も探して直接ハンコをもらっていたので大変でした。しかし楽々精算で申請すれば上司へ自動的に連絡が行き、すぐに申請が通ります。,ボタンや入力部分が少し小さいかなと感じます。一般的なPC画面よりも小さいサイズで表示されるため、もっと画面いっぱいに表示して大きな画面にしても良いかと思います。システムの不具合がありましたか？今のところ特にありません。,紙だと忘れられてしまうこともありますが、楽楽精算であれば未承認のものがあるとすぐにわかるので上司も見落としがなくなり、期日までに余裕を持って申請が完了しました。,紙やハンコから電子化される時代になっています。電子化によって効率があがるツールなので利用して損はないと思います。
92,2024/01/27,各機能に説明書きがあり、操作がわかりやすい。ICリーダー、レシート読み込みアプリが入力補助になって便利,とくにないですが、強いて言うならば初見のタブや機能に初回説明ナビゲーションがあると、操作が覚えやすいと思います。,精算処理が楽に簡単に行えることができる。申請した項目の承認フローが確認できるので、ステータス管理が容易この口コミを詳しく見る,明書きがあり、操作がわかりやすい。ICリーダー、レシート読み込みアプリが入力補助になって便利楽楽精算の改善してほしい点とくにないですが、強いて言うならば初見のタブや機能に初回説明ナビゲーションがあると、操作が覚えやすいと思います。楽楽精算導入で得られた効果・メリット精算処理が楽に簡単に行えることができる。申請した項目の承認フローが確認できるので、ステータス管理が容易
93,2024/01/25,営業職についており、交通費や宿泊費など様々な経費が発生しておりますが、写真やPDFをアップロードするだけで簡単に登録が出来ます。,ごく稀に写真の読み込みが正確にされないタイミングがありますので、写真から読み込む精度がさらに上がれば嬉しい箇所になります。システムの不具合がありましたか？使って半年ほどですが経験がありません。,経費の精算処理が半分以下になります。過去は経費処理が億劫で未精算なものが貯めがちになっておりましたが、簡単に経費申請できストレスを感じなくなりました。,直感で分かりやすい操作性なので高齢の方にもフィットされると思います
94,2024/01/24,支払い履歴を簡単に検索出来ることが良い点だと思います。また、支払先ではなく単語を入力した場合にも、あてはまる履歴を探すことが出来ありがたいです。,レイアウトの自由度が高いのが良い点でもあり悪い点でもあると感じます。操作が難しく時間がかかります。システムの不具合がありましたか？特に発生しておりません。,不動産の支払調書を発行する際、今まで導入されていたソフトでは不動産への支払い履歴をエクセルに出力することが出来なかったためひとつづつ手作業で履歴を確認していたが、該当履歴のみ確認することで大幅に時間を削減することが出来た。以前利用していた製品の解約理由履歴が確認しづらかった。サポートが終了してしまったため。,利用者としては、直感的に扱える難易度の低いソフトです。
95,2024/01/24,領収書をアプリで撮影し取り込むだけで、日付、支払い先、インボイス番号、が自動で入力されます。読み取り情報が正確な上に、時間短縮になります。何より、取り込んだ領収書は、提出不要になるので、リモートワークの自分は経費精算のためだけに出社する必要がなくなりました。,現状特に改善してほしい点は無いのですが、電子領収書の場合の取り込み方と申請の仕方が分かりづらく感じます。,月末の経費精算の時間の圧倒的な短縮に繋がりました。また、上記でも記述したように、出社の必要性もなくなったので、大幅な時短になっています。この口コミを詳しく見る,プリで撮影し取り込むだけで、日付、支払い先、インボイス番号、が自動で入力されます。読み取り情報が正確な上に、時間短縮になります。何より、取り込んだ領収書は、提出不要になるので、リモートワークの自分は経費精算のためだけに出社する必要がなくなりました。楽楽精算の改善してほしい点現状特に改善してほしい点は無いのですが、電子領収書の場合の取り込み方と申請の仕方が分かりづらく感じます。楽楽精算導入で得られた効果・メリット月末の経費精算の時間の圧倒的な短縮に繋がりました。また、上記でも記述したように、出社の必要性もなくなったので、大幅な時短になっています。
96,2024/01/21,UIがとてもシンプルで感覚的に操作できる点が素晴らしいです。全社で導入しているので、マニュアルがほぼ無しにできることは導入部門からしてもありがたいと思います。,私はほぼ会社と家の往復分しか申請しないため、個人ごとに自分のお気に入りの経路などを登録できるとありがたい。毎月実費精算だが、毎度同じ内容を入れており、自分の経路の呼び出しができるとありがたい。,以前は通勤定期代が支給されていたが、コロナ禍を経て、リモートワークが進んだため通勤費は、交通費を都度精算するシステムを導入。実費精算ができるようになった。コストも比較的安く、シンプルな作りのため、誰にとっても使いやすく、周りもすぐに慣れて使っていた。導入時、使い方がわからないなどと言っていた同僚も見当たらなかった。この口コミを詳しく見る,もシンプルで感覚的に操作できる点が素晴らしいです。全社で導入しているので、マニュアルがほぼ無しにできることは導入部門からしてもありがたいと思います。楽楽精算の改善してほしい点私はほぼ会社と家の往復分しか申請しないため、個人ごとに自分のお気に入りの経路などを登録できるとありがたい。毎月実費精算だが、毎度同じ内容を入れており、自分の経路の呼び出しができるとありがたい。楽楽精算導入で得られた効果・メリット以前は通勤定期代が支給されていたが、コロナ禍を経て、リモートワークが進んだため通勤費は、交通費を都度精算するシステムを導入。実費精算ができるようになった。コストも比較的安く、シンプルな作りのため、誰にとっても使いやすく、周りもすぐに慣れて使っていた。導入時、使い方がわからないなどと言っていた同僚も見当たらなかった。
97,2024/01/21,出張が多いのですが、新幹線やホテルの領収書の詳細を記載する手間が省けてとても時短になりました。また、何度も使用する経路については一括登録ができ、とても便利です。これまで経費精算が億劫でしたが、今では期日までにしっかり間違いなく入力を完了することができています。,ホテルの宿泊税を入力する際に、いちいち分けて入力しないといけないため面倒だと感じました。一括で読み取ってくれると助かります。,営業のため、出張や外出が多いのですが、これまで自分の自宅からオフィスまでの経路を自分で計算して除いてから、経費精算を行わなければならなかったのですが、今は自動で通勤経路を除いてくれるので便利です。この口コミを詳しく見る,のですが、新幹線やホテルの領収書の詳細を記載する手間が省けてとても時短になりました。また、何度も使用する経路については一括登録ができ、とても便利です。これまで経費精算が億劫でしたが、今では期日までにしっかり間違いなく入力を完了することができています。楽楽精算の改善してほしい点ホテルの宿泊税を入力する際に、いちいち分けて入力しないといけないため面倒だと感じました。一括で読み取ってくれると助かります。楽楽精算導入で得られた効果・メリット営業のため、出張や外出が多いのですが、これまで自分の自宅からオフィスまでの経路を自分で計算して除いてから、経費精算を行わなければならなかったのですが、今は自動で通勤経路を除いてくれるので便利です。
98,2024/01/20,ペーパーレスの時代になってきている今、紙での申請が最小限におさめられるのはやはりいい点だと思います。そして、上司に通知が勝手に行くので、事務所に上司がいなくても許可を貰う事ができる点もいい点だと思います。,同じパターンで絶対に買い物をする時にパターン化してある項目が追加できると楽かなと思いました。履歴から拾うのは結構大変なため。システムの不具合がありましたか？特にないです。,ペーパーレスとともに、時短になり業務の効率化を果たせていると思います。経理の確認も一目見て確認が取れるし、費目事にコードも存在しているのでチェックにも時間がかからなくなっていると思いました。,とにかく時短になり、業務効率が上がると思います
99,2024/01/17,唯一の良かった点は、明細追加で、利用した乗換の選択が比較的容易である事でした。ただ、これも予測変換が出ないなど改善の余地はあるように思います。,旅費精算の備考欄は全角入力のみの対応で、半角入力では申請時に弾かれてしまう。半角入力のみ対応はよくあると思うが全角のみは使い勝手が悪いため修正して欲しい。システムの不具合がありましたか？特になし。,紙での旅費精算と比べると、かなり楽にはなってきていると思います。しかし、まだまだ、発展途上と言うか、上記の様な改善点があるように思います。,特になし。
100,2024/01/12,レシート、領収証はPDFでもJPEGでもアップロードができ、デスクワーク以外の人にも使いやすいようにできている。口座の動き、小口現金別々にカテゴリーがあり申請した履歴を一覧で確認することができる。使いやすいツールです,領収証を別途先に登録する必要があるところ。申請の内容を登録する際に同時に領収証なども登録できれば作業を一つ省略できます。,以前はエクセルシートに手入力で入力し、月末で締めて翌月初めに本部に報告していた。領収証レシートも全て現物を本部に提出していた。導入後は経費発生の都度申請することができるようになった。領収証などPDFやJPEGファイルをアップロードするだけで現物提出省力できるものも増えた。,紙が減ります。
101,2024/01/09,全て電子データで対応できるため、紙のレシートを持ち歩かなくてよい。定型的に処理を進めることが出来るため、慣れてくれば比較的簡単。,初見では分かりにくい点がある。ただし、システム上の話だけではなく、社内の経費処理の仕組みによっても変わるため、一概には言えない。システムの不具合がありましたか？特に無し。,自社独自のものではなく、汎用的なプラットフォームとして導入することによって、社内の風潮に左右されることが少なくなる。この口コミを詳しく見る,ータで対応できるため、紙のレシートを持ち歩かなくてよい。定型的に処理を進めることが出来るため、慣れてくれば比較的簡単。楽楽精算の改善してほしい点初見では分かりにくい点がある。ただし、システム上の話だけではなく、社内の経費処理の仕組みによっても変わるため、一概には言えない。システムの不具合がありましたか？特に無し。楽楽精算導入で得られた効果・メリット自社独自のものではなく、汎用的なプラットフォームとして導入することによって、社内の風潮に左右されることが少なくなる。
102,2024/01/07,弊社は中小企業のため、マニュアルで作成していましたが、このサービスを利用することで、タイトル通り業務効率化が図れました。,ただ、少しずつ必要な項目が変更になり、軽微な変更により入力項目が増え、少し手間になることがかります。システムの不具合がありましたか？チェック項目がうまくできず、はじめにトラブルは何件かあり、その都度担当者が周知をするということはありました。,入力する側はもちろん、総務担当者の業務がかなり改善され、費用対効果が高いように思います。担当者を減らすことができ、結果的に別の業務に人員をまわすことができています。,絶対的な業務効率化が図れます
103,2024/01/04,交通費精算の際に、電車代を入力する際は駅名を検索して自動反映される機能があるため、いちいち具体的な金額を打ち込む必要がないです,交通費精算の際は、電車代に関しては駅名を入力して検索できますが、単なる往復ではなく複数駅を経由して乗車駅に戻るというルートを検索すると同じ駅は指定できない旨のエラーとなります,経費申請を終えて申請を行ったあとに誤りに気付き申請を取り消したいときには、上長に依頼する必要無く自身で取り下げることができるので手間が削減できていますこの口コミを詳しく見る,の際に、電車代を入力する際は駅名を検索して自動反映される機能があるため、いちいち具体的な金額を打ち込む必要がないです楽楽精算の改善してほしい点交通費精算の際は、電車代に関しては駅名を入力して検索できますが、単なる往復ではなく複数駅を経由して乗車駅に戻るというルートを検索すると同じ駅は指定できない旨のエラーとなります楽楽精算導入で得られた効果・メリット経費申請を終えて申請を行ったあとに誤りに気付き申請を取り消したいときには、上長に依頼する必要無く自身で取り下げることができるので手間が削減できています
104,2023/12/29,出張の事前に申請しておき、後に出張の精算時に紐付けが簡単にできる。また領収書の添付もカメラで読み取ることもできるのは助かっている。,領収書をカメラで写真をとって提出する際の自動読み取りの精度が悪いように思える。例えば新幹線の領収書といった手書きではないようなものですら間違える事もあり、精度がもっとよいと良いと思う。システムの不具合がありましたか？今までの所ない,上長にExcelファイルでyahoo路線で経路を調べてといったことや経理に領収書の原本を出すということがなくなっている。つまり実際にあわなくてもオンラインで全て完結するというのがメリットであり、UIも使い方で困った事がないぐらいわかりやすい。この口コミを詳しく見る,に申請しておき、後に出張の精算時に紐付けが簡単にできる。また領収書の添付もカメラで読み取ることもできるのは助かっている。楽楽精算の改善してほしい点領収書をカメラで写真をとって提出する際の自動読み取りの精度が悪いように思える。例えば新幹線の領収書といった手書きではないようなものですら間違える事もあり、精度がもっとよいと良いと思う。システムの不具合がありましたか？今までの所ない楽楽精算導入で得られた効果・メリット上長にExcelファイルでyahoo路線で経路を調べてといったことや経理に領収書の原本を出すということがなくなっている。つまり実際にあわなくてもオンラインで全て完結するというのがメリットであり、UIも使い方で困った事がないぐらいわかりやすい。
105,2023/12/21,もちろん会社の運用ルールありきですが、出張が多いビジネスマンは稟議、精算がとてもスムーズにできるため、楽だと思います。,UIが少し古臭く感じる。文字も小さいし(設定側の問題？)、フォントも少し古く感じるため使い勝手が少しだけ悪く感じることがある。システムの不具合がありましたか？特になし,稟議、精算はとてもスムーズにできるため文句なしです。急な出張で稟議をスピード感持って対応しないといけないときにとても助かりました。,稟議、精算のスムーズさ
106,2023/12/20,楽楽精算は素早く効果的に経費を申請・承認でき、紙の領収書の手間が軽減されました。特に、透明性が高まり、経費処理が迅速かつ正確に行えることが大きな利点です。また、分かりやすいインターフェースが使い勝手を向上させています。,利用中に感じた改善点は特にありませんが、もっと細かな経費項目の設定や柔軟なカスタマイズが可能な機能の追加があれば、ユーザーエクスペリエンスが向上すると思います。,楽楽精算の導入により、経費の管理が効率的になり、従業員は時間を節約できました。例えば、出張先での領収書のデジタル管理がスムーズに行え、経費の不正確な処理が大幅に減少しました。この口コミを詳しく見る,素早く効果的に経費を申請・承認でき、紙の領収書の手間が軽減されました。特に、透明性が高まり、経費処理が迅速かつ正確に行えることが大きな利点です。また、分かりやすいインターフェースが使い勝手を向上させています。楽楽精算の改善してほしい点利用中に感じた改善点は特にありませんが、もっと細かな経費項目の設定や柔軟なカスタマイズが可能な機能の追加があれば、ユーザーエクスペリエンスが向上すると思います。楽楽精算導入で得られた効果・メリット楽楽精算の導入により、経費の管理が効率的になり、従業員は時間を節約できました。例えば、出張先での領収書のデジタル管理がスムーズに行え、経費の不正確な処理が大幅に減少しました。
107,2023/12/18,これまでそれぞれの申請方法がバラバラでしたが、らくらく精算のシステム一つで支払申請、経費申請、交通費申請ができるようになり、わかりやすく便利だなと思いました。,請求書などの書類アップロードと各種申請が切り離されていて使いづらい印象です。また、申請後の履歴確認ができない（見つけづらいのかもしれません）点も改善されればいいなと思います。,経理関連の制度変更によりシステムの変更が必須だったための導入となったかと思いますが、制度変更に対応できているシステムだとは感じます。現場の入力作業量が多くなったので、その分経理が楽になったのではないかと思います。この口コミを詳しく見る,れぞれの申請方法がバラバラでしたが、らくらく精算のシステム一つで支払申請、経費申請、交通費申請ができるようになり、わかりやすく便利だなと思いました。楽楽精算の改善してほしい点請求書などの書類アップロードと各種申請が切り離されていて使いづらい印象です。また、申請後の履歴確認ができない（見つけづらいのかもしれません）点も改善されればいいなと思います。楽楽精算導入で得られた効果・メリット経理関連の制度変更によりシステムの変更が必須だったための導入となったかと思いますが、制度変更に対応できているシステムだとは感じます。現場の入力作業量が多くなったので、その分経理が楽になったのではないかと思います。
108,2023/12/17,楽々精算は直感的な操作で経費精算が迅速かつ効率的。デジタル化によりペーパーレスでの管理が可能で、従業員と企業の双方にとって手軽かつ使いやすいサービスです。,改善の余地として、より複雑な経費のカテゴリ分類や詳細な報告オプションの提供が望まれます。これにより、企業はより精緻な経費管理が可能となり、効果的なコストコントロールが行えるでしょう。,楽々精算の導入により、経費処理が迅速化し、従業員の業務において時間と手間の軽減が実現しました。同時に、リアルタイムな経費データの可視化が可能となり、より効果的な経費管理と予算コントロールが可能になりました。この口コミを詳しく見る,直感的な操作で経費精算が迅速かつ効率的。デジタル化によりペーパーレスでの管理が可能で、従業員と企業の双方にとって手軽かつ使いやすいサービスです。楽楽精算の改善してほしい点改善の余地として、より複雑な経費のカテゴリ分類や詳細な報告オプションの提供が望まれます。これにより、企業はより精緻な経費管理が可能となり、効果的なコストコントロールが行えるでしょう。楽楽精算導入で得られた効果・メリット楽々精算の導入により、経費処理が迅速化し、従業員の業務において時間と手間の軽減が実現しました。同時に、リアルタイムな経費データの可視化が可能となり、より効果的な経費管理と予算コントロールが可能になりました。
109,2023/12/16,紙でのやりとりから解放されて精算、支払が電子化されたことは仕事の効率化につながった。特に、電車、バス運賃の精算は乗降地を入力するだけ、地方にも対応していたのでとても助かった。,一言でいうと使いづらい。よくよく画面を見て操作すればやりたいことはできるが、直観的に操作はできずいつも迷う。システムの不具合がありましたか？エラーメッセージがややわかりにく。,これまで支払、精算はすべて紙を使用していたので非効率だった。それをすべて電子化できたことはそれだけで仕事の効率化に寄与した。この口コミを詳しく見る,とりから解放されて精算、支払が電子化されたことは仕事の効率化につながった。特に、電車、バス運賃の精算は乗降地を入力するだけ、地方にも対応していたのでとても助かった。楽楽精算の改善してほしい点一言でいうと使いづらい。よくよく画面を見て操作すればやりたいことはできるが、直観的に操作はできずいつも迷う。システムの不具合がありましたか？エラーメッセージがややわかりにく。楽楽精算導入で得られた効果・メリットこれまで支払、精算はすべて紙を使用していたので非効率だった。それをすべて電子化できたことはそれだけで仕事の効率化に寄与した。
110,2023/12/16,ペーパーレス化ができたのは、本当にうれしい。時間が節約できとことで、格段に効率が良くなった。領収書は写真で撮れば良いので、いつでもどこでも気軽にできるはとっても楽ちん。,時々金額の読み間違いがあるので、手入力しなくてはならないことと、インボイス制度を導入して以後、Tから始まる番号を読めない、または読み間違えるためこちらも手入力しなくてはならないのが面倒。,時間の節約になったことは間違いありません。今までは領収書の原本を紙に貼って経費に出さなくてはならなかったので本当に手間でした。以前利用していた製品の解約理由ペーパーレス化のためこの口コミを詳しく見る,ス化ができたのは、本当にうれしい。時間が節約できとことで、格段に効率が良くなった。領収書は写真で撮れば良いので、いつでもどこでも気軽にできるはとっても楽ちん。楽楽精算の改善してほしい点時々金額の読み間違いがあるので、手入力しなくてはならないことと、インボイス制度を導入して以後、Tから始まる番号を読めない、または読み間違えるためこちらも手入力しなくてはならないのが面倒。楽楽精算導入で得られた効果・メリット時間の節約になったことは間違いありません。今までは領収書の原本を紙に貼って経費に出さなくてはならなかったので本当に手間でした。以前利用していた製品の解約理由ペーパーレス化のため
111,2023/12/12,スマホからカメラ撮影で領収書取り込みできます。時間、場所を問いません。スキャナー不用。作業時間が、大幅に短縮。,特にない。満足してます。スマホで撮影する際、上手くアップロードできない場合あり。その他は、慣れれば、問題なし。システムの不具合がありましたか？なし,大幅に、ペーパーレス化が進んだ。紙のものを目でチェックしていたのが、写真を撮影するだけでよく、作業時間が大幅に短縮された。,なし
112,2023/12/06,Googleのトップ画面に配置しているのでアクセスがしやすいです。フローで承認が進むのでペーパーレスできます。,領収書のアップロード、添付する作業が慣れないと分かりにくいと感じたことがあります。画面遷移や計上の入口が分かりやすいと良いなと思います。システムの不具合がありましたか？特にありません。,データ上で回覧、承認ができることです。過去は回覧して上司の押印が必要な流れでしたが、現在は押印不要の運用に変更されました。,コストが低い
113,2023/12/05,PC.スマホ両方から使用する事ができ、精算もレシートや領収書を写真を撮ってアップするだけなので、慣れたらとても簡単でした。交通費もルート登録が出来るので便利です。,事前にスマホを登録する作業がやや手間がかかりました。基本的には使いやすいですが、PC版のサイトが見づらく使いづらかったので改善されると嬉しいです。,今まで全て金額を手入力し、別でレシートや領収書をPDFにし提出していたのが、写真をアップロードするだけになったので精算の業務が大幅に効率よくできるようになった。この口コミを詳しく見る,ホ両方から使用する事ができ、精算もレシートや領収書を写真を撮ってアップするだけなので、慣れたらとても簡単でした。交通費もルート登録が出来るので便利です。楽楽精算の改善してほしい点事前にスマホを登録する作業がやや手間がかかりました。基本的には使いやすいですが、PC版のサイトが見づらく使いづらかったので改善されると嬉しいです。楽楽精算導入で得られた効果・メリット今まで全て金額を手入力し、別でレシートや領収書をPDFにし提出していたのが、写真をアップロードするだけになったので精算の業務が大幅に効率よくできるようになった。
114,2023/12/04,領収書の写真を一枚撮るだけで、情報を読み取ってくれて、インボイス登録番号まで入力してくれてとても楽です。,写真からの読み取りがスムーズにいかない時がたまにあり、二重チェックが必要。一度登録してしまった写真は訂正できない為、誤った場合は再度登録が必要。,無駄な打ち込みが減り、精算をためることがなくなった。毎週支払日があるため、スピーディに精算できることがうれしい。この口コミを詳しく見る,真を一枚撮るだけで、情報を読み取ってくれて、インボイス登録番号まで入力してくれてとても楽です。楽楽精算の改善してほしい点写真からの読み取りがスムーズにいかない時がたまにあり、二重チェックが必要。一度登録してしまった写真は訂正できない為、誤った場合は再度登録が必要。楽楽精算導入で得られた効果・メリット無駄な打ち込みが減り、精算をためることがなくなった。毎週支払日があるため、スピーディに精算できることがうれしい。
115,2023/11/30,今まではExcelの出張旅費精算を作成し、自分で日当を入力するのが手間でした。楽楽精算のおかげで、煩わしさが消えました。部下からの出張申請の承認簡単にできます。,事前申請と実績申請の入力箇所が最初どこから行うのかわからなく手間取ってしまった。細かく入力する必要があるので、そこは手間。システムの不具合がありましたか？特になし,今までは自分で日当を計算していたが、楽楽ではすでにシステムに日当が組み込まれているので、めんどくさい深夜手当や宿泊出張の計算も楽になった,効率的な出張申請ができ、過去の申請も参照できる
116,2023/11/27,紙で精算書を作って、経理まで提出していた流れが、WEB上で、責任者承認、不備解消などできるため、遠方からの郵送費削減と、タイムリーな承認が実現しかなり効率的になりました。,改善して欲しい点というわけでは無いですが、導入時は、新たなフローを作成し、開示し、浸透させる必要はある為その点の手間はかかります。システムの不具合がありましたか？ありません。,全国展開している会社である為、北海道などから精算書を提出すると時間とお金がかかっていましたが、それが解消できた点と、書類が本社に届き捺印の為にわざわざ本社まで出向いていたのが無くなったので、時間拘束も無くなりました。,全国展開している企業にはおすすめです。
117,2023/11/26,写真で読み取るだけで、ほとんどの情報（値段、時期、企業番号）を読み取ってくれてる。その名の通り、楽に精算が管理できる点。,読み取って情報を共有する際に、〇〇年〇〇月〇〇日と出るのだが…この日にちが間違っている事が多々あるので、再度やり直す事がある。正確さにかける事が難点である。,日々、移動が多く、また、立て替えする事が多い為、読み取って全ての情報が出てきてくれる事が、精算登録に時間を取られる事がなく、効率化をはかることが出来る。この口コミを詳しく見る,取るだけで、ほとんどの情報（値段、時期、企業番号）を読み取ってくれてる。その名の通り、楽に精算が管理できる点。楽楽精算の改善してほしい点読み取って情報を共有する際に、〇〇年〇〇月〇〇日と出るのだが…この日にちが間違っている事が多々あるので、再度やり直す事がある。正確さにかける事が難点である。楽楽精算導入で得られた効果・メリット日々、移動が多く、また、立て替えする事が多い為、読み取って全ての情報が出てきてくれる事が、精算登録に時間を取られる事がなく、効率化をはかることが出来る。
118,2023/11/25,承認依頼する側もされる側も一覧で進捗状況がわかるため、とても管理しやすく案件の進捗スピードが速くなるところ。,承認者が同じステージに何人かいる場合に、申請者が特に指定したい場合には指定できるようになると有り難い。システムの不具合がありましたか？特になし,今まで稟議をあげる時や承認を得るために複数の上司にメールをしていたが、上司はメール受信数が多くて埋もれやすいため催促したり声をかけなければ進まなかった。しかし楽楽精算を導入してから、上司は承認依頼が一覧で把握できるため声かけせずとも承認が降り、依頼する側も進捗を一覧で確認出来るため案件を進めるスピードが速くなった。,承認のフローを速く進めたいなら楽楽精算がいいと思います。
119,2023/11/22,交通費精算のときに経路と料金が自動に複数出てくるので、料金を忘れたとしても経路を選べばいくら払ったのかわかる。,PCだと領収証をいちどスキャンしてから何処かに保存し、楽楽精算内にも保存してから読み込みをするため面倒。スマホでも同じため何かもうひと手間省けたらありがたい。こうして欲しいという案が思いつかないシステムの不具合がありましたか？トラブルはない。使い方の説明書はDLして読み込め、図式で書いてるので問題はない。,利用者側のメリットはない。経理担当者のメリットは有るのかもしれないがわからない。会社の運用の問題ではあるが領収証を添付しているのに原本も必要なので結局読み込む必要性がわからない。,按分の精算書を出す時、操作が色々必要で非常に手間がかかります
120,2023/11/20,入力方法を理解した後は、覚える意識を強く持たなくても、ある程度感覚的に処理を進めることができる設計になっている。,マニュアル作成は自社で作成し、展開しましたが、わかりやすいマニュアルがあれば、そちらを活用したかった。システムの不具合がありましたか？トラブルはありませんでした。,営業担当と経理担当の間での精算確認で足りるようになり、営業事務の負担が軽減されました。証憑の電子保存を通じてペーパーレス化にも寄与しています。,データベースとして、経費データを管理する上でもメリットがあります。
121,2023/11/19,タクシーや会食などのレシートをスマホアプリで写真を撮るだけで金額や利用日、支払先がセットされ入力作業が圧倒的に軽量化されます。,モバイルSuicaやEXカードなどのルートや金額、使用日などの情報が交通費精算として連携されて入力不要になってほしい。,頻繁かつ煩雑な経費精算対応をせずに、提出期日ぎりぎりでも、まとめて速やかに処理できるため業務効率化につながっているこの口コミを詳しく見る,会食などのレシートをスマホアプリで写真を撮るだけで金額や利用日、支払先がセットされ入力作業が圧倒的に軽量化されます。楽楽精算の改善してほしい点モバイルSuicaやEXカードなどのルートや金額、使用日などの情報が交通費精算として連携されて入力不要になってほしい。楽楽精算導入で得られた効果・メリット頻繁かつ煩雑な経費精算対応をせずに、提出期日ぎりぎりでも、まとめて速やかに処理できるため業務効率化につながっている
122,2023/11/18,こちらのサービスはとにかく給与、交通費、事業費など細かくジャンルが分かれており、それぞれをよりわかりやすいフローで申請→承認まで行うことができます。,少しデザインが古いのかなとは思いました。もう少しおしゃれで色使いなどを工夫すれば、企業も導入しやすくなるのではないでしょうか。システムの不具合がありましたか？今のところ特にありません。,このサービスが導入される前は、全て経費などは書面で停止していました。こちらとしても用意から渡すまでがかなり手間がかかりますし、経理の方も「面倒」とおっしゃっていました。それがパソコンやスマートフォンさえあればいつでもどこでもお金の申請ができるようになったというのは、こういった業務に直接関係のないものに時間を取る必要がなくなったという点で、大幅に課題を解決することができたと考えています。この口コミを詳しく見る,ービスはとにかく給与、交通費、事業費など細かくジャンルが分かれており、それぞれをよりわかりやすいフローで申請→承認まで行うことができます。楽楽精算の改善してほしい点少しデザインが古いのかなとは思いました。もう少しおしゃれで色使いなどを工夫すれば、企業も導入しやすくなるのではないでしょうか。システムの不具合がありましたか？今のところ特にありません。楽楽精算導入で得られた効果・メリットこのサービスが導入される前は、全て経費などは書面で停止していました。こちらとしても用意から渡すまでがかなり手間がかかりますし、経理の方も「面倒」とおっしゃっていました。それがパソコンやスマートフォンさえあればいつでもどこでもお金の申請ができるようになったというのは、こういった業務に直接関係のないものに時間を取る必要がなくなったという点で、大幅に課題を解決することができたと考えています。
123,2023/11/16,一つの画面が基軸となり、様々な申請が誰でも簡単に行うことのできる、まさに「楽楽」な、サービスになっています。,複数のレシートを同時に撮影出来ると、なおのことよい。また、勘定科目等がAIにより、自動で入力されると更によい。システムの不具合がありましたか？特にありません。,スマホ等で申請出来る点が、非常にメリットが大きく、外出時はもちろんのこと、その場で申請することで、忘れや漏れが防げる。,スマートフォン利用者にはベストなサービス
124,2023/11/16,交通費の自動化ではICカードデータを読み込み、領収書のOCR機能(自動読み取り)を活用して手入力の手間を減らしました。コスト削減と管理の簡便性があります。,初期設定はやや複雑でOCR機能の精度に課題が感じられました。税制改正があった場合などは柔軟な対応策、また再度、従業員へのシステムの説明が発生します。,交通費の自動精算で従業員の負担を減らし、データ管理がクラウドで容易になりました。何度も精算担当者とやり取りすることがなくなり、結果として時間の節約とコスト削減に繋がりました。この口コミを詳しく見る,動化ではICカードデータを読み込み、領収書のOCR機能(自動読み取り)を活用して手入力の手間を減らしました。コスト削減と管理の簡便性があります。楽楽精算の改善してほしい点初期設定はやや複雑でOCR機能の精度に課題が感じられました。税制改正があった場合などは柔軟な対応策、また再度、従業員へのシステムの説明が発生します。楽楽精算導入で得られた効果・メリット交通費の自動精算で従業員の負担を減らし、データ管理がクラウドで容易になりました。何度も精算担当者とやり取りすることがなくなり、結果として時間の節約とコスト削減に繋がりました。
125,2023/11/15,今までは、専用フォルダに電子領収書を送付する作業を行っていたが、電子領収書を選択するだけでアップロードされるため、その部分については楽になった。,10月のインボイス対応が義務化されたことにより導入されたものだが、精算方法が複雑化していているように感じる。それは、フォーマットによるところが大きいと感じる。見難く使い勝手がよくない。全然楽楽ではないし、決済する方も楽楽なのか疑問。前の精算方法よりも決済される期間が長くなっており、なかなか精算が終わらない。システムの不具合がありましたか？今の所ない。,上記に書いている通り、デメリットが多く、具体的なメリットを一切感じない。精算する側の意見なので、決済する側は違うのかもしれない。この口コミを詳しく見る,専用フォルダに電子領収書を送付する作業を行っていたが、電子領収書を選択するだけでアップロードされるため、その部分については楽になった。楽楽精算の改善してほしい点10月のインボイス対応が義務化されたことにより導入されたものだが、精算方法が複雑化していているように感じる。それは、フォーマットによるところが大きいと感じる。見難く使い勝手がよくない。全然楽楽ではないし、決済する方も楽楽なのか疑問。前の精算方法よりも決済される期間が長くなっており、なかなか精算が終わらない。システムの不具合がありましたか？今の所ない。楽楽精算導入で得られた効果・メリット上記に書いている通り、デメリットが多く、具体的なメリットを一切感じない。精算する側の意見なので、決済する側は違うのかもしれない。
126,2023/11/14,以前使っていたものは、いちいち交通のルートを登録し、交通費を入力しなければならなかったが、楽々精算ではパターンを登録することができるため非常に便利です。,写真の読み取りあまり高くないためか、何度もなり直さないといけない時がまれにあるあります。光の当たり具合か、携帯のスペックによるものなのか？,写真さえあれば、金額をいちいち入力する必要がない。また家でも申請ができるため、テレワークが増えた自分にとっては非常によかったです。この口コミを詳しく見る,いたものは、いちいち交通のルートを登録し、交通費を入力しなければならなかったが、楽々精算ではパターンを登録することができるため非常に便利です。楽楽精算の改善してほしい点写真の読み取りあまり高くないためか、何度もなり直さないといけない時がまれにあるあります。光の当たり具合か、携帯のスペックによるものなのか？楽楽精算導入で得られた効果・メリット写真さえあれば、金額をいちいち入力する必要がない。また家でも申請ができるため、テレワークが増えた自分にとっては非常によかったです。
127,2023/11/12,領収書の自動読み込み機能が優秀だと思います。この度の10月からのインボイス制度にともなう事業者番号もかなり読み込みができているので修正が少ないです。携帯からの取り込みができるので領収書を受け取ったその場で取り込みできて出張精算もペーパーレスできやりやすくなったと思います。,入力項目のコピーができないことと入力文字数の制限があることがUIの使いにくさを感じます。経理知識のない人にとっては、申請項目の選択に戸惑う部分はあるかと思います。,いままでは、紙での経費申請だったため内容確認についても人の手が必要で毎月の経費処理が膨大な時間がかかっていました。また、紙のため上司が途中で止めていてもどこで止まっているかわからず精算が遅れるなどもありました。このシステムを導入してからどこで承認が止まっているかも確認でき、速やかな処理ができるように思いますし、携帯からの申請もできることで利用者と承認者双方にとって業務が効率化されたと感じます。,経費管理を紙やエクセルからシステム化したい人に向いてます
128,2023/11/08,領収書等撮影するだけで自動入力されるのがとても助かる。また、アップできな内容についてはほぼ間違いがなく正確なため、業務効率化に役立っている。,領収書から撮影で計算する場合、上手くアップロードできない場合や、紙が撮影画面に収まりきらないと部分部分に分けて撮影しなければならないので、そこが少し手間がかかる。,今まで全て紙のものを目でチェックして経費をまとめていたのがとても時短になり、またストレスもかなり減りました。この口コミを詳しく見る,影するだけで自動入力されるのがとても助かる。また、アップできな内容についてはほぼ間違いがなく正確なため、業務効率化に役立っている。楽楽精算の改善してほしい点領収書から撮影で計算する場合、上手くアップロードできない場合や、紙が撮影画面に収まりきらないと部分部分に分けて撮影しなければならないので、そこが少し手間がかかる。楽楽精算導入で得られた効果・メリット今まで全て紙のものを目でチェックして経費をまとめていたのがとても時短になり、またストレスもかなり減りました。
129,2023/11/06,スマホのカメラ撮影で領収書取り込み可能なところ、スキャナーを使わずに作業終了できるのは思った以上に便利,交通費の検索がスマホアプリなどと比較してやりづらい、ただ使えないレベルではないので、今後改善されるなら問題ないシステムの不具合がありましたか？発生せず,立て替えの戻しが早くなった、制度的な部分だが、月に複数回の戻しがおきるようになり、利便性が向上したと思う,領収書精算が効率的になる
130,2023/11/03,これまでExcelベースでペーパーにより処理、入力していたものがどこでもパソコン一つで処理出来るようになり時間を有効活用できます。,導入時、処理方法の不明点が多く慣れるまでは時間がかかりました。ブラウザの関係もあるかもしれないですが、タブがいくつも増えるところは見にくい場合があります。,これまで出張等した際に帰ってから後日処理をしていましたが、クラウド上で処理を進められるため、帰り道新幹線の中でも申請を終えられるほど楽になりました。この口コミを詳しく見る,xcelベースでペーパーにより処理、入力していたものがどこでもパソコン一つで処理出来るようになり時間を有効活用できます。楽楽精算の改善してほしい点導入時、処理方法の不明点が多く慣れるまでは時間がかかりました。ブラウザの関係もあるかもしれないですが、タブがいくつも増えるところは見にくい場合があります。楽楽精算導入で得られた効果・メリットこれまで出張等した際に帰ってから後日処理をしていましたが、クラウド上で処理を進められるため、帰り道新幹線の中でも申請を終えられるほど楽になりました。
131,2023/11/03,初めて使うときでも、メニューがわかりやすく直ぐに目的のところに辿り着けるPCだけでなくスマホでも同様に使える,データ入力して閉じるボタンを押したら、データが保存されずに閉じてしまった。保存されていない、登録されていないなどの確認メッセージが有ればよいと感じた。システムの不具合がありましたか？特にない,交通費精算時は乗換案内の活用など素早く間違えなく入力ができる。領収書の写真撮影による取り込みが可能で、ペーパーレスで便利である。この口コミを詳しく見る,ときでも、メニューがわかりやすく直ぐに目的のところに辿り着けるPCだけでなくスマホでも同様に使える楽楽精算の改善してほしい点データ入力して閉じるボタンを押したら、データが保存されずに閉じてしまった。保存されていない、登録されていないなどの確認メッセージが有ればよいと感じた。システムの不具合がありましたか？特にない楽楽精算導入で得られた効果・メリット交通費精算時は乗換案内の活用など素早く間違えなく入力ができる。領収書の写真撮影による取り込みが可能で、ペーパーレスで便利である。
132,2023/11/03,交通費や雑費など月々の業務で発生した費用を簡単に会社側へ申請できる。基本的に入力する項目が少なく楽ではある。,会社側の設定が甘いのかもしれないが「ここはフリー入力でいいような」と思うところがある。簡単な入力のみで済むところは良い点ではあるが…。システムの不具合がありましたか？不具合は特にないです,以前は業務で発生した費用は紙の申請が中心で会社側へ送付する手間があったがソフトで完結しているため時間短縮化になっている。,デメリットはあまりないためおすすめです。
133,2023/11/01,弊社では交通費の精算に楽々精算を導入しています。これまで紙で交通費の精算をしていましたがペーパーレスになった点はいい点でした。,suicaの読み取りで、外出が多いと古い記録は読み取れなくなってしまうのでそこは改善していただきたいです。モバイルSuicaにも対応していただきたいです。システムの不具合がありましたか？suicaを読み取っているはずなのに、通った改札の記録が抜けていることがあります。社内でもそのような人が多くいます。,これまで交通費の精算を行うには、上司の押印が必要で本社まで行かなければならなかったが、行く必要がなくなりました。この口コミを詳しく見る,通費の精算に楽々精算を導入しています。これまで紙で交通費の精算をしていましたがペーパーレスになった点はいい点でした。楽楽精算の改善してほしい点suicaの読み取りで、外出が多いと古い記録は読み取れなくなってしまうのでそこは改善していただきたいです。モバイルSuicaにも対応していただきたいです。システムの不具合がありましたか？suicaを読み取っているはずなのに、通った改札の記録が抜けていることがあります。社内でもそのような人が多くいます。楽楽精算導入で得られた効果・メリットこれまで交通費の精算を行うには、上司の押印が必要で本社まで行かなければならなかったが、行く必要がなくなりました。
134,2023/10/31,自分の交通手段をマイパターンとして登録できるので、毎回手入力しなくて良さそうなのが便利。ルートの確認や金額も内蔵の乗換案内が呼び出せるのでいちいち調べなくても良いです。,マイパターンの設定が、複数の交通機関(特にバスとの併用)を使う人の場合、上手く検索できない場合があったようです。修正の仕方も少しわかりにくいかなとも思います。システムの不具合がありましたか？今のところはありません。,今までは自己申告の金額とルートを計算して提出していたのが、乗換案内とマイパターン登録のおかげで自動化されたのが便利です。以前利用していた製品の解約理由インボイス対応ということで変更になったようです。,経理の確認の手間が少なくなるのでは、と期待しております。
135,2023/10/30,主に交通費の精算の際に利用しています。「乗換案内」で電車の経路も同時に見ることができるため便利だと思います。操作が簡単で、画面上で完結するため、押印の手間も省くことができて良いです。,特にありませんがあえて言うと、たまにレシートがうまく読み取れないことがありました。もう少し精度が上がると便利になると思います。,承認が通ったらパソコンにメール、スマホにお知らせが届くので自分からシステムを立ち上げて承認有無の確認をする手間も省け、効率化に繋がりました。この口コミを詳しく見る,の精算の際に利用しています。「乗換案内」で電車の経路も同時に見ることができるため便利だと思います。操作が簡単で、画面上で完結するため、押印の手間も省くことができて良いです。楽楽精算の改善してほしい点特にありませんがあえて言うと、たまにレシートがうまく読み取れないことがありました。もう少し精度が上がると便利になると思います。楽楽精算導入で得られた効果・メリット承認が通ったらパソコンにメール、スマホにお知らせが届くので自分からシステムを立ち上げて承認有無の確認をする手間も省け、効率化に繋がりました。
136,2023/10/22,経費の精算、スマホで領収書の写真を撮って登録するだけで自動登録される点は非常に便利です。どの領収書を申請したのか忘れないためにも後から確認できるのは便利です。交通費はよく使うパターンを登録できるので、いちいち毎度同じ交通費を記入しなくていいのは楽です。,アプリのUIがちょっと安っぽいかなあと。領収書登録するときのカメラも実際に写っている画と撮影した写真のサイズが違ったりするので改善の余地はたくさんあると思います。交通費の登録も同時にいくつかコピーができると往復の交通費をまとめて複製できるので便利かと思います。システムの不具合がありましたか？こちらは特に感じた事はありません。,いちいち領収書をジャンルごとにホッチキスなどでまとめる必要がなくなったのは楽ですね。登録し終えた領収書はまとめておくだけでいいので助かってます。,アナログで経費精算を行っているのであれば切り替えてみても良いのではないでしょうか？
137,2023/10/22,導入以前は、社用PCから都度経費等の申請を行わなければいけなかったため、作業に時間をとられがちだった。楽楽精算導入後は、いつでも個人スマホで申請が可能になった事で時間を気にする事なく申請が出来る様になり便利になった。,入力画面からひとつ前のページに戻ると入力した部分が一時的に記憶される機能がないため、再度１から入力し直さなければいけなくなるのが残念。システムの不具合がありましたか？特になし。,動物関連の業務を行っているが、勤務中に急遽タクシーや電車で病院に連れていく事が多いため、勤務時間中に交通費申請等をしている余裕などなかったが、楽楽精算のおかげでその点が解消された。,いつでも申請が出来る所
138,2023/10/21,経理視点とはなりますが、経費・交通費の申請・承認をはじめ、契約書などの押印申請や返金対応などいろいろな処理をこちらのシステムで完結できる点は素晴らしい。,初期設定をする際は手間が結構かかりました。仕方のないことですが、部や課が多いとその分の承認フローの設定が必要となります。,こちらはクラウドシステムなので、クレーム等の返金が起こった場合は速やかに処理を進めることができます。紙でいままでやっていて2日かかっていたのが、その日中に処理することができます。この口コミを詳しく見る,はなりますが、経費・交通費の申請・承認をはじめ、契約書などの押印申請や返金対応などいろいろな処理をこちらのシステムで完結できる点は素晴らしい。楽楽精算の改善してほしい点初期設定をする際は手間が結構かかりました。仕方のないことですが、部や課が多いとその分の承認フローの設定が必要となります。楽楽精算導入で得られた効果・メリットこちらはクラウドシステムなので、クレーム等の返金が起こった場合は速やかに処理を進めることができます。紙でいままでやっていて2日かかっていたのが、その日中に処理することができます。
139,2023/10/21,交通費、経費精算、支払い依頼など精算にまつわるあれこれを一つのアプリで完結できるところが気に入ってます。,経費コードなど基本的に毎回変わらない内容も、毎回手入力しなければならないところが煩わしいと思います。,手書きやエクセル精算に比べて、利用者側は一括でできて楽に取り扱えますが、管理する経理はもろもろの手間が省けて業務効率が上がると思います。この口コミを詳しく見る,費精算、支払い依頼など精算にまつわるあれこれを一つのアプリで完結できるところが気に入ってます。楽楽精算の改善してほしい点経費コードなど基本的に毎回変わらない内容も、毎回手入力しなければならないところが煩わしいと思います。楽楽精算導入で得られた効果・メリット手書きやエクセル精算に比べて、利用者側は一括でできて楽に取り扱えますが、管理する経理はもろもろの手間が省けて業務効率が上がると思います。
140,2023/10/21,弊社では出張や経費精算ツールとして、楽楽清算を導入しています。直感的な操作で進めやすいのが楽々清算のよいポイントです。,領収書登録をあらかじめしなければならないのが難点。精算処理中に領収書の登録ができるとよりスムーズに利用できると思っています。システムの不具合がありましたか？特にはありません。,導入前のシステムでは、紙の領収書で精算する必要があったため、手間が多く感じた。この製品を導入してから精算の手間が減っているため、きちんと清算しようという思いになる。,経費精算の手間を大幅に減らしたい人におすすめの製品です。
141,2023/10/21,・申請したいタイミングで行うことができるので上長の隙間時間を見つけなければなどの負担が減った。領収書精算がなければ、基本システムのみで承認作業が進んでいく。・承認の流れが可視化されているので、誰で止まっているのかなど把握がしやすい。,・領収書生産の際は別で写真をアップするなど、一手間がある。「領収書ある方はまずはこちら」みたく書いておいておいてくれるとよりわかりやすくなると思った。マニュアルを読まなくても流れ作業のような形で入力ができるようになるのが理想。システムの不具合がありましたか？・派遣社員として初回利用する際、うまく承認されず手こずった。派遣社員のマニュアルを見たが、書かれていない手順が含まれていた。,・立替費なのだから清算するのが当たり前なんだが、上長のお伺いを立てるところが気持ち的にも負担だった。システムで上げていくので、そのお伺いを立てる負担が減り、自分の中での業務効率化に役立っている。,使い方に慣れれば楽楽です！！
142,2023/10/21,・交通費精算について、システムへの入力で完了し、紙ベースで提出する必要がなくなる・交通費の計算が自動入力される為、別サイトでする必要がない,・同じ場所への交通費も毎回駅名入力→移動手段選択→経路選択をして入力する必要があり、面倒よく使う内容をコピーできるようにして欲しい,・紙ベースで交通費精算を行っていた為、このシステムを導入したことにより、紙への記入、出社しての提出の必要がなくなり在宅勤務でも申請ができ、便利になった・交通費を別サイトで検索して手書きしていたが、システム内で検索し自動入力できるのでラクこの口コミを詳しく見る,算について、システムへの入力で完了し、紙ベースで提出する必要がなくなる・交通費の計算が自動入力される為、別サイトでする必要がない楽楽精算の改善してほしい点・同じ場所への交通費も毎回駅名入力→移動手段選択→経路選択をして入力する必要があり、面倒よく使う内容をコピーできるようにして欲しい楽楽精算導入で得られた効果・メリット・紙ベースで交通費精算を行っていた為、このシステムを導入したことにより、紙への記入、出社しての提出の必要がなくなり在宅勤務でも申請ができ、便利になった・交通費を別サイトで検索して手書きしていたが、システム内で検索し自動入力できるのでラク
143,2023/10/17,レシートや領収書を携帯で写真を撮るだけで料金やお店の名前を判断してくれます。お店のインボイスのナンバーも判別してくれるので便利です。,一度読み込んだレシートの金額の修正がでできず、削除して読み込む際に直さなければいけないため、そこを修正できるようにしてほしいです。システムの不具合がありましたか？特になし,写真を撮るだけでいいので、金額を１つ１つ記入しなくていいので精算の時間の短縮になりました。写真を撮るだけでいいので事前に写真を撮っておけば家でも精算ができるので便利です。,とくになし
144,2023/10/15,交通費の精算に利用しています。駅名を入力すれば、すぐにそこまでの料金が分かるため、調べる手間が省けます。乗換検索ができるところも便利です。また、操作も複雑ではなく、簡単に操作ができて使いやすいです。,写真の読み取り精度が低い。なぜ読み取りができないかの原因が分からないため、何度も撮るり直さなければいけなくなり、時間がかかる。,今まで精算するために会社まで足を運んでいたが、その必要がなくなった。出社せずに自宅で交通費の精算や報告書の提出ができるようになったのが嬉しい。この口コミを詳しく見る,算に利用しています。駅名を入力すれば、すぐにそこまでの料金が分かるため、調べる手間が省けます。乗換検索ができるところも便利です。また、操作も複雑ではなく、簡単に操作ができて使いやすいです。楽楽精算の改善してほしい点写真の読み取り精度が低い。なぜ読み取りができないかの原因が分からないため、何度も撮るり直さなければいけなくなり、時間がかかる。楽楽精算導入で得られた効果・メリット今まで精算するために会社まで足を運んでいたが、その必要がなくなった。出社せずに自宅で交通費の精算や報告書の提出ができるようになったのが嬉しい。
145,2023/10/10,経費の精算、承認、入金までが非常にスピーディーかつ円滑に行えます。昔は紙で行っていましたが、いまではこれがないときどうやっていたのかと思ってしまいます。,新幹線の移動中に入力していて、電波がなくなりせっかくたくさん入力していたのに全部消えてしまった…ということが度々あったため、オフラインでも使えるとありがたいです。,アナログ(紙)で経費精算を行っていたときより、作業にかかる時間が大幅に短縮され、残業の削減などにも繋がっていると思います。この口コミを詳しく見る,、承認、入金までが非常にスピーディーかつ円滑に行えます。昔は紙で行っていましたが、いまではこれがないときどうやっていたのかと思ってしまいます。楽楽精算の改善してほしい点新幹線の移動中に入力していて、電波がなくなりせっかくたくさん入力していたのに全部消えてしまった…ということが度々あったため、オフラインでも使えるとありがたいです。楽楽精算導入で得られた効果・メリットアナログ(紙)で経費精算を行っていたときより、作業にかかる時間が大幅に短縮され、残業の削減などにも繋がっていると思います。
146,2023/10/09,システムのレスポンスは良くてストレスなく使用できる点とインボイスへの対応についてもユーザーへのストレスが極力少く設計されている。,領収書登録でスマホ版でしかJPEGファイルを登録することができない。新幹線の利用証を業務用のスマホの写真で取ってパソコンにメールで送ってスマホ版で登録すること必要が手間。PC版でもJPEGファイルを登録したい。システムの不具合がありましたか？不具合は特にないです。ただし、エラーメッセージで説明が分かりにくい箇所がいくつがある。,出張や研修後の精算にかかる時間が短縮された。また権限によると思うが他の社員の登録履歴なども見ることができて、登録が良くわからない処理に参考にできることがよくある。,システムのレスポンスの良さ
147,2023/10/09,マニュアルがなくても誰でも簡単に経費の申請や支払い依頼などできます。また請求書や領収書はpdfなどでアップロードできるので、紙の節約にもなり無駄が本当になくなります。,請求書をアップロードする際、たまにエラーとなるので様々な状況を加味し、対策を行ってほしいです。また、備考などもう少し横にも枠を広げれるようにしてほしいです。システムの不具合がありましたか？特になし,今までは紙ですべて行わなくてはいけなかったので、出社する必要がありましたが導入したことにより、出張中でも申請ができ大変便利になりました。この口コミを詳しく見る,がなくても誰でも簡単に経費の申請や支払い依頼などできます。また請求書や領収書はpdfなどでアップロードできるので、紙の節約にもなり無駄が本当になくなります。楽楽精算の改善してほしい点請求書をアップロードする際、たまにエラーとなるので様々な状況を加味し、対策を行ってほしいです。また、備考などもう少し横にも枠を広げれるようにしてほしいです。システムの不具合がありましたか？特になし楽楽精算導入で得られた効果・メリット今までは紙ですべて行わなくてはいけなかったので、出社する必要がありましたが導入したことにより、出張中でも申請ができ大変便利になりました。
148,2023/10/08,スマホからも操作できるので、領収書を受け取ってすぐに経費の申請などが出来る。財布の中に領収書を溜め込んだり、誤って捨ててしまったりということがなくなった。,領収書を事前に登録しておかないといけないところが面倒。経費の申請の時に写真に撮って〜という流れではなく、事前に領収書を登録して、それを引っ張ってくる仕組み。,自分は経理担当ではないので経費の処理についてはあまりよくわからないが、営業目線で言うと、今までは手書きで経費の申請をしていたところをデジタルでできるようになったのはとてもありがたい。特に、自分が過去に申請した内容について履歴が残ったり、承認された場合にメールでお知らせがされるので、申請漏れなどがなくなった。この口コミを詳しく見る,も操作できるので、領収書を受け取ってすぐに経費の申請などが出来る。財布の中に領収書を溜め込んだり、誤って捨ててしまったりということがなくなった。楽楽精算の改善してほしい点領収書を事前に登録しておかないといけないところが面倒。経費の申請の時に写真に撮って〜という流れではなく、事前に領収書を登録して、それを引っ張ってくる仕組み。楽楽精算導入で得られた効果・メリット自分は経理担当ではないので経費の処理についてはあまりよくわからないが、営業目線で言うと、今までは手書きで経費の申請をしていたところをデジタルでできるようになったのはとてもありがたい。特に、自分が過去に申請した内容について履歴が残ったり、承認された場合にメールでお知らせがされるので、申請漏れなどがなくなった。
149,2023/10/05,申請フローや承認者などが追加でき、組織変更などが多い会社のため非常にありがたい。領収書の画像なども添付が簡単で、出張申請なども申請したデータを引っ張り精算の際時間をかけず処理することができる,パソコン上から領収書などを添付する際、昨今セキュリティーの関係から画像等を私物スマホから送ることができず、スマホアプリから申請することになっているため、なにか専用のアップロード場所を作ってもらいそこから安全に画像を引っ張れるようにしてほしいシステムの不具合がありましたか？定期的にメンテナス等が入ります。これうちの会社の人事異動などが原因の可能性もありますが,出張の際の申請、精算の処理がものすごく早くなりました。申請の際きちんと入力できていれば精算の際は画像を添付するだけなので10分もかからず精算を完了することができました。この口コミを詳しく見る,や承認者などが追加でき、組織変更などが多い会社のため非常にありがたい。領収書の画像なども添付が簡単で、出張申請なども申請したデータを引っ張り精算の際時間をかけず処理することができる楽楽精算の改善してほしい点パソコン上から領収書などを添付する際、昨今セキュリティーの関係から画像等を私物スマホから送ることができず、スマホアプリから申請することになっているため、なにか専用のアップロード場所を作ってもらいそこから安全に画像を引っ張れるようにしてほしいシステムの不具合がありましたか？定期的にメンテナス等が入ります。これうちの会社の人事異動などが原因の可能性もありますが楽楽精算導入で得られた効果・メリット出張の際の申請、精算の処理がものすごく早くなりました。申請の際きちんと入力できていれば精算の際は画像を添付するだけなので10分もかからず精算を完了することができました。
150,2023/10/03,UIがシンプルなので、わざわざ説明書を見なくても使用することが可能です。交通費などを参照したいとき、ワンクリックで確認できるところも操作性が良いな、と感じます。,題名にカーソルを合わせたときに、どういう機能なのか、内容なのかが分かるとグッと使いやすくなると思います。,元々かかった費用の詳細は紙で提出をしていましたが、クラウド上で完結できるので、出した出していないなどのエビデンスの所在が明確になりました。この口コミを詳しく見る,プルなので、わざわざ説明書を見なくても使用することが可能です。交通費などを参照したいとき、ワンクリックで確認できるところも操作性が良いな、と感じます。楽楽精算の改善してほしい点題名にカーソルを合わせたときに、どういう機能なのか、内容なのかが分かるとグッと使いやすくなると思います。楽楽精算導入で得られた効果・メリット元々かかった費用の詳細は紙で提出をしていましたが、クラウド上で完結できるので、出した出していないなどのエビデンスの所在が明確になりました。
151,2023/10/02,営業などで訪問先に出向くときに定期券外の交通費がかかった際に利用しています。常日頃からマメな人には向いているシステムだと思います。,文字や数字を入力する枠の表示そのものが小さく、スマートフォンで操作するには使いにくい印象があります。,いつでもどこでも精算内容を追加できる。入力必須フォーマットがあるので、個々人によって微妙な記入漏れがあり承認できないなどの手間が省ける。この口コミを詳しく見る,訪問先に出向くときに定期券外の交通費がかかった際に利用しています。常日頃からマメな人には向いているシステムだと思います。楽楽精算の改善してほしい点文字や数字を入力する枠の表示そのものが小さく、スマートフォンで操作するには使いにくい印象があります。楽楽精算導入で得られた効果・メリットいつでもどこでも精算内容を追加できる。入力必須フォーマットがあるので、個々人によって微妙な記入漏れがあり承認できないなどの手間が省ける。
152,2023/10/01,電子精算が可能なため、精算作業がシンプルになり分かりやすくなりました。複雑な作業は不要なため、ミスが減りました。,自動的に画像の文字や数字を読み込み、明細に反映する機能が欲しい。手動で打ち込むのがやや手間に感じることがあります。システムの不具合がありましたか？2年ほど使っているが、トラブルやエラーなく使えています。,出張費の精算は社用携帯から可能となり、移動中の新幹線の中で精算が完了してしまうので、帰社してからの精算作業が不要になりました。,複雑な操作が要らないため、直感的に使え、業務効率化を図ることができます。
153,2023/10/01,経費精算や請求書管理がとても便利です。また、稟議書の管理も行えるので、クラウドサービス化するにあたり便利な機能がたくさんあります。,改善してほしい点については今のところありません。インボイス制度にも対応されており税制改正にも対応済みで使いやすいシステムです。システムの不具合がありましたか？システム不具合はありません。カスタマーサービスも使いやすく親切でした。,承認機能がある点がとても便利です。今どの程度進捗進んでいるのか管理ができますので、とても便利な機能です。,クラウド化を進めるならおすすめなシステムです
154,2023/10/01,前職では紙の帳票で経費を申請していました。テレワークが普及しても、結局出社しないといけなかったり、領収書データをわざわざ印刷して添付しなければいけなかったので、非常に面倒だった。転職してからこの楽楽精算を使用し、PCからはもちろん、スマホからでも使えるので、出張の帰り道でもすぐに申請がだせて、承認依頼なども勝手に回っていくので非常に便利だと思います。,領収書を別画面でアップロードしてから、経費申請画面でそのデータを添付しなければならないため、アップロードを忘れていると、画面を行ったり来たりするのが少し面倒です。,テレワークをしていてもペーパーレスで申請することができる。出張の際も公共交通機関によっては自動で料金が表示されるため、紙帳票と比べると使い勝手は段違いに良いです。この口コミを詳しく見る,の帳票で経費を申請していました。テレワークが普及しても、結局出社しないといけなかったり、領収書データをわざわざ印刷して添付しなければいけなかったので、非常に面倒だった。転職してからこの楽楽精算を使用し、PCからはもちろん、スマホからでも使えるので、出張の帰り道でもすぐに申請がだせて、承認依頼なども勝手に回っていくので非常に便利だと思います。楽楽精算の改善してほしい点領収書を別画面でアップロードしてから、経費申請画面でそのデータを添付しなければならないため、アップロードを忘れていると、画面を行ったり来たりするのが少し面倒です。楽楽精算導入で得られた効果・メリットテレワークをしていてもペーパーレスで申請することができる。出張の際も公共交通機関によっては自動で料金が表示されるため、紙帳票と比べると使い勝手は段違いに良いです。
155,2023/10/01,電車の交通費申請においては、過去の申請した内容を記憶しコピーすることができるので、ワンクリックの操作で申請ができ、スムーズです。,申請期限や承認期限において、自身が設定したタイミングでリマインドのメールやチャットツールと連携してそちらに通知が飛ぶようにしてほしい。,領収書などについて紙での管理が必要なくなったことで、個人での保有と提出における2点で負担が減り、経費申請そのものにかける労力がかなり減らせました。この口コミを詳しく見る,費申請においては、過去の申請した内容を記憶しコピーすることができるので、ワンクリックの操作で申請ができ、スムーズです。楽楽精算の改善してほしい点申請期限や承認期限において、自身が設定したタイミングでリマインドのメールやチャットツールと連携してそちらに通知が飛ぶようにしてほしい。楽楽精算導入で得られた効果・メリット領収書などについて紙での管理が必要なくなったことで、個人での保有と提出における2点で負担が減り、経費申請そのものにかける労力がかなり減らせました。
156,2023/10/01,紙で申請していたものを電子化することができ、新しいインボイス制度にも対応出来るようにシステムの微調整ができている。スマホからでも申請できるので出張中でも空いた時間に領収書を登録することで時間をかけずに対応できている。,スマホの機種によっては、カメラ読み取り機能が使えないものがあるので、どんなタイプでも対応できるともっとよい。システムの不具合がありましたか？海外出張の精算については、少し設定をしっかりしておく必要あり。カードの紐づけとレートなど少し気をつけて申請する必要がある。,立て替えをしたときでも、スムーズに精算まで進むので、出張時も手持ち金額を気にすることなく対応できる。キャッシュレス精算にも進んでいくことができる。,省力化には向いています。
157,2023/10/01,出社、在宅のハイブリッドの勤務になりますが、これまでは役職者のハンコが必要でストレスがありましたが、楽楽精算では全てオンラインで処理されるのでとても効率的です。,PCでの操作になるので、スマホアプリや通知機能があると便利だと思う。リマインド機能などもあれば良いなと思った。システムの不具合がありましたか？特に無し。,「待ち」の解消。1番の無駄な時間なので、これがなくストレスフリーになることが1番のメリットだと思う。,管理側も使用側もとにかく効率化が進むのでおすすめです。操作も簡単で年配者でもスムーズに使用できると思います。
158,2023/10/01,交通費・経費・出張費の申請で利用しております。取扱説明書を見なくても何となくで操作が出来てしまうのも便利です。,交通費申請の際ですが、電車とバスを利用した場合に、バス停を目的地に入力しても、そのバス停が一発で表示されず、入力に手間取ることがありました。一発で表示されると嬉しいです。システムの不具合がありましたか？なし,スマホからも入力が出来るので、移動中に入力することが出来て、時間の有効活用が可能です。業務効率のアップに繋がっていたと感じます。,取扱説明書を見なくても何となくで操作が出来てしまう簡便性です
159,2023/10/01,経費精算の申請、承認、仕訳データ作成、銀行振込と全てをWEB上で完結させることができる。記入ミスが無くなり、清算も迅速に行える。,導入後数年以上を経て、社員からの問合せやミスはほとんどありません。契約期間が長くなると、料金が安くなると良いです。,会社のあらゆる部門のペーパレス化を推進しています。楽楽精算で経費精算では完全にペーパレス化が図れました。費用対効果の面でも満足しています。,電子帳簿保存法にも対応しているところ
160,2023/10/01,経費精算がスマホで簡単にできて、WEB上で完結することができるようになったところ。経路案内があるので、調べる必要がなく経費精算ができるところ。領収書を自動読み取りしてくれるところ。,領収書の自動読み取りが、たまに機能しないことがあるところ。精度が良くなれば、もっと便利になると思います。,経費精算に費やす時間を大幅に短縮できたところ。スマホで申請できるので、場所と時間を選ばないところ。申請書に記入していたころより、ミスが大幅に減ったところ。,申請者も管理者も効率的と感じます
161,2023/10/01,領収書を写真撮影し、アップロードすることで使用日や店名、金額まで記載されるため、かなり業務の生産性が上がりました。,領収書を写真撮影してアップロードする際、写真が一部切れていて再申請等になる場合、使用日から日にちが経ってしまったというで、領収書を現物保管しなければならない点。システムの不具合がありましたか？特にありません。,経費精算を行う社員が多数おり、以前は経理担当者が紙の領収書をチェックしながら経理伝票を起票しており、ミスも多く業務が煩雑でした。しかし、楽楽精算を導入し、経費精算を社員各自が行い、領収書も電子保存になったため、業務の生産性が上がるとともに、現物保存を行うスペースも空きました。,経費精算する社員が多ければかなり業務の生産性が上がります。
162,2023/09/30,経費精算の承認のタイミングがスピーディーにリアルタイムで可能になったことで、申請側、承認側のストレスがなくなりました。流れが非常にスムーズになることにより、経費精算書がなくなるといったケースがほぼ消えてトラブル防止にもつながっています。,入力画面の文字が見えにくかったり、入力欄に文字制限があったりとUIの面で改善する余地があると思います。全体的にすっきりとしてスペースに余裕ができると嬉しいですね。,検索や集計のスピードがアップしましたし、会計ソフトへと仕訳のデータがエクスポートできるので月次決算の確定の前倒しが可能になり、時間にして１０日かかっていたのが、５日ほどに短縮されました。この口コミを詳しく見る,承認のタイミングがスピーディーにリアルタイムで可能になったことで、申請側、承認側のストレスがなくなりました。流れが非常にスムーズになることにより、経費精算書がなくなるといったケースがほぼ消えてトラブル防止にもつながっています。楽楽精算の改善してほしい点入力画面の文字が見えにくかったり、入力欄に文字制限があったりとUIの面で改善する余地があると思います。全体的にすっきりとしてスペースに余裕ができると嬉しいですね。楽楽精算導入で得られた効果・メリット検索や集計のスピードがアップしましたし、会計ソフトへと仕訳のデータがエクスポートできるので月次決算の確定の前倒しが可能になり、時間にして１０日かかっていたのが、５日ほどに短縮されました。
163,2023/09/30,交通費申請の際に、領収書のアップロードに対応しているためタクシー代の精算等における入力作業が最低限で済みます。,同じ経路の登録については一括で出来るようにしてほしい。もしくはExcelアップロード対応で登録できるようにしてほしい。,出発駅と到着駅・経路の選択をするだけで金額の自動計算を行ってくれるため、計算ミスがなくいつでも正確な申請を行うことができるようになりました。この口コミを詳しく見る,の際に、領収書のアップロードに対応しているためタクシー代の精算等における入力作業が最低限で済みます。楽楽精算の改善してほしい点同じ経路の登録については一括で出来るようにしてほしい。もしくはExcelアップロード対応で登録できるようにしてほしい。楽楽精算導入で得られた効果・メリット出発駅と到着駅・経路の選択をするだけで金額の自動計算を行ってくれるため、計算ミスがなくいつでも正確な申請を行うことができるようになりました。
164,2023/09/29,ブラウザから操作ができるところや、各社のカスタマイズ対応が可能なところ、一時保存ができるところは良い点だと思います。,自社がカスタマイズできていないだけかもしれませんが、日付の自動入力や、経路設定したら、Yahoo乗り換えの最上部の金額を自動入力するなど、作業の効率化機能の搭載を検討してほしい。システムの不具合がありましたか？不具合はありませんが、本来申請できる手当が付けられていない場合に注意喚起するなどの機能も欲しい。,Excel管理の企業が導入することで、申請ミスなどを減らせて、経理担当者の負担が軽減されると思います。,現場の申請者側が楽になるかは設計次第です。しっかりと営業など他の部署ともすり合わせをしながら導入することが大事だと思います。
165,2023/09/29,領収書を撮影するだけの自動文字読み取りに感動しました！（文字化けは有りますが...）スマホ操作も簡単で経費精算の面倒さ、ストレスを感じなくなりました。,承認作業がPCでしか出来ない点。スマホ版の自動ログイン期間が短く、毎月必ずログアウトされてしまっている点。再ログインの際にいちいち専用のURLを入れないとならず、保存機能もないため手間がかかる,楽楽精算導入前は経費精算が面倒で月末にまとめてやっていましたが、それほど溜め込まなくなりました！領収書紛失で精算できなくなることもなくなり、とても助かっています。この口コミを詳しく見る,影するだけの自動文字読み取りに感動しました！（文字化けは有りますが...）スマホ操作も簡単で経費精算の面倒さ、ストレスを感じなくなりました。楽楽精算の改善してほしい点承認作業がPCでしか出来ない点。スマホ版の自動ログイン期間が短く、毎月必ずログアウトされてしまっている点。再ログインの際にいちいち専用のURLを入れないとならず、保存機能もないため手間がかかる楽楽精算導入で得られた効果・メリット楽楽精算導入前は経費精算が面倒で月末にまとめてやっていましたが、それほど溜め込まなくなりました！領収書紛失で精算できなくなることもなくなり、とても助かっています。
166,2023/09/29,今までは交通費を精算する際、バスの交通費は定期券の方が割高になるため実費での出勤日数分の申請となってました。楽楽精算にしてからは、コピペしなくても履歴を反映できるので申請がスムーズになりました。,領収書や定期券の明細を写真に撮ったりスキャンした後、データがどこにあってどこに貼り付けていいのか分かりにくかったです。システムの不具合がありましたか？なし,今までは自宅でエクセルシートを用いて精算書を作成し、別途領収書を保管してから後日貼り付けたりしていたのですが、楽楽精算にしてからはスマホで完結できるため作業場所や時間が簡略化できました。,エクセル等で交通費申請をしている方に、特におすすめします。
167,2023/09/29,経費、社内ルールの申請業務にて使われている認識。問題なく経費申請や福利厚生等の申請が行える点は評価できる。,忖度せずにいうと、ただ申請できるだけ。必要最低限しか満たせておらず、ユーザー体験は最悪と言っても良い。直感的にわかりづらく、覚えるまで時間がかかる。,フルリモートで交通費の申請ができる。基本的にフルリモートですべての申請が行える点は魅力的である。社外で働く申請もこれで完結するので便利だった。この口コミを詳しく見る,ルールの申請業務にて使われている認識。問題なく経費申請や福利厚生等の申請が行える点は評価できる。楽楽精算の改善してほしい点忖度せずにいうと、ただ申請できるだけ。必要最低限しか満たせておらず、ユーザー体験は最悪と言っても良い。直感的にわかりづらく、覚えるまで時間がかかる。楽楽精算導入で得られた効果・メリットフルリモートで交通費の申請ができる。基本的にフルリモートですべての申請が行える点は魅力的である。社外で働く申請もこれで完結するので便利だった。
168,2023/09/29,すべてリモートワークの在宅勤務の会社なので、こちらが導入されるまではメールでの経費報告だったのですが他のメールに埋もれてしまい履歴を確認することが困難でした。こちらの楽々精算が導入されてからとても経費申請が楽になり、確認も簡単にできるようになったので素晴らしいと思います。利用方法も一度マニュアルを見てしまえばすぐに覚えられるので使いやすいと思います。,特に不満点はないのですが、しいていうなら画面のレイアウト的に字が小さくみづらい部分があると高齢の従業員がおっしゃっていたので、もし字の大きさなどが変えられるのであればありがたいなと思います。私自身は特に不満点はないです。システムの不具合がありましたか？特に私はトラブルは聞いていないです。,なにより確認のしやすさ、更に報告のしやすさです。無駄な時間を取られないので、勤務中に素早く経費申請できるのでとても助かっています。コールセンターなので忙しさに波がある仕事なのですが、スキマ時間にサッと申請できるのはとても便利です。,時間短縮、確認や報告がしやすいツールなのでぜひ利用をオススメいたします！
169,2023/09/29,経費や交通費の申請などが一括してネット上で行えるので管理が非常に簡単に行えるところがこのサービスの良い点,ところどころ入力項目がコピーできなかったり、文字制限があるところがあるのでその部分を改善してほしい。システムの不具合がありましたか？ない,楽々精算は出張の際利用しており、一括で行えるので非常に楽です。紙で行っていた業務が簡素化されて無くすこともないのでよく使っています。,無くさない点
170,2023/09/29,経費精算の際に社名がOCR技術を利用して自動入力される機能。スマートフォン対応でどこからでも利用可能。交通経費の自動算出機能,WEB版を使用する際、PDFを読み込むと日付が不正確だったり、支払先が誤って自社名として認識されることが時々あります。現在の精度は約30%と感じており、手動での修正は可能ですが、より高い精度を求めております。お願いいたします。,以前はエクセルを使用して経費の管理や申請を行っていたため、業務が複雑で、経理の仕入れ入力なども手間がかかっていました。しかし、システムを導入した後は、経費のカテゴリーごとの分類が容易になり、申請者も経理担当者も入力作業が劇的に簡単になりました。,時間を優先したい会社は導入を検討してみては
171,2023/09/28,UIが分かりやすく、シンプルで、初めて使う際もすぐに使うことができました。特に交通費精算などは乗換案内アプリとの連携でスムーズに行うことができます。普段よく行く経路をお気に入り登録できるのも良いです。,経路をお気に入り登録できる点は良いのですが、これらを編集できない点は改善していただきたいです。具体的には、お気に入り登録してある区間の運賃料金が変わったときなど一から登録し直しになります。,どのプロジェクトと紐付けするかなど経費を明確にし、集計できる点は時間短縮になりメリットです。従業員が数人の場合は費用対効果を考えた方が良いかもですが、導入して損はないツールです。この口コミを詳しく見る,りやすく、シンプルで、初めて使う際もすぐに使うことができました。特に交通費精算などは乗換案内アプリとの連携でスムーズに行うことができます。普段よく行く経路をお気に入り登録できるのも良いです。楽楽精算の改善してほしい点経路をお気に入り登録できる点は良いのですが、これらを編集できない点は改善していただきたいです。具体的には、お気に入り登録してある区間の運賃料金が変わったときなど一から登録し直しになります。楽楽精算導入で得られた効果・メリットどのプロジェクトと紐付けするかなど経費を明確にし、集計できる点は時間短縮になりメリットです。従業員が数人の場合は費用対効果を考えた方が良いかもですが、導入して損はないツールです。
172,2023/09/28,何より領収書等を写真でとるだけで自動的に文字を読み込みしてくれるのが助かります。スマホからもアクセス出来るので、手持ちのスマホで写真を読み込むだけで簡単に書類を作成してくれます。,精度はいいなあと思うのですが、数字やアルファベットの読み込みが弱いと感じる場面が何度かありました。自分で訂正も出来るのですが、少し面倒です。,今まで経理に出す領収書は手入力しかやった事無かったのですが、この製品を使ってからは圧倒的に入力ミスが減りました。また、申請期限が近付くと通知してくれるので気付いたら期限切れというミスも全く無くなりました。この口コミを詳しく見る,書等を写真でとるだけで自動的に文字を読み込みしてくれるのが助かります。スマホからもアクセス出来るので、手持ちのスマホで写真を読み込むだけで簡単に書類を作成してくれます。楽楽精算の改善してほしい点精度はいいなあと思うのですが、数字やアルファベットの読み込みが弱いと感じる場面が何度かありました。自分で訂正も出来るのですが、少し面倒です。楽楽精算導入で得られた効果・メリット今まで経理に出す領収書は手入力しかやった事無かったのですが、この製品を使ってからは圧倒的に入力ミスが減りました。また、申請期限が近付くと通知してくれるので気付いたら期限切れというミスも全く無くなりました。
173,2023/09/27,スマートフォンなどで撮影した領収書の認識が非常に優れていると思います。さまざまな領収書を写真で撮影して楽々精算に登録しているのですが、修正がほぼいらないのですごいと思います。,金額などは精度が高いのですが、アルファベットは少し精度が落ちると思います。アルファベットなどの文字の精度が上がるとよいと思いました。,楽々精算を導入するまではエクセルを用いて申請をしていたので業務が煩雑でした。導入してからは、作業が簡単になりました。この口コミを詳しく見る,ォンなどで撮影した領収書の認識が非常に優れていると思います。さまざまな領収書を写真で撮影して楽々精算に登録しているのですが、修正がほぼいらないのですごいと思います。楽楽精算の改善してほしい点金額などは精度が高いのですが、アルファベットは少し精度が落ちると思います。アルファベットなどの文字の精度が上がるとよいと思いました。楽楽精算導入で得られた効果・メリット楽々精算を導入するまではエクセルを用いて申請をしていたので業務が煩雑でした。導入してからは、作業が簡単になりました。
174,2023/09/26,紙ベースで保管していた領収証なども写真として保管できるので、無くす心配がなく、また管理の煩わしさからも解放された点が良い点だと思います。,実際に経費を申請する際、1つのファイルしか添付することができない点が気になっています。添付ファイルが多岐に渡ることもあるので最低でも5ファイルほどは同時添付できるようにしてほしいです。システムの不具合がありましたか？今の所、大きなトラブル等は特にありません。,これまでは経費申請のフローが複雑でかなり時間がかかっていましたが、当サービスを導入したことでフローの簡潔化に繋がり、社員の誰もが簡単に申請を完結できるようになりました。,経費申請完結化するならこれ一択！
175,2023/09/26,インターフェースについては、まあまあ普通。乗り換え案内からの連携がかなり便利かなと思う。今まで使用していた自前のシステムよりだいぶ使い安い。,もう少し入力が楽だと尚良いかも知れない。ブラウザで開いた時、全体的に画面が小さくごちゃごちゃしている感がある。システムの不具合がありましたか？特には無い,予定している経費などを、事前登録しておき、月末に一気に精算申請が出来るので、月末処理の慌ただしさが軽減出来て良い。この口コミを詳しく見る,ェースについては、まあまあ普通。乗り換え案内からの連携がかなり便利かなと思う。今まで使用していた自前のシステムよりだいぶ使い安い。楽楽精算の改善してほしい点もう少し入力が楽だと尚良いかも知れない。ブラウザで開いた時、全体的に画面が小さくごちゃごちゃしている感がある。システムの不具合がありましたか？特には無い楽楽精算導入で得られた効果・メリット予定している経費などを、事前登録しておき、月末に一気に精算申請が出来るので、月末処理の慌ただしさが軽減出来て良い。
176,2023/09/26,領収書をアプリ内のカメラで読み取って申請できて原本の提出は求められません。全国を飛び回って営業しているのでその分領収書も多くなりますが、すぐにカメラで読み取るので紛失リスクもなく安心です。インボイス(事業所登録番号)の読み取りにも対応してます。,東京発の高速バスの申請をする際、お目当てのバス会社や路線がなかなか出てきませんでした。発着数が多いからでしょうか。バス会社の入力検索出来ればと思います。システムの不具合がありましたか？特になし,交通費・経費の申請をするために営業所に立ち寄って領収書の原本を郵送またはＰＤＦにしてメール送信していましたが、本サービスを導入してからはどこででも申請作業が出来るようになりとても助かってます。,経費の申請という非生産的な作業を効率化出来て営業に集中できます。
177,2023/09/25,電子帳簿ソフトを使用することによって、紙の領収書をいちいち取っておかずに済むので、ミニマリストにはお勧め。領収書をスキャンして自動で計算してくれるので非常に楽です。,英語などで描かれた領収書などは少し読み取るのが遅くて、もっと読み取りスピードが速くなってくれればいいなと思った。楽楽精算扱っていない企業もあるので、その時の対応とかスムーズに対応できるようにしてほしい。,インボイス制度が始まるので、それに備えて購入してめんどくさいアナログでの経費の計算が楽になってよかった。タクシー代や取材のホテル代などの領収書もデジタルでまとめて計算できるので本当に助かる。この口コミを詳しく見る,フトを使用することによって、紙の領収書をいちいち取っておかずに済むので、ミニマリストにはお勧め。領収書をスキャンして自動で計算してくれるので非常に楽です。楽楽精算の改善してほしい点英語などで描かれた領収書などは少し読み取るのが遅くて、もっと読み取りスピードが速くなってくれればいいなと思った。楽楽精算扱っていない企業もあるので、その時の対応とかスムーズに対応できるようにしてほしい。楽楽精算導入で得られた効果・メリットインボイス制度が始まるので、それに備えて購入してめんどくさいアナログでの経費の計算が楽になってよかった。タクシー代や取材のホテル代などの領収書もデジタルでまとめて計算できるので本当に助かる。
178,2023/09/25,レシートの写メで申請に必要事項をほぼ読み取り自動記入されるので文字入力が少なく操作が簡単でわかりやすいです。,たまにレシートの写メをしっかり読み取ってくれず、確認する必要があります。経費の内訳がたくさんあってどれになるのかわからない時があるので例が書いてあると助かります。,スマホでレシートを写メしていればいつでも申請できるため、申請側からしたらレシートをなくしたりするトラブルがないことや、事務所にいく必要がないので各部署現場から動けないときも申請できます。,申請側はスマホが使えれば誰でもできます。スマホに慣れていれば操作説明は必要ないかと思います
179,2023/09/25,紙ベースで経費精算を行っていたころに比べて、記入ミスの削減、書類の保管などメリットが多い。社内外でも気づいた時にすぐ入力できるので申請忘れがほとんどなくなってとても助かっています。,同じ経路でも最初から入力する必要があるため、近距離の移動や同じ場所に何度も行く場合に使いづらいと感じる。システムの不具合がありましたか？慣れると簡単です。,紙での申請書のやり取りがなくなり、完全にWEB上で完結することができるようになったのは大きいと思う。ペーパーレス化に大きく寄与し、会社全体で大幅な業務改善につながったと思う。,ペーパーレス化により業務効率アップ
180,2023/09/24,人事担当者のデータ入力作業が減り、ミスも少なくなった上に効率が良くなって残業も大幅に改善したそうです。,領収書を添付するのに一旦画像を登録してから文面作成して後から選択して提出するのが煩わしい。PC版ではできるがスマホ版だと毎度何故か添付がし漏れてしまう。スマホ版はデータ入力の画面で領収書の写真もその場で撮ってアップロードできたら楽なのですが、、。システムの不具合がありましたか？文字が小さいのと、ちょっと表記が分かりづらくて慣れるまで大変でした。,コーポレートカードを登録し、それを使用すれば領収書が不要なので使用した内容だけ申告するだけで楽でした。しかしインボイス制度のために結局10月から領収書が必要になってしまったのでメリットが薄れてしまった感はあります。,書類管理するよりデータ管理した方が将来的には楽なので、使用者の日々の入力は多少負担にはなりますが会社的には良いシステムだとは思います。
181,2023/09/24,インボイス制度への対応がスムーズになりました。また経費の精算などにも用いられており、それまでの社内システムよりも簡単かつ操作も明確なので、社員の方にも喜ばれております。,まだ導入したばかりなので具体的には改善ポイントが見つかっておりませんが、使い方のマニュアルなどは社内制作したものが共有されているので、マニュアルや解説動画などが公式から発表されると嬉しいです。システムの不具合がありましたか？今のところ特にありません。,購買部に所属しており、仕入れ先各社からインボイス対応についての問い合わせが多々あります。先日まではいちいち経理部へ問い合わせし、確認をしておりましたのでメール送信などの工数がかかっておりました。しかでこちらのソフトが導入されたことにより、各社からの対応依頼に購買部だけで対応することができ、作業時間や工数が月平均２時間程度減りました。,インボイス制度への対応にお困りの方、必見です。
182,2023/09/24,楽楽精算は、経費精算の申請から承認の一連の業務を電子化することで、業務の作業効率がとても良くなった。領収書の電子化やクラウド上での管理により、ペーパーレス化が可能です。また、各企業に合わせてカスタマイズできるため、自社に合わせた経費精算フローを構築することができます。,デザインがごちゃごちゃしており、楽楽精算導入直後は、操作方法が分からず、困る社員が多かったです。もう少しシンプルかつ今どきの美しいUIになるとより便利なサービスになると思う。システムの不具合がありましたか？UIがややイマイチです。もう少しシンプルかつ美しいUIに改善してほしい。,楽楽精算導入前は、上長の承認を得るために押印してもらっていたが、上長不在の時は、承認できないなど、業務上の不便さがありました。導入後は、上長が外出していても、スマホから承認申請できるなど業務効率が改善されました。,領収書の電子化やクラウド上での管理、自社に合わせた経費精算フローを構築が可能な決算サービスです。
183,2023/09/23,導入前は、交通費や日用品の立替え請求、出張費や旅費の請求を紙やExcelベースで申請を行っていたが、一括にさらに電子化で精算が出来る様になり、業務の大幅な効率化を図れた。,国内はいいが、海外出張になると少し面倒。領収書は為替の問題で円に計算し直さなければならない。法人用のクレカが支給されて、全てそれ一枚で支払えば国内と変わらなく楽だとは思う。,アプリ版もあるので、承認が通ったのか、各請求リスト一覧など、わざわざ社内でPCを立ち上げなくても一目で分かるのは便利。始業や終業時間の度にチェックする作業が無くなった。この口コミを詳しく見る,交通費や日用品の立替え請求、出張費や旅費の請求を紙やExcelベースで申請を行っていたが、一括にさらに電子化で精算が出来る様になり、業務の大幅な効率化を図れた。楽楽精算の改善してほしい点国内はいいが、海外出張になると少し面倒。領収書は為替の問題で円に計算し直さなければならない。法人用のクレカが支給されて、全てそれ一枚で支払えば国内と変わらなく楽だとは思う。楽楽精算導入で得られた効果・メリットアプリ版もあるので、承認が通ったのか、各請求リスト一覧など、わざわざ社内でPCを立ち上げなくても一目で分かるのは便利。始業や終業時間の度にチェックする作業が無くなった。
184,2023/09/23,毎回使う内容をマイパターンとして保存しておけるので、何度も入力する必要がなく、とても便利です。会社の経費精算や出張精算で使っています。,先々の日程で予定が決まっている場合、先に内容を入力しておきたいのですが、日付が先の場合は入力することが出来ないので、そこを改善して欲しいです。,出張が多く、経費精算をする機会が多いのですが、下書き保存ができたり、よく使う内容をマイパターンとして保存することができるのが特に便利で気に入っています。承認が降りた場合にもメールで確認できるのも便利だと思います。この口コミを詳しく見る,容をマイパターンとして保存しておけるので、何度も入力する必要がなく、とても便利です。会社の経費精算や出張精算で使っています。楽楽精算の改善してほしい点先々の日程で予定が決まっている場合、先に内容を入力しておきたいのですが、日付が先の場合は入力することが出来ないので、そこを改善して欲しいです。楽楽精算導入で得られた効果・メリット出張が多く、経費精算をする機会が多いのですが、下書き保存ができたり、よく使う内容をマイパターンとして保存することができるのが特に便利で気に入っています。承認が降りた場合にもメールで確認できるのも便利だと思います。
185,2023/09/23,導入前は切符に使用済印を押してもらい、精算まで財布内で管理してましたが、紛失や受取忘れなどで損をしていることも多々ありました。が、導入後はIC連携もあり簡単に漏れなく申請でき助かってます。,MobileSuicaなどMobileとの連携がスムーズになされるようになると、より便利に使いこなせそうです。,メリットとしては管理工数・精算工数の削減に他なりません。ここにかかっていた時間を他の業務に避けるようになりました。この口コミを詳しく見る,符に使用済印を押してもらい、精算まで財布内で管理してましたが、紛失や受取忘れなどで損をしていることも多々ありました。が、導入後はIC連携もあり簡単に漏れなく申請でき助かってます。楽楽精算の改善してほしい点MobileSuicaなどMobileとの連携がスムーズになされるようになると、より便利に使いこなせそうです。楽楽精算導入で得られた効果・メリットメリットとしては管理工数・精算工数の削減に他なりません。ここにかかっていた時間を他の業務に避けるようになりました。
186,2023/09/23,交通費精算が、ＩＣカードの読み取りでできるため、管理が非常に簡単になった。本社との書類のやり取りが不要になった。,スマホでの交通費精算のＩＣカード読み取り後、再度読み取り準備ができましたの画面表示となり、アプリを終了するためにワンアクション分、余計な手間が掛かるのが軽くストレス。モバイルSuicaへの対応に期待。ＩＣカードの読み取り件数が少なく、現場への差し入れ等で自販機を使用すると、すぐに読み取り可能な履歴数を超えてしまう。システムの不具合がありましたか？特になし,交通費申請で、ＩＣカード読み取りが出来ない場合でも、乗換案内で表示された経路、金額での申請になるため、経路確認にかかる手間が軽減された。路線バスにも対応しており、申請された交通費の確認についても効率化が図れた。,経費精算にかかる人件費の軽減。
187,2023/09/23,紙ベースではないため、迅速に請求書を受け取ることができます。また、紙ベースの請求書を受け取る必要がなくなるため、請求書の紛失や保存の手間を省くことができます。,弊社では電子的な請求書のやり取りが増えてきたものの、請求書ダウンロード後プリントアウトし、わざわざ紙ベースで保管しております。他のプラットフォーム上での請求書や紙ベースでの請求書など含めて一括保管できる機能があればとても嬉しく思います。,以前は月初に郵送で請求書が送られてきており、届くまでのリードタイムの関係で、すぐに棚卸に取り掛かることができない状況でした。楽楽精算を導入したことでシステムから直接請求書を確認し、ダウンロードすることができるため、棚卸への取り掛かりが断然早くなりました。この口コミを詳しく見る,はないため、迅速に請求書を受け取ることができます。また、紙ベースの請求書を受け取る必要がなくなるため、請求書の紛失や保存の手間を省くことができます。楽楽精算の改善してほしい点弊社では電子的な請求書のやり取りが増えてきたものの、請求書ダウンロード後プリントアウトし、わざわざ紙ベースで保管しております。他のプラットフォーム上での請求書や紙ベースでの請求書など含めて一括保管できる機能があればとても嬉しく思います。楽楽精算導入で得られた効果・メリット以前は月初に郵送で請求書が送られてきており、届くまでのリードタイムの関係で、すぐに棚卸に取り掛かることができない状況でした。楽楽精算を導入したことでシステムから直接請求書を確認し、ダウンロードすることができるため、棚卸への取り掛かりが断然早くなりました。
188,2023/09/22,駐車場代や営業雑費は領収書(レシート)を楽楽精算アプリから携帯カメラで読み込むだけで、金額・支払い先・日付など自動で認識してくれるので経費精算が非常に楽です。電車移動の交通費精算は乗り換えルートも色々あり便利です。,たまにパスワード変更が必要になるのですが、パスワード設定にはアルファベット、数字、記号を使わなければならず、あまり使わないパスワードを設定するので毎回忘れてしまい「パスワードお忘れの方」から再設定することが続いているので、アルファベットと数字だけで設定できるようにしてほしいシステムの不具合がありましたか？特になし,立替経費、交通費など業務上でかかった費用を簡単に、ペーパーレスで精算できます領収書は一度読み込んでしまえば残しておく必要もなく領収書の紛失などのリスクもなくなります。,領収書読み込み機能が非常に楽で経費精算するのに非常に便利です
189,2023/09/22,振込手数料が発生してしまいますが、その分経理担当者の仕事量が減るためかなりのコストカットにつながりました。,精算した伝票を印刷する際、一件あたり一枚紙をつかうので余白が非常に多いのが気になりました。様々な印刷レイアウトに対応できるといいです。,操作性が非常にシンプルなので、導入後も大きな混乱なく全社員で活用できています。今まで休日に会社で行っていた会計作業を、自宅でアプリをつかって作業することができるようになりました。この口コミを詳しく見る,が発生してしまいますが、その分経理担当者の仕事量が減るためかなりのコストカットにつながりました。楽楽精算の改善してほしい点精算した伝票を印刷する際、一件あたり一枚紙をつかうので余白が非常に多いのが気になりました。様々な印刷レイアウトに対応できるといいです。楽楽精算導入で得られた効果・メリット操作性が非常にシンプルなので、導入後も大きな混乱なく全社員で活用できています。今まで休日に会社で行っていた会計作業を、自宅でアプリをつかって作業することができるようになりました。
190,2023/09/22,操作画面が見やすく、操作も簡単であるため、初めて使用する社員であっても迷うことなく精算業務を進めることが出来ます。,スマホアプリ版ボタンのサイズが小さいので、間違った操作をしてしまうこともあるので、そこは改善していただきたいです。システムの不具合がありましたか？特にありません。,これまでパソコンに向かうことでしか経費精算を行えなかったのが、スマホを使用して営業の合間や自宅でも経費精算が行えるようになりました。交通費精算が完全ペーパレスになり、承認待ち状態の時間が削減された。,会社のコストについてはわかりませんが、会社・従業員とも使いやすいと思います。
191,2023/09/22,1件ずつ請求書や領収書を添付して申請すること。請求書原紙を紛失してしまってもバックアップがあるので安心です。,申請ルート（承認者）の設定をルートによって選択したくてはいけないのですが、毎回名前を入れて検索します。できれば履歴やお気に入りから選べるといいなと思います。システムの不具合がありましたか？自分の担当業務内では特にありません。,楽楽精算をつかってだいぶ経ちます。請求書や領収書を添付して申請するのですが、面倒だなといつも思っていました。しかし、請求書原紙を紛失してしまったことがあり、面倒でも毎回スキャンしてアップロードしておいたことで助かりました。,承認者が社外にいても処理が進むので助かります。
192,2023/09/22,スマホの専用アプリからでも請求が出来るので、その度にPCを立ち上げる必要が無く大幅に業務の効率化が図れる。またアプリ版では領収書の写真撮影での読み取り機能がある為、手作業で行う必要が無くなった。認識精度も良好。,UIが少し分かりづらく直感的に操作が出来ない。例えば乗換案内を操作した際、路線選択や交通機関の予測項目が多い為、慣れてない内はマニュアルを見たり教えて貰わないと入力に時間が掛かる。,申請者のリスト、申請の進捗状況がスマホからも見れるので確認作業が減った。また紙のペーパーレス化も実現されゴミが削減された。,申請者、承認者共に「楽楽」になれるシステムだと思う。
193,2023/09/22,1ヶ月の経費精算が非常に楽になります。公共交通機関のルートも検索したら反映することができるのでこの製品のみで申請することができた。,今のところ、改善していただきたいポイントがないくらい使いやすい製品です。履歴から同じルートのところはコピーできたらもう少し楽になるかもしれないです。システムの不具合がありましたか？トラブルは今のところないと思います。,今までは領収書を別途紙に添付して保管をしていたが、この製品を用いたことで領収書の保管が簡単になった。,領収書の管理が圧倒的に楽です。
194,2023/09/22,ワークフローで申請する事が可能なので、郵送の手間やコストを削減する事が可能となります。区分も申請者が選択する事となります。,OCRはまだ導入していませんが、精度が向上しているようならば導入も検討していきたいです。また、画面が少し見づらいです。,ワークフローの機能や申請者が区分を選択する事で、紙で申請する場合のコストや手間を考えると随分業務が改善されていると思います。この口コミを詳しく見る,ーで申請する事が可能なので、郵送の手間やコストを削減する事が可能となります。区分も申請者が選択する事となります。楽楽精算の改善してほしい点OCRはまだ導入していませんが、精度が向上しているようならば導入も検討していきたいです。また、画面が少し見づらいです。楽楽精算導入で得られた効果・メリットワークフローの機能や申請者が区分を選択する事で、紙で申請する場合のコストや手間を考えると随分業務が改善されていると思います。
195,2023/09/22,領収書登録やインボイス番号の有効性判定など、法改正を加味した機能がしっかり搭載されている。また、スマホからの操作もシンプルで使いやすい。,会計項目の指定を行わなくてはならず、会計や税理の知識を持たない一般社員から問い合わせがあることが多い。知識があれば使いやすいのだが、専門知識を持たない人間でも扱いやす用になるとなおよい。システムの不具合がありましたか？いまのところ特に大きなトラブルはない,交通費や出張費用の立て替え払い清算が月に30件以上発生していて、以前はすべて手入力と紙書類で処理していたが、その手間が大きく削減された。特に少額領収書の読みとりと自動登録はかなり便利で、経費精算全般の手間が削減された。以前利用していた製品の解約理由高機能ではあったがUIが使いにくく使いこなせていない社員が多かった,経理部や経費精算の管理をする立場にある上長クラス、IT管理部門などはタスク自動化の一助になると思う。
196,2023/09/21,精算使用できる方法が多く、特にレシートスキャンはいちいち金額のミスのチェックがいらなくなり業務の効率化が大幅に上がった,最初の導入部分が非常に分かりづらく業務に使用できるまでに時間がかなりかかってしまったのであらかじめテンプレートを豊富に用意して頂ければよかったシステムの不具合がありましたか？精算業務がweb上で管理できるので非常に便利ですが他業務のスタッフには馴れてなく説明が大変でした,以前はexcelにレシートを見ながら直接費用の打ち込みした後最後にレシートチェックし精算してたので時間がかかってしまってたのがレシートスキャンで対応できるので手間が大幅に減った,経理業務で大幅な作業効率化が期待できるのでおすすめです
197,2023/09/21,アップロードした領収書を取り込むと、自動的に金額等の情報が反映される点。電車代の運賃をシステム内で検索して反映することができる点,差し戻しされると、一度申請した内容からの修正ができるが、否認されたものだと修正ができず不便。否認されたものに対しての修正機能がほしい。弊社の都合かもしれないが、定期区間の登録が出来ないので、できるようにして欲しい。,以前のシステムだと電子帳簿保存法に対応していなかった為、楽楽精算の導入により対応できた。領収証原本を保管しておかなければいけなかったが、アップロードした情報で残っている為、保管の必要がなくなった。以前利用していた製品の解約理由電子帳簿保存法に対応している経費精算システムに変える必要があるためと聞きました。この口コミを詳しく見る,ドした領収書を取り込むと、自動的に金額等の情報が反映される点。電車代の運賃をシステム内で検索して反映することができる点楽楽精算の改善してほしい点差し戻しされると、一度申請した内容からの修正ができるが、否認されたものだと修正ができず不便。否認されたものに対しての修正機能がほしい。弊社の都合かもしれないが、定期区間の登録が出来ないので、できるようにして欲しい。楽楽精算導入で得られた効果・メリット以前のシステムだと電子帳簿保存法に対応していなかった為、楽楽精算の導入により対応できた。領収証原本を保管しておかなければいけなかったが、アップロードした情報で残っている為、保管の必要がなくなった。以前利用していた製品の解約理由電子帳簿保存法に対応している経費精算システムに変える必要があるためと聞きました。
198,2023/09/21,申請者は、自分のスマートフォンにアプリを入れておけばスマホ上から経費精算ができる。営業先への移動中にも経費申請ができるので助かっています。,領収書の画像から日付や金額を自動で読み取ってくれるが、たまに数値が狂うのでより精度が上がるといいなと思います。システムの不具合がありましたか？今のところ、特に問題はございません。,以前使用していた経費精算システムは、書面での提出が必要だったが、楽楽精算では紙のやり取りがなくなったため大幅な用紙削減に繋がりました。以前利用していた製品の解約理由インボイス制度に伴い、楽楽精算に乗り換えたこの口コミを詳しく見る,自分のスマートフォンにアプリを入れておけばスマホ上から経費精算ができる。営業先への移動中にも経費申請ができるので助かっています。楽楽精算の改善してほしい点領収書の画像から日付や金額を自動で読み取ってくれるが、たまに数値が狂うのでより精度が上がるといいなと思います。システムの不具合がありましたか？今のところ、特に問題はございません。楽楽精算導入で得られた効果・メリット以前使用していた経費精算システムは、書面での提出が必要だったが、楽楽精算では紙のやり取りがなくなったため大幅な用紙削減に繋がりました。以前利用していた製品の解約理由インボイス制度に伴い、楽楽精算に乗り換えた
199,2023/09/21,会社で導入されているのですが、知識があまりなくても直感的に操作できて使いやすいと思いました。機能も多岐に渡っていて、精算業務においてはかなり優位なソリューションだと思います。,若干UIが古くさいというか、操作性や見た目の観点からだと使いたいとは思わないような所感はあります。ただ、機能面は問題ないですし、触れば直感的に使えるので問題はないです。システムの不具合がありましたか？特に自身が関与する中では発生しませんでした。,交通費精算が色んなソリューションを利用する中でわかりづらくてミスが発生していたのですが、楽々精算を使ってからは、ルート補完など覚えれば簡単な機能のおかげでミスが少なくなり、精算業務が効率化されました。,シンプルでわかりやすいソリューションを求めているのであればオススメできます。
200,2023/09/20,会社にて使用していますがこのアプリになってから経費精算がとても楽になりました。今までは領収書を紙に貼り申請書をつけて経費精算をしていましたがこちらはアプリ内で領収書の写真を撮る事で経費精算ができます。仕事柄、建て替え精算がとても多いのでアプリ内で完結してくれるのでとても楽になりました。また経費精算のスピードも自社内では上がったのでとても嬉しいです。,UIが良くないと思います。今は説明を受けたので使えますが初見だとどこをやったらよいかわからないです。その点クリアしてくれたらもっといいアプリなのに…。システムの不具合がありましたか？現状使っていて不具合はありません。,上記でも書きましたが仕事の効率が上がりました。昔ながらのスタイルで経費精算をしているパソコンのEXCELで経費精算の書類を出し、入力して台紙に領収書を貼って申請。上司が居なかったら申請が上までいかないのでそのまま放置なんてこともありました。この楽楽精算になってからは上司の承認も会社スマホでしてくれるので承認→支払いまでスピードが上がりました。,昔ながらの経費精算をしている会社があれば是非使ってほしいですね…
201,2023/09/20,今までレシート領収書を原本で提出していたものを、すべて電子で読み込み、経理部へ提出できるというサービスです。私は経理部ではないので、一ユーザーとして利用していますが、スキャンしたデータをＡＩ？で読み込み、レシートに書かれた日程などを文字に起こしてくれ、自動で入力されるので、いちいち手入力する必要がありません。今のところ間違いはありませんでした。,レシートや領収書を一度アップロードしてからでないと、経費申請できない点はかなり面倒です。一度で申請できるようにしてほしいです。システムの不具合がありましたか？特になし,私は一ユーザーとして使っているため、楽楽精算の導入をするか否かを決定する経理部ではないので、経理部としての使い勝手が分からないのですが、今まで全て領収書やレシートは原本を紙で管理し、提出、それをほかのシステムで同じ内容を入力し、経理へ申請しておりました。楽楽精算を導入後は、システム上に内容を入力し申請することは変わりないのですが、レシートや原本をスキャンしてアップロードできるため、経理部は原本が来ない限り精算処理が出来ない、といった不手際が無くなったのだと思います。大きな時間の短縮になったと思います。,特になし
202,2023/09/20,日々の精算業務を保存ができ、締日間際の慌てることのない業務が可能となります。業務時間の効率化になります。,それぞれの入力欄に領収書有無のチェック項目があると良い。集計後の領収書枚数とチェック数がイコールになればミス把握が簡潔になります。システムの不具合がありましたか？特に感じていません。,今までは、手書きの精算様式と領収書添付でしたが、ミスが多かった。又、精算処理自体の遅くなり、立替の戻りも遅くなる事で金銭管理に困っていたので大きく改善された。,導入も簡単で業務ロスが相当削減できると思います。
203,2023/09/20,スマホでもパソコンでも利用できるので、精算にすぐに対応できるのは嬉しい。他の会社の人に聞いても、使っている会社は多いそうなので、それなりに信頼できるツール,領収書の添付が1枚しかできないところが不満。私の会社は、領収書の他に添付したいものがあるので、2枚添付したいことが多く、対応できないのが残念システムの不具合がありましたか？中に不具合はなかった,経費精算するものをためておけるのは嬉しい他のツールだと、一回一回申請しないといけないものもあって、月末まで申請書が作れないことがあるしかし、このツールは作ったものをまとめて申請することができるので、あの精算忘れてた！と言うことがなく便利,使い方のマニュアルは見なくても使える（視覚的にわかりやすい）
204,2023/09/20,事務作業（本業ではない雑務）にかかる時間を大幅に減らすことができる。気を遣って上司にハンコをもらいに行く必要がなくなる。,特に、不満はないのですが、領収書をスキャンするページと、申請フローを回すページが別々なのが若干不便に感じました。,前のシステムでは、紙に領収書を貼り付けたものに、上司の承認の判子をもらって、またそれをスキャンして...という非常に効率の悪いフローが必要でしたが、すべてpc上で作業が完結するため、非常に作業が楽になりました。以前利用していた製品の解約理由紙ベースで申請する必要があり、上司にハンコをもらったり、効率が悪かったため。この口コミを詳しく見る,本業ではない雑務）にかかる時間を大幅に減らすことができる。気を遣って上司にハンコをもらいに行く必要がなくなる。楽楽精算の改善してほしい点特に、不満はないのですが、領収書をスキャンするページと、申請フローを回すページが別々なのが若干不便に感じました。楽楽精算導入で得られた効果・メリット前のシステムでは、紙に領収書を貼り付けたものに、上司の承認の判子をもらって、またそれをスキャンして...という非常に効率の悪いフローが必要でしたが、すべてpc上で作業が完結するため、非常に作業が楽になりました。以前利用していた製品の解約理由紙ベースで申請する必要があり、上司にハンコをもらったり、効率が悪かったため。
205,2023/09/19,交通費を含む各諸経費の精算に使っています。楽楽精算のおかげで細かい申請も面倒くさがらずに出しやすくなった。紙の領収証の提出が不要で、オンラインで完結するので便利。,操作画面の作りが小さく、操作が難しく感じることがあります。わかりやすく、操作しやすいデザインになると良いと思います。,経費の申請がいつでもどこでもできて便利です。スマホからオンラインで完結できるので業務の効率が大幅に向上しました。,紙で精算申請を行なっている会社には導入メリットが大きいと思います
206,2023/09/19,主に交通費の精算で使用しています。日付や移動手段などの入力もしやすいうえに、一覧で今までの精算分を確認する時にも何に幾ら経費がかかったのか見やすいつくりになっているところが好印象です。,操作マニュアルを拝見した時、写真付きでとても詳しく記載がありましたが、使っている仕様と異なるマニュアル写真で、結局自身が使っている仕様の操作は分からなかったことです。,今までは領収書を貼り付けて、勤務内容と何日何時と照らし合わせて相違がないか確認して自身で計算して提出していましたが、楽楽精算を導入されたことでタスクが少なくなったことで効率化しました。新しいシステムが苦手な私にも特にややこしいことは無く、名前の通りだと思います。この口コミを詳しく見る,の精算で使用しています。日付や移動手段などの入力もしやすいうえに、一覧で今までの精算分を確認する時にも何に幾ら経費がかかったのか見やすいつくりになっているところが好印象です。楽楽精算の改善してほしい点操作マニュアルを拝見した時、写真付きでとても詳しく記載がありましたが、使っている仕様と異なるマニュアル写真で、結局自身が使っている仕様の操作は分からなかったことです。楽楽精算導入で得られた効果・メリット今までは領収書を貼り付けて、勤務内容と何日何時と照らし合わせて相違がないか確認して自身で計算して提出していましたが、楽楽精算を導入されたことでタスクが少なくなったことで効率化しました。新しいシステムが苦手な私にも特にややこしいことは無く、名前の通りだと思います。
207,2023/09/19,これまでエクセルで作成した紙を回して経費精算をしていましたが、楽楽精算内で済ますことができるようになりました。上司への紙ベースでの承認作業もなくなり、ストレスが減りました。,内勤のため楽楽精算を使うのが月に数回なので、領収書のアップなどに戸惑うことがあります。初心者またはブランクがある方に、より分かりやすい画面構成にしてくださると幸いです。システムの不具合がありましたか？特にないです。,科目ごとにエクセルを作成する必要がなくなりました。上司の顔色を伺いながら、領収書の承認を得る必要がなくなりました。,紙ベースでの承認プロセスがなくなるのがとってもいいです。
208,2023/09/18,動線がわかりやすく目的のメニューにアクセスしやすいです。領収書の電子化に対応するため前システムから乗り換えましたが現状管理しやすく満足しています。,承認設定を強化してほしいです。現状一定額を超える申請が発生した場合、上部に承認者追加を促すアラートメッセージが表示されますが、無視して申請を押しても通ってしまい、年に何回か誤った申請が発生します。,テレワーク浸透に伴い出社しない社員が増え、期日内の領収書回収が困難になりましたが、本システムは電子データの添付に対応しているため伝票の承認がスピーディーになりました。また来年施行される電子帳簿保存法にも対応出来るため導入して良かったと思います。以前利用していた製品の解約理由法令改正に伴い製品サポートが終了した,申請者が混乱しないシンプルなUIを希望される会社にお勧め出来ます
209,2023/09/18,こちらのツールは知名度が高く導入実績が豊富で、UIがシンプルなので使いやすいという印象で導入が決まりました。ツール導入以前は締日に精算書業務が集中していましたが、クラウド上で都度精算できるので業務負荷が分散され助かりましたね。,領収書読み取り機能において文字をうまく認識しないことがあるので、精度向上をお願いしたいです。またスマホアプリからアクセスする際に全体的に画面が薄く見にくいです。,弊社では出張が多いので紙の精算書の場合は精算のためだけに出社することもあり、負担になっていました。それがなくなっただけでも良かったと評判です。また紙の精算書を管理・保管する必要がなくなったことも負担低減につながっていますね。この口コミを詳しく見る,ールは知名度が高く導入実績が豊富で、UIがシンプルなので使いやすいという印象で導入が決まりました。ツール導入以前は締日に精算書業務が集中していましたが、クラウド上で都度精算できるので業務負荷が分散され助かりましたね。楽楽精算の改善してほしい点領収書読み取り機能において文字をうまく認識しないことがあるので、精度向上をお願いしたいです。またスマホアプリからアクセスする際に全体的に画面が薄く見にくいです。楽楽精算導入で得られた効果・メリット弊社では出張が多いので紙の精算書の場合は精算のためだけに出社することもあり、負担になっていました。それがなくなっただけでも良かったと評判です。また紙の精算書を管理・保管する必要がなくなったことも負担低減につながっていますね。
210,2023/09/18,スマートフォンで領収書やレシートを写真撮影することで簡単に入力できる。駅名を入れることでそこまでの交通費が出てくるのでアプリ等で金額を調べる手間が無く便利。,たまに読取が上手くいかず、金額や文字が正確に反映されないときがある。入力画面が少し分かりにくく慣れるまでに時間がかかる。システムの不具合がありましたか？特に無し。,以前はエクセルに経費をまとめて紙ベースで提出していたが、データ上で申請出来ることで一気に楽になった。領収書を貼り付ける手間も無くなったので経費精算の効率が上がった。,経費精算の効率化、また入力ミスの削減に繋がる。
211,2023/09/18,交通費等の経費の請求の際、下書き保存機能を利用すれば、予め請求項目を入力しておき一括請求申請が可能。,特に改善してほしい点は思い浮かばない。強いて言えば請求申請を間違えた場合、上長に修正依頼を出さなければならない点を改善するとより使いやすくなるのではと思う。システムの不具合がありましたか？特にありません。,交通費等の経費の請求申請が、とてもしやすくなったのは、時間対効果の点から大きなメリットとなっていると思う。,特にありません。
212,2023/09/17,インボイス制度や電子帳簿保存法にも対応しており、数百人規模の会社でも問題なく利用できる。承認のフローもわかりやすい。,電帳法オプションの充実を行ってほしい。例えばAIOCRの精度を上げたり、1枚当たりの単価を下げる、領収書登録で1回のカメラ撮影で複数枚登録が可能にする、など。,楽楽精算を導入していれば、大幅な制度改正があっても、問題なく対応してくれるので、安心して利用できる。この口コミを詳しく見る,制度や電子帳簿保存法にも対応しており、数百人規模の会社でも問題なく利用できる。承認のフローもわかりやすい。楽楽精算の改善してほしい点電帳法オプションの充実を行ってほしい。例えばAIOCRの精度を上げたり、1枚当たりの単価を下げる、領収書登録で1回のカメラ撮影で複数枚登録が可能にする、など。楽楽精算導入で得られた効果・メリット楽楽精算を導入していれば、大幅な制度改正があっても、問題なく対応してくれるので、安心して利用できる。
213,2023/09/17,出張申請と出張精算の紐付けが簡単にできる。どこを入力すればいいか、どこで添付すればいいかがわかりやすい。,添付資料のデータを自動読み取りし、自動で項目等を入力できるようになってほしい。インボイスに対応している領収書かどうか自動判断してほしい。,経費精算が簡単にできる。紙の領収書が不要になり、支店間の書類の送付が減った。また、紛失が減り、精算までの時間が短くなった。この口コミを詳しく見る,出張精算の紐付けが簡単にできる。どこを入力すればいいか、どこで添付すればいいかがわかりやすい。楽楽精算の改善してほしい点添付資料のデータを自動読み取りし、自動で項目等を入力できるようになってほしい。インボイスに対応している領収書かどうか自動判断してほしい。楽楽精算導入で得られた効果・メリット経費精算が簡単にできる。紙の領収書が不要になり、支店間の書類の送付が減った。また、紛失が減り、精算までの時間が短くなった。
214,2023/09/17,経費精算を全て手作業で行なっている企業があれば、それをシステム化する事で大幅な工数削減を見込むことができる,経理の負担が減って、営業の負担が増えた一面がある。科目名を営業側が決めなければいけない。勘定科目をスムーズに決められる仕組みを導入してほしい。また、エラーチェックのロジックが一番甘い為、改善してほしい。(現在は改善しているかと思うが、エラーとなるべきところがエラーとならず、申請が完了してしまうところがある),これまで紙で経費精算を行っていた為、楽々精算を、導入した事で領収書を経理に持っていく事がなくなり、時間削減できた。この口コミを詳しく見る,全て手作業で行なっている企業があれば、それをシステム化する事で大幅な工数削減を見込むことができる楽楽精算の改善してほしい点経理の負担が減って、営業の負担が増えた一面がある。科目名を営業側が決めなければいけない。勘定科目をスムーズに決められる仕組みを導入してほしい。また、エラーチェックのロジックが一番甘い為、改善してほしい。(現在は改善しているかと思うが、エラーとなるべきところがエラーとならず、申請が完了してしまうところがある)楽楽精算導入で得られた効果・メリットこれまで紙で経費精算を行っていた為、楽々精算を、導入した事で領収書を経理に持っていく事がなくなり、時間削減できた。
215,2023/09/17,到着した請求書を、楽楽精算にアップロードすると情報を読み取り、請求額や企業名などを自動で反映してくれるため、入力の手間が削減でき時短になります。,請求書のレイアウトにもよるのでしょうが、企業名などのスキャン結果が誤ってることがまれにあります。目視チェックで修正できますが、これからの改善に期待しています,自分だけでなく、部下が処理した分も進捗確認できるため重複や支払い漏れなど防ぐ目的でも使っていて重宝しています。紙で管理していた頃はたまに発生していたので助かりますこの口コミを詳しく見る,求書を、楽楽精算にアップロードすると情報を読み取り、請求額や企業名などを自動で反映してくれるため、入力の手間が削減でき時短になります。楽楽精算の改善してほしい点請求書のレイアウトにもよるのでしょうが、企業名などのスキャン結果が誤ってることがまれにあります。目視チェックで修正できますが、これからの改善に期待しています楽楽精算導入で得られた効果・メリット自分だけでなく、部下が処理した分も進捗確認できるため重複や支払い漏れなど防ぐ目的でも使っていて重宝しています。紙で管理していた頃はたまに発生していたので助かります
216,2023/09/17,今まで複数枚あった紙の請求書をスキャンしてデータに取り込むことにより、1つのデータにまとめることができます。取引先のメールアドレスを登録すれば簡単にメールで請求書を送信できます。,スマートフォンでアップロードした領収書や請求書を認識しないことがあり、OCRの精度がもう少し上がると良いのかなと思いました。,取引先の会社が使用していることから紹介いただき導入しました。請求書は郵送するもの、メールで受け取るものと今まで管理がバラバラで大変でした。紙データもスキャンした書類をアップロードすることで電子データとして1つにまとめることができるので紙や郵送経費の削減に繋がっています。この口コミを詳しく見る,枚あった紙の請求書をスキャンしてデータに取り込むことにより、1つのデータにまとめることができます。取引先のメールアドレスを登録すれば簡単にメールで請求書を送信できます。楽楽精算の改善してほしい点スマートフォンでアップロードした領収書や請求書を認識しないことがあり、OCRの精度がもう少し上がると良いのかなと思いました。楽楽精算導入で得られた効果・メリット取引先の会社が使用していることから紹介いただき導入しました。請求書は郵送するもの、メールで受け取るものと今まで管理がバラバラで大変でした。紙データもスキャンした書類をアップロードすることで電子データとして1つにまとめることができるので紙や郵送経費の削減に繋がっています。
217,2023/09/16,営業職ということもあり、交通費などの精算が多いのですが、大変使いやすく重宝しています。出発地と目的地を入力するだけで料金が自動的に表示されるため、文字入力に余計な工数を使わなくて済むようになりました。また、その経路が最安かどうかも自動的にアイコンで表示されるのも良い…とマネージャーも言っていたので、管理職からしても適正な経費かどうかを判断しやすく利便性が高いのだと思います。,基本的にはありません。以前は、経費明細をいちいち手作業で追加しなければいけなかったのですが、アップデートされたことで自動で段落が追加されたのでストレスフリーです。システムの不具合がありましたか？特にありません。快適に利用できております。,時間が短縮できたのが一番のメリットです。画面が見やすく、明細の入力をするダイアログが自動で追加されるので、出先でささっと経費申請をしたいときに入力が楽になり、1分以内にその日の経費申請を入力から完了ボタンを押すまで完結できます。,どんな会社でも手間なく経費申請ができるようになるので、「使いやすいサービスを導入したい」という会社にはうってつけです！
218,2023/09/16,利用者として、交通費精算に利用しています。画面表示は分かりやすく、PDF化等もスムーズに出来る点が使い易いです。,申請する内容は基本的に数パターンしか無いので、過去の申請内容を記憶しておいて頂けると、更に使い易くなると思います。,利用者目線です。電車移動が多いのですが、交通費精算をする際に、自動的にルートが検索されたり、保有定期券が自動反映されたりするので、簡単に・誤りなく申請が出来ます。入社時から本製品が導入されていたので、他社製品との比較は出来ませんが、雑務の為、少しの使い辛さでもストレスが溜まりがちの中、ストレス無く利用出来ております。この口コミを詳しく見る,て、交通費精算に利用しています。画面表示は分かりやすく、PDF化等もスムーズに出来る点が使い易いです。楽楽精算の改善してほしい点申請する内容は基本的に数パターンしか無いので、過去の申請内容を記憶しておいて頂けると、更に使い易くなると思います。楽楽精算導入で得られた効果・メリット利用者目線です。電車移動が多いのですが、交通費精算をする際に、自動的にルートが検索されたり、保有定期券が自動反映されたりするので、簡単に・誤りなく申請が出来ます。入社時から本製品が導入されていたので、他社製品との比較は出来ませんが、雑務の為、少しの使い辛さでもストレスが溜まりがちの中、ストレス無く利用出来ております。
219,2023/09/16,ブラウザとスマホアプリの両方が利用でき、スマホアプリでは、レシートをスキャンすることで、領収書の電子保管と情報抽出ができるため、社内のスキャナでの取り込みやアップロードの手間がなくなった。,請求書・領収書の登録と、精算申請が別々になっていますが、請求書データを一度、精算申請に登録した後に、請求書の修正が必要になった際に、精算申請から削除しないと内容が修正できず、申請の明細データの打ち直しが必要になること、また、その操作が分かりづらいことを改善してほしい。,これまでの精算ツールでは、クレジットカードでの立替え処理を行ったものを処理する時は、クレジットカード会社の確定した明細表が必要であったが、本ツールにしてクレジットカード情報との連携により、明細表の情報をそのまま決済申請に利用できるようになり、短期間での精算処理ができるようになった。この口コミを詳しく見る,スマホアプリの両方が利用でき、スマホアプリでは、レシートをスキャンすることで、領収書の電子保管と情報抽出ができるため、社内のスキャナでの取り込みやアップロードの手間がなくなった。楽楽精算の改善してほしい点請求書・領収書の登録と、精算申請が別々になっていますが、請求書データを一度、精算申請に登録した後に、請求書の修正が必要になった際に、精算申請から削除しないと内容が修正できず、申請の明細データの打ち直しが必要になること、また、その操作が分かりづらいことを改善してほしい。楽楽精算導入で得られた効果・メリットこれまでの精算ツールでは、クレジットカードでの立替え処理を行ったものを処理する時は、クレジットカード会社の確定した明細表が必要であったが、本ツールにしてクレジットカード情報との連携により、明細表の情報をそのまま決済申請に利用できるようになり、短期間での精算処理ができるようになった。
220,2023/09/13,何といっても、経費精算にかかる時間が5分の1以下になった。デジタルに弱い方でも、直感的に使いやすいユーザインターフェースとなっている。,カスタマーサポートの対応時間をもう少し長くしてもらえるとありがたい。というのも、営業ピュアタイムに経費精算をする方はあまりおらず、最も経費精算をする時刻である夕方から夜間などの対応を迅速にしていただけると大変ありがたい。,いわゆる目に見えない付帯業務の典型である経費精算。これが、本ツールを入れることによりミスもなくなり、また時短にもなる。この口コミを詳しく見る,も、経費精算にかかる時間が5分の1以下になった。デジタルに弱い方でも、直感的に使いやすいユーザインターフェースとなっている。楽楽精算の改善してほしい点カスタマーサポートの対応時間をもう少し長くしてもらえるとありがたい。というのも、営業ピュアタイムに経費精算をする方はあまりおらず、最も経費精算をする時刻である夕方から夜間などの対応を迅速にしていただけると大変ありがたい。楽楽精算導入で得られた効果・メリットいわゆる目に見えない付帯業務の典型である経費精算。これが、本ツールを入れることによりミスもなくなり、また時短にもなる。
221,2023/09/13,良い点は、全てシステム上で完結できて申請書などの紙が必要ない点です。領収書もPDFで添付できるので、原本を経理部に集約する前に内容の確認ができます。交通費も楽々精算上で乗換検索でき、電車代など分かるので便利です。,項目ごとにPDFが添付できるのですが、承認者として部下の申請内容を見る時、1つ1つクリックして開かないといけない（まとめて見ることが出来ない）ので不便です。,経費の内容について事前に登録された勘定科目の中から選択するだけなので時間の短縮になります。また、経理側としても、勘定科目ごとにトータル金額を見れるようになっているのだと思うので、決算時にも時短になるのではと思います。この口コミを詳しく見る,全てシステム上で完結できて申請書などの紙が必要ない点です。領収書もPDFで添付できるので、原本を経理部に集約する前に内容の確認ができます。交通費も楽々精算上で乗換検索でき、電車代など分かるので便利です。楽楽精算の改善してほしい点項目ごとにPDFが添付できるのですが、承認者として部下の申請内容を見る時、1つ1つクリックして開かないといけない（まとめて見ることが出来ない）ので不便です。楽楽精算導入で得られた効果・メリット経費の内容について事前に登録された勘定科目の中から選択するだけなので時間の短縮になります。また、経理側としても、勘定科目ごとにトータル金額を見れるようになっているのだと思うので、決算時にも時短になるのではと思います。
222,2023/09/13,直感で操作できるのでとても使いやすいと思います。交通費の路線検索などもシステム上で出来るので、別途の検索も不要なのがいいです。,添付が使いづらいです。あと、上長休暇時の承認設定方法もよくわからなくて、いつも経理に確認してしまいます…（上司は自分で設定してくれないので。。）,諸経費精算が簡単です。おなじ内容で申請したいときはコピーもできるし、紙での精算に比べて時短になっていると思います。この口コミを詳しく見る,できるのでとても使いやすいと思います。交通費の路線検索などもシステム上で出来るので、別途の検索も不要なのがいいです。楽楽精算の改善してほしい点添付が使いづらいです。あと、上長休暇時の承認設定方法もよくわからなくて、いつも経理に確認してしまいます…（上司は自分で設定してくれないので。。）楽楽精算導入で得られた効果・メリット諸経費精算が簡単です。おなじ内容で申請したいときはコピーもできるし、紙での精算に比べて時短になっていると思います。
223,2023/09/13,領収書読み取り機のがとても優秀で金額・利用日・利用店舗などの読み取りミスが大変少なく読み取ってそのまま取り込みできることがほとんどです。ストレスなく使えておりとても便利。経理のほうの処理は、×人数分ですから業務効率は大変大きいと思います。,読み取りミスしたデータがいつまでも残っているのが気持ち悪い。おそらく削除できると思うのですがやり方がわかっていないのでいつまでも残っており簡単に削除できる機能が備わってくれるとより良いなと思っています。システムの不具合がありましたか？読み取り時に軽減税率対象とそうでないものを間違って読み取ることが何度かあった。読み取りミスの領収書を消す方法がわからずずっと読み取り上の中に残っているのが気持ち悪い。,スマホの写メで領収書を取り込むだけで必要な情報を読み取ってくれので作業がとても楽になった。以前はため込んだ領収書をまとめて処理することが多かったが１件当たりの処理が所要時間１分もかからずすべてスマホで完結できるので電車移動中などの隙間時間に処理できてしまう点はとても使いやすい。経理も月末にため込んだ領収書が一斉に提出される事態が軽減されていてとても助かっていると聞いている。,立替払い精算について営業も経理も楽になるので時間効率を考えたら導入したほうが経費効率も良いと思います。
224,2023/09/13,前職を含めて三年以上利用していますが問題もなく利用できています。コロナ禍でオンライン中心業務となりましたが、オンラインでもオフラインでも使用することができる汎用的なツールだと思います,特にありません。主に交通費の精算に使用していますがたまに駅名が出てこない時があります。他用途で使用する際は問題ないと思います。,視認性も良くシンプルな作りなので使いやすいので業務時間を無駄に割くことなく問題なく使えているので安心です。逆に転職した際に他ツールだったらどうしようと考えるくらいです。他業務ツールだと新入社員に教えにくかったりするのですがこちらは教えやすいです。この口コミを詳しく見る,て三年以上利用していますが問題もなく利用できています。コロナ禍でオンライン中心業務となりましたが、オンラインでもオフラインでも使用することができる汎用的なツールだと思います楽楽精算の改善してほしい点特にありません。主に交通費の精算に使用していますがたまに駅名が出てこない時があります。他用途で使用する際は問題ないと思います。楽楽精算導入で得られた効果・メリット視認性も良くシンプルな作りなので使いやすいので業務時間を無駄に割くことなく問題なく使えているので安心です。逆に転職した際に他ツールだったらどうしようと考えるくらいです。他業務ツールだと新入社員に教えにくかったりするのですがこちらは教えやすいです。
225,2023/09/12,そこまで大きな会社ではないので、交通費の精算は、全て紙ベース、エクセルベースで、金額計算もミスがあってやりなおしもしばしばあったのが、電子化されて、家からでも申請できるようになったため、体感的には、作業負担は半分以上楽になりました。,画面とその操作が若干洗練されていないような気がします。もちろんビジネス用なので使えればいいという考え方かもしれないですが、今のUXがこなれているスマホアプリに慣れた状態からすると、少し印象としてよくはない。,精算はあくまで本業ではない雑用なので、そこに労力を割きたくないので、可能な限りシステムでできることをやってくれるこのソフトにより、本業に集中できるようになりましたこの口コミを詳しく見る,きな会社ではないので、交通費の精算は、全て紙ベース、エクセルベースで、金額計算もミスがあってやりなおしもしばしばあったのが、電子化されて、家からでも申請できるようになったため、体感的には、作業負担は半分以上楽になりました。楽楽精算の改善してほしい点画面とその操作が若干洗練されていないような気がします。もちろんビジネス用なので使えればいいという考え方かもしれないですが、今のUXがこなれているスマホアプリに慣れた状態からすると、少し印象としてよくはない。楽楽精算導入で得られた効果・メリット精算はあくまで本業ではない雑用なので、そこに労力を割きたくないので、可能な限りシステムでできることをやってくれるこのソフトにより、本業に集中できるようになりました
226,2023/09/12,ペーパーでの精算の際、プリントアウトしてから上司の決済印と無駄な時間とタイムラグがあったけど、ペーパーレスになり、また出張時の隙間時間にも精算手続き出来るし、慣れると業務効率になります。,通費、電車賃等の選択のたびに画面遷移を繰り返さないといけないのが不便です。精算画面も別ページで開かれるため楽楽に感じない時もあります。システムの不具合がありましたか？今の所大きなトラブル等は、ありません。,出張時の精算等は、会社に戻ってからまとめて精算のため、それだけで1時間以上かかってたのが、出先での移動や隙間時間で即入力して申請出来るので、タイパもよくなり、使う側のトータル業務効率化にもなり、経理側も管理が楽になったと声が上がってます。,年配の方が多い職場は、敬遠されがちですが、業務効率化は間違いまりません。
227,2023/09/11,とにかく単純なUIで動作がめちゃくちゃ早い。精算に特化しており、無駄な機能がない分非常にスムーズにシステムが動きます。説明なしにこんなに簡単に操作できるのは初めてでした。,定期の登録機能があるのですが、年号を誤って登録（未来の年号）していたため、交通費精算の際に定期券内の交通費が処理されませんでした。定期登録の際に年号が異なるなどのアラートを出してもらえると助かります。システムの不具合がありましたか？特になし,貯めがちな精算処理をスピィーディーに処理することができます。また、定期を登録することができるため、交通費精算も余計なことを考えず単純に精算できます。,非常に簡単に使えます。
228,2023/09/11,携帯で撮影した領収書の金額や取引先名、日付等をテキストで読み込みができるため、入力の手間が省けて非常に便利。前職で使用していたシステムは、写真撮影してもテキストの読み込みが出来なかったので、全てハンド入力していたため、初めて使用した時は感動しました。また、操作性も非常に簡単ですぐに使いこなすことが出来る点はとてもいいと思います。,文字制限があり、必要な情報を全て入力出来ないことがある点、写真の読み取り精度がもう少し高くなればいいなと思いました。,スマートフォンさえあれば、すべて完結できるため、精算のために出社する必要がなくなり、出張が多いものにとっては、非常に助かる。この口コミを詳しく見る,した領収書の金額や取引先名、日付等をテキストで読み込みができるため、入力の手間が省けて非常に便利。前職で使用していたシステムは、写真撮影してもテキストの読み込みが出来なかったので、全てハンド入力していたため、初めて使用した時は感動しました。また、操作性も非常に簡単ですぐに使いこなすことが出来る点はとてもいいと思います。楽楽精算の改善してほしい点文字制限があり、必要な情報を全て入力出来ないことがある点、写真の読み取り精度がもう少し高くなればいいなと思いました。楽楽精算導入で得られた効果・メリットスマートフォンさえあれば、すべて完結できるため、精算のために出社する必要がなくなり、出張が多いものにとっては、非常に助かる。
229,2023/09/11,在宅で仕事をしているため、以前は紙で提出していた経費精算もWEB上で全て完結してくれるようになり大変便利になりました！また楽楽精算のアプリも利用できるので、簡単に領収書の写メを撮りそれをアップし、申請はPCでできるのでとても助かります。,今、困っていることは特にありませんが、あえて言うなら領収書などの撮った写メをPDFに変換しないとアップできないので、PC上に画像があってもPDFに変換せずにjpegなどでアップできるともっと効率化されるかなと思います。システムの不具合がありましたか？特にありませんでした。,経費精算も便利となりましたが、交通費精算もとてもメリットが感じられました。以前は1つずつ乗車駅と降車駅をいちいち入力しなければならなかったので結構大変でしたが、ICカード連携機能は連携するだけで一気に入力が完結するので従来のような手間がかかりません。以前は数十分かけて交通費精算を仕上げており、また上長からの差し戻しもありましたが、現在は交通費の精算のみなら数分で申請が完了するようになり、上長からの差し戻しもなくなりました。この口コミを詳しく見る,をしているため、以前は紙で提出していた経費精算もWEB上で全て完結してくれるようになり大変便利になりました！また楽楽精算のアプリも利用できるので、簡単に領収書の写メを撮りそれをアップし、申請はPCでできるのでとても助かります。楽楽精算の改善してほしい点今、困っていることは特にありませんが、あえて言うなら領収書などの撮った写メをPDFに変換しないとアップできないので、PC上に画像があってもPDFに変換せずにjpegなどでアップできるともっと効率化されるかなと思います。システムの不具合がありましたか？特にありませんでした。楽楽精算導入で得られた効果・メリット経費精算も便利となりましたが、交通費精算もとてもメリットが感じられました。以前は1つずつ乗車駅と降車駅をいちいち入力しなければならなかったので結構大変でしたが、ICカード連携機能は連携するだけで一気に入力が完結するので従来のような手間がかかりません。以前は数十分かけて交通費精算を仕上げており、また上長からの差し戻しもありましたが、現在は交通費の精算のみなら数分で申請が完了するようになり、上長からの差し戻しもなくなりました。
230,2023/09/10,乗換案内から検索して容易にルートを入力できます。また、データの出力が可能なのも使い勝手の良い所の一つです。,連携できるシステムが多いと評判の良いシステムだが、運悪く今の給与システムと連携できずcsvで出力して加工する手間が発生しています。システムの不具合がありましたか？2年間使っていますが、不具合やトラブルで困ったことはありません。,乗換案内からデータを取り込めるので、通勤手当の金額ミスが無くなりました。今までは紙ベースの申請書だった為、記入ミスが多かった。,紙ベースから変えることで生産性が向上し、時間を他の業務に使うことができます。
231,2023/09/10,経費精算をする際、以前は、月末にまとめてPCで申請書類を作成する時間を取っていましたが、楽楽精算はスマホで簡単に申請が行えるため、外出先でもその都度申請が行えるようになりました。領収書もスマホで撮影するだけでOKなのでとても簡単です。,企業ごとに入力項目等をカスタマイズできることが魅力だと思いますが、自社では便利機能が活かされていない気がしているため、どの機能が不足しているのかが分からないです。自由度が高いゆえに使いこなせていない企業もあるのではないかと感じます。システムの不具合がありましたか？特にありません。,以前は、上司に書類を持って行き確認印を貰っていたが、今はスマホで申請すれば上司に通知が届き、好きなタイミングで確認・承認をしてくれるため、気を遣うことも減りお互い効率が上がったと思います。,入力は簡単なため、時間の効率化に繋がると思います。申請する側より、経費等の処理をする部署がかなり楽になった印象です。
232,2023/09/10,AppleWatchとICカードを連携しているのだが、楽楽精算のアプリを携帯に入れると、交通費を手で打ち込むことなく、タッチで反映されるので助かります。,UIは改善してほしい。文字サイズや入力欄が小さく使いづらさを感じます。入力ミスがあった際でも、なんの入力が誤っていたのかが分かりにくい,導入前は手で打ち、移動証明を貼り付けて提出することがあったが、ICカードのデータが楽楽精算アプリを通して反映されるので、手で打ち込む時間と紙で行う処理を省くことができます。この口コミを詳しく見る,WatchとICカードを連携しているのだが、楽楽精算のアプリを携帯に入れると、交通費を手で打ち込むことなく、タッチで反映されるので助かります。楽楽精算の改善してほしい点UIは改善してほしい。文字サイズや入力欄が小さく使いづらさを感じます。入力ミスがあった際でも、なんの入力が誤っていたのかが分かりにくい楽楽精算導入で得られた効果・メリット導入前は手で打ち、移動証明を貼り付けて提出することがあったが、ICカードのデータが楽楽精算アプリを通して反映されるので、手で打ち込む時間と紙で行う処理を省くことができます。
233,2023/09/09,とても使いやすいです。間違えたときは、エラーメッセージが出るので、間違えを訂正することができます。パソコンに不慣れな私でもすぐに慣れることができました。,特にありませんが、交通費精算は同じ順路で行く場合はコピーペーストして同じ内容を下の行に貼り付けられたら助かります。,いままでは交通費精算や、精算は全て手書きで、経理の人がとても大変そうでした。また間違えも起きやすく、申請し直すことも日常茶飯事でした。楽々精算を使い出して、紙での申請がなくなったため、エラーメッセージがでるので、経理の手を煩わすことなく、精算がサクサク進みます。,パソコン不慣れなスタッフでもすぐに使いこなしていました！
234,2023/09/09,勤めている会社が導入したことで利用しました。遠距離の出張が多いので高速の運賃や宿泊費の清算が多いのですが画像の認識精度が高く、携帯の画像そのままでほとんど認識されました,画像の読み取りができなかった時に何が原因かわからない為、何度も撮りなおす事がありました。読み取れない原因を表示してくれるとスムーズに作業できるようになると思います,経費の支払いの為だけに出社する事が無くなり、帰社せずに直接他の出張先に向かえるようになり時間と経費の削減ができました,紙から電子保存に変更する際は導入をお勧めします
235,2023/09/08,入社時から楽楽精算が導入されています。前職ではExcelで経費精算の書類を作成し、印刷・押印、申請とシステム化されていなかったため、初めて楽楽精算を使ったときは感動しました。前回の申請をコピーして使える、押印不要などシステム化のメリットはとても大きいと思います。,前回の申請を複製して作成するとき、申請日もコピーされてそのまま進められてしまう点（現在はすでに違うかもですが）がしいていえば改善してほしいところです。（警告するなど）システムの不具合がありましたか？直近特に問題はおきていません。,もともとシステム化されておらず印刷、押印、申請を手動でまわしていた文化の会社にとっては劇的な進化になると思います。承認者もメールで連絡、差戻もPC上でできるため決まりきった処理のリードタイムがかなり縮まりその分コアな業務に時間をさくことができると思います。,Excel申請で運用しているような中小に業務が劇的に変化するためおすすめです
236,2023/09/08,100%確実とは言えないものの、スマホなどで撮影した領収書などが自動で文字読み取り可能な点。今まではExcelなどを駆使して手作業が多くの工程を占めていたが、時間短縮に繋がる点が良い。,更なる読み取り精度の向上があると助かる。完璧な読み取りは無理である事は理解出来るので随時アップデートしていただければ。システムの不具合がありましたか？特に無し,手書きやアナログ処理からの脱却で、時間効率の向上や、ミス発生率の大幅な減少で更なる人時削減に成功した。特に電車運賃の精算が効率化。,現状がアナログ処理でであればあるほど恩恵を受けるとおもう。最低限のITリテラシーで運用可能です。
237,2023/09/06,個人の交通費清算や経費の申請ができるようになったことで、取り纏め部署に紙で回付する必要もなく、請求書の添付方法などの細かいルールからも解放され、在宅でも手続きできる。,請求書のアップロードと、申請手続きが一括ではなく、別々に手続きをしないといけないのが、手間に感じる。申請が複数あると選択ミスもしそうになるため、申請の中で請求書のアップロード(取り込み)が１画面で完了するとよい。,交通費以外の経費清算は頻度も少なく、手続きの確認や請求書を取り纏め部署に回付が手間だったが、そこに時間を取られなくなった。申請方法も画面の必要項目に沿って入力すれはよいので、本業に時間を当てることができる。この口コミを詳しく見る,費清算や経費の申請ができるようになったことで、取り纏め部署に紙で回付する必要もなく、請求書の添付方法などの細かいルールからも解放され、在宅でも手続きできる。楽楽精算の改善してほしい点請求書のアップロードと、申請手続きが一括ではなく、別々に手続きをしないといけないのが、手間に感じる。申請が複数あると選択ミスもしそうになるため、申請の中で請求書のアップロード(取り込み)が１画面で完了するとよい。楽楽精算導入で得られた効果・メリット交通費以外の経費清算は頻度も少なく、手続きの確認や請求書を取り纏め部署に回付が手間だったが、そこに時間を取られなくなった。申請方法も画面の必要項目に沿って入力すれはよいので、本業に時間を当てることができる。
238,2023/09/06,弊社では精算業務が毎週のように１００件以上発生し本社一括管理なので紙の場合は時間がかかりますし、紛失などのリスクもあります。電子化によりそのようなリスク、手間を回避できるのはメリットです。また精算時には定期区間を排除したり、乗換案内サービスと連携していたりと便利な機能がたくさんです。,スマホのカメラを用いて領収書を撮影・読み取りする際に手ブレなどもあり読み取れないことが結構あるので、精度が上がって補正も簡単だと嬉しいです。,弊社は全国に拠点があるので様々な拠点での経費精算に関わるデータが一括管理できるようになったことはメリットとして大きいです。旅費の詳細な分析や誰がどのように経費を使っているかなどが数字として俯瞰して見れるようになりました。この口コミを詳しく見る,算業務が毎週のように１００件以上発生し本社一括管理なので紙の場合は時間がかかりますし、紛失などのリスクもあります。電子化によりそのようなリスク、手間を回避できるのはメリットです。また精算時には定期区間を排除したり、乗換案内サービスと連携していたりと便利な機能がたくさんです。楽楽精算の改善してほしい点スマホのカメラを用いて領収書を撮影・読み取りする際に手ブレなどもあり読み取れないことが結構あるので、精度が上がって補正も簡単だと嬉しいです。楽楽精算導入で得られた効果・メリット弊社は全国に拠点があるので様々な拠点での経費精算に関わるデータが一括管理できるようになったことはメリットとして大きいです。旅費の詳細な分析や誰がどのように経費を使っているかなどが数字として俯瞰して見れるようになりました。
239,2023/09/06,以前使用していたものよりも、簡略化され作業スピードが1/3くらいになり、業務改善につながりました。また、レシートでの精算が可能になったため、領収書がもらえるものを探す手間が省けました。,経費精算をした際、レシートの読み取りがうまくいかず、手直しする事が増えたためもう少しAIによる読み取り機能を強化してほしい。システムの不具合がありましたか？レシート読み込みの際に誤った情報を読み込むときがある,スマートフォンやタブレットからも利用できるため、出張中に紙のレシートをなくす等のミスが減り、かつアプリでデータを自動的に整理し、経費をカテゴリー別に分類してくれます。ですので、手作業で数字を入力する手間が省け業務の効率化につながりました。,領収書やレシートをスマートフォンやカメラで簡単にスキャンし、データを入力する手間を大幅に減らすことができます。手作業のデータ入力が不要なため、時間を節約できます。
240,2023/09/06,本製品は、事業者が利用する際、簡潔に処理できる点がメリットではあります。定期券の処理を自動化し、またそれに伴い交通費の計算に関しても定期代を含んで計算できるようになりました。また記載に不備があった際は、経理がチェックする前に申請できないシステムになっているため、業務効率化となります。,利用する側としては、申請をする際にすべての領収書を個別に添付し、それをスキャンし、申請しなければならない点は、利用者に取っては大変負担となります。,楽楽精算を導入することで、今まで会社に来なければ精算できなかった交通費、出張旅費、報告書を提出などが自宅でできるようになりました。以前利用していた製品の解約理由会社の経理を簡略するために導入。利用者にとって手間がかかりますこの口コミを詳しく見る,事業者が利用する際、簡潔に処理できる点がメリットではあります。定期券の処理を自動化し、またそれに伴い交通費の計算に関しても定期代を含んで計算できるようになりました。また記載に不備があった際は、経理がチェックする前に申請できないシステムになっているため、業務効率化となります。楽楽精算の改善してほしい点利用する側としては、申請をする際にすべての領収書を個別に添付し、それをスキャンし、申請しなければならない点は、利用者に取っては大変負担となります。楽楽精算導入で得られた効果・メリット楽楽精算を導入することで、今まで会社に来なければ精算できなかった交通費、出張旅費、報告書を提出などが自宅でできるようになりました。以前利用していた製品の解約理由会社の経理を簡略するために導入。利用者にとって手間がかかります
241,2023/09/05,シンプルでわかりやすいデザインのため、初めての方でも使いやすいと思います。公共交通機関等の清算では乗換案内を自動選択してくれるので便利です。,スキャンの精度が、もう少し良ければと思います。画面の文字が小さいので、大きく見やすくなれば助かります。,会社以外の場所からでもオンラインで申請できるので、大変便利。わざわざ会社に出向くことが不要なので時間の効率化となる。,経費精算に関してとても楽にできるようになりました。
242,2023/09/05,今までは交通費の精算を所定の用紙に記入して捺印をしてFax送信をしていましたが、交通費の入力も保存修正がいつでも出来てFax送信の手間も省けて便利になりました。捺印もしなくていいし、紙がかさばらないのも良いと思います。,コピペ機能とか基本情報登録機能があれば、申請が先月と同じ時とか呼び出して申請出来て楽かなと思いました。システムの不具合がありましたか？今のところは特にありません。,メリットとしては紙のコピー代やFax送受信費の削減、用紙の保存や処分の手間が改善されたと思いますし、オーナー側も情報をいつでも共有出来るので申請状況の確認がしやすくなったと思います。,作業時間や経費の節約になると思います。
243,2023/09/05,シンプルなUIで簡単に経費精算が出来る。シンプルな画面で項目毎に入力していけば簡単に経費精算が行えます。,製品自体の不具合等はほとんどありませんがたまに重くなり入力にラグが発生することがありましたので改善できればして欲しい部分です。,今まで使っていた製品と比べると社員の経費精算の入力ミスや間違いが圧倒的に減りました。管理している側からするとミスが減ることにより仕事がかなり楽になります。この口コミを詳しく見る,UIで簡単に経費精算が出来る。シンプルな画面で項目毎に入力していけば簡単に経費精算が行えます。楽楽精算の改善してほしい点製品自体の不具合等はほとんどありませんがたまに重くなり入力にラグが発生することがありましたので改善できればして欲しい部分です。楽楽精算導入で得られた効果・メリット今まで使っていた製品と比べると社員の経費精算の入力ミスや間違いが圧倒的に減りました。管理している側からするとミスが減ることにより仕事がかなり楽になります。
244,2023/09/03,交通経路先を入れると金額と経路が表示されるので大変便利。請求書のPDFを添付すると、自動的に文字情報を読み取ってくれるのが楽です。,操作しやすく金額の入力間も簡単で不満なところはありません。経理も非常に便利かと思います。費用の方はわかりませんが。,紙の伝票で提出して承認を貰うフローが無くなり、各精算処理が一つのシステムで行えるようになった。経費精算が便利になり、会社全体のペーパレス化が進んだと思う。,ペーパーレス化推進、出張が多い会社に役立つと思う
245,2023/09/02,国内の経費精算システムの中で、一番のシェアを誇っており安心感を持って本製品を利用することが出来ます。また、操作方法も簡単で直感的な画面レイアウトでした。,利用ユーザー数が多い場合、価格が高価になりやすい体系のため、大手企業については導入しにくい印象を持っております。システムの不具合がありましたか？特にありません,経費精算は現場担当者が主に利用する仕組みとなるため、使いやすさを重視されますが本製品の直感的なUIのため、現場への展開もスムーズに完了することが出来ました。,経費に関わる処理を効率化したい方へオススメです
246,2023/09/02,今までは紙の領収書を張り付けて提出していましたが、スマホで写真をとるだけでいいので、楽になりました。申請履歴を確認することもでき、重複申請のチェックや、申請忘れをなくすことができます。交通費の精算では、よく使う経路を登録でき、さらに簡単になりました。,領収書の添付の仕方がわかりにくい。数字を正確に読み取れない時があり、結局自分の目で確かめないといけないのが面倒。システムの不具合がありましたか？特にないが、領収書の添付方法がわかりにくい。,全てオンラインで完結できるため、リモートワークが多くても、精算のために出社しなくてはならないことがなくなった。ペーパーレス、領収書等の長期保存が不要になった。この口コミを詳しく見る,の領収書を張り付けて提出していましたが、スマホで写真をとるだけでいいので、楽になりました。申請履歴を確認することもでき、重複申請のチェックや、申請忘れをなくすことができます。交通費の精算では、よく使う経路を登録でき、さらに簡単になりました。楽楽精算の改善してほしい点領収書の添付の仕方がわかりにくい。数字を正確に読み取れない時があり、結局自分の目で確かめないといけないのが面倒。システムの不具合がありましたか？特にないが、領収書の添付方法がわかりにくい。楽楽精算導入で得られた効果・メリット全てオンラインで完結できるため、リモートワークが多くても、精算のために出社しなくてはならないことがなくなった。ペーパーレス、領収書等の長期保存が不要になった。
247,2023/09/02,自分が提出した履歴を確認できて過去の入力を参照して登録できるので申請にかかる時間や手間をかなり軽減できて助かってます。,領収書と請求書をアップロードできるのですが、利用する人によってどちらをデフォルトにするのか変えられるようにして欲しいです。私は圧倒的に請求書なのですがデフォルトが領収書なのでいつも変え忘れてやり直してます。システムの不具合がありましたか？承認する人が長期休暇になっているのに気付かず申請してしまい、期日に間に合わなかったことがありました。臨時で承認者を追加する機能を使えば解決できました。,導入前はExcelに入力して印刷して上司に判子をもらって経理まで歩いて提出していたのが、WEBで完結できて自分の作業の後はシステムにお任せできるので業務効率がアップしました。,領収書はスマホのカメラでとってアップロードできるのが便利です。
248,2023/09/01,デジタル上で処理できるようになったので、申請の負担が減りました。領収証をスマホで撮影するだけなので、会社全体でも効率的ですし、ペーパレス化がなされています。,便利に使わせてもらってます。強いて言うなら、スマホの画面で文字が少し小さくて使いにくいと思うので、工夫してもらえばと思います。システムの不具合がありましたか？数回申請すれば、慣れると思います。,出張先や自宅からでもスマホで申請できるので、申請漏れや申請忘れがなくなりました。申請側も会社側も効率的になっていると思います。,外出、出張が多いため非常に便利です。
249,2023/09/01,操作が非常に簡単な事。一度操作を覚えると、次からはマニュアル等を見ずに簡単に操作を行う事ができる点。,『インボイス制度の登録番号に関する説明を、支払い申請画面に書いていない点』例えば、Tから始まる１３桁の番号です。といった表記が小さい文字でも書いてあれば、より良くなると思う。勝手がわからず、全然違う請求書番号や、会社コードなどを、インボイス登録番号の欄に書いてくる人が多いので、一言書いてあれば、申請後に差し戻ししたりすることが大幅に減ると思う。,支払い申請の際に、今までは手書きで経理に支払い申請書を書いていたが、お世辞にも字がキレイな方ではないので、読みづらいとか、ボールペンで書いた後で誤りに気が付いた場合、再度書き直す必要などがあり、非常に面倒であった。楽楽精算導入後は、このような非生産的作業が減り、数字の間違いなどのチェックに、より時間を割くことができるようになった。この口コミを詳しく見る,に簡単な事。一度操作を覚えると、次からはマニュアル等を見ずに簡単に操作を行う事ができる点。楽楽精算の改善してほしい点『インボイス制度の登録番号に関する説明を、支払い申請画面に書いていない点』例えば、Tから始まる１３桁の番号です。といった表記が小さい文字でも書いてあれば、より良くなると思う。勝手がわからず、全然違う請求書番号や、会社コードなどを、インボイス登録番号の欄に書いてくる人が多いので、一言書いてあれば、申請後に差し戻ししたりすることが大幅に減ると思う。楽楽精算導入で得られた効果・メリット支払い申請の際に、今までは手書きで経理に支払い申請書を書いていたが、お世辞にも字がキレイな方ではないので、読みづらいとか、ボールペンで書いた後で誤りに気が付いた場合、再度書き直す必要などがあり、非常に面倒であった。楽楽精算導入後は、このような非生産的作業が減り、数字の間違いなどのチェックに、より時間を割くことができるようになった。
250,2023/09/01,スマホにアプリを入れて、領収書をカメラで簡単撮影。データに名前も付けられ、日付の管理も出来るので、たくさんの領収書があっても管理しやすい。また、領収書の承認待ちなどの進行状態が一目でわかり見やすくて良い。,良く使う交通費精算の画面で、初めて入力する社員は、どの欄にどのように入力すれば良いか迷ってしまう。入力必須欄には色が付くとか、フォーマット自体に吹き出しで詳細コメントが入れられるようにしてほしい。,すぐに領収書を撮影して保管出来るため紛失や破損が少なくなった。紙の領収書が必要なくなり、経理もテレワーク導入が可能になった。また、申請の進行状況が一目でわかるため、承認していない上層部に直接、承認を促す事ができ、スムーズに決裁が完了できるようになった。,領収書と承認印のデジタル化。
251,2023/08/30,スマホのアプリでICカードの読み込みができるので、交通費の精算が簡単。レシートや領収書の撮影で経費の入力や承認がスムーズ,レシートや領収書の画像認識に失敗することが時々ある。スマホの操作性で不便なことがあり使いずらさを感じることがある,現金管理や領収書管理が不要になったために、営業拠点での経費精算業務が半分以下に短縮され、その分営業業務に時間を使えるようになったこの口コミを詳しく見る,プリでICカードの読み込みができるので、交通費の精算が簡単。レシートや領収書の撮影で経費の入力や承認がスムーズ楽楽精算の改善してほしい点レシートや領収書の画像認識に失敗することが時々ある。スマホの操作性で不便なことがあり使いずらさを感じることがある楽楽精算導入で得られた効果・メリット現金管理や領収書管理が不要になったために、営業拠点での経費精算業務が半分以下に短縮され、その分営業業務に時間を使えるようになった
252,2023/08/30,以前使っていた精算システムは使用用途や日付、使用先を一つ一つ手入力で打ち込む煩雑さがありましたがこの楽楽精算は煩雑さがなくレシートをスキャンするだけで簡単にスピーディーに申請出来るところがありがたいです。,ごくまれにレシートの読み取りで誤字があったりすることがあるのでスキャンの精度がほぼ100パーセントになると尚良いです。システムの不具合がありましたか？不具合やトラブルといったことは今のところ特にありません。,役所で発行してもらった書類のレシートを以前のシステムでは一つ一つ〇〇課で〇〇台帳取得など自分で記載しなければならなかったが楽楽精算になってその手間なく領収書のスキャンで完結できる為、経費処理に割くスピードが明らかに減りました。以前利用していた製品の解約理由システムが使いづらく申請までに時間がかかる,経費処理にスピード感を求めたい人におすすめ
253,2023/08/27,月の経費が一括で登録できること乗換案内が利用でき、料金がすぐにわかること領収書を読み取るだけで確認できるようになり、効率が良くなりました。,領収書を読み取る時にブレている、横向きになっているときなどに再撮影の画面が出てくれるようになって欲しいとおもいました。,まとめて申請できるようになったので申請が楽になりました。支払いに関して出社や郵送が無くなり楽になりました。この口コミを詳しく見る,一括で登録できること乗換案内が利用でき、料金がすぐにわかること領収書を読み取るだけで確認できるようになり、効率が良くなりました。楽楽精算の改善してほしい点領収書を読み取る時にブレている、横向きになっているときなどに再撮影の画面が出てくれるようになって欲しいとおもいました。楽楽精算導入で得られた効果・メリットまとめて申請できるようになったので申請が楽になりました。支払いに関して出社や郵送が無くなり楽になりました。
254,2023/08/27,２回目以降の請求書の支払い申請書類が大半の部分をコピーで作れるところが良い。今までエクセルで申請用紙を作って請求書に添付して提出していたので、その手間がなくなった。,請求書を読み込む時に金額が自動入力されるが、その価格が間違っていることがありひやひやすることがあります。自動入力の精度が上がるといいと思う。,支払い申請の進捗度がチェックマークでわかるため、今どの人のところで申請が止まっているのかなど一目でわかりやすいため、催促などしやすくなり、結果として申請締め切り期間に間に合いやすくなりました。また、電子で履歴が残るので確実に処理をしたかどうかの確認もしやすくなり、忘れも減りました。この口コミを詳しく見る,の請求書の支払い申請書類が大半の部分をコピーで作れるところが良い。今までエクセルで申請用紙を作って請求書に添付して提出していたので、その手間がなくなった。楽楽精算の改善してほしい点請求書を読み込む時に金額が自動入力されるが、その価格が間違っていることがありひやひやすることがあります。自動入力の精度が上がるといいと思う。楽楽精算導入で得られた効果・メリット支払い申請の進捗度がチェックマークでわかるため、今どの人のところで申請が止まっているのかなど一目でわかりやすいため、催促などしやすくなり、結果として申請締め切り期間に間に合いやすくなりました。また、電子で履歴が残るので確実に処理をしたかどうかの確認もしやすくなり、忘れも減りました。
255,2023/08/26,紙での仕訳入力に多くの時間がかかっていましたが、データ化によりほぼ手間が省かれました。エラーもわかりやすく修正が容易になった。,画面の色合いが薄いため、機器によって見づらいことがあります。視認性向上をお願いしたいです。モバイルアプリは使い勝手が悪く、拡大が難しいです。,経費申請はExcelからWEB画面への入力に変更され、簡素化されました。データ統一により、抽出と確認が楽になりました。この口コミを詳しく見る,入力に多くの時間がかかっていましたが、データ化によりほぼ手間が省かれました。エラーもわかりやすく修正が容易になった。楽楽精算の改善してほしい点画面の色合いが薄いため、機器によって見づらいことがあります。視認性向上をお願いしたいです。モバイルアプリは使い勝手が悪く、拡大が難しいです。楽楽精算導入で得られた効果・メリット経費申請はExcelからWEB画面への入力に変更され、簡素化されました。データ統一により、抽出と確認が楽になりました。
256,2023/08/26,日常の経費の使用にはもちろんのこと、特に便利だと感じる点は出張時の交通費を計算する時です。知らない土地でも駅名をクリックするだけで、金額が表示されるのでいちいち切符など出さなくても良く、スピーディーに計算が出来る。,もう少し分かりやすい画面表示だと良いと思います。パッと見、いかにも業務用ツールという印象は否めない。ま、業務用ツールなんですが…システムの不具合がありましたか？今まで特にない,いちいち紙に手書きで経費を提出していた時に比べると、圧倒的に楽です。まさに名前の通り。ハンコもいらなくなったし、無くす事もなくなった。,経費は履歴で残るし、管理が圧倒的に楽になります！
257,2023/08/25,以前は資格の報奨金や交通費精算において、社のフォーマットエクセルから総務に送り、精算して貰っていたが導入することにより手間が省けて経費削減に繋がった。,やや操作において不便に感じることがある。操作マニュアルを作り込んで展開していただけるとわかりやすくて良いと感じる。システムの不具合がありましたか？無し。,総務の人が処理する経費の申請書などの確認が楽になり精算が楽になったことで生産性向上および人件費の削減に繋がった。この口コミを詳しく見る,の報奨金や交通費精算において、社のフォーマットエクセルから総務に送り、精算して貰っていたが導入することにより手間が省けて経費削減に繋がった。楽楽精算の改善してほしい点やや操作において不便に感じることがある。操作マニュアルを作り込んで展開していただけるとわかりやすくて良いと感じる。システムの不具合がありましたか？無し。楽楽精算導入で得られた効果・メリット総務の人が処理する経費の申請書などの確認が楽になり精算が楽になったことで生産性向上および人件費の削減に繋がった。
258,2023/08/24,交通費精算は、経路を選択すると交通費が自動で計算され非常に便利。スマホのカメラで写真を撮ってアップロードするだけで自動で入力されるので、経費精算が楽になった。,特に困っていませんが、きちんと文字数字を読み取らないことがある、アップロードが時々できないことがある。,出張先でも簡単に経費精算の申請ができて、会社側も使用者側もきっちり処理できるところが良い。申請書に記入したり、領収証を貼り付けたりすることが無くなったので、事務負担が大幅に減った。,経費精算が会社も使用者も楽になると思います
259,2023/08/24,パソコン、スマホからの操作性もよく、最低限のITリテラシーさえあれば誰でも操作可能。なので、社員へのサポートが少なくて済む。,定期ルートの承認が少し分かりにくい部分がある。なので、そこを改善してもらえると特に不満は無くなります。システムの不具合がありましたか？特になし。,交通費の計算をする必要がなくなったことにより、経理業務の負担が減ったこと。複雑な乗り換えがある人も乗換案内でデータを反映できるため便利。この口コミを詳しく見る,スマホからの操作性もよく、最低限のITリテラシーさえあれば誰でも操作可能。なので、社員へのサポートが少なくて済む。楽楽精算の改善してほしい点定期ルートの承認が少し分かりにくい部分がある。なので、そこを改善してもらえると特に不満は無くなります。システムの不具合がありましたか？特になし。楽楽精算導入で得られた効果・メリット交通費の計算をする必要がなくなったことにより、経理業務の負担が減ったこと。複雑な乗り換えがある人も乗換案内でデータを反映できるため便利。
260,2023/08/23,エクセルで行っていた経費精算を自動化されたことで工数が大幅に削減した。領収書も写メで登録ができるため自宅にいても経費精算ができる点もとても便利に感じている。,携帯電話で申請できる点はとても便利だが少しUIが見にくく感じる。そのため携帯電話ではなくパソコンで作業しているため少し面倒に感じる。,以前は紙ベースで経費精算の提出を行っていたがすべてWEBで完結できるため自宅にいても申請ができるため場所を選ばず働くことができた。この口コミを詳しく見る,行っていた経費精算を自動化されたことで工数が大幅に削減した。領収書も写メで登録ができるため自宅にいても経費精算ができる点もとても便利に感じている。楽楽精算の改善してほしい点携帯電話で申請できる点はとても便利だが少しUIが見にくく感じる。そのため携帯電話ではなくパソコンで作業しているため少し面倒に感じる。楽楽精算導入で得られた効果・メリット以前は紙ベースで経費精算の提出を行っていたがすべてWEBで完結できるため自宅にいても申請ができるため場所を選ばず働くことができた。
261,2023/08/23,PCとスマホ両方で扱えるのが便利です。乗換案内と連携しており、交通費が自動計算されるので入力間違いが無くなった。OCR対応しているので紙の領収書の読み取りができる,OCRの読み取り制度が悪い。特にアルファベットが文字化けしたり、誤字になったりするので、今後のアップデートでの改善に期待です。,領収書、交通費の精算作業が早くなり、自動チェック機能もあるので人為的なミスも減りました。オンラインでやり取りができるので、ハンコを押してもらうためにわざわざ出社する必要が無くなったのが一番の利点です。,領収書の精算・管理を効率化したい人におすすめ
262,2023/08/23,交通費の精算申請に導入されています。導入前はエクセルの様式に交通経路を入力し、自分で交通費を入力していたので、手間がかかっていましたし、間違えも多かったです。現在は駅名を入力すれば、乗換案内で経路・金額が自動で入るので、間違えもなく、入力する社員も、確認する人事も併せて、会社全体の手間が減ったと思います。,当社の仕様の問題かもれませんが、入力作業に慣れてしまえば簡単ですが、直感的にはどこに何を入れればいいかが分かりにくく、新人等に説明するのに手間がかかり、やりながら覚えてもらっています。,エクセル様式の頃に管理者側で確認業務を行う際、交通経費の入力間違いなどは確認できたが、経路の妥当性の判断までは難しく、かなりの手間がかかっていましたが、このシステムでは経路に「安」「楽」「早」などのマークがつくため、不当に高いルートを選択しにくくなっており、不当な経費の申請抑制になっています。この口コミを詳しく見る,算申請に導入されています。導入前はエクセルの様式に交通経路を入力し、自分で交通費を入力していたので、手間がかかっていましたし、間違えも多かったです。現在は駅名を入力すれば、乗換案内で経路・金額が自動で入るので、間違えもなく、入力する社員も、確認する人事も併せて、会社全体の手間が減ったと思います。楽楽精算の改善してほしい点当社の仕様の問題かもれませんが、入力作業に慣れてしまえば簡単ですが、直感的にはどこに何を入れればいいかが分かりにくく、新人等に説明するのに手間がかかり、やりながら覚えてもらっています。楽楽精算導入で得られた効果・メリットエクセル様式の頃に管理者側で確認業務を行う際、交通経費の入力間違いなどは確認できたが、経路の妥当性の判断までは難しく、かなりの手間がかかっていましたが、このシステムでは経路に「安」「楽」「早」などのマークがつくため、不当に高いルートを選択しにくくなっており、不当な経費の申請抑制になっています。
263,2023/08/22,10月から始まるインボイス制度に合わせて導入。これまでフォーマットが各自バラバラだったものが、システムを使うことで管理しやすくなった。,導入時に項目の一括登録があったが、そこがやや面倒であった。またイレギュラーなことがあった時の対応方法に苦戦しそうなイメージです。,これまで作成した書類は、経理部門に共有する際、プリントアウトしたりメールで添付していたが、システム上で出来るようになるので時間短縮ができるこの口コミを詳しく見る,始まるインボイス制度に合わせて導入。これまでフォーマットが各自バラバラだったものが、システムを使うことで管理しやすくなった。楽楽精算の改善してほしい点導入時に項目の一括登録があったが、そこがやや面倒であった。またイレギュラーなことがあった時の対応方法に苦戦しそうなイメージです。楽楽精算導入で得られた効果・メリットこれまで作成した書類は、経理部門に共有する際、プリントアウトしたりメールで添付していたが、システム上で出来るようになるので時間短縮ができる
264,2023/08/21,交通費精算で使うことが多いのですが、ICカードをかざし登録しておけば履歴を拾ってくれるのでとても便利です。,履歴がうまく取り込めないこともあり、普段便利に使える分取り込み不可がもっと割合的に減るとさらにありがたいです。システムの不具合がありましたか？今のところは履歴読み込みに失敗するくらいしかありません。,ペーパーレスで交通費精算ができる点、ICカードから履歴を読み取れば無駄な入力なしで今までの半分以下の時間で処理ができる点。,効率的な精算方法を導入したい方。
265,2023/08/21,一般経費精算する際、ピタパを使うと自身で1から入力しなければならないが、駅名や料金等すぐ表示してもらえる。,ICOCAは読み取るだけですぐに過去の履歴を保存することができるが、ピタパは保存することができないので、ピタパも追加して欲しい。システムの不具合がありましたか？特に無し。,従来であれば紙媒体で申請しないといけなかったところをウェブ上で出来るようになったことにより、SDGsに貢献できるようになった。この口コミを詳しく見る,算する際、ピタパを使うと自身で1から入力しなければならないが、駅名や料金等すぐ表示してもらえる。楽楽精算の改善してほしい点ICOCAは読み取るだけですぐに過去の履歴を保存することができるが、ピタパは保存することができないので、ピタパも追加して欲しい。システムの不具合がありましたか？特に無し。楽楽精算導入で得られた効果・メリット従来であれば紙媒体で申請しないといけなかったところをウェブ上で出来るようになったことにより、SDGsに貢献できるようになった。
266,2023/08/21,コピー機能が使えるので、似たようなものを精算するのにとても楽させていただいています。複雑な入力などは一切ないので、簡潔にまとめられます。その点がとても利用しやすいです。,領収書の添付がPDFにしなければいけないのがとても面倒です。jpgなど、写真をそのまま貼り付けできるようにしてほしいです。それがとても時間がかかってしまうのと、やり方をたまに忘れてしまってエラーがでて、PDFにしないといけないということに気が付いたりと、やや面倒です。システムの不具合がありましたか？特にありません。,精算の仕方が簡単なので、急いでいるときにでもすぐに入力して処理できます。経理担当がとても業務が楽になったといっていました。その点は会社全体で効率よくなっていると思います。以前利用していた製品の解約理由以前は経理側の集計等の負担が多かったようですが、今は解消されたようです。失敗とは感じていません。,精算したい個人の入力も楽ですし、それを集計する担当者の業務負担も減ります。
267,2023/08/19,この製品を使うまでは、他社でExcelをベースに申請をしていた。しかし、目的地、出発地を入力するとルートの提案、顧客の提案といったことから料金も計算されるので非常に便利だと感じている。,正直改善してほしいというポイントは自社の他のツールと連携してほしいと思うことがあるが、自社のツールとの連携はさすがに難しいと感じているぐらいなので無い。強いて言うとたまにクリックで反応しない事があったことぐらい。,ルートからの自動計算で定期代をひくといった部分が無くなったのは大きいと思う。また領収書の原本は不必要で、写真だけで良いといった事や承認もワークフローで自動的にしてくれるなどメリットを大きく感じている。この口コミを詳しく見る,使うまでは、他社でExcelをベースに申請をしていた。しかし、目的地、出発地を入力するとルートの提案、顧客の提案といったことから料金も計算されるので非常に便利だと感じている。楽楽精算の改善してほしい点正直改善してほしいというポイントは自社の他のツールと連携してほしいと思うことがあるが、自社のツールとの連携はさすがに難しいと感じているぐらいなので無い。強いて言うとたまにクリックで反応しない事があったことぐらい。楽楽精算導入で得られた効果・メリットルートからの自動計算で定期代をひくといった部分が無くなったのは大きいと思う。また領収書の原本は不必要で、写真だけで良いといった事や承認もワークフローで自動的にしてくれるなどメリットを大きく感じている。
268,2023/08/19,直感的な操作が可能であり申請画面の機能やボタンなど見やすくて良いです。申請に関するルールを細かく設定できるのでデータ入力の際のミスが大幅に減りました。また日常的に利用しているアプリの感覚で使える乗換案内機能も良いですね。,領収書の読み取りの精度がもっと向上すると使い勝手が良くなります。またフォントやアイコンなどの設定の自由度が上がると良いですね。,申請の画面において弊社の規定にそぐわない場合は赤いアラートが表示されるので非常に分かりやすいです。また注意が必要な項目においては黄色のアラートが表示され、確認しやすくなっています。申請データの承認履歴が一覧で表示される機能も便利ですね。この口コミを詳しく見る,作が可能であり申請画面の機能やボタンなど見やすくて良いです。申請に関するルールを細かく設定できるのでデータ入力の際のミスが大幅に減りました。また日常的に利用しているアプリの感覚で使える乗換案内機能も良いですね。楽楽精算の改善してほしい点領収書の読み取りの精度がもっと向上すると使い勝手が良くなります。またフォントやアイコンなどの設定の自由度が上がると良いですね。楽楽精算導入で得られた効果・メリット申請の画面において弊社の規定にそぐわない場合は赤いアラートが表示されるので非常に分かりやすいです。また注意が必要な項目においては黄色のアラートが表示され、確認しやすくなっています。申請データの承認履歴が一覧で表示される機能も便利ですね。
269,2023/08/19,会社の経費精算で利用していますが、昔のように紙の領収書を出す必要がなくなり、最近は楽楽精算の取り込みをして必要事項を入力するだけ、精算する時間が半分くらいになった。,アプリの写真読み込みからアップロードする時に、Wi-Fiだと問題ないが、携帯回線だとエラーがでる。外出先からアップロードするため改善してほしいシステムの不具合がありましたか？上記にも記述したアプリのアップロードエラーくらいです。他は良い。,精算する作業の効率化、時短になった。過去に申請した画像も確認でき、間違わずに済む。紙を所定の用紙に貼り付ける作業がなくなり、精算を帰社せずに行える。,昭和な精算から脱却する生産性UPのツール
270,2023/08/19,交通費精算で利用していますが駅名を入力すれば自動的に電車代が出てきます。ICリーダーを利用すれば入力不要で取り込まれるところも便利です。,スマホアプリ以外のモバイルスイカ、パスモに対応していないところは不便だと感じます。物品購入のみの取り込みか電車代のみの取り込みか選べるようになればさらに便利になると感じます。システムの不具合がありましたか？特にありません。,券売機で履歴を印字、紙で記入し上司に提出、その後経理部に提出と複数の作業と提出する時間がかかりましたが、PCで完結するため交通費精算にかかる時間が削減でき、他の仕事に時間を費やすことができるようになりました。この口コミを詳しく見る,で利用していますが駅名を入力すれば自動的に電車代が出てきます。ICリーダーを利用すれば入力不要で取り込まれるところも便利です。楽楽精算の改善してほしい点スマホアプリ以外のモバイルスイカ、パスモに対応していないところは不便だと感じます。物品購入のみの取り込みか電車代のみの取り込みか選べるようになればさらに便利になると感じます。システムの不具合がありましたか？特にありません。楽楽精算導入で得られた効果・メリット券売機で履歴を印字、紙で記入し上司に提出、その後経理部に提出と複数の作業と提出する時間がかかりましたが、PCで完結するため交通費精算にかかる時間が削減でき、他の仕事に時間を費やすことができるようになりました。
271,2023/08/17,会社支給のスマホで領収書を撮影するだけで、会社にいる時だけでなく在宅勤務時でもスムーズに経費処理が出来る様になりました。経理部からの指摘事項も減り双方がWin-Winの体制が整います。,接待伺い処理の場合、上長が承認されてからで無いと最後まで処理が進みません。最終処理まで完了として、最終結果を上長が確認するシステムにして欲しい。最終処理を忘れてしまうことがある為です。システムの不具合がありましたか？スマホで領収書が読み取れない時がありました。,旅費交通精算、会議費精算、出張経費精算などいままでは別の申請ツールで、複数管理にしており一元管理見える化ができませんでしたが、楽々精算では、全体が見える化できる点が一番効率が良く使い勝手が良くメリットがあります。,ペーパーレスを図りたい！会社にいなくてもどこでも精算処理がしたい！なら一度ご検討を・・・
272,2023/08/17,電子取引（ネットショッピング）の場合、PDFの領収書をそのまま楽々精算に登録ができるのが良い。また申請自体もネット上で完結するので、申請自体が楽になった。,領収書の登録が別画面なのが使いづらい点。申請データを作成するときに領収書PDFを添付するのではなく、すでに楽々精算上にアップロードしておいた領収書を添付するという意味なので慣れるまでは使いづらい。,精算をするためにわざわざ会社に戻らなくて良いというのがメリット。また、今までは紙の申請書を用意して小口現金からお金をもらっていたが、銀行振込形式に変わったため、現金を銀行口座に預けにいく手間もなくなった。この口コミを詳しく見る,ネットショッピング）の場合、PDFの領収書をそのまま楽々精算に登録ができるのが良い。また申請自体もネット上で完結するので、申請自体が楽になった。楽楽精算の改善してほしい点領収書の登録が別画面なのが使いづらい点。申請データを作成するときに領収書PDFを添付するのではなく、すでに楽々精算上にアップロードしておいた領収書を添付するという意味なので慣れるまでは使いづらい。楽楽精算導入で得られた効果・メリット精算をするためにわざわざ会社に戻らなくて良いというのがメリット。また、今までは紙の申請書を用意して小口現金からお金をもらっていたが、銀行振込形式に変わったため、現金を銀行口座に預けにいく手間もなくなった。
273,2023/08/16,1年前に営業職として転職すると「楽楽精算」が導入されていました。前職では請求忘れが多く困っていたが、このアプリなら交通費精算を自動で行ってくれるため助かっています。スマホから便利で簡単です。,外出先から携帯アプリで使用できる点は大変重宝しているが、アプリが見にくい面があるのでデザインを少し変えてほしい。システムの不具合がありましたか？,前職場では紙ベースで申請書を記入し、総務部へ提出していたが、WEB上で完結できるので、まったくストレス無くまた申請忘れがなくなった。,営業職には助かります
274,2023/08/16,スマホやPCでも利用でき、移動や在宅でも申請・確認できる点がメリットと思います。領収書もスマートフォンのカメラで読み込みができ便利です。,新しい機能やバージョンアップをするときなどは自身で行わないとならないため、パソコンやデジタルに弱いとなかなか苦労します。システムの不具合がありましたか？新たな機能を取り入れるときに助けてくれるとありがたいなと思います。,紙での保管やチェックが減り、物理的にも削減できました。在宅ワークでも業務が行えるので大変助かってます。,類似するサービスの中でもシンプルで分かりやすいと思います！
275,2023/08/16,経費精算ソフトの使用は初めてですが、経費精算がwebで完結するので作業工数が削減出来ました。レシートを携帯で撮影、画像でレシート申請、承認されたら請求書に添付して申請の流れです。,弊社のフローだけなのかもしれませんが、レシート自体を一度申請する必要があります。そのためレシートを申請しておかないと、請求書の申請が出来ずかなり迷いました。システムの不具合がありましたか？特になし,リモート勤務をしているのでレシートを画像で処理できることで、迅速かつ手間が少なく経費申請ができます。またUIもわかりやすいのでマニュアルを熟読せずとも利用が可能です。この口コミを詳しく見る,フトの使用は初めてですが、経費精算がwebで完結するので作業工数が削減出来ました。レシートを携帯で撮影、画像でレシート申請、承認されたら請求書に添付して申請の流れです。楽楽精算の改善してほしい点弊社のフローだけなのかもしれませんが、レシート自体を一度申請する必要があります。そのためレシートを申請しておかないと、請求書の申請が出来ずかなり迷いました。システムの不具合がありましたか？特になし楽楽精算導入で得られた効果・メリットリモート勤務をしているのでレシートを画像で処理できることで、迅速かつ手間が少なく経費申請ができます。またUIもわかりやすいのでマニュアルを熟読せずとも利用が可能です。
276,2023/08/15,簡単な操作と洗練されたインターフェースを提供し、複雑な内部精算プロセスを効率化。厳密なデータ管理と透明性を確保し、タイムリーなトランザクション処理を実現。組織の生産性向上とリスク軽減を実現します。,もう少しオプションを迅速に追加し、異なる業種やニーズに対応する柔軟性を向上してほしい。また、ユーザーサポートのがもって充実すればより詳細なトラブルシューティング情報が提供されると思います。システムの不具合がありましたか？特定の条件下で見積もり見積りが遅延する問題が発生しました。これは一時的なサーバーの過負荷によるもので、エンジニアリングチームが迅速に対処し解決しました。ユーザーへの影響は極力抑え、今後のアップデートでも同様の問題が再発しないようお願いいたします。,楽楽精算の導入により、経費精算プロセスが大幅に簡素化されました。従業員はスマホアプリで領収書をスキャンし、デジタルフォームに入力するだけで経費が処理され、承認者もログインで確認できます以前の手作業プロセスから解放され時間とコストの節約に貢献しました。,楽楽精算は業務プロセスを効率化、コスト削減を実現する優れたソリューションです。
277,2023/08/15,社内で使用させて頂いております。稟議申請や交通費申請の画面が見やすく、入力しやすいと思いました。,画面の動線はとても良いと思うのですが、稟議申請の画面のデザインが改善されると嬉しいなと思います。,社内からでも社外からでもアクセスできますので、コロナ禍の時は非常に便利でした。またフォーマットも決まっておりますので社会人1年目の頃から利用しやすかったです。この口コミを詳しく見る,させて頂いております。稟議申請や交通費申請の画面が見やすく、入力しやすいと思いました。楽楽精算の改善してほしい点画面の動線はとても良いと思うのですが、稟議申請の画面のデザインが改善されると嬉しいなと思います。楽楽精算導入で得られた効果・メリット社内からでも社外からでもアクセスできますので、コロナ禍の時は非常に便利でした。またフォーマットも決まっておりますので社会人1年目の頃から利用しやすかったです。
278,2023/08/15,手書きで出張申請などをしていた時を考えると隔世の感がある。毎月の交通費申請、経費申請をする手間自体はあるが、経理担当はこれがなくなったら辞めるレベルになるかもしれない。,これは社内の問題かもわからないが、ＳＵＩＣＡなどの交通系カードだけで完結できるようになれば、非常に助かる。無駄な行動が全てわかるため、業務に集中できる。システムの不具合がありましたか？無し,現場の中間管理職が取りまとめて、経理が確認するという流れができたので、ミスなどが大きく減ったように感じる。特にテレワークなどもあり、ペーパーレスになったのは大きい。,ペーパーレスになったのは大きい。
279,2023/08/15,在来線から最適な経路を検索して入力できます。また新幹線のデータでEX-ICの料金のルートも登録できるので最適な旅費が自動で反映されます。,泊まりを含む長期の出張などで、出張完了後にまとめて旅費精算をしようとしましたが、10件以上登録できずに手間がかかりました。もっと登録できる件数を増やして欲しいです。,旅費精算を電子化して行うことができ、領収書などのデータもクラウドに集めることができて良いと思います。この口コミを詳しく見る,最適な経路を検索して入力できます。また新幹線のデータでEX-ICの料金のルートも登録できるので最適な旅費が自動で反映されます。楽楽精算の改善してほしい点泊まりを含む長期の出張などで、出張完了後にまとめて旅費精算をしようとしましたが、10件以上登録できずに手間がかかりました。もっと登録できる件数を増やして欲しいです。楽楽精算導入で得られた効果・メリット旅費精算を電子化して行うことができ、領収書などのデータもクラウドに集めることができて良いと思います。
280,2023/08/15,WEBページに余計な情報がなく、シンプルでわかりやすい。導入の金額が安い。過去の申請履歴なども詳細に閲覧可能な点。,交通費精算に関して、1件1件打ち込むのが大変。外出先のスマホで使いにくく、アプリなどで簡素に申請できるようにしてほしい。,社員の申請状況を一元管理しやすい。他のサービスと比べてコストカットができた。余計な情報がないので、申請までの時間が短縮できた。この口コミを詳しく見る,ジに余計な情報がなく、シンプルでわかりやすい。導入の金額が安い。過去の申請履歴なども詳細に閲覧可能な点。楽楽精算の改善してほしい点交通費精算に関して、1件1件打ち込むのが大変。外出先のスマホで使いにくく、アプリなどで簡素に申請できるようにしてほしい。楽楽精算導入で得られた効果・メリット社員の申請状況を一元管理しやすい。他のサービスと比べてコストカットができた。余計な情報がないので、申請までの時間が短縮できた。
281,2023/08/15,タイトルの通り、UIが若干古さを感じる。が、紙で経費精算などを行っているようであれば、確実にスピードがあがります。OCR機能も優れています。,大きく困ったことはまだないが、どこかスマートさに欠ける印象なのは日本企業が故なのだろうか。あとは、PCからの入力の場合、気づくとタブが乱立しているのもスマートではない。,前述の通り、業務効率化にはもってこい。レシートのOCRやsuicaのIC読み込みにより入力の手間が減った。チェック側としては、フォーマットが統一になりチェックもしやすくなった。,チェック側としては、フォーマットが統一になりチェックもしやすくなるので、経理担当の機嫌が悪い企業さんにぜひオススメしたいです。
282,2023/08/14,経費精算の作業を総務を介さずに、自分の作業だけで完結させることができる点。また決裁者を自由に選択でき、証跡も同じところデータとして添付ができる点。,マニュアルが相応のボリュームであり、直接的な感覚で入力ができないため、高齢の社員などからすると手作業のほうが良いというケースもあるため、より直感的な入力ができるような形でできるとよい。,もともと紙管理だった経費精算がクラウド管理になることで、手元で領収書やエビデンスを残しておく必要がなく、また時間をかけて手作業で行っていたところが一気に簡素化された。この口コミを詳しく見る,作業を総務を介さずに、自分の作業だけで完結させることができる点。また決裁者を自由に選択でき、証跡も同じところデータとして添付ができる点。楽楽精算の改善してほしい点マニュアルが相応のボリュームであり、直接的な感覚で入力ができないため、高齢の社員などからすると手作業のほうが良いというケースもあるため、より直感的な入力ができるような形でできるとよい。楽楽精算導入で得られた効果・メリットもともと紙管理だった経費精算がクラウド管理になることで、手元で領収書やエビデンスを残しておく必要がなく、また時間をかけて手作業で行っていたところが一気に簡素化された。
283,2023/08/14,特別良い点と言われると特に思いつかないのが正直なところではあるが、一定の書類削減の効果があると思うのでペーパーレス化に寄与しているのかなとは感じる。,経費精算システムは楽楽精算しか使ったことがないので比較対象がなく難しいところではあるが、個人的には直感的に理解できるUIではなく、結局会社で用意したマニュアルを見ながらそれに沿って進めていかなければならず、便利と感じられなかった。システムの不具合がありましたか？私が利用している範囲ではトラブルが起こったことはない。,私の作業ではないが精算作業の担当者からすれば大体の作業をPC上で済ませられると思うので、書類に煩わされることがなくなっているのがメリットだと思われる。,書類を減らすための第一歩としては良い部分もあると思う。
284,2023/08/14,1番に利便性を感じた部分は電車での移動の経費精算になります。通常であれば発着駅を指定しルートを自分で確認して金額を決定しますが、楽々精算においてはジョルダンの乗換案内が内蔵されているため　発着駅を入力するだけで自動で複数ルートの案内、料金の算出をしてくれます。,領収書や駐車場の領収書をカメラで読み込む際の制度です。印刷する文字にかすれなどがあると上手く読み取れず、おかしな文字になる事がある。また、一度申請を上げた領収書の情報を編集するのに少し手間がかかる。,管理者としては分からないが利用者としては非常に効率が上がった気がする。いつでもどこでも精算ができる点などは出張が多い会社員などには重宝されると感じた。この口コミを詳しく見る,性を感じた部分は電車での移動の経費精算になります。通常であれば発着駅を指定しルートを自分で確認して金額を決定しますが、楽々精算においてはジョルダンの乗換案内が内蔵されているため　発着駅を入力するだけで自動で複数ルートの案内、料金の算出をしてくれます。楽楽精算の改善してほしい点領収書や駐車場の領収書をカメラで読み込む際の制度です。印刷する文字にかすれなどがあると上手く読み取れず、おかしな文字になる事がある。また、一度申請を上げた領収書の情報を編集するのに少し手間がかかる。楽楽精算導入で得られた効果・メリット管理者としては分からないが利用者としては非常に効率が上がった気がする。いつでもどこでも精算ができる点などは出張が多い会社員などには重宝されると感じた。
285,2023/08/14,過去に精算したことのある振込先は、履歴から検索して過去の伝票をコピーすれば、振込先の入力を省けるのが良い。伝票差し戻しの際に、会計からの差し戻し理由がわかって良い,・会社の仕様の問題かもしれないが、クレジットカードの生産履歴を明細に取り込むのが分かりにくい・振込先の銀行を検索する際に銀行名の枠に入力した状態では検索出来ず、一度虫眼鏡マークをクリップしての検索が手間手間である・アプリがつかいにくいため活用できていないシステムの不具合がありましたか？特になし,・承認フローが可視化されわかりやすくなった。・過去の振込履歴があれば伝票コピーで振り込み先の入力が不要となったこと。,なし
286,2023/08/14,良い点は簿記などの能力がなくても経理精算ができる点だと思います。項目の中から自分の使用したお金の種類を選んで申請するだけなので難しい操作や理解する内容がないことがとても助かります！,あるとすれば項目が多くてどれが自分の精算する項目なのかわからなくなってしまうところだと思います。カーソルを合わせた時に具体例などが選んだ時に挙げてあるともっとわかりやすいのかも？と感じます,特に精算したいものをまとめて申請できるところが効率化したように感じています。また、電子的にデータを管理できるので、書類提出の際に必要書類の添付のみで済むようになりました。以前までであれば何枚もの書類を提出しなければなりませんでした。事務職の方からも使い勝手が良く以前よりも帳簿が管理しやすく楽になったとお伺いしたことがあります。この口コミを詳しく見る,記などの能力がなくても経理精算ができる点だと思います。項目の中から自分の使用したお金の種類を選んで申請するだけなので難しい操作や理解する内容がないことがとても助かります！楽楽精算の改善してほしい点あるとすれば項目が多くてどれが自分の精算する項目なのかわからなくなってしまうところだと思います。カーソルを合わせた時に具体例などが選んだ時に挙げてあるともっとわかりやすいのかも？と感じます楽楽精算導入で得られた効果・メリット特に精算したいものをまとめて申請できるところが効率化したように感じています。また、電子的にデータを管理できるので、書類提出の際に必要書類の添付のみで済むようになりました。以前までであれば何枚もの書類を提出しなければなりませんでした。事務職の方からも使い勝手が良く以前よりも帳簿が管理しやすく楽になったとお伺いしたことがあります。
287,2023/08/14,OCR機能を活用することで、紙を使わずに経費精算できるところがいいと思いました。また、申請項目や承認フローなどが自由にカスタマイズできるため、自社に合わせたシステムを作成できます。,入力画面の文字、入力欄が密集していて直感的に操作しにくいと思いました。また、入力項目のコピーができなかったり、入力文字数制限があったりするため、UIは改善の余地があると思います。,これまではExcelに経費の内容を打ち込み、紙で印刷して経理に渡すことで経費精算をしていたが、導入後は領収書を読み取るだけで精算できるようになったため、ペーパーレス化を実現することができた。この口コミを詳しく見る,を活用することで、紙を使わずに経費精算できるところがいいと思いました。また、申請項目や承認フローなどが自由にカスタマイズできるため、自社に合わせたシステムを作成できます。楽楽精算の改善してほしい点入力画面の文字、入力欄が密集していて直感的に操作しにくいと思いました。また、入力項目のコピーができなかったり、入力文字数制限があったりするため、UIは改善の余地があると思います。楽楽精算導入で得られた効果・メリットこれまではExcelに経費の内容を打ち込み、紙で印刷して経理に渡すことで経費精算をしていたが、導入後は領収書を読み取るだけで精算できるようになったため、ペーパーレス化を実現することができた。
288,2023/08/14,紙タイプの領収書等をPDF化する必要がなく、写真撮影をすることで電子帳簿保存法に対応できるので便利。,PC版とスマホ版で仕様が若干変わっており、両方使用する場合に混乱する可能性がある。仕様を統一した方がやりやすい。,紙の領収書は保管や整理が大変だったため、本システムの導入によりその手間・工数が削減されました。また二重に登録するといったミスも減りました。この口コミを詳しく見る,領収書等をPDF化する必要がなく、写真撮影をすることで電子帳簿保存法に対応できるので便利。楽楽精算の改善してほしい点PC版とスマホ版で仕様が若干変わっており、両方使用する場合に混乱する可能性がある。仕様を統一した方がやりやすい。楽楽精算導入で得られた効果・メリット紙の領収書は保管や整理が大変だったため、本システムの導入によりその手間・工数が削減されました。また二重に登録するといったミスも減りました。
289,2023/08/14,経費申請が楽なところ。スマホからも申請ができるので場所や時間を選ばず申請できるし領収書もスマホのカメラで撮影すれば必要事項が自動で記入されて本当に楽。,申請をする側の意見としてはほんとに無いです。アプリの容量やアップデートも殆ど無いのでスマホの負担もなく満足しています。システムの不具合がありましたか？今のところありません。,とにかく申請が楽。以前行っていた金庫からお金を出し支払いエクセル入力、領収書に番号を付け保管、金庫の金種を数えエクセル入力と提出、毎月の締めに領収書の提出、金庫の金が無くなれば申請。この全ての手間がなくなりました。これだけでも現場の人間としてはだいぶ時短になり他の仕事が捗るし、金庫のお金の管理をしなくて良くなったことが安心感もあるし手間も省けとても良かったです。,経理部の仕事がどれだけ変わるかはわかりませんが社員の手間が無くなるのは大きいと思います。経理の方も仕事が減るなら会社としての利益はとてもあると思います。
290,2023/08/14,会社で使用しているパソコンの他に、スマートフォンアプリがあるため、在宅や出先からでも領収書の精算申請が出来る。,領収書の文字認識精度がもっと良くなるとありがたい。領収書の規格が統一されていないので難しいとは思うが、たまに全く異なる値段や日付が入ってしまう。,今まではWEB上で経費や支払依頼の申請を行い、プリントアウトした申請書と領収書や請求書の原本を提出し、上司の承認を得て、終わったら経理部に持参するという手間があった。しかしこのソフトの導入に承認をもらうためだけに出社するという時間がなくなったことでワークライフバランスが向上した。さらにペーパーレス化が進み、プリンター用紙の購入量を減らせた。この口コミを詳しく見る,しているパソコンの他に、スマートフォンアプリがあるため、在宅や出先からでも領収書の精算申請が出来る。楽楽精算の改善してほしい点領収書の文字認識精度がもっと良くなるとありがたい。領収書の規格が統一されていないので難しいとは思うが、たまに全く異なる値段や日付が入ってしまう。楽楽精算導入で得られた効果・メリット今まではWEB上で経費や支払依頼の申請を行い、プリントアウトした申請書と領収書や請求書の原本を提出し、上司の承認を得て、終わったら経理部に持参するという手間があった。しかしこのソフトの導入に承認をもらうためだけに出社するという時間がなくなったことでワークライフバランスが向上した。さらにペーパーレス化が進み、プリンター用紙の購入量を減らせた。
291,2023/08/14,他サービスを利用したことがないので何とも言えませんが、オフィス出社しての精算作業がなくなったので、在宅勤務や社外での仕事中でも作業できるようになりました。請求書をアップロードすると、文字を自動で読み取ってくれます。,UIが良くなると、より使いやすくなるのではと思います。見た目が古いというか、エンジニアの方が作ったようなデザインなので。,書類回付のためにオフィス出社する必要がなくなるため、全社的な労働時間（残業時間）の削減につながると思います。この口コミを詳しく見る,を利用したことがないので何とも言えませんが、オフィス出社しての精算作業がなくなったので、在宅勤務や社外での仕事中でも作業できるようになりました。請求書をアップロードすると、文字を自動で読み取ってくれます。楽楽精算の改善してほしい点UIが良くなると、より使いやすくなるのではと思います。見た目が古いというか、エンジニアの方が作ったようなデザインなので。楽楽精算導入で得られた効果・メリット書類回付のためにオフィス出社する必要がなくなるため、全社的な労働時間（残業時間）の削減につながると思います。
292,2023/08/14,国内公共交通機関の交通費精算が楽です。出発地、目的地の入力のみで乗り継ぎ方法が複数提示され、選択が楽です。,特にありませんが、強いてあげるとUIがわかりづらいです。国内、海外等が大きく表示されていればと感じます,簡単な精算の場合、数分で終了するため業務に注力できます。精算の社内承認フローが記載されていること、現在の承認段階がわかることにより、誤入力の際の問い合わせも簡単に行えました。この口コミを詳しく見る,通機関の交通費精算が楽です。出発地、目的地の入力のみで乗り継ぎ方法が複数提示され、選択が楽です。楽楽精算の改善してほしい点特にありませんが、強いてあげるとUIがわかりづらいです。国内、海外等が大きく表示されていればと感じます楽楽精算導入で得られた効果・メリット簡単な精算の場合、数分で終了するため業務に注力できます。精算の社内承認フローが記載されていること、現在の承認段階がわかることにより、誤入力の際の問い合わせも簡単に行えました。
293,2023/08/14,申請画面がわかりやすいと思います。それぞれの項目に注釈が付けられるので、書き方や注意点がわかりやすいです。,ログイン画面で申請中の一覧が見られるようにしてほしい。申請したものの確認をするまでのクリック数が多いと思う。システムの不具合がありましたか？なかった,精算だけに留まらず、人事的な承認フローとしても使うことができるのがいい点だと思います。社内システムが1つに絞られるのでユーザーとしてもありがたいです。この口コミを詳しく見る,わかりやすいと思います。それぞれの項目に注釈が付けられるので、書き方や注意点がわかりやすいです。楽楽精算の改善してほしい点ログイン画面で申請中の一覧が見られるようにしてほしい。申請したものの確認をするまでのクリック数が多いと思う。システムの不具合がありましたか？なかった楽楽精算導入で得られた効果・メリット精算だけに留まらず、人事的な承認フローとしても使うことができるのがいい点だと思います。社内システムが1つに絞られるのでユーザーとしてもありがたいです。
294,2023/08/14,交通系ICカードや乗換案内サービスの連携で、領収書をわざわざ提出しなくても読み込めるようになっているので交通費精算がとても楽になった。,ネットに繋がってないときは使えないので、そこをどうにかオフライン時でも入力できたりICの読み込みだけでもできるようになればより便利になると思う,ペーパーレスで全てパソコンで処理できるようになった為、余計な費用削減にもなったし、金額なども細かなミスがなくなった。この口コミを詳しく見る,カードや乗換案内サービスの連携で、領収書をわざわざ提出しなくても読み込めるようになっているので交通費精算がとても楽になった。楽楽精算の改善してほしい点ネットに繋がってないときは使えないので、そこをどうにかオフライン時でも入力できたりICの読み込みだけでもできるようになればより便利になると思う楽楽精算導入で得られた効果・メリットペーパーレスで全てパソコンで処理できるようになった為、余計な費用削減にもなったし、金額なども細かなミスがなくなった。
295,2023/08/14,入力しなければならない項目を明確にしてくれたり、pdfの領収書の文字認識をしてくれたりと、入力漏れや入力ミスを極力減らせる仕様になっています。そのため差し戻しなどが起こりづらく、スムーズに会計処理ができます。,少々使い方が煩雑で、慣れるまでに時間がかかります。特に領収書添付の手順が最初はわかりづらいので、ヘルプ機能を使いやすくして初めてでもスムーズに処理できるよう工夫されるとよいと思います。システムの不具合がありましたか？特にありません。,会計処理における入力ミスや入力漏れが減り、差し戻しなどによる二度手間が減って助かっています。またどこまで承認されているかも画面を開くとすぐ確認できるのが便利です。,使い方がやや煩雑ですが、正確な会計処理を求めるのであればおすすめです。
296,2023/08/13,初めて使った経費精算システムのため他社システムとの比較はできませんが、これまで紙で行っていた作業が楽になり業務のスピードが上がりました,支払い先の選択や経理上の項目の選択など、慣れていない人間には選択画面の見辛さはかなりあります。特に経理上の項目は、まず何を、選択し判断すればいいのか分からない所も多数あり。領収書を写メで撮影してから申請画面への移行の仕方が複雑な感じです。,領収証をスマホで撮影することで支払先名や金額の読み取り機能があるため、手入力する場合に比べて精度がよくなりました。交通費の精算をする際には乗換案内と連携しているため料金の自動計算、定期区間料金の控除などができ確認時間が短縮できています。,始めて使用する経費管理のソフトでしたが理解出来ました
297,2023/08/13,今までは従来から使用していたexcelデータを使用して各種経費精算を行っていました。しかしexcel自体に苦手意識のある職員と慣れている職員によっては経費精算の勘定科目が間違えていたり経理業務が煩雑でした。しかしこのツールを利用してから職員は一定のルールに則って使えるので経費精算の効率が向上しました。,入力項目をコピーしたりすることができない部分があり、今後ユーザー意見を反映してUIの更新などを行ってほしい。,今まで勘定科目の間違いによって経理課の業務が煩雑になっていたところの修正がなくなったため、経理課の業務範囲の見直しに使うことができて、社内全体の効率化に繋がったと思う。この口コミを詳しく見る,来から使用していたexcelデータを使用して各種経費精算を行っていました。しかしexcel自体に苦手意識のある職員と慣れている職員によっては経費精算の勘定科目が間違えていたり経理業務が煩雑でした。しかしこのツールを利用してから職員は一定のルールに則って使えるので経費精算の効率が向上しました。楽楽精算の改善してほしい点入力項目をコピーしたりすることができない部分があり、今後ユーザー意見を反映してUIの更新などを行ってほしい。楽楽精算導入で得られた効果・メリット今まで勘定科目の間違いによって経理課の業務が煩雑になっていたところの修正がなくなったため、経理課の業務範囲の見直しに使うことができて、社内全体の効率化に繋がったと思う。
298,2023/08/13,メールで受け取る請求書と紙で受け取る請求書をパソコン上で簡単に一元管理をすることができる点が良いです。,OCRの100%はないでしょうがアップロードした領収書や請求書を認識しないことがあり、精度がもう少し上がると良いのかなと思いました。,取引先の会社が使用していることから紹介いただき導入しました。請求書は郵送するもの、メールで受け取るものと今まで管理がバラバラで請求書を探すのに時間がかかることが悩みでした。紙データもスキャンした書類をアップロードすることで電子データとして一元管理でき非常に楽です。インボイスや電帳法にも対応しているので一石三鳥です。この口コミを詳しく見る,け取る請求書と紙で受け取る請求書をパソコン上で簡単に一元管理をすることができる点が良いです。楽楽精算の改善してほしい点OCRの100%はないでしょうがアップロードした領収書や請求書を認識しないことがあり、精度がもう少し上がると良いのかなと思いました。楽楽精算導入で得られた効果・メリット取引先の会社が使用していることから紹介いただき導入しました。請求書は郵送するもの、メールで受け取るものと今まで管理がバラバラで請求書を探すのに時間がかかることが悩みでした。紙データもスキャンした書類をアップロードすることで電子データとして一元管理でき非常に楽です。インボイスや電帳法にも対応しているので一石三鳥です。
299,2023/08/13,今まで紙の領収書と精算書を印刷、郵送していたのが一気になくなり、写真撮影済の領収書を確認するだけでよくなった,ワークフローという社内承認システムがオプションでつけられるが、スマホアプリには対応しておらず、web上で処理が必要。,精算者及び担当者どちらもペーパーレス化により、作業量が減り負担が少なくなった。郵送や紙の印刷代などのコストも削減できる。この口コミを詳しく見る,領収書と精算書を印刷、郵送していたのが一気になくなり、写真撮影済の領収書を確認するだけでよくなった楽楽精算の改善してほしい点ワークフローという社内承認システムがオプションでつけられるが、スマホアプリには対応しておらず、web上で処理が必要。楽楽精算導入で得られた効果・メリット精算者及び担当者どちらもペーパーレス化により、作業量が減り負担が少なくなった。郵送や紙の印刷代などのコストも削減できる。
300,2023/08/13,各営業担当から申請があり、総務業務としてはそれを承認すればよいだけとなった為、事務処理工数が飛躍的に改善し、作業効率の向上を図る事が出来た。,毎月初になると新たにURLを登録しなおす必要がある為、その点作業が億劫になってしまう。その為、月が変わったとしても継続して登録し直さなくとも申請ができるようにしておいていただきたい。,交通費や経費及び交際費申請に関して、今までは各紙ベースでの申請をおこなっていた。また各営業からの申請内容に不備がないかどうか各総務担当者がそれぞれチェックを行っていたものの、本件導入に辺りかなり簡略化され、業務効率改善に繋がった。,紙ベースでの処理をされている会社であれば相当数の工数改善に繋がります。
301,2023/08/13,スマホで領収書を写真に撮るだけで、精算や申請が出来る。また撮った写真を読み込機能で金額や日付を自動入力されるので、手入力によって間違えた金額や日付になってしまうことがまずない。,領収書だけでなく取り込める資料を増やして欲しい。領収書に付属する資料を参考資料として取り込みが出来、領収書と紐付けし、同時表示出来ればなお便利。システムの不具合がありましたか？入力文字数が多くなり、システムが認証されないことがあった。,まず領収書を溜め込んで精算するのを忘れてしまうことがなくなった。スマホで領収書を写真に撮るだけで、精算や申請が出来るので、出先での移動中、ホテル、自宅に帰ってからすぐ精算し今日かかった費用はその日に精算するように改善した,スマホでどこでも領収書精算や申請が出来るので便利。
302,2023/08/13,定期区間をあらかじめ登録しておくことで、定期区間を含む移動の交通費計算が自動でできたり、IC運賃利用の細かい計算まで自動で行ってくれる点がユーザーにとって助かっています。,精算の情報はたいした機密情報でもないのにパスワード有効期間が短く、同じパスワードを使えなかったりしてログインできなくなることが多々あります。ログイントラブルの解決に社内担当部署に対応してもらわなければならず、それによって社内規定の精算期限に間に合わなくなることもあります。ログイントラブル時の本人認証を登録メールアドレスと連携するなどして自己完結できるようにしてほしい。システムの不具合がありましたか？人事情報との紐づけが自動化されていないので、異動の度にログインできなくなる。異動の多い仕事なので、しょっちゅう設定のし直しが必要なのが面倒です。,楽楽精算というネーミングのイメージで精算が楽になると思いきや、ユーザー目線では総合的に見てさほど楽にはなっていない。以前は領収書原本提出で済んでいたものが、スキャンしてデータを紐づける手順が増えたりしているし、以前よりも時間はかかっている。経理担当者はかなり楽になっているはず。また、会社にいなくても精算手続きが完了できるのはよい。,ユーザーの業務効率化ではなく、経理担当者の業務効率化が必要な会社におすすめです。
303,2023/08/12,精算時の管理やチェックがとても楽になりました。紙ベースの管理、エクセルの入力がなくなりペーパレス化となったこと。交通費の金額内容のチェックもほとんど必要なくなったこと。,特にはないのですが、画面全体の配色が薄めなので、使用する機器によっては見づらく感じることがある。入力を行う際のサジェスト機能が高めであったら良い。システムの不具合がありましたか？申請側、受託側も慣れると簡単です。,営業からの経費精算が多くて時間を取られていたが、「楽楽精算」導入で大幅に効率化された。現状ではWEB上で完結できることが多くなり、効率化とペーパレス化が図れている。,作業効率化が図れると思います
304,2023/08/12,定期券範囲をあらかじめ設定、保存しておけるのが非常に便利。申請のたびに除外して計算する手間がなくなった。,承認者が複数いる際、右から左に向かって上位の承認者を設定するのはPCの横書き入力に反して直感的でなくわかりづらい。,弊社では交通費や資格試験などの精算が必要な申請についてそれぞれ違う方法での処理が必要だったが、一本化されわかりやすくなった。この口コミを詳しく見る,をあらかじめ設定、保存しておけるのが非常に便利。申請のたびに除外して計算する手間がなくなった。楽楽精算の改善してほしい点承認者が複数いる際、右から左に向かって上位の承認者を設定するのはPCの横書き入力に反して直感的でなくわかりづらい。楽楽精算導入で得られた効果・メリット弊社では交通費や資格試験などの精算が必要な申請についてそれぞれ違う方法での処理が必要だったが、一本化されわかりやすくなった。
305,2023/08/11,集計が簡単なので、毎月のとりまとめ作業が非常に早くなりました。ほぼ作業時間がなくなり、毎月のストレスがなくなりました。,特に目立ったストレスはありません。強いて言えば、シンプルなわりには、画面遷移に少し時間がかかるように思いますので、より軽量化するとよいと思います。システムの不具合がありましたか？特にありません。,ミスがなくなりました。別のシステムでは、集計時の設定を誤り、間違った集計をしてしまケースがありましたが、このシステムではありません。,基本的な業務をスムーズに行うことを考えた場合に、良い選択です。
306,2023/08/11,簡単に経費情報を登録し、申請することができます。領収書の撮影やデータの入力を効率的に行い、大幅に手間を削減することが出来た,経費情報や会社の支払いデータがクラウド上に保存されるため、プライバシーやセキュリティの懸念が生じる可能性があるので適切なセキュリティ対策を臨むシステムの不具合がありましたか？特定のニーズに合わせた細かなカスタマイズが難しい場合がある,経費の傾向やパターンを分析するためのデータを取得できます。これにより、コスト削減の機会や予算の最適化が可能となった,経費精算や経費管理を効率化するための便利なツールです
307,2023/08/10,移動することが多く、毎日違う場所に行くので紙での経費計算、記載がとても面倒でした。導入後は移動中に携帯で申請できますし、電車だけでなくバスなどの交通機関も検索可能です。,同じ移動先でも毎回入力しなければならないので、以前使用した移動先など履歴で残して即入力できるようになると助かります。,経費の申請忘れがなくなった。移動中に申請できるので、時間の効率化につながった。交通費も移動先を入力すると自動で出てくるので、計算間違いもないと思う。この口コミを詳しく見る,とが多く、毎日違う場所に行くので紙での経費計算、記載がとても面倒でした。導入後は移動中に携帯で申請できますし、電車だけでなくバスなどの交通機関も検索可能です。楽楽精算の改善してほしい点同じ移動先でも毎回入力しなければならないので、以前使用した移動先など履歴で残して即入力できるようになると助かります。楽楽精算導入で得られた効果・メリット経費の申請忘れがなくなった。移動中に申請できるので、時間の効率化につながった。交通費も移動先を入力すると自動で出てくるので、計算間違いもないと思う。
308,2023/08/09,今までは領収書の貼り付け、精算のために印刷して提出するという面倒な処理をしていたのがすべてweb上で完結するようになり日々の負担が軽減されました。,交通費の精算のための移動区間の設定をもう少し簡単にしたり、自動で設定できるような機能が欲しいです。領収書の登録も精算の登録タイミングで同時にできるともっと便利かと思います。システムの不具合がありましたか？特にありません。,日々の立替金精算にかかる煩わしい雑務時間が大幅に短縮することができたのが一番のメリットです。また、リモートでも精算が可能になったことで出社して提出しなくていいのが大きいです。,小人数の会社こそこういうところから改善していくのが寛容かと思います。
309,2023/08/09,これまでは1明細ずつに対して、経費負担プロジェクトを指定しないといけない運用でしたが、この製品ではタイトル部分で指定するだけで済みますので入力時の負担が軽減されます。また、領収書から日付や金額を自動で読み取ってもらえたり、マイパターンを登録して明細入力ができるため出張が多いときには特に便利だと感じます。,主に交通費精算で利用しているのですが、出発と到着を指定して経路を指定した後の操作が分かり難いように感じます。その経路であれば、どの金額になるかを算出するために乗換案内ボタンを押す必要がありますが、そのボタンが少し離れた位置に小さく表示されているため、直感的に操作できるような画面構成に改善してもらいたいです。システムの不具合がありましたか？特にトラブルや不具合は今のところありません。,これまで新幹線や宿泊の領収書は写真撮影してから画像ファイルとしてアップロードするか、PDFに保存してからアップロードして申請する必要がありました。しかし、こちらのサービスではスマホで撮影しただけでダイレクトに領収書としてアップロードできるようになったため、申請から承認までのスピードが上がったように感じます。,経費精算の不満を解消してくれ、承認までのスピードが向上します
310,2023/08/08,国内に多数ある拠点やグループ会社での精算業務関連のやり方を統合することで業務が効率化されますし、内部統制の強化につながります。また電子化により領収書を紙で管理するコストがなくなるので、コストカットにもなりますね。,従業員一人一人のその月にかかった経費をデータとして抽出ではなく表示したいです。また交通費精算の理由を簡単に選べると良いです。,今まで弊社では複数の拠点から郵送されてくる領収書が月１０００件ほどあり、それを倉庫に全て保管していました。管理コストがかかっていましたし、書類の検索にも多くの時間がかかっており大変でしたが、現在ではクラウド上で管理できて検索もスピーディーになりましたね。領収書は電子帳簿保存法での運用により定期保存した後に破棄できるので大幅なコストカットにつながっています。この口コミを詳しく見る,ある拠点やグループ会社での精算業務関連のやり方を統合することで業務が効率化されますし、内部統制の強化につながります。また電子化により領収書を紙で管理するコストがなくなるので、コストカットにもなりますね。楽楽精算の改善してほしい点従業員一人一人のその月にかかった経費をデータとして抽出ではなく表示したいです。また交通費精算の理由を簡単に選べると良いです。楽楽精算導入で得られた効果・メリット今まで弊社では複数の拠点から郵送されてくる領収書が月１０００件ほどあり、それを倉庫に全て保管していました。管理コストがかかっていましたし、書類の検索にも多くの時間がかかっており大変でしたが、現在ではクラウド上で管理できて検索もスピーディーになりましたね。領収書は電子帳簿保存法での運用により定期保存した後に破棄できるので大幅なコストカットにつながっています。
311,2023/08/08,楽楽精算側でwebAPIを提供しているので、自社の基幹システムとのデータ連携がCSVなどで簡単に連携できる。,特にありません。連携できる項目は、ユーザー側で自由に設定できるので、仕様変更があっても柔軟に対応できます。,テレワークが増えているので、なかなか自社に戻って旅費の精算をする機会がありません。楽楽精算のおかげでテレワーク中でも申請が可能なので、申請忘れが無くなりました。この口コミを詳しく見る,でwebAPIを提供しているので、自社の基幹システムとのデータ連携がCSVなどで簡単に連携できる。楽楽精算の改善してほしい点特にありません。連携できる項目は、ユーザー側で自由に設定できるので、仕様変更があっても柔軟に対応できます。楽楽精算導入で得られた効果・メリットテレワークが増えているので、なかなか自社に戻って旅費の精算をする機会がありません。楽楽精算のおかげでテレワーク中でも申請が可能なので、申請忘れが無くなりました。
312,2023/08/07,弊社では交通費や交際費を実費で払い、その後精算をするシステムとなっています。そのため領収書などを添付しなくてはいけないのですが、その添付が非常に容易に行えます。また交通費も自動的に候補を出してくれますので、精算の効率が高いと思います。,大きな不満はありませんが、強いて言えば領収書を読み取る際にたまに不具合が発生することです。他社サービスを使ったことがないので、比較はできませんが。,交通費の精算においては、申請間違えがなくなると思う。精算をする際、金額の候補が出てくるため、手動による金額相違は無くなるかと。この口コミを詳しく見る,通費や交際費を実費で払い、その後精算をするシステムとなっています。そのため領収書などを添付しなくてはいけないのですが、その添付が非常に容易に行えます。また交通費も自動的に候補を出してくれますので、精算の効率が高いと思います。楽楽精算の改善してほしい点大きな不満はありませんが、強いて言えば領収書を読み取る際にたまに不具合が発生することです。他社サービスを使ったことがないので、比較はできませんが。楽楽精算導入で得られた効果・メリット交通費の精算においては、申請間違えがなくなると思う。精算をする際、金額の候補が出てくるため、手動による金額相違は無くなるかと。
313,2023/08/06,領収書から自動で文字や金額を読み取り、入力してくれるところや、承認通知が来るところがかなり便利に感じます。,ボタンが小さくて、あまり見た目は優れていないところに問題があるかと思うのでそこをわかりやすく改善してくれると助かります。,これまでは出張の普通電車利用の際、金額と乗車駅を自分で調べて入力していたが、それらが定期も考慮し自動で計算してくれるので、他の仕事に時間が使えるようになった。この口コミを詳しく見る,自動で文字や金額を読み取り、入力してくれるところや、承認通知が来るところがかなり便利に感じます。楽楽精算の改善してほしい点ボタンが小さくて、あまり見た目は優れていないところに問題があるかと思うのでそこをわかりやすく改善してくれると助かります。楽楽精算導入で得られた効果・メリットこれまでは出張の普通電車利用の際、金額と乗車駅を自分で調べて入力していたが、それらが定期も考慮し自動で計算してくれるので、他の仕事に時間が使えるようになった。
314,2023/08/04,オンライン上で経費の申請が可能なため、リモートワークでも簡単に手続きができる。勘定科目の入力も間違っているとアラートが出るためミスに気づきやすいです。,よく使う項目や機能を自動で入力してくれるとより手間が減る。Outlookのスケジューラから自動で反映されると入力の手間が省ける。,以前は紙で都度承認をとっていたが、オンライン上で承認ができる上にスマホからでも手続きが可能なためスピードを持って手続きが可能で大変助かっている。また、過去の履歴もシステム上に残っているため過去のデータを確認できるのが非常に便利である。この口コミを詳しく見る,上で経費の申請が可能なため、リモートワークでも簡単に手続きができる。勘定科目の入力も間違っているとアラートが出るためミスに気づきやすいです。楽楽精算の改善してほしい点よく使う項目や機能を自動で入力してくれるとより手間が減る。Outlookのスケジューラから自動で反映されると入力の手間が省ける。楽楽精算導入で得られた効果・メリット以前は紙で都度承認をとっていたが、オンライン上で承認ができる上にスマホからでも手続きが可能なためスピードを持って手続きが可能で大変助かっている。また、過去の履歴もシステム上に残っているため過去のデータを確認できるのが非常に便利である。
315,2023/08/04,会社の経費精算がまとめて一括で出来るようになったので、やりやすくなった。また、不明点のヘルプもわかりやすいので、一度会社から説明を受けたあとわからない点も検索しやすい。,交通費精算で、行き先を一つ一つ入れるのが手間。一括でもできるが、営業職で外回りが多いと都度いれなければならないのが少し煩わしい。システムの不具合がありましたか？特になし。,一つのシステムで全ての精算ができるため、初心者でもわかりやすいし、覚えやすい。またスマホから領収書をアップできるのも在宅勤務でも簡単にできる。,全ての精算を一つにまとめるのに便利。
316,2023/08/03,領収書を電子データとして保存できる利便性に加えて、申請プロセスにおける「承認待ち」の時間がかなり削減されるので使いやすさは抜群です。,運用の初期段階では操作が複雑で慣れるまで時間が掛かったのと、UIが不親切で統一性に欠けるにでそこを改善していただきたいです。,元々は紙で行われていた経費請求ですが、デジタル化の風潮によって導入しました。特に、遠隔地からの申請は郵送に時間を取られていましたが、楽楽精算のおかげでタイムレスに承認まで完了するようになって時間的コストに削減に成功しました。この口コミを詳しく見る,子データとして保存できる利便性に加えて、申請プロセスにおける「承認待ち」の時間がかなり削減されるので使いやすさは抜群です。楽楽精算の改善してほしい点運用の初期段階では操作が複雑で慣れるまで時間が掛かったのと、UIが不親切で統一性に欠けるにでそこを改善していただきたいです。楽楽精算導入で得られた効果・メリット元々は紙で行われていた経費請求ですが、デジタル化の風潮によって導入しました。特に、遠隔地からの申請は郵送に時間を取られていましたが、楽楽精算のおかげでタイムレスに承認まで完了するようになって時間的コストに削減に成功しました。
317,2023/08/02,交通費や領収書など、細かい精算をまとめて精算出来ることがまずいいところ。パソコンが苦手な方でもスムーズに登録できて、面倒なことがない。,いままで使ってきたが、特に難しい操作はなく、改善して欲しいとは思うところは無い。強いて言うならネーミングかな…と。システムの不具合がありましたか？特になし,いままでは個別で書類をまとめて事務に申請したりなど、いちいち手間が多かった。パソコン1つでさっと申請がまとまるので無駄が省けて本当にいいサービスだと思います。,特になし
318,2023/08/02,領収書をデータとして扱えるようになった上に、申請を受理する側の確認作業も人為的なミスがないのでとにかく手間がかからず楽です。,指定した日時にリマインダーメールが送信される仕組みがあると非常に助かります。また、OCRの精度も向上すると嬉しいです。,支払いについて、オンライン化によりテレワークでも使えるのが非常に便利です。また、未処理の支払い申請を把握しやすくなったため、受理漏れが格段に減りました。この口コミを詳しく見る,ータとして扱えるようになった上に、申請を受理する側の確認作業も人為的なミスがないのでとにかく手間がかからず楽です。楽楽精算の改善してほしい点指定した日時にリマインダーメールが送信される仕組みがあると非常に助かります。また、OCRの精度も向上すると嬉しいです。楽楽精算導入で得られた効果・メリット支払いについて、オンライン化によりテレワークでも使えるのが非常に便利です。また、未処理の支払い申請を把握しやすくなったため、受理漏れが格段に減りました。
319,2023/08/02,交通費精算のとき、値段調べなくても路線検索と連動して精算しやすいレシートの写真をアップすることで管理される所過去の精算履歴も残ってるのでそれを流用して精算記載できる,出張時の手当てを追加行をつくって作成しないといけない。通勤の支払いと別になっていること。国内旅費精算出張のタイプで異なるところ,個々に会社携帯を配布されていますが、会社パソコンからも携帯アプリからも精算可能であるので、場所を問わずできることこの口コミを詳しく見る,のとき、値段調べなくても路線検索と連動して精算しやすいレシートの写真をアップすることで管理される所過去の精算履歴も残ってるのでそれを流用して精算記載できる楽楽精算の改善してほしい点出張時の手当てを追加行をつくって作成しないといけない。通勤の支払いと別になっていること。国内旅費精算出張のタイプで異なるところ楽楽精算導入で得られた効果・メリット個々に会社携帯を配布されていますが、会社パソコンからも携帯アプリからも精算可能であるので、場所を問わずできること
320,2023/08/02,現職でかれこれ4年ほど利用しております。前職ではアナログで交通費、出張精算を行なっていた事もあり、画期的に感じました。特に、申請を忘れてしまっていくつも溜まってしまった際も同時にまとめて行える点がありがたいです。ルート検索も同画面で確認もできありがたい。,特にこれといってありませんが、強いて言うなら一時保存と申請タブが初めは少しわかりづらかったです。あとは特にありません。,総務課の担当者へ都度申請していた手間が、一度に申請できる事で手間が双方省け、業務効率が良くなったと思う。この口コミを詳しく見る,これ4年ほど利用しております。前職ではアナログで交通費、出張精算を行なっていた事もあり、画期的に感じました。特に、申請を忘れてしまっていくつも溜まってしまった際も同時にまとめて行える点がありがたいです。ルート検索も同画面で確認もできありがたい。楽楽精算の改善してほしい点特にこれといってありませんが、強いて言うなら一時保存と申請タブが初めは少しわかりづらかったです。あとは特にありません。楽楽精算導入で得られた効果・メリット総務課の担当者へ都度申請していた手間が、一度に申請できる事で手間が双方省け、業務効率が良くなったと思う。
321,2023/08/02,スマホで領収書を撮影することで支払い先や金額を読み取ってくれるのが非常にありがたく、とても効率的である。,領収書の撮影に関してうまく行かないときがある。アルファベットの読み取りが弱いような気がするので改善求む。,支払いを申請するときにいちいち出社しなくて良くなった。入力作業がいらないため時間を有効に使うことができた。この口コミを詳しく見る,収書を撮影することで支払い先や金額を読み取ってくれるのが非常にありがたく、とても効率的である。楽楽精算の改善してほしい点領収書の撮影に関してうまく行かないときがある。アルファベットの読み取りが弱いような気がするので改善求む。楽楽精算導入で得られた効果・メリット支払いを申請するときにいちいち出社しなくて良くなった。入力作業がいらないため時間を有効に使うことができた。
322,2023/08/01,交通費を経路別の費用換算を行ってくれており、定期区間も含めた最安経路を計算してくれる。経由値を設定しても以上の条件を加味して精算してくれる。,スマホ版は使いやすいが、逆にweb版の方が使いにくいという可逆的な仕様。バスの経路なども最安値計算をしてくれるが、電車よりも精度が劣る。,切符を買い、領収書を経理に申請すると言う、煩雑で時間のかかる処理方法から一気にスマートになった。出先から申請が可能になり時間効率も良くなった。この口コミを詳しく見る,路別の費用換算を行ってくれており、定期区間も含めた最安経路を計算してくれる。経由値を設定しても以上の条件を加味して精算してくれる。楽楽精算の改善してほしい点スマホ版は使いやすいが、逆にweb版の方が使いにくいという可逆的な仕様。バスの経路なども最安値計算をしてくれるが、電車よりも精度が劣る。楽楽精算導入で得られた効果・メリット切符を買い、領収書を経理に申請すると言う、煩雑で時間のかかる処理方法から一気にスマートになった。出先から申請が可能になり時間効率も良くなった。
323,2023/07/31,経費申請において、入力作業の簡単さと金額の自動計算によりユーザーのやりたいことを最低限の動きで実現してくれます。スマホからも使える点も高評価です。,毎月の経費申請の締日前日などにメールや通知でリマインドしてくれる機能が欲しいです。リマインドの日程もユーザーが設定できれば嬉しいです。,特に交通費の申請において、毎月の入力作業なだけに金額を調べて自分で入力して、往復の場合は2倍してなどで時間がかかっていました。楽楽精算はすべて自動で計算してくれるためそういった作業が無くなり、効率アップとミスの削減の一石二鳥になっています。この口コミを詳しく見る,おいて、入力作業の簡単さと金額の自動計算によりユーザーのやりたいことを最低限の動きで実現してくれます。スマホからも使える点も高評価です。楽楽精算の改善してほしい点毎月の経費申請の締日前日などにメールや通知でリマインドしてくれる機能が欲しいです。リマインドの日程もユーザーが設定できれば嬉しいです。楽楽精算導入で得られた効果・メリット特に交通費の申請において、毎月の入力作業なだけに金額を調べて自分で入力して、往復の場合は2倍してなどで時間がかかっていました。楽楽精算はすべて自動で計算してくれるためそういった作業が無くなり、効率アップとミスの削減の一石二鳥になっています。
324,2023/07/30,画面をぽちぽちしていればやりたい精算内容に辿り着けるくらいUIの階層構成がシンプルで、万人に使いやすい。,交通費精算などでマイプラン設定が行えるが、精算作業を終了した際にマイプラン登録をするしないを選択できるようにして欲しい,マイプラン登録をすることでの精算作業効率化事前に下書き作成をしておくことで、申請漏れを防ぐことができた。この口コミを詳しく見る,ぽちしていればやりたい精算内容に辿り着けるくらいUIの階層構成がシンプルで、万人に使いやすい。楽楽精算の改善してほしい点交通費精算などでマイプラン設定が行えるが、精算作業を終了した際にマイプラン登録をするしないを選択できるようにして欲しい楽楽精算導入で得られた効果・メリットマイプラン登録をすることでの精算作業効率化事前に下書き作成をしておくことで、申請漏れを防ぐことができた。
325,2023/07/29,精算が早く効率出来るようになったのは良い点である。特に申請もシステム内で出来るので、全て本システムにて完結できるのが更に良い。,備考欄など全角文字しか対応てきないかつ、点「、」などもはじかれるため、その部分に関しては許容度を上げるなどの改善をしてほしい。システムの不具合がありましたか？なし,今までの精算システムより約半分の時間で出来るため、業務が効率化した。特にスマホからでも申請含め出来るので、出先でも簡単に出来るのがメリットである。この口コミを詳しく見る,効率出来るようになったのは良い点である。特に申請もシステム内で出来るので、全て本システムにて完結できるのが更に良い。楽楽精算の改善してほしい点備考欄など全角文字しか対応てきないかつ、点「、」などもはじかれるため、その部分に関しては許容度を上げるなどの改善をしてほしい。システムの不具合がありましたか？なし楽楽精算導入で得られた効果・メリット今までの精算システムより約半分の時間で出来るため、業務が効率化した。特にスマホからでも申請含め出来るので、出先でも簡単に出来るのがメリットである。
326,2023/07/29,領収書読み取り機能(OCR機能)がほんとに便利！スマホのカメラからの領収書撮影で大丈夫なので社用貸与スマホで誰でも利用できます。紙媒体無くしてもチェックが容易になりました。,クラウドサービスなので仕方ないですが、オフライン環境で制限ありでも使用できるようになるとより便利に感じます。,導入前は紙媒体の領収書を不手際で紛失した際に経費として認められないため実費になる社員もいたが、領収書読み取り機能のおかげでこの問題は無くなりました。結果、社員満足度向上につながってます。この口コミを詳しく見る,取り機能(OCR機能)がほんとに便利！スマホのカメラからの領収書撮影で大丈夫なので社用貸与スマホで誰でも利用できます。紙媒体無くしてもチェックが容易になりました。楽楽精算の改善してほしい点クラウドサービスなので仕方ないですが、オフライン環境で制限ありでも使用できるようになるとより便利に感じます。楽楽精算導入で得られた効果・メリット導入前は紙媒体の領収書を不手際で紛失した際に経費として認められないため実費になる社員もいたが、領収書読み取り機能のおかげでこの問題は無くなりました。結果、社員満足度向上につながってます。
327,2023/07/29,PC版もスマホ版もどちらも見やすいデザインで、操作に迷うことがありません。また、不具合なども特に発生していないため、申請〆切間近でトラブルが発生して遅れるといったこともないです。,金額の自動計算などの各種機能は便利なのだが、申請までに行うべき作業が少し多いように感じる。よく使うルートなどは登録しておいて呼び起こして日付を設定するだけで申請できるようにしてほしい。,システム的に事前に申請に必要な事項がすべて明記されており、不足があればエラーが出て気づくことができるため、申請後の修正や差戻がなくなり、申請者によっても承認者にとってもメリットが大きいと思います。この口コミを詳しく見る,マホ版もどちらも見やすいデザインで、操作に迷うことがありません。また、不具合なども特に発生していないため、申請〆切間近でトラブルが発生して遅れるといったこともないです。楽楽精算の改善してほしい点金額の自動計算などの各種機能は便利なのだが、申請までに行うべき作業が少し多いように感じる。よく使うルートなどは登録しておいて呼び起こして日付を設定するだけで申請できるようにしてほしい。楽楽精算導入で得られた効果・メリットシステム的に事前に申請に必要な事項がすべて明記されており、不足があればエラーが出て気づくことができるため、申請後の修正や差戻がなくなり、申請者によっても承認者にとってもメリットが大きいと思います。
328,2023/07/28,申請経路をあらかじめ設定することができるため、毎回申請先を申請者が設定しなくても良い点が楽で良いです。,経路の選択がたまに、下の方までスクロールしないと自分が利用した経路が見つからない場合があるため、普段使っている経路などからある程度絞り込んだり、上の方に持ってきてほしい。,今までは自分で経由駅などを考慮した交通費の計算を行ってから、申請を行わなければいけない手順でしたが、楽楽精算によってその部分を自動化することができたため、計算ミスもなく申請工数もかなり削減できています。この口コミを詳しく見る,あらかじめ設定することができるため、毎回申請先を申請者が設定しなくても良い点が楽で良いです。楽楽精算の改善してほしい点経路の選択がたまに、下の方までスクロールしないと自分が利用した経路が見つからない場合があるため、普段使っている経路などからある程度絞り込んだり、上の方に持ってきてほしい。楽楽精算導入で得られた効果・メリット今までは自分で経由駅などを考慮した交通費の計算を行ってから、申請を行わなければいけない手順でしたが、楽楽精算によってその部分を自動化することができたため、計算ミスもなく申請工数もかなり削減できています。
329,2023/07/28,以前使用して交通費の精算方法では別のサイトを開いて交通費を確認、それを精算するサイトに入力する必要があったが楽楽精算は一つのサイトで完結する。,改善して欲しいところは使用していて特にない。しいていうなら交通費の申請で同じ申請を期間を指定して一括で作成してくれるようになれば楽になる。,確認者も同様にこのサイト1つで完結するし入力間違いもなくなるので確認が楽になっていると思う。申請から支給までのスピードが早くなっている。以前利用していた製品の解約理由導入者では無いので理由は不明この口コミを詳しく見る,て交通費の精算方法では別のサイトを開いて交通費を確認、それを精算するサイトに入力する必要があったが楽楽精算は一つのサイトで完結する。楽楽精算の改善してほしい点改善して欲しいところは使用していて特にない。しいていうなら交通費の申請で同じ申請を期間を指定して一括で作成してくれるようになれば楽になる。楽楽精算導入で得られた効果・メリット確認者も同様にこのサイト1つで完結するし入力間違いもなくなるので確認が楽になっていると思う。申請から支給までのスピードが早くなっている。以前利用していた製品の解約理由導入者では無いので理由は不明
330,2023/07/26,テレワーク下においても、申請から上長確認・担当部署の確認などを踏まえた承認までメールやチャットツールなどで確認するために回覧する必要がなく、スムーズな精算を実現できます。,請求書を取り込む際、取込と申請が別画面で行わなければならないため、取り込んだ後でそのままシームレスに申請まで持っていけるようにしてほしい。,場所や環境（VPNなど）を選ばずアプリ・Webから申請を行える点と、原本を提出しなければいけないという仕組みを排除できるため、時間的・物理的な障害の削減になっています。この口コミを詳しく見る,下においても、申請から上長確認・担当部署の確認などを踏まえた承認までメールやチャットツールなどで確認するために回覧する必要がなく、スムーズな精算を実現できます。楽楽精算の改善してほしい点請求書を取り込む際、取込と申請が別画面で行わなければならないため、取り込んだ後でそのままシームレスに申請まで持っていけるようにしてほしい。楽楽精算導入で得られた効果・メリット場所や環境（VPNなど）を選ばずアプリ・Webから申請を行える点と、原本を提出しなければいけないという仕組みを排除できるため、時間的・物理的な障害の削減になっています。
331,2023/07/26,空いた時間に当月分の交通費の入力を1日単位で行え、申請まで保存しておけるため月末や月初にまとめて入力して漏れがあったり、慌てて作業することを防げています。,他の製品、特に稟議などのワークフローのシステムとの連携を強化してワンストップで申請が行えるようになるともっと楽になると思うので、是非他製品との連携を強化してほしい。,経路を指定すれば金額を自動で計算してくれる機能や、承認経路を自ら正しく設定できる機能などユーザーの正確な申請をうまくサポートしてくれる機能が多く実装されているため、楽しながらミスのない申請をできています。この口コミを詳しく見る,に当月分の交通費の入力を1日単位で行え、申請まで保存しておけるため月末や月初にまとめて入力して漏れがあったり、慌てて作業することを防げています。楽楽精算の改善してほしい点他の製品、特に稟議などのワークフローのシステムとの連携を強化してワンストップで申請が行えるようになるともっと楽になると思うので、是非他製品との連携を強化してほしい。楽楽精算導入で得られた効果・メリット経路を指定すれば金額を自動で計算してくれる機能や、承認経路を自ら正しく設定できる機能などユーザーの正確な申請をうまくサポートしてくれる機能が多く実装されているため、楽しながらミスのない申請をできています。
332,2023/07/25,交通費の申請で出発地と目的地を入力すると自動で料金が反映され入力する箇所が最小限ですみます。会社貸与携帯のアプリから領収書を撮影することで自動でデータ化してくれるためかなり楽で作業時間も短縮されますす。,特に改善点は感じられないですが、強いて言うならお気に入り登録などできる機能があるとより便利だと感じました。自分がよく使うものを登録しておくことですぐに申請に取りかかれるようになると思います。システムの不具合がありましたか？たまにアイコンをクリックしても反応しない時がありました。,申請フローが見やすいため今どこまで承認が進んでいて後何ステップで完了するか一目で分かります。それにより誰が申請を止めているのかが分かり、承認を催促することで申請忘れにより翌月に承認が繰り越されることがなくなりました。,入力項目は最小限にされているため作業時間の短縮や入力ミスを防ぐげるところがポイントです。
333,2023/07/25,パソコンからでもアプリからでも操作できるため、クライアント先等外出時でもその場で経費の精算ができる。申請した経費の承認状況等が確認しやすく、何か不備があった場合でもすぐに対応できる。,自社のオフィス以外にもクライアント先等複数よく行く場所があるので、交通費精算の際に複数の経路をあらかじめ登録、選択して経費精算処理ができるようにしてほしい。システムの不具合がありましたか？特にトラブルはありません。,以前使用していたサービスでは一回一回経費伝票を印刷したり、交通費精算の際には別アプリから電車経路を検索したりとかなり時間がかかっておりました。楽楽精算を使用するようになってからは、アプリで外出先でも操作できたり、楽楽精算内で経費処理が完結できるようになったので、業務の効率化につながっております。,とりあえず楽に経費処理をしたい、経費精算の効率化により業務の生産性を上げたいという方におすすめです。
334,2023/07/25,わかりやすくてシンプルなデザインですので、はじめての方でも操作できると思います。交通費の精算が多いのですが、乗換案内などを自動選択してくれるため、手間がかからず助かっています。,特にはありません。操作画面がわかりやすく、操作がやりやすい作りだと良いです。もう少しデザイン性があればと思います。,導入前はエクセルで管理しており、金額の相違や記入漏等があり多くの時間を要していました。導入してからミスもなくなり大幅な時間短縮が出来て、業務の効率化が成されました。申請側（主に営業）も申請忘れ等が無くなり、評判は良いようです。,ペーパーレスの経費精算が実現しました
335,2023/07/25,Web上での申請が可能なためExcel等スマホとPCで操作感が違って、スマホでは操作しにくいといったことがないのがメリットです。,過去の申請内容をコピーしても乗り換え設定がコピーされず、違う乗り換えで表示されていることがあるので、その点改善してほしいです。,今まで必要だった領収書の原本の提出など、紙での管理・保管が必要だったものが不要になったため申請の際に用意すべきものが極端に減り申請・承認の時間の短縮に繋がっています。この口コミを詳しく見る,の申請が可能なためExcel等スマホとPCで操作感が違って、スマホでは操作しにくいといったことがないのがメリットです。楽楽精算の改善してほしい点過去の申請内容をコピーしても乗り換え設定がコピーされず、違う乗り換えで表示されていることがあるので、その点改善してほしいです。楽楽精算導入で得られた効果・メリット今まで必要だった領収書の原本の提出など、紙での管理・保管が必要だったものが不要になったため申請の際に用意すべきものが極端に減り申請・承認の時間の短縮に繋がっています。
336,2023/07/25,画面の操作が直感で行えるため、難しいことを覚えなくてもよいため、パソコンの苦手な社員でも使いやすそうに感じました。また、交通費の精算に関しては、画面上からルートの検索と運賃の自動入力がされてとても便利だと思います。,ログインして一番はじめの画面で、最もよく使われるであろう新規作成のためのボタンや、過去の履歴を見るボタンがどれなのか、結構分かりづらいです。,導入前は会社の独自システムを使用していて、精算したものは紙にプリントし、裏面に領収書を貼って提出が必要だったため、出社が必須でした。導入後はプリントアウトの必要も少なくなり、コロナ禍を機に自社でも在宅勤務が導入されましたが、精算のために出社をする必要がなくなりとても助かっています。この口コミを詳しく見る,が直感で行えるため、難しいことを覚えなくてもよいため、パソコンの苦手な社員でも使いやすそうに感じました。また、交通費の精算に関しては、画面上からルートの検索と運賃の自動入力がされてとても便利だと思います。楽楽精算の改善してほしい点ログインして一番はじめの画面で、最もよく使われるであろう新規作成のためのボタンや、過去の履歴を見るボタンがどれなのか、結構分かりづらいです。楽楽精算導入で得られた効果・メリット導入前は会社の独自システムを使用していて、精算したものは紙にプリントし、裏面に領収書を貼って提出が必要だったため、出社が必須でした。導入後はプリントアウトの必要も少なくなり、コロナ禍を機に自社でも在宅勤務が導入されましたが、精算のために出社をする必要がなくなりとても助かっています。
337,2023/07/25,領収書の原本の管理が不要となり、すべてオンライン上で管理・申請することができるようになったため経費申請にかかる工数の削減につながっている。,あまり困っていることはないが、理想を言えば、カレンダー機能や予定表などと移動先を連携して、自動で交通費の入力を行いユーザーは確認するだけになればもっと楽になると思います。,今まで〆切ギリギリでの申請になった場合に、差戻等があるとそこからの作業や承認までに時間が掛かっていたが、楽楽精算では、どこを直せばいいのか分かったりスマホからサクッと修正できるので、〆切を超えるリスクを軽減できました。この口コミを詳しく見る,本の管理が不要となり、すべてオンライン上で管理・申請することができるようになったため経費申請にかかる工数の削減につながっている。楽楽精算の改善してほしい点あまり困っていることはないが、理想を言えば、カレンダー機能や予定表などと移動先を連携して、自動で交通費の入力を行いユーザーは確認するだけになればもっと楽になると思います。楽楽精算導入で得られた効果・メリット今まで〆切ギリギリでの申請になった場合に、差戻等があるとそこからの作業や承認までに時間が掛かっていたが、楽楽精算では、どこを直せばいいのか分かったりスマホからサクッと修正できるので、〆切を超えるリスクを軽減できました。
338,2023/07/25,勤務先の交通費や立替経費精算で日常的にしようしています。タイトルにも書きましたが、経費精算も項目がかなり細分化されており、管理者も使用ユーザーも分かりやすいです。交通費も最短最安最近のルートが簡単に出てくるので、事務での確認作業が楽々に出来ています。,領収書等は別のExcelシートに貼っているので、そこがリンクした形で一元化される仕組み（スキャン）してデータを取り込む等が出来れば、尚良いです。システムの不具合がありましたか？今のところ特にありません。,1番は業務の効率化です。導入前は特に交通費について事務での確認作業に非常に時間がかかっていました。導入後、精算申告を見れば一発で確認が取れるので、ストレスなく精算が出来ています。,楽楽精算いう名前の通り、ストレスフリーで経費精算ができます。
339,2023/07/24,なんといっても、製品価格の安さに限ると思う。世の中には機能過多の経費精算システムがある中、楽楽精算は中小企業向けの製品開発から始まっていることもあり、必要十分な機能が揃っている。,上記にも記載した通り、必要十分な機能が揃っていると言うことは、裏返せば不満点もないと言うことになるのだが、あえて言うとすれば、ユーザー数が増えた時の価格帯系だと思う。ボリュームディスカウントが効くような価格にして欲しい。,経費精算の際の業務効率化だと思う。従来は近距離交通費精算の時はジョルダンなどを見て一々金額確認が必要だったが、このシステムでは経路検索も内包されており、大変便利である。この口コミを詳しく見る,ても、製品価格の安さに限ると思う。世の中には機能過多の経費精算システムがある中、楽楽精算は中小企業向けの製品開発から始まっていることもあり、必要十分な機能が揃っている。楽楽精算の改善してほしい点上記にも記載した通り、必要十分な機能が揃っていると言うことは、裏返せば不満点もないと言うことになるのだが、あえて言うとすれば、ユーザー数が増えた時の価格帯系だと思う。ボリュームディスカウントが効くような価格にして欲しい。楽楽精算導入で得られた効果・メリット経費精算の際の業務効率化だと思う。従来は近距離交通費精算の時はジョルダンなどを見て一々金額確認が必要だったが、このシステムでは経路検索も内包されており、大変便利である。
340,2023/07/23,交通費精算の際に、路線検索のサイトと連動していて自動で入力できるところがとても助かる。別で調べて入力する手間が省ける。,出張精算の際に、日当や宿泊代を入れる部分が若干ややこしく感じた。交通費と同じページではなく別ページでやれた方が個人的にはやりやすい。,交通費精算、出張精算、請求書払い、立替精算どれも１回登録してしまえば次回行う際に似た内容であればかなりの時間が削減できる。この口コミを詳しく見る,の際に、路線検索のサイトと連動していて自動で入力できるところがとても助かる。別で調べて入力する手間が省ける。楽楽精算の改善してほしい点出張精算の際に、日当や宿泊代を入れる部分が若干ややこしく感じた。交通費と同じページではなく別ページでやれた方が個人的にはやりやすい。楽楽精算導入で得られた効果・メリット交通費精算、出張精算、請求書払い、立替精算どれも１回登録してしまえば次回行う際に似た内容であればかなりの時間が削減できる。
341,2023/07/23,一目で分かりやすく操作性に優れた画面構成である点です。また交通経路について、経路選択ができるのも助かります。,新幹線のEXカードを利用するときに、通常時と金額が異なるため、企業ごとに特有の選択肢を登録できると助かります。,個人の通勤経路を登録できるため、定期券圏内については自動で省略され、毎月発生する精算業務の効率化に繋がりました。この口コミを詳しく見る,りやすく操作性に優れた画面構成である点です。また交通経路について、経路選択ができるのも助かります。楽楽精算の改善してほしい点新幹線のEXカードを利用するときに、通常時と金額が異なるため、企業ごとに特有の選択肢を登録できると助かります。楽楽精算導入で得られた効果・メリット個人の通勤経路を登録できるため、定期券圏内については自動で省略され、毎月発生する精算業務の効率化に繋がりました。
342,2023/07/23,直感的にわかりやすい操作で、出発駅から到着駅までの運賃を自動で計算してくれるため、手動時よりも大幅に作業短縮が可能。,特にないが、敢えて言えば領収書の読み取り機能があれば、紙を用意する作業が無くなるため、より効率的になると思う。,通常経費精算には印鑑が必要だったものが、楽楽精算を利用することで印鑑の必要がなくなり、テレワークの推進に役立っている。,経費精算に膨大な時間を要している方は、楽楽精算を利用することで大幅な時間短縮が可能
343,2023/07/23,以前は紙のやり取りで、Excelに入力していくというやり方でしたが、スマホからアプリでアップロードすれば自動で取り込めるようになった。,便利に使わせて頂いているので、特に困ることはないのですが、ファイルが１つしか添付できないので、複数添付できるようにしてほしいです。,経費の提出が楽になりました。Excelの手間がなくなり、時短になったのと、乗り換え案内も検索できるので、すべてWeb上で完結できます。この口コミを詳しく見る,やり取りで、Excelに入力していくというやり方でしたが、スマホからアプリでアップロードすれば自動で取り込めるようになった。楽楽精算の改善してほしい点便利に使わせて頂いているので、特に困ることはないのですが、ファイルが１つしか添付できないので、複数添付できるようにしてほしいです。楽楽精算導入で得られた効果・メリット経費の提出が楽になりました。Excelの手間がなくなり、時短になったのと、乗り換え案内も検索できるので、すべてWeb上で完結できます。
344,2023/07/23,主に出張精算や経費精算があった際に使っているが使いやすい。レシートの読み取りはスムーズでuiも使いやすくなっている。,レシート内に軽減税率と通常の税率が併記されている場合、処理がわかりづらい。また使った項目を記憶して次回表示して欲しい。,日々の精算業務がスマホ一つでできるため、会社に出社し書類を提出すると言った手間が省けるので非常に効率的。この口コミを詳しく見る,算や経費精算があった際に使っているが使いやすい。レシートの読み取りはスムーズでuiも使いやすくなっている。楽楽精算の改善してほしい点レシート内に軽減税率と通常の税率が併記されている場合、処理がわかりづらい。また使った項目を記憶して次回表示して欲しい。楽楽精算導入で得られた効果・メリット日々の精算業務がスマホ一つでできるため、会社に出社し書類を提出すると言った手間が省けるので非常に効率的。
345,2023/07/23,定期区間を考慮してくれるので、金額修正しなくて楽です。また、一時保存もできるので、安心して使えます。,ICカードの履歴から読み取り、日付から自動的にリスト作成できるようになれば、かなり楽になるかと思います。,領収書をスマホからカメラで撮れば、申請できるので、出張の帰りに済ませられるので時間を効率的に使えます。この口コミを詳しく見る,考慮してくれるので、金額修正しなくて楽です。また、一時保存もできるので、安心して使えます。楽楽精算の改善してほしい点ICカードの履歴から読み取り、日付から自動的にリスト作成できるようになれば、かなり楽になるかと思います。楽楽精算導入で得られた効果・メリット領収書をスマホからカメラで撮れば、申請できるので、出張の帰りに済ませられるので時間を効率的に使えます。
346,2023/07/23,今までは会社に戻ってから領収書をPDF化して申請する必要があったが、スマホから経費精算処理ができるので、精算し忘れが格段に減った。,少しだけだが、UIが分かりにくい部分があり、導入当初は入力間違いがよく発生していた。入力箇所を極力減らすことができれば尚良い。,経費精算処理が必要な本人が作業をする必要があるため、精算漏れの責任の所在などが明確になった。また、スタッフの雑務対応時間の削減に繋がった。この口コミを詳しく見る,社に戻ってから領収書をPDF化して申請する必要があったが、スマホから経費精算処理ができるので、精算し忘れが格段に減った。楽楽精算の改善してほしい点少しだけだが、UIが分かりにくい部分があり、導入当初は入力間違いがよく発生していた。入力箇所を極力減らすことができれば尚良い。楽楽精算導入で得られた効果・メリット経費精算処理が必要な本人が作業をする必要があるため、精算漏れの責任の所在などが明確になった。また、スタッフの雑務対応時間の削減に繋がった。
347,2023/07/22,同じ内容を繰り返し登録する作業を省略することが出来る。経費精算では同じ経路の申請をする事が多々ある事から、良い機能であると思う,新規入力の手間がもう少し楽になると使い勝手が良いと思う。過去に入力した内容を一部複写できるとさらに良い。,業務時間の短縮に繋がることが最大のメリットであると思う。また、社内の管理部側が確認しやすいことも特徴である。この口コミを詳しく見る,繰り返し登録する作業を省略することが出来る。経費精算では同じ経路の申請をする事が多々ある事から、良い機能であると思う楽楽精算の改善してほしい点新規入力の手間がもう少し楽になると使い勝手が良いと思う。過去に入力した内容を一部複写できるとさらに良い。楽楽精算導入で得られた効果・メリット業務時間の短縮に繋がることが最大のメリットであると思う。また、社内の管理部側が確認しやすいことも特徴である。
348,2023/07/22,簡単で分かりやすい操作性とリアルタイムでの申請と承認も進捗が逐一確認可能。レシートもデジタル化可能なので申請側も経理側も作業が効率化される。,レシートのOCR精度の向上と外部連携サービスの充実。また、申請の種別項目をより簡易的に追加出来ると助かる。,経費管理の容易さだけでなく、経理側でのデータの整理や分析、経費精算の透明性や精度が向上し、社内での経費精算に対する抵抗感が低下し、同時に経費に対する意識も高まったと感じる。この口コミを詳しく見る,りやすい操作性とリアルタイムでの申請と承認も進捗が逐一確認可能。レシートもデジタル化可能なので申請側も経理側も作業が効率化される。楽楽精算の改善してほしい点レシートのOCR精度の向上と外部連携サービスの充実。また、申請の種別項目をより簡易的に追加出来ると助かる。楽楽精算導入で得られた効果・メリット経費管理の容易さだけでなく、経理側でのデータの整理や分析、経費精算の透明性や精度が向上し、社内での経費精算に対する抵抗感が低下し、同時に経費に対する意識も高まったと感じる。
349,2023/07/22,経費・交通費申請における申請がオンラインで出来るようになり便利です。アップロード機能も時間があまりかからなくてストレスフリーで使えています。,リマインダー機能を実装してほしいです。期限の○日前にアラートするなどの設定を自分で設定できるようにしたい。,申請漏れがあった場合にも上長の承認前であれば、自ら差戻ができ編集ができる点が便利で使いやすく、再申請などの余計な手間を省けています。この口コミを詳しく見る,費申請における申請がオンラインで出来るようになり便利です。アップロード機能も時間があまりかからなくてストレスフリーで使えています。楽楽精算の改善してほしい点リマインダー機能を実装してほしいです。期限の○日前にアラートするなどの設定を自分で設定できるようにしたい。楽楽精算導入で得られた効果・メリット申請漏れがあった場合にも上長の承認前であれば、自ら差戻ができ編集ができる点が便利で使いやすく、再申請などの余計な手間を省けています。
350,2023/07/22,とにかく、スピーディーに申請から承認ができるため、業務効率化を実現できました。交通費の区間チェックができるため、安く早いルートを利用したかが一目でわかる。,困っているわけではありませんが、スキャンの精度があまり良くない印象です。サクサクできれば助かります。システムの不具合がありましたか？ありません。,今までエクセルで処理を行っていたため、とても時間を取られていた。その作業がオンラインで完結するため、経費精算に対する時間が減りました。ペーパーレスの経費精算が実現できて助かっています。,経費精算の電子化の助けとなるシステムです。
351,2023/07/20,物品の購入や交通費の申請などに上長の承認が必要で、今までは紙媒体でハンコをもらって承認をもらう必要があり時間や手間がかかりましたが、その手間がなくなりシステム上で完結できるのでとても楽になりました。,申請に関して、交通費は明細を日付ごとに追加する必要がありますが、一つ一つ追加するのが面倒なので1か月分など一気に追加できる機能が欲しいなと思います。,申請内容が電子化されるので、参照するのが楽になるというメリットがあります。過去の情報を見るのに今までは紙のデータを探す必要がありましたが、今では楽楽精算の履歴を見ればすぐに見つけることができるのが便利です。,UIもわかりやすく使いやすい申請ツールを探している方におすすめです。
352,2023/07/20,スムーズな承認プロセスにより、上司や経理部門が簡単に経費を確認・承認できます。統計情報の分析で経費の内訳や傾向を把握しやすくなり、コスト削減策にも活用できます。,さまざまな経費に対応する機能の追加やアップデートが必要な場合もあります。また、利用者が問題に直面した際のサポート体制を強化する必要があると感じました。,出張中に発生した交通費や飲食費をスマートフォンで撮影したレシートをアプリにアップロードし、承認されるまでのプロセスがスムーズでした。経費精算にかかる時間が従来よりも大幅に削減され、面倒な業務が１０分で完了しました。この口コミを詳しく見る,承認プロセスにより、上司や経理部門が簡単に経費を確認・承認できます。統計情報の分析で経費の内訳や傾向を把握しやすくなり、コスト削減策にも活用できます。楽楽精算の改善してほしい点さまざまな経費に対応する機能の追加やアップデートが必要な場合もあります。また、利用者が問題に直面した際のサポート体制を強化する必要があると感じました。楽楽精算導入で得られた効果・メリット出張中に発生した交通費や飲食費をスマートフォンで撮影したレシートをアプリにアップロードし、承認されるまでのプロセスがスムーズでした。経費精算にかかる時間が従来よりも大幅に削減され、面倒な業務が１０分で完了しました。
353,2023/07/19,経費の項目もわかりやすくカスタムができるのと項目に合わせた仕訳データも設定ができるので、うれしい機能です。会社クレジットカードとの連携もでき、一目で漏れなどが分かるので、すぐに申請ができます。,今まで特には感じておりませんでしたが、職種上いろんな部署のものを買うことがあり、アプリの方だけ部門が選べないのが少し残念です。なので、アプリの方で領収書を撮影し、PCで申請をしております。,今までエクセルに記入して、印刷して裏に張り付けてと…原始的で、領収書を溜めてから申請という流れを繰り返しておりました。新規導入をし驚きました。経費精算のスピードが格段と速くなったので、領収書を溜めなくなりました。,設定までと導入の慣れまでは大変ですが、本当に経理の人が笑顔になります。
354,2023/07/18,スマートフォンから経費精算ができるため、領収書が手元にあれば、スムーズな経費精算が可能となるため、営業の出先からも精算でき、非常に便利。,たくさん機能があるからだと思うが、インターフェースがわかりにくい。もう少し絵を増やすなどして、視覚的、直感的に操作できると嬉しいです。,繰り返し生じる同じ内容の経費精算は登録すれば、ある程度ルーチン化できるため、入力の手間が減り、業務効率が向上する。,営業人数が多く、紙で経費精算していれば、メリットが大きいと思われます。
355,2023/07/17,ペーパーレス化により、紙の保管が不要になり、保管場所が必要なる。POSレジからの転機ミスが無くなり、本部と支店との無駄なやり取りにかける時間とストレスがなくなる。インボイスに対応、電帳法に対応することができる。,本部は楽になったが、各支店は紙の収支日報に比べて時間と手間がかかり、「全然ラクラクじゃない。」との意見が多数あった。POSレジからデータを取り込ませた時点で、自動で数字が入力されると、支店側もメリットを感じられると思う。システムの不具合がありましたか？全事業所で、スムーズに楽楽精算を使いこなすようになるのに時間がかかった。支店では、紙の収支日報使用時に比べて、楽楽精算で行う収支日報にかける時間と手間が多く、苦情があがり残業が増えた。,日々の収支日報や小口現金出納帳のペーパーレス化が実現できたこと。導入前は、各支店がエクセルで作成した小口現金出納帳や収支報告の手書きの用紙を、毎月月初に本部が改めて別の会計ソフトに手入力していたが、楽楽精算導入後は、支店からの申請されるデータを承認するだけで、会計ソフトに移行され、大幅な手間と時間を短縮できた。また、転機ミスがなくなり支店との無駄なやり取りが無くなった。これについては、本部と支店の両者とも満足している。以前利用していた製品の解約理由全てをペーパーレス化することができなかったため、電帳法に対応できないから。,会計ソフトと連動できるので、本部業務が大変なところは、導入する価値は高いと思う。
356,2023/07/17,承認側からすると、個別や、一括での精算承認処理が出来るのでとても助かっている。自身の精算処理もパソコンだけでなくスマホでも出来て、領収書も撮影すれば自動読み取りしてくれて非常に簡単。,項目ごとに精算しなければならないのが少し手間に感じる。一日は一行で完結出来たら良いと思います。領収書読み取りももう少し向上してほしい。,部下の精算承認処理が簡単で一気に処理出来るので時短に繋がる。処理で時間をかけたくないので非常に助かる。振り込みのタイミングが早く、日程もわかりやすいので、金欠になりそうな時でも安心感がある。,申請側、承認側いずれも使いやすいので、溜め込む事が少なくなる。
357,2023/07/16,経費精算だけでなく、経費の使用申請から承認取得といった作業も楽楽精算のシステム上で行えるのでスムーズに経理関連作業が出来るのが良い点だと感じている。,経費精算時にレシートや領収書を添付する際に、添付ファイルを1つしかアップロード出来ないので、複数の領収書などのデータをアップロードする場合はZipファイルにまとめるのが手間である。,これまで社内の経費精算は紙ベースでの運用を行っており、経費の使用申請は手書きの管理表を作成していたので、管理表の作成や承認の取得に時間がかかっていた。楽楽精算の導入によってシステム上で申請や承認作業が可能になり、対面で直接押印するといった手間が省くことができた。この口コミを詳しく見る,けでなく、経費の使用申請から承認取得といった作業も楽楽精算のシステム上で行えるのでスムーズに経理関連作業が出来るのが良い点だと感じている。楽楽精算の改善してほしい点経費精算時にレシートや領収書を添付する際に、添付ファイルを1つしかアップロード出来ないので、複数の領収書などのデータをアップロードする場合はZipファイルにまとめるのが手間である。楽楽精算導入で得られた効果・メリットこれまで社内の経費精算は紙ベースでの運用を行っており、経費の使用申請は手書きの管理表を作成していたので、管理表の作成や承認の取得に時間がかかっていた。楽楽精算の導入によってシステム上で申請や承認作業が可能になり、対面で直接押印するといった手間が省くことができた。
358,2023/07/15,いままでは、紙の領収書を財布に貯めていました。中には紛失をしてしまう事も多々ありましたが、領収書をスマホのカメラで保存するだけなので楽です。,カメラの読み取りの機能があるのですが、読み込み間違いがあるのに気がつかず提出してしまう事があり、精度があがると嬉しいです。,紙媒体での領収書の管理が不要となり又保管についてもデータとなり管理が楽になると思います。又利用側も手書きがなくなり申請が楽になります。この口コミを詳しく見る,、紙の領収書を財布に貯めていました。中には紛失をしてしまう事も多々ありましたが、領収書をスマホのカメラで保存するだけなので楽です。楽楽精算の改善してほしい点カメラの読み取りの機能があるのですが、読み込み間違いがあるのに気がつかず提出してしまう事があり、精度があがると嬉しいです。楽楽精算導入で得られた効果・メリット紙媒体での領収書の管理が不要となり又保管についてもデータとなり管理が楽になると思います。又利用側も手書きがなくなり申請が楽になります。
359,2023/07/15,交通費申請の際に、経路を選択すると金額が自動計算されるため、毎回検索をかける必要がなく正しい金額で申請することができます。,請求書や領収書などのアップロードで自動で金額などを取込むことができるが、会社名など、たまに正しく読み込めないことがある。,交通費申請・経費申請にて利用しておりますが、スマホからでも申請ができ、操作性も良いため申請をするためだけに毎回PCを開く必要がないのがメリットです。この口コミを詳しく見る,の際に、経路を選択すると金額が自動計算されるため、毎回検索をかける必要がなく正しい金額で申請することができます。楽楽精算の改善してほしい点請求書や領収書などのアップロードで自動で金額などを取込むことができるが、会社名など、たまに正しく読み込めないことがある。楽楽精算導入で得られた効果・メリット交通費申請・経費申請にて利用しておりますが、スマホからでも申請ができ、操作性も良いため申請をするためだけに毎回PCを開く必要がないのがメリットです。
360,2023/07/13,楽楽精算は、経費精算の手間を大幅に減らし、経理部門の作業効率を向上させる優れたソリューションです。レシートの撮影からデータの自動入力、経理部門への自動報告までを一貫して対応し、従業員の手間を最小限に抑えています。また、リアルタイムで経費の状況を把握できるため、経理管理がよりスムーズになりました。,ほとんど問題はありませんが、外国通貨の経費精算に対応するための機能がもう少し強化されると、国際ビジネスを行う企業にとっては便利になると思います。システムの不具合がありましたか？特に大きなトラブルはありませんでした。初期の設定や使い方については、カスタマーサポートに問い合わせたところ、迅速に対応してくれました。,楽楽精算の導入前は、経費精算の処理が手作業で行われており、非常に時間とリソースを消費していました。しかし、楽楽精算の導入により、手作業の時間を大幅に短縮し、経理部門の効率が大幅に向上しました。,楽楽精算は、経費精算と経理管理を効率的に行うための強力なツールです。特に、多くの従業員が経費精算を行う企業にとって、その自動化と効率化は大きなメリットとなるでしょう。さらに、リアルタイムの経費状況把握も、経費管理をより透明性と効率性をもたらします。
361,2023/07/11,領収証をスマホで読み取り、そのまま経費精算として使用できるのはとても便利です。導入当時は領収証の読み取り時に文字化けも発生していましたが、今ではほとんど文字化けすることもなくOCRできています。交通費の精算などはよく使うルートをマイパターンに登録できるのも便利です。,機能的に難しいのかもしれませんが、マイパターンに登録したルートで料金改定されると自分で再登録する必要があるので、自動反映してくれるとありがたいです。あと稀にアプリを強制的にアップデートしないと使えなくなるのも改善して欲しいです。システムの不具合がありましたか？アプリの強制アップデートが必要になった際にブラウザー版を使用しないといけない点。,利用者側のメリットとしてはスマホがあれば領収証をアプリで撮影して、領収証の内容が自動反映され、それをもとにすぐに経費申請ができる点は利便性が高まったと思います。また決裁者や経理部門としては紙での誤記入、記載漏れなどのチェックが楽になり業務効率化に繋がっています。,CMでおなじみのサービスですが、紙での経費精算がなくなることは本当に楽楽になると思います。
362,2023/07/09,交通費申請の場合、経路について乗車駅、降車駅を入力すれば運賃が自動的に計算されるため金額のミスを防ぐことができます。,乗り換えが必要な駅を選択する場合に、自動的に経路がまず設定されているのだが、あきらかに遠回りな経路が設定されることがあり、現実的な選択肢としてあり得ないので、もう少し現実味のある経路をデフォルト設定してくれると直す手間が省けます。,タクシーを使った場合や、出張などの申請時においても領収書をアップロードすることで申請が完了するため、領収書を別途提出する必要がなく申請にかかる工数と手間が削減されています。この口コミを詳しく見る,の場合、経路について乗車駅、降車駅を入力すれば運賃が自動的に計算されるため金額のミスを防ぐことができます。楽楽精算の改善してほしい点乗り換えが必要な駅を選択する場合に、自動的に経路がまず設定されているのだが、あきらかに遠回りな経路が設定されることがあり、現実的な選択肢としてあり得ないので、もう少し現実味のある経路をデフォルト設定してくれると直す手間が省けます。楽楽精算導入で得られた効果・メリットタクシーを使った場合や、出張などの申請時においても領収書をアップロードすることで申請が完了するため、領収書を別途提出する必要がなく申請にかかる工数と手間が削減されています。
363,2023/07/08,申請内容について誤った内容に気が付いた場合には承認前であれば取り下げをすることができ、申請内容を修正できるので1から申請直す必要がない点が良いです。,申請を行う際のユーザーの入力などの手間が以前と比べて激減するなどメリットが大きいため、不便に感じている点は特段ありません。,領収書などの現物を提出する必要がなくなり、わざわざ出社する必要がなくなったので業務の合間を縫って出社の日程を調整するなどの不要な手間を省くことができるようになりました。この口コミを詳しく見る,ついて誤った内容に気が付いた場合には承認前であれば取り下げをすることができ、申請内容を修正できるので1から申請直す必要がない点が良いです。楽楽精算の改善してほしい点申請を行う際のユーザーの入力などの手間が以前と比べて激減するなどメリットが大きいため、不便に感じている点は特段ありません。楽楽精算導入で得られた効果・メリット領収書などの現物を提出する必要がなくなり、わざわざ出社する必要がなくなったので業務の合間を縫って出社の日程を調整するなどの不要な手間を省くことができるようになりました。
364,2023/07/07,交通費申請で主に使用していますが、乗り換え駅の指定もしっかりと出来、それによって金額の自動計算を行ってくれるため毎回調べる必要がなくて楽です。,申請が1日単位での作成しかできないため、日数分申請を作成することになり少し手間なので、申請したい日にちを複数日選べるようになれば一度に申請が完了して更に良いと思います。,領収書などについても完全にペーパーレス化することができたので、領収書をなくして申請ができなくなったり申請用紙の管理の必要もなくなったので、ミスなく安全に申請することができるようになりました。この口コミを詳しく見る,で主に使用していますが、乗り換え駅の指定もしっかりと出来、それによって金額の自動計算を行ってくれるため毎回調べる必要がなくて楽です。楽楽精算の改善してほしい点申請が1日単位での作成しかできないため、日数分申請を作成することになり少し手間なので、申請したい日にちを複数日選べるようになれば一度に申請が完了して更に良いと思います。楽楽精算導入で得られた効果・メリット領収書などについても完全にペーパーレス化することができたので、領収書をなくして申請ができなくなったり申請用紙の管理の必要もなくなったので、ミスなく安全に申請することができるようになりました。
365,2023/07/06,申請の内容別にボタンが分かれているので使いやすいです。請求書や領収書などもPDFでアップするのは簡単で、スムーズな流れで申請を行うことができます。特に交通費申請は利用駅の検索から運賃まで自動で選択できるので便利です。,使い方の問題なのかもしれませんが、経費申請などの金額を入れる窓にデフォルトで0が入っていて、一旦削除してから数字を入れないと0が追加されてしまうので、毎回もどかしく感じているので改善していただけると嬉しいです。システムの不具合がありましたか？トラブルは特にありません。,承認者の押印も不要なので各種申請のペーパーレス化が実現しました。また、経費申請に関しては、金額によって承認フローを設定できるのでとても便利です。この口コミを詳しく見る,別にボタンが分かれているので使いやすいです。請求書や領収書などもPDFでアップするのは簡単で、スムーズな流れで申請を行うことができます。特に交通費申請は利用駅の検索から運賃まで自動で選択できるので便利です。楽楽精算の改善してほしい点使い方の問題なのかもしれませんが、経費申請などの金額を入れる窓にデフォルトで0が入っていて、一旦削除してから数字を入れないと0が追加されてしまうので、毎回もどかしく感じているので改善していただけると嬉しいです。システムの不具合がありましたか？トラブルは特にありません。楽楽精算導入で得られた効果・メリット承認者の押印も不要なので各種申請のペーパーレス化が実現しました。また、経費申請に関しては、金額によって承認フローを設定できるのでとても便利です。
366,2023/07/06,過去の申請内容を参照できたり、定期の登録などができるためユーザーの入力作業そのものが簡略化されていて申請そのものが楽になりました。,領収書のアップロード機能があり便利なのですが、読み取り精度がたまに悪いことがありますので改善してほしいです。,経費申請・交通費申請において、金額の自動計算、算出を行ってくれるため金額の入力ミスがなくなり申請の差戻しを受けることが激減しました。この口コミを詳しく見る,内容を参照できたり、定期の登録などができるためユーザーの入力作業そのものが簡略化されていて申請そのものが楽になりました。楽楽精算の改善してほしい点領収書のアップロード機能があり便利なのですが、読み取り精度がたまに悪いことがありますので改善してほしいです。楽楽精算導入で得られた効果・メリット経費申請・交通費申請において、金額の自動計算、算出を行ってくれるため金額の入力ミスがなくなり申請の差戻しを受けることが激減しました。
367,2023/07/05,オンライン上で精算出来るので、時間がかからずスムーズに使える。乗換案内と連動しているので、駅を選択すれば交通費が自動で計算される。,この製品が悪い訳ではないのですが、会社のルールとして原本の提出、印鑑の押印が必要なため、オンラインだけでは精算出来ず、非効率な部分がある。この製品のみで精算出来るように出来たらとても良い。システムの不具合がありましたか？特になし。,これまでエクセルで作成していたため、時間がかかっていた。また日付など選択するだけの部分もあるのでミスが減った。,使い勝手が良いので、この製品のみで精算出来るよう検討してほしい。
368,2023/07/02,出発駅と到着駅を検索で選択できるが、地味に予測検索が嬉しいです。また、経路もきちんと設定できるため実態に即した申請が問題なくできています。,交通費申請の場合、入力作業自体はそんなに難しいものでもないのですが、モバイルスイカと連動して自動的に精算前の段階まで入力作業などをしてくれると嬉しいです。,PCだけでなくスマホからでも申請ができるため、毎日入力をしようと考えたときに、電車内でスマホから入力・申請ができるのが業務の時間を使わず手間が減った。この口コミを詳しく見る,着駅を検索で選択できるが、地味に予測検索が嬉しいです。また、経路もきちんと設定できるため実態に即した申請が問題なくできています。楽楽精算の改善してほしい点交通費申請の場合、入力作業自体はそんなに難しいものでもないのですが、モバイルスイカと連動して自動的に精算前の段階まで入力作業などをしてくれると嬉しいです。楽楽精算導入で得られた効果・メリットPCだけでなくスマホからでも申請ができるため、毎日入力をしようと考えたときに、電車内でスマホから入力・申請ができるのが業務の時間を使わず手間が減った。
369,2023/07/01,PCを開かずともスマホから経費申請・交通費申請が簡単な操作で行えるところが使っていて利便性を高く感じます。,申請内容のコピーはできるものの、1件ずつ申請を行うことしかできないので、まとめて数日分の交通費申請ができると楽だと思います。,領収書のアップロード機能が便利で重宝しています。原本を保管・提出する必要がなくなったので、郵送や会社に持ち込む必要がなくなりました。この口コミを詳しく見る,ずともスマホから経費申請・交通費申請が簡単な操作で行えるところが使っていて利便性を高く感じます。楽楽精算の改善してほしい点申請内容のコピーはできるものの、1件ずつ申請を行うことしかできないので、まとめて数日分の交通費申請ができると楽だと思います。楽楽精算導入で得られた効果・メリット領収書のアップロード機能が便利で重宝しています。原本を保管・提出する必要がなくなったので、郵送や会社に持ち込む必要がなくなりました。
370,2023/07/01,交通費申請の精算画面が分かりやすくて使いやすいです。出発駅・経路・到着駅を選ぶと自動で金額入力してくれるのが楽でいいです。,毎月の締日があるため、締日の数日前にリマインドメールなどを送ってくれる機能があると更に便利になると思います。,金額などを毎回調べる必要がなくなったので、その分の手間と工数が削減できたのと金額の入力誤りが無くなったので差戻などもなく申請がスムーズになりました。この口コミを詳しく見る,の精算画面が分かりやすくて使いやすいです。出発駅・経路・到着駅を選ぶと自動で金額入力してくれるのが楽でいいです。楽楽精算の改善してほしい点毎月の締日があるため、締日の数日前にリマインドメールなどを送ってくれる機能があると更に便利になると思います。楽楽精算導入で得られた効果・メリット金額などを毎回調べる必要がなくなったので、その分の手間と工数が削減できたのと金額の入力誤りが無くなったので差戻などもなく申請がスムーズになりました。
371,2023/06/30,スマホからの申請もでき、操作も簡単なため比較的時間を取らずに各種申請を済ませることができるのは良い点だと思います。,過去に申請した内容でもコピーしたり新たに申請しようとすると、経路がデフォルトのものに直っていることがあるため以前使った経路をそのまま保存できるようにしてほしい。,申請内容のコピー機能が非常に良いです。交通費申請で数日間同じ場所へ訪問した際などに、内容をそのままコピーすることができ入力の手間が省けて、申請にかかる時間そのものの短縮に繋がっています。この口コミを詳しく見る,の申請もでき、操作も簡単なため比較的時間を取らずに各種申請を済ませることができるのは良い点だと思います。楽楽精算の改善してほしい点過去に申請した内容でもコピーしたり新たに申請しようとすると、経路がデフォルトのものに直っていることがあるため以前使った経路をそのまま保存できるようにしてほしい。楽楽精算導入で得られた効果・メリット申請内容のコピー機能が非常に良いです。交通費申請で数日間同じ場所へ訪問した際などに、内容をそのままコピーすることができ入力の手間が省けて、申請にかかる時間そのものの短縮に繋がっています。
372,2023/06/28,精算時の申請においてペーパーレス化を実現するとともに、ユーザーの入力作業を軽減してくれる点がメリットとして大きいです。,現在は交通費精算において、該当する日付ごとに分けて申請が必要ですが、期間指定や何日間など選択できるようになればもっと楽になります。,毎月精算する領収書の管理が圧倒的に楽になりました。領収書原本を提出する必要がなくアップデートできるため、管理と提出作業の2点において、工数削減とストレスから解放されています。この口コミを詳しく見る,請においてペーパーレス化を実現するとともに、ユーザーの入力作業を軽減してくれる点がメリットとして大きいです。楽楽精算の改善してほしい点現在は交通費精算において、該当する日付ごとに分けて申請が必要ですが、期間指定や何日間など選択できるようになればもっと楽になります。楽楽精算導入で得られた効果・メリット毎月精算する領収書の管理が圧倒的に楽になりました。領収書原本を提出する必要がなくアップデートできるため、管理と提出作業の2点において、工数削減とストレスから解放されています。
373,2023/06/27,申請のコピー機能が凄く楽で、非常に便利です。また、スマホでも対応しているおり使いやすさも変わらないので、PC版とスマホ版で場所や場面によって使い分けができるのもメリットです,領収書のアップロードにおいて、正しく読み込んでくれなくて修正が必要なケースがたまに発生します。二度手間なため、改善してほしいです。,移動先が数カ月単位でだいたい同じのため、毎回入力する手間を軽減してくれるのは精算時の工数削減とストレスの削減に大いに貢献してくれています。この口コミを詳しく見る,ー機能が凄く楽で、非常に便利です。また、スマホでも対応しているおり使いやすさも変わらないので、PC版とスマホ版で場所や場面によって使い分けができるのもメリットです楽楽精算の改善してほしい点領収書のアップロードにおいて、正しく読み込んでくれなくて修正が必要なケースがたまに発生します。二度手間なため、改善してほしいです。楽楽精算導入で得られた効果・メリット移動先が数カ月単位でだいたい同じのため、毎回入力する手間を軽減してくれるのは精算時の工数削減とストレスの削減に大いに貢献してくれています。
374,2023/06/25,経費精算の入力作業が簡単なため、かなり工数を削減されています。またスマホにも対応しているため、気が付いたタイミングで申請できるのが楽です。,アップロード機能が便利ですが、サイズが大きいと取り込めないことがあるため、その時はリサイズしなければいけないのが手間です。,各種申請をワークフロー化し、その申請が承認されたかどうかを追うことができるため、申請漏れや二重申請が起きにくい仕組みになっていて整理が楽になっています。この口コミを詳しく見る,入力作業が簡単なため、かなり工数を削減されています。またスマホにも対応しているため、気が付いたタイミングで申請できるのが楽です。楽楽精算の改善してほしい点アップロード機能が便利ですが、サイズが大きいと取り込めないことがあるため、その時はリサイズしなければいけないのが手間です。楽楽精算導入で得られた効果・メリット各種申請をワークフロー化し、その申請が承認されたかどうかを追うことができるため、申請漏れや二重申請が起きにくい仕組みになっていて整理が楽になっています。
375,2023/06/25,交通費・各種申請、精算において、過去の申請内容を記憶し呼び出し可能であったり金額の自動入力などユーザーの手間を削減してくれる役立つ機能が多いです。,現状、電車には対応しているが、バスには対応していないのでバス停の検索・申請も入力を電車のように簡略化できると助かります。,今までは月初に前月の交通費をまとめて申請する仕組みだったので、タイミングを逃したり忘れてしまっていて申請が漏れていたことがありましたが、楽楽精算では都度入力できるため申請漏れが無くなりました。この口コミを詳しく見る,種申請、精算において、過去の申請内容を記憶し呼び出し可能であったり金額の自動入力などユーザーの手間を削減してくれる役立つ機能が多いです。楽楽精算の改善してほしい点現状、電車には対応しているが、バスには対応していないのでバス停の検索・申請も入力を電車のように簡略化できると助かります。楽楽精算導入で得られた効果・メリット今までは月初に前月の交通費をまとめて申請する仕組みだったので、タイミングを逃したり忘れてしまっていて申請が漏れていたことがありましたが、楽楽精算では都度入力できるため申請漏れが無くなりました。
376,2023/06/24,楽楽明細と会社のシステムを連携してから領収書など経費の紙ベースでの処理がなくなり、ファイリングの手間が省け非常に助かっています。,領収書の電子化で便利な一方、読み取りの精度がたまに良くない気がします。ただそれでも他社のソフトと比べると使いやすいと思います。,シンプルに経費精算が楽になり、ファイルもわかりやすく保管できると思います。また楽楽精算導入後は時間が効率的に使えています。,基本的に請求書の処理などスムーズなので一度検討してみてはいかがでしょうか。
377,2023/06/21,経費精算の際に使用していますがレシートを読み込んだ際に文字を自動で識別して反映してくれる機能が便利です。,上記の項目が便利ですが読み取りの際にたまに誤字として認識されて間違った文字が入力される事があるため精度を上げて欲しいです。,経費精算の際、紙で手書きして作成していましたがスマホで読り、スマホで作成する事で印刷の必要もなく外出先でも気軽に精算作業が出来るためとても便利に感じています。この口コミを詳しく見る,際に使用していますがレシートを読み込んだ際に文字を自動で識別して反映してくれる機能が便利です。楽楽精算の改善してほしい点上記の項目が便利ですが読み取りの際にたまに誤字として認識されて間違った文字が入力される事があるため精度を上げて欲しいです。楽楽精算導入で得られた効果・メリット経費精算の際、紙で手書きして作成していましたがスマホで読り、スマホで作成する事で印刷の必要もなく外出先でも気軽に精算作業が出来るためとても便利に感じています。
378,2023/06/19,特に良い点は、交通費でバスと電車で通勤する人でも、バス停の名前から会社の最寄り駅の名前を入れるだけで簡単に交通費を計算してくれること。,一時保存がたまに消えたりすることがある。こまめにやれば問題はないが承認者側が少し面倒くさいと思うことがあるかもしれない。システムの不具合がありましたか？たまに一時保存が消えてしまう。,今まで精算していなかった少額の経費でも、申請をするようになった。また、1日一回精算することで打ち忘れが無くなった。,圧倒的に交通費精算の楽さです。
379,2023/06/19,出張前に申請をする際から便利になりました。交通費の検索も楽で出張申請が正確になります。出張後の経費精算もかなり時間短縮となりました。領収書はＰＤＦで対応で早いです。現場からの声としてお勧めです！,各地のバスをもう少し対応して欲しいです。新幹線のEX予約の料金も反映していただけるともっと嬉しいです。ただ、これは少し手直しすれば良いだけなので現状でも満足しています。システムの不具合がありましたか？特にありません,非正味の時間を削減することで正味の時間を捻出できます。出張前の申請時から出張を意味のあるものにする意識付けにもなっています。,出張申請や清算、請求書対応など費用対効果を考えるとおススメです！
380,2023/06/17,CSV取り込みもできるのでたくさんの明細を簡単に追加することができる。過去のものをコピーして月を変えて使うこともできるのが便利です。,添付が一つしかできないこと。承認フローの中で何個か添付が必要になった場合はあらかじめ請求書のアップロードをして明細追加をしてから添付しないといけないのがややこしくて慣れるまでが大変なこと。,現状部署の経費精算でしか使用したことはないが、初心者でもシンプルでわかりやすいです。明細がたくさんある場合はCSVで取り込むなど１つ以上の明細がある場合でも一度申請すれば次からは楽に申請することができます。この口コミを詳しく見る,込みもできるのでたくさんの明細を簡単に追加することができる。過去のものをコピーして月を変えて使うこともできるのが便利です。楽楽精算の改善してほしい点添付が一つしかできないこと。承認フローの中で何個か添付が必要になった場合はあらかじめ請求書のアップロードをして明細追加をしてから添付しないといけないのがややこしくて慣れるまでが大変なこと。楽楽精算導入で得られた効果・メリット現状部署の経費精算でしか使用したことはないが、初心者でもシンプルでわかりやすいです。明細がたくさんある場合はCSVで取り込むなど１つ以上の明細がある場合でも一度申請すれば次からは楽に申請することができます。
381,2023/06/15,交通費だけでなく、経費にかかわるものであればすべて本製品にて申請・精算ができるようになったので様々な部署や別途申請をあげる必要がなくて楽です。,基本的には使いやすいですが、スマホ版だとPC版に比べてUIがズレていたりするので統一して使い勝手を良くしてほしい。,今までは申請自体は紙ではなかったものの、領収書などについては紙で提出しなければいけませんでしたが楽楽精算は領収書のアップロードにも対応しているので完全に紙からの脱却ができ、郵送や出社する必要がなくなりました。この口コミを詳しく見る,でなく、経費にかかわるものであればすべて本製品にて申請・精算ができるようになったので様々な部署や別途申請をあげる必要がなくて楽です。楽楽精算の改善してほしい点基本的には使いやすいですが、スマホ版だとPC版に比べてUIがズレていたりするので統一して使い勝手を良くしてほしい。楽楽精算導入で得られた効果・メリット今までは申請自体は紙ではなかったものの、領収書などについては紙で提出しなければいけませんでしたが楽楽精算は領収書のアップロードにも対応しているので完全に紙からの脱却ができ、郵送や出社する必要がなくなりました。
382,2023/06/14,出張にかかる旅費、交通費、その他経費を一括で操作できるので、簡単に精算行為が行えます。また、サイト上の乗り換え案内と連動しているので、金額の誤りがなく、精算手続きがスムーズに行えました。,申請側でもデータのエクスポートが出来れば、実際の精算額と支払額が正しいかの検証が申請側からも行えるようになり、ダブルチェックが可能になると思います。,システム内にあらかじめ登録しておく必要はありますが、定期区間を除外して計算することが可能なので、これまで、手計算していた定期区間を除いた旅費計算が自動で行えるようになりました。この口コミを詳しく見る,る旅費、交通費、その他経費を一括で操作できるので、簡単に精算行為が行えます。また、サイト上の乗り換え案内と連動しているので、金額の誤りがなく、精算手続きがスムーズに行えました。楽楽精算の改善してほしい点申請側でもデータのエクスポートが出来れば、実際の精算額と支払額が正しいかの検証が申請側からも行えるようになり、ダブルチェックが可能になると思います。楽楽精算導入で得られた効果・メリットシステム内にあらかじめ登録しておく必要はありますが、定期区間を除外して計算することが可能なので、これまで、手計算していた定期区間を除いた旅費計算が自動で行えるようになりました。
383,2023/06/12,これを使う前までは紙での申請だったのですが、楽楽精算を導入したところ出張時の行き先等を入力すると、経路や料金が表示されるので精算がかなり楽になりました。,精算を申請後、間違って申請した場合や、遅延等で路線を変更した場合があるので、本部が申請を受け付ける前なら申請側で取り下げ可能にしてほしいです。,この製品を導入した後ですが、都度都度の申請を忘れた場合でも、すぐに遡って申請もできるので、経理担当の方がかなり楽になっていると思います。この口コミを詳しく見る,前までは紙での申請だったのですが、楽楽精算を導入したところ出張時の行き先等を入力すると、経路や料金が表示されるので精算がかなり楽になりました。楽楽精算の改善してほしい点精算を申請後、間違って申請した場合や、遅延等で路線を変更した場合があるので、本部が申請を受け付ける前なら申請側で取り下げ可能にしてほしいです。楽楽精算導入で得られた効果・メリットこの製品を導入した後ですが、都度都度の申請を忘れた場合でも、すぐに遡って申請もできるので、経理担当の方がかなり楽になっていると思います。
384,2023/06/10,今までの精算処理は領収書の原本が必要で、申請用紙に記入し、様々な部署を経由していたのですが、導入後はデータを保存して申請するだけになりました。,特に困ったこともありませんが、しいてあげるとすれば、領収書の読み取りができるととても良いと思います。,コロナ過で在宅ワークがほとんどでしたので、リモートワークでPDFファイルを送信するだけですので、申請の為に出社する必要ががなくなりました。この口コミを詳しく見る,算処理は領収書の原本が必要で、申請用紙に記入し、様々な部署を経由していたのですが、導入後はデータを保存して申請するだけになりました。楽楽精算の改善してほしい点特に困ったこともありませんが、しいてあげるとすれば、領収書の読み取りができるととても良いと思います。楽楽精算導入で得られた効果・メリットコロナ過で在宅ワークがほとんどでしたので、リモートワークでPDFファイルを送信するだけですので、申請の為に出社する必要ががなくなりました。
385,2023/06/10,インターフェースがとても見やすい。またレスポンスがサクサクして気持ちがいい。何より直感的に使えるのでベテラン社員でもすぐ使えた。,本当にない。よく使う駅などを覚えてくれるし、上司の決済が今どこで止まっているかも分かりやすいので、申請する方も承認する経理からしてもまさに、楽楽精算だと思う。,今まではExcelに使った品目を記入して上司のハンコをもらうという制度だったので、世界が変わった。出勤せずとも良くなった。この口コミを詳しく見る,ェースがとても見やすい。またレスポンスがサクサクして気持ちがいい。何より直感的に使えるのでベテラン社員でもすぐ使えた。楽楽精算の改善してほしい点本当にない。よく使う駅などを覚えてくれるし、上司の決済が今どこで止まっているかも分かりやすいので、申請する方も承認する経理からしてもまさに、楽楽精算だと思う。楽楽精算導入で得られた効果・メリット今まではExcelに使った品目を記入して上司のハンコをもらうという制度だったので、世界が変わった。出勤せずとも良くなった。
386,2023/06/09,名前の通り、楽々に経費の精算ができるようになります。社内にて経費使用の事前申請を行い、実際に使用した後は精算手続を実施するのみ。領収書の写真はスマホのアプリからアップロード可能。ノーストレスで毎月の社内経費精算が可能です。,交通費の精算で新幹線の往復利用があった場合、領収書を往復分まとめて一度に計上できるようになればありがたいと思います。どうしても、複数に分かれる場合は都度アップロードする必要があるので。,経費精算において、紙ベースの領収書のやりとりなどが基本的には不要になりました。また、非常にシンプルなシステムなので経費精算に関わる時間が単純に減りました。,迷ったら楽々精算を導入しておけば間違い無いです
387,2023/06/08,経費申請の対応種別などが様々あり、領収書やチケットなどの原本等、紙での申請が別途必要だったものが、完全にペーパーレスになり簡易性が増しました。,領収書のアップロード機能は便利なのですが、たまに正しく読み取ってくれなかったりアップロード中のまま処理されないことがあるので改善してほしいです。,過去の申請記録を記憶して参照したり、領収書を写真で撮影してアップロードできたりなど、入力の必要な項目が自分で入力しなくとも自動入力してくれるので申請作業そのものがかなり楽になり時間の削減にもつながっています。この口コミを詳しく見る,対応種別などが様々あり、領収書やチケットなどの原本等、紙での申請が別途必要だったものが、完全にペーパーレスになり簡易性が増しました。楽楽精算の改善してほしい点領収書のアップロード機能は便利なのですが、たまに正しく読み取ってくれなかったりアップロード中のまま処理されないことがあるので改善してほしいです。楽楽精算導入で得られた効果・メリット過去の申請記録を記憶して参照したり、領収書を写真で撮影してアップロードできたりなど、入力の必要な項目が自分で入力しなくとも自動入力してくれるので申請作業そのものがかなり楽になり時間の削減にもつながっています。
388,2023/06/08,手軽に交通費や経費の精算が出来るので、とても助かっています。部署の計上作業でも使用しており、回覧もスムーズです。,請求書の読み取りを間違える事が多いです。結局手入力になりますし、数が多いと大変なので、読み取りを改善してほしいです。,急ぎの計上作業の時でも、関係者に連絡しておけばスムーズに処理してもらえるので、やり直しがあった時などは何度も助けられました。,ペーパーレス化になりますし、精算関係は便利です。
389,2023/06/07,交通費や経費を行う際、ICカードをかざすだけで精算を行えて、各仕訳データも自動生成できるので、集計も電子化できる点がおすすめ。精算用紙やハンコも不要なので、紙をなくした精算作業に全て切り替えることが可能です。,領収書やレシートの読み取り機能の再現性には、少しブレがあるので改善が必要。またイニシャルコストが高いので、プラン提示やもう少し抑えた金額であるとなおうれしいです。,ICカードを活用した交通費精算や経費精算が誰でも直感で手軽にできるのがいいです。従来の手作業による精算や集計による無駄工数がかからなくなりました。ペーパーレス化にもつながり、経費削減・工数削減にも貢献できました。,精算業務の効率化・ペーパーレス化が図りたい企業様向けにおすすめ
390,2023/06/05,スマホアプリもあって使いやすいところ。レシートの写真を撮るだけで楽々経費精算ができるところ。だれでもわかりやすい操作性。,同じ内容の定期外交通費（バス代）などを登録する時に、内容のコピーができないので毎回入力する必要があり、不便だと感じる。,経費精算や交通費精算をエクセルで行っていたが、このシステムを導入したことで総務担当者が手入力していた分の手間が省けている。この口コミを詳しく見る,リもあって使いやすいところ。レシートの写真を撮るだけで楽々経費精算ができるところ。だれでもわかりやすい操作性。楽楽精算の改善してほしい点同じ内容の定期外交通費（バス代）などを登録する時に、内容のコピーができないので毎回入力する必要があり、不便だと感じる。楽楽精算導入で得られた効果・メリット経費精算や交通費精算をエクセルで行っていたが、このシステムを導入したことで総務担当者が手入力していた分の手間が省けている。
391,2023/06/04,以前使っていたシステムでも特に問題はなかったが、画面がカラフルで、表示の仕方もわかりやすい。承認者が誰なのか明確に示されており、情報の透明化はすごくいい,導入するときのシステムの設定の仕方がめんどくさい。社員のパソコンに設定するときつまづいている社員が多く不満を言う人が多かった,交通費、出張費などが今までなかなか振り込まれなかった時、どうなっているのか問い合わせてもたらい回しだったが、今は承認の現状も明確化され、安心できる,仕事の効率化されるし、申請忘れも減っていいと思う
392,2023/06/03,出張の申請や経費精算、購入申請などが一つのツールで完結するため、使いやすい。出張の申請や精算も経路検索と結びついており、最安などが表示されるので、安心で簡単。,出張申請時の日付を開始時と終了時の二度、選択しなければならないのがひどく面倒。行程を追加するたびに目的や行き先を入力するのも面倒。,出張時の経費精算や物品購入時の申請と精算そのものが連動しており、承認フローと一緒になっているので、申請や精算がすぐに行えるようになった。この口コミを詳しく見る,や経費精算、購入申請などが一つのツールで完結するため、使いやすい。出張の申請や精算も経路検索と結びついており、最安などが表示されるので、安心で簡単。楽楽精算の改善してほしい点出張申請時の日付を開始時と終了時の二度、選択しなければならないのがひどく面倒。行程を追加するたびに目的や行き先を入力するのも面倒。楽楽精算導入で得られた効果・メリット出張時の経費精算や物品購入時の申請と精算そのものが連動しており、承認フローと一緒になっているので、申請や精算がすぐに行えるようになった。
393,2023/06/03,これまで使ったルートを記憶しておいてくれたり、金額の計算を自動で行ってくれたりなど申請の際にかかるちょっとした手間を軽減してくれて、使いやすいです。,現状使っていて困っている点は特にありません。強いてあげるとすれば、スマホにも対応しているので申請期限が近づくとプッシュ通知などで教えてくれたら嬉しいです。,毎月月末～月初にかけて行う作業の無駄を省き効率化してくれているので、1回1回で見れば大した時間ではないかもしれませんが、積み重なるとかなりの時間を削減し捻出することができています。この口コミを詳しく見る,ったルートを記憶しておいてくれたり、金額の計算を自動で行ってくれたりなど申請の際にかかるちょっとした手間を軽減してくれて、使いやすいです。楽楽精算の改善してほしい点現状使っていて困っている点は特にありません。強いてあげるとすれば、スマホにも対応しているので申請期限が近づくとプッシュ通知などで教えてくれたら嬉しいです。楽楽精算導入で得られた効果・メリット毎月月末～月初にかけて行う作業の無駄を省き効率化してくれているので、1回1回で見れば大した時間ではないかもしれませんが、積み重なるとかなりの時間を削減し捻出することができています。
394,2023/06/02,何よりも良かった点は、経理担当者の工数が圧倒的に削減できた点。完全アナログの状態から比較して、3分の1から5分の1ほどは削減できた。また、管理者の設定作業も直感的に行うことができる。,領収書の登録時点で、複数税率のあるレシートを1つの税率だけで登録して申請をすると、修正をすることができず、領収書の登録からやり直さなければいけない点。,この製品を導入する前までは、申請者の記載ミスや集計ミス、領収書の添付忘れなどで差し戻すケースが多かったが、ミスは極端に減ったと思う。「楽楽精算」導入の決め手知名度の高さこの口コミを詳しく見る,かった点は、経理担当者の工数が圧倒的に削減できた点。完全アナログの状態から比較して、3分の1から5分の1ほどは削減できた。また、管理者の設定作業も直感的に行うことができる。楽楽精算の改善してほしい点領収書の登録時点で、複数税率のあるレシートを1つの税率だけで登録して申請をすると、修正をすることができず、領収書の登録からやり直さなければいけない点。楽楽精算導入で得られた効果・メリットこの製品を導入する前までは、申請者の記載ミスや集計ミス、領収書の添付忘れなどで差し戻すケースが多かったが、ミスは極端に減ったと思う。「楽楽精算」導入の決め手知名度の高さ
395,2023/05/31,誰でも分かるように勘定科目を設定できるので、申請する人が会計を理解していなくても簡単に申請できる所がいいなと思っています,コーポレートカードとの連携をすると、出張精算時に設定する出張期間で正しい期間を設定できず困りました。,申請のチェックの効率化が図れました。申請が誰でも簡単に正しい勘定科目で出来るので、申請時のミスが減り、効率化につながりました。この口コミを詳しく見る,るように勘定科目を設定できるので、申請する人が会計を理解していなくても簡単に申請できる所がいいなと思っています楽楽精算の改善してほしい点コーポレートカードとの連携をすると、出張精算時に設定する出張期間で正しい期間を設定できず困りました。楽楽精算導入で得られた効果・メリット申請のチェックの効率化が図れました。申請が誰でも簡単に正しい勘定科目で出来るので、申請時のミスが減り、効率化につながりました。
396,2023/05/27,各種申請手続きに必要な機能がほとんどすべて揃っている優れものです。特にスマホから簡単に申請できる点が気に入っています。,1カ月の間に利用する区間はほとんど限られているため、1回ずつの申請ではなく、その区間×何日分などの申請の仕方があると便利です。,交通費などの申請作業は地味に時間を取られるし、今まではPCからでしか行えなかったため場所も限られていましたが、本製品を利用するようになってからスマホでスキマ時間に短時間で申請が行えるようになり業務の時間を使わずに申請完了できています。この口コミを詳しく見る,続きに必要な機能がほとんどすべて揃っている優れものです。特にスマホから簡単に申請できる点が気に入っています。楽楽精算の改善してほしい点1カ月の間に利用する区間はほとんど限られているため、1回ずつの申請ではなく、その区間×何日分などの申請の仕方があると便利です。楽楽精算導入で得られた効果・メリット交通費などの申請作業は地味に時間を取られるし、今まではPCからでしか行えなかったため場所も限られていましたが、本製品を利用するようになってからスマホでスキマ時間に短時間で申請が行えるようになり業務の時間を使わずに申請完了できています。
397,2023/05/21,経費精算・交通費精算を本製品で簡単に行うことができ、精算などの申請にかかる工数や手間がかなり省けています。,交通系のICカードの読み取り機能を充実させてほしい。ICカードの番号から履歴を読み取り精算を行う使用履歴を選択するなどができると便利だと思います。,タクシー利用や電車・出張時の精算時における金額の申請ミスなどがなくなりました。また、領収書のアップロードにも対応しているため、わざわざ領収書を本社に提出する面倒な手間も必要なくなりました。この口コミを詳しく見る,交通費精算を本製品で簡単に行うことができ、精算などの申請にかかる工数や手間がかなり省けています。楽楽精算の改善してほしい点交通系のICカードの読み取り機能を充実させてほしい。ICカードの番号から履歴を読み取り精算を行う使用履歴を選択するなどができると便利だと思います。楽楽精算導入で得られた効果・メリットタクシー利用や電車・出張時の精算時における金額の申請ミスなどがなくなりました。また、領収書のアップロードにも対応しているため、わざわざ領収書を本社に提出する面倒な手間も必要なくなりました。
398,2023/05/18,経費精算の申請において使いやすく申請内容も確認でき、二重の申請や申請漏れなどの管理がしやすいためミスの防止にも役立っています。,交通費申請において、該当ルートを利用し日が複数日ある場合に一括で申請ができるようになってくれればもっと便利になるので対応してほしいです。,単純に経費申請にかかる時間・工数が目に見えて減りました。過去の申請データを参照したり、金額計算を自動で行ってくれるので手間のかかる作業をすべて行ってくれます。この口コミを詳しく見る,申請において使いやすく申請内容も確認でき、二重の申請や申請漏れなどの管理がしやすいためミスの防止にも役立っています。楽楽精算の改善してほしい点交通費申請において、該当ルートを利用し日が複数日ある場合に一括で申請ができるようになってくれればもっと便利になるので対応してほしいです。楽楽精算導入で得られた効果・メリット単純に経費申請にかかる時間・工数が目に見えて減りました。過去の申請データを参照したり、金額計算を自動で行ってくれるので手間のかかる作業をすべて行ってくれます。
399,2023/05/18,シンプルな経費精算システムですが、精算画面のカスタマイズが可能なので他社システムからの乗り換えに社員が適応しやすいです。,領収書の登録時、スキャンすると発行元や料金の文字を自動で判別して入力されるのですが、たまに誤りがあるので手入力で修正しています。その精度がもう少し上がると助かります。,日当の金額は職位別で変わるのですが、個人別で日当の設定を変えられるので日当金額の誤りが減り、チェック担当の負担が大幅に減りました。この口コミを詳しく見る,経費精算システムですが、精算画面のカスタマイズが可能なので他社システムからの乗り換えに社員が適応しやすいです。楽楽精算の改善してほしい点領収書の登録時、スキャンすると発行元や料金の文字を自動で判別して入力されるのですが、たまに誤りがあるので手入力で修正しています。その精度がもう少し上がると助かります。楽楽精算導入で得られた効果・メリット日当の金額は職位別で変わるのですが、個人別で日当の設定を変えられるので日当金額の誤りが減り、チェック担当の負担が大幅に減りました。
400,2023/05/18,今までは、会社の経費は小口で金庫から出金をしてもらっていたのですが、楽楽精算導入後は、レシートをパシャリ。あとは上司に承認ボタンを押してもらえば済むので管理が楽になった。,ソフトの見た目の問題ですが、もうすこし今風なデザインにしてもらえるといいのかなと思いました。あとは満足です。システムの不具合がありましたか？トラブルはありません。,これまでは経理にもっていき、その都度現金を出してもらっていた。これはネット上で承認、現金のやり取りがなく給与で振り込まれるので全体を通して楽になりました。,アナログな処理をやめたい方にオススメ
401,2023/05/18,カメラで領収書を撮影し、必要項目を選択すれば簡単に申請できるため、紙管理の時をだいぶ手間が削減できた。,撮影後、文字起こしの精度が悪く、都度修正の必要がある点。間違って読み込んだ領収書の削除方法がわからない点。,今までは手計算だったため差し戻し修正で時間を費やしていたが入力項目はほとんどが選択式、費用計算は自動のため時間がかなり削減された。この口コミを詳しく見る,収書を撮影し、必要項目を選択すれば簡単に申請できるため、紙管理の時をだいぶ手間が削減できた。楽楽精算の改善してほしい点撮影後、文字起こしの精度が悪く、都度修正の必要がある点。間違って読み込んだ領収書の削除方法がわからない点。楽楽精算導入で得られた効果・メリット今までは手計算だったため差し戻し修正で時間を費やしていたが入力項目はほとんどが選択式、費用計算は自動のため時間がかなり削減された。
402,2023/05/17,アプリもある点がとても便利だと感じます。また、領収書も全部保存しておくことができ、そこから出金伝票等の申請もできます。,過去に利用した社員は「検索」のときに使用率が高い人が出てくるようにしていただきたいです。また、「戻る」が使えるととても助かります。,弊社は、今まで紙媒体で回覧をしていたので導入したことにより、ペーパーレスにも繋がりました。また、差し戻す際もボタン1つを押すだけなのでとても楽です。この口コミを詳しく見る,る点がとても便利だと感じます。また、領収書も全部保存しておくことができ、そこから出金伝票等の申請もできます。楽楽精算の改善してほしい点過去に利用した社員は「検索」のときに使用率が高い人が出てくるようにしていただきたいです。また、「戻る」が使えるととても助かります。楽楽精算導入で得られた効果・メリット弊社は、今まで紙媒体で回覧をしていたので導入したことにより、ペーパーレスにも繋がりました。また、差し戻す際もボタン1つを押すだけなのでとても楽です。
403,2023/05/17,効率的な経費精算処理を実現することです。従来の手作業に比べて、経費の入力、承認、精算までのステップを自動化し、時間と手間を大幅に削減できます。また、スマートフォンやパソコンからいつでもアクセス可能であり、経費の管理や申請の状況をリアルタイムで把握できるため、管理者も利用者も便利です。,システム導入に伴うユーザーの変革管理です。既存の経費処理方法からの切り替えや、新しいソフトウェアの操作方法に慣れるまでに時間がかかる場合があります。また、楽楽精算のカスタマイズや他のシステムとの連携に関する技術的な課題も存在します。これらの課題を克服するためには、適切なトレーニングや専門的なサポートが必要です。,従来の経費精算プロセスが複雑で時間がかかり、経費の申請と承認のボトルネックが頻繁に発生していました。しかし、楽楽精算の導入後、経費処理が劇的に改善されました。社内の従業員がスマートフォンアプリを使用して経費を申請し、管理者はオンライン上で迅速に承認できるようになりました。結果として、経費の精算時間が従来の半分に短縮され、社内の意思決定と効率が向上しました。さらに、リアルタイムのデータ分析が可能になり、経費のパターンや無駄な出費を特定することで、経費管理の精度とコスト削減も実現しました。この口コミを詳しく見る,費精算処理を実現することです。従来の手作業に比べて、経費の入力、承認、精算までのステップを自動化し、時間と手間を大幅に削減できます。また、スマートフォンやパソコンからいつでもアクセス可能であり、経費の管理や申請の状況をリアルタイムで把握できるため、管理者も利用者も便利です。楽楽精算の改善してほしい点システム導入に伴うユーザーの変革管理です。既存の経費処理方法からの切り替えや、新しいソフトウェアの操作方法に慣れるまでに時間がかかる場合があります。また、楽楽精算のカスタマイズや他のシステムとの連携に関する技術的な課題も存在します。これらの課題を克服するためには、適切なトレーニングや専門的なサポートが必要です。楽楽精算導入で得られた効果・メリット従来の経費精算プロセスが複雑で時間がかかり、経費の申請と承認のボトルネックが頻繁に発生していました。しかし、楽楽精算の導入後、経費処理が劇的に改善されました。社内の従業員がスマートフォンアプリを使用して経費を申請し、管理者はオンライン上で迅速に承認できるようになりました。結果として、経費の精算時間が従来の半分に短縮され、社内の意思決定と効率が向上しました。さらに、リアルタイムのデータ分析が可能になり、経費のパターンや無駄な出費を特定することで、経費管理の精度とコスト削減も実現しました。
404,2023/05/17,従来メールで依頼していた、書籍購入などに伴う経費精算が、サイト1カ所に集まり、様式も事前提示していたものから選択できるため、とても便利になった。また、システムでの申請となったことから「この申請出すのちょっと戸惑うなぁ」のようなものについても、堂々と申請出せるようになりました。サイト1カ所に集まり、様式も事前提示していたものから選択できるため、とても便利になった。また、システムでの申請となったことから「この申請出すのちょっと戸惑うなぁ」のようなものについても、堂々と申請出せるようになりました。(ちょっと戸惑う内容についても、会社の規定上申請が出せるため、堂々とできるようになってうれしい戸惑う内容についても、会社の規定上申請が出せるため、堂々とできるようになって嬉しい)),申請が差し戻しされたときに、差し戻しコメントが記載されている場所がわかりにくい。また、差し戻しが誰からあったのかを直感的に理解できるようにしたい。,申請様式が定まったことで、申請にかかる時間が激減した。これにより、業務に従事できる時間が増え間接事務時間が減ったことが自分及び会社にとってwinwinな関係だと感じた。この口コミを詳しく見る,で依頼していた、書籍購入などに伴う経費精算が、サイト1カ所に集まり、様式も事前提示していたものから選択できるため、とても便利になった。また、システムでの申請となったことから「この申請出すのちょっと戸惑うなぁ」のようなものについても、堂々と申請出せるようになりました。サイト1カ所に集まり、様式も事前提示していたものから選択できるため、とても便利になった。また、システムでの申請となったことから「この申請出すのちょっと戸惑うなぁ」のようなものについても、堂々と申請出せるようになりました。(ちょっと戸惑う内容についても、会社の規定上申請が出せるため、堂々とできるようになってうれしい戸惑う内容についても、会社の規定上申請が出せるため、堂々とできるようになって嬉しい))楽楽精算の改善してほしい点申請が差し戻しされたときに、差し戻しコメントが記載されている場所がわかりにくい。また、差し戻しが誰からあったのかを直感的に理解できるようにしたい。楽楽精算導入で得られた効果・メリット申請様式が定まったことで、申請にかかる時間が激減した。これにより、業務に従事できる時間が増え間接事務時間が減ったことが自分及び会社にとってwinwinな関係だと感じた。
405,2023/05/17,申請と精算でアイコンが分かれており、目的に応じて業務する際にわかりやすい。申請画面も入力項目がシンプルで使いやすい。,スマホで使う際に画面によっては入力項目が小さくなってしまうので少し使いづらく、数字入力時にカナ入力になってしまうのでデフォルトでテンキー入力に切り替わってほしい。,スマホでも申請や精算、承認が行えるため、急に申請や承認が必要な際もパソコン立ち上げて対応する必要がなくなった。以前利用していた製品の解約理由対応が悪かったためこの口コミを詳しく見る,でアイコンが分かれており、目的に応じて業務する際にわかりやすい。申請画面も入力項目がシンプルで使いやすい。楽楽精算の改善してほしい点スマホで使う際に画面によっては入力項目が小さくなってしまうので少し使いづらく、数字入力時にカナ入力になってしまうのでデフォルトでテンキー入力に切り替わってほしい。楽楽精算導入で得られた効果・メリットスマホでも申請や精算、承認が行えるため、急に申請や承認が必要な際もパソコン立ち上げて対応する必要がなくなった。以前利用していた製品の解約理由対応が悪かったため
406,2023/05/17,精算する領収書をスマホで読み取ることで、交通費等の経費立て替え申請でき、経理も伝票を起こす必要がないため、手間が省ける。,パソコンで申請する際には、一度領収書をスマホで読み取ったものを、パソコンに送る必要がある点を改善して欲しい。システムの不具合がありましたか？特に無し。,経理担当者の伝票起票や、小口現金の面倒な事務手続が激減したことで、経理の業務負荷が軽減した。またペーパーレスにもつながった。,出張申請や精算が楽です。
407,2023/05/17,経費精算をする際、領収書ごとに上長へ承認を依頼すると、一つ一つ承認する必要がある為嫌がられるが、下書き機能があるので領収書を受け取ったらすぐ入力し下書き保存し、月末月初のタイミングでまとめて承認依頼を出す事が出来るので助かる。,強いて挙げるなら、領収書の支払い先や金額・日付などをいちいち入力しなければいけないのが面倒なので、領収書の写真をアップロードすれば、システム側で文字を自動で読み取りして少なくとも日付や金額くらいは自動入力されると助かる。,導入メリットとも重複するが、ある程度は書き溜めておいてまとめて承認依頼を出せる為、上長の工数削減に役立っている。この口コミを詳しく見る,する際、領収書ごとに上長へ承認を依頼すると、一つ一つ承認する必要がある為嫌がられるが、下書き機能があるので領収書を受け取ったらすぐ入力し下書き保存し、月末月初のタイミングでまとめて承認依頼を出す事が出来るので助かる。楽楽精算の改善してほしい点強いて挙げるなら、領収書の支払い先や金額・日付などをいちいち入力しなければいけないのが面倒なので、領収書の写真をアップロードすれば、システム側で文字を自動で読み取りして少なくとも日付や金額くらいは自動入力されると助かる。楽楽精算導入で得られた効果・メリット導入メリットとも重複するが、ある程度は書き溜めておいてまとめて承認依頼を出せる為、上長の工数削減に役立っている。
408,2023/05/16,簡単に経費精算ができます。すべて電子で手続きできるのが嬉しい。精算ステップわかりやすく誰でもわかります。,携帯の端末からもできるようにしてほしいです。あとはマニュアルが分かりづらい気がしました。カスタマーサポートの問い合わせ先が分かりづらいです。,経費精算が電子化されたのがとてもよいです。前までは、上司の印鑑をもらわないといけなかったのですが、このシステムを入れたおかげで解決しました。この口コミを詳しく見る,精算ができます。すべて電子で手続きできるのが嬉しい。精算ステップわかりやすく誰でもわかります。楽楽精算の改善してほしい点携帯の端末からもできるようにしてほしいです。あとはマニュアルが分かりづらい気がしました。カスタマーサポートの問い合わせ先が分かりづらいです。楽楽精算導入で得られた効果・メリット経費精算が電子化されたのがとてもよいです。前までは、上司の印鑑をもらわないといけなかったのですが、このシステムを入れたおかげで解決しました。
409,2023/05/16,前のシステムでは全て紙に印刷が必要で、出社しないと申請も承認も出来なかったが、在宅勤務でも、伝票の申請・承認作業が在宅勤務で出来るようになった。,添付ファイルの確認時に、Chromeだとダウンロードが毎回発生してしまう所。承認する際は、この点は不便だと感じている。システムの不具合がありましたか？導入当初、名前に反して楽々とはいかず、どの画面で何を申請すれば良いのか、分かりずらかった。今は慣れたこともあり、特に不便は感じていない。,在宅勤務の推進になる点はメリットだと思う。CMは誇張はあるが、実際経理＝紙だらけなのは確かなので、経費精算がペーパーレスになるのは良いと思う。以前利用していた製品の解約理由ペーパーレスに未対応の為,ペーパーレス推進や、在宅勤務推進には役立つと思う。
410,2023/05/16,外でいる時にも経費精算ができる点や乗換案内がついているので移動した所の料金をわざわざ検索しなくても良いのは便利だと感じています。後はやはり出張先とかでスマホとかだけでも気軽に経費精算ができるのは良いと思う。,写真をとって領収書をuploadをしてからの文字認識での経費精算ができるのだが、文字認識の精度がいまいちだと感じる。人の手書きは仕方ないと思うが、新幹線の領収書も難しいことがあり、ちょっと改善してほしいと思う。システムの不具合がありましたか？なかった,領収書の現物を持っていないといけないという手間が無くなったのが大きい。また月末の経費申請の際に、１つずつ訪問のクライアント先と経路をヤフー路線で毎回料金を確認しているような課題があった。これに大体１時間ぐらいは当然かかっていたが、Pasmoを通すだけで経路が表示され、クライアント先も候補で出てくるのでこのように調べるような手間が無くなった。この口コミを詳しく見る,にも経費精算ができる点や乗換案内がついているので移動した所の料金をわざわざ検索しなくても良いのは便利だと感じています。後はやはり出張先とかでスマホとかだけでも気軽に経費精算ができるのは良いと思う。楽楽精算の改善してほしい点写真をとって領収書をuploadをしてからの文字認識での経費精算ができるのだが、文字認識の精度がいまいちだと感じる。人の手書きは仕方ないと思うが、新幹線の領収書も難しいことがあり、ちょっと改善してほしいと思う。システムの不具合がありましたか？なかった楽楽精算導入で得られた効果・メリット領収書の現物を持っていないといけないという手間が無くなったのが大きい。また月末の経費申請の際に、１つずつ訪問のクライアント先と経路をヤフー路線で毎回料金を確認しているような課題があった。これに大体１時間ぐらいは当然かかっていたが、Pasmoを通すだけで経路が表示され、クライアント先も候補で出てくるのでこのように調べるような手間が無くなった。
411,2023/05/16,移動費用の精算で主に利用しているが、ICカードを読み込むと履歴が一括で表示され管理しやすい。社内での申請が簡単で利用しやすい。,備考欄をいちいち記入するのが少し手間に感じるので拡張機能として、音声機能を付けてタイピングの入力を不要にできたら便利。,いちいち手打ちでどこからどこに行ったと入力する必要がなく、ICカードを読み込むだけで直ぐに可視化できるので、不要な業務を限りなく少なくできている。この口コミを詳しく見る,精算で主に利用しているが、ICカードを読み込むと履歴が一括で表示され管理しやすい。社内での申請が簡単で利用しやすい。楽楽精算の改善してほしい点備考欄をいちいち記入するのが少し手間に感じるので拡張機能として、音声機能を付けてタイピングの入力を不要にできたら便利。楽楽精算導入で得られた効果・メリットいちいち手打ちでどこからどこに行ったと入力する必要がなく、ICカードを読み込むだけで直ぐに可視化できるので、不要な業務を限りなく少なくできている。
412,2023/05/15,挙動が軽いこと。前のシステムはとにかく遅かった。電車一本入力して登録押したら車内で5秒、社外では通信環境が良くても10秒待たされた。楽楽清算は、登録が早い。,承認ルートの記憶ができないこと手当が自動反映されないこと(2泊3日なので、日当3日等)明細のレイアウトが見にくいこと,入力が手早く済むようになったので、隙間時間にできるようになった。短いと分かっている隙間時間の活用選択肢が増えた。この口コミを詳しく見る,こと。前のシステムはとにかく遅かった。電車一本入力して登録押したら車内で5秒、社外では通信環境が良くても10秒待たされた。楽楽清算は、登録が早い。楽楽精算の改善してほしい点承認ルートの記憶ができないこと手当が自動反映されないこと(2泊3日なので、日当3日等)明細のレイアウトが見にくいこと楽楽精算導入で得られた効果・メリット入力が手早く済むようになったので、隙間時間にできるようになった。短いと分かっている隙間時間の活用選択肢が増えた。
413,2023/05/15,今まで紙で回覧や承認していていたものが全て電子化になってスピーディになりました。具体的に話しますと、今まで出張精算を紙で渡していましたが、例えば上司が遠方に出張してる場合、承認を貰えずに承認ルートの途中で止まってしまい、上司が帰ってくるまで待つしかありませんでした。しかし、楽々精算により、web上で精算書類を閲覧できるので、どこにいても承認することができます。上司が別の場所に常駐しており、そこまで精算書類を郵送で送っていましたが、個人情報を郵送で毎回送る点で非常に危ない状況でした。こちらもwebにデータを添付することで、書類の紛失するリスクが減りました。,今の楽々精算では、出張や出金伝票の精算の項目しかありません。弊社では、議案書もその他の項目を使って、回覧しております。このような議案書などの書類の項目を作って欲しいです。また、それらの項目をアプリで閲覧、承認ができるようにしてほしいです。今は、毎回、pc上で見て承認するしかありません。非常に便利になります。,以前はいつも上司が承認してくれないというクレームがありました。理由としては、遠方に出張しており、机の上に書類を置いても、出張から帰ってくるまで見てくれないというものでした。しかし、よくよく内容を見てみると、まず精算書類の提出がギリギリに出しており、前もって出張前に提出していれば、スピーディに承認が降りるはずのものが多々ありました。楽楽精算により、誰がいつ書類を提出したのか、いつ承認したのがが明確になることで、このような問題を解決できました。この口コミを詳しく見る,回覧や承認していていたものが全て電子化になってスピーディになりました。具体的に話しますと、今まで出張精算を紙で渡していましたが、例えば上司が遠方に出張してる場合、承認を貰えずに承認ルートの途中で止まってしまい、上司が帰ってくるまで待つしかありませんでした。しかし、楽々精算により、web上で精算書類を閲覧できるので、どこにいても承認することができます。上司が別の場所に常駐しており、そこまで精算書類を郵送で送っていましたが、個人情報を郵送で毎回送る点で非常に危ない状況でした。こちらもwebにデータを添付することで、書類の紛失するリスクが減りました。楽楽精算の改善してほしい点今の楽々精算では、出張や出金伝票の精算の項目しかありません。弊社では、議案書もその他の項目を使って、回覧しております。このような議案書などの書類の項目を作って欲しいです。また、それらの項目をアプリで閲覧、承認ができるようにしてほしいです。今は、毎回、pc上で見て承認するしかありません。非常に便利になります。楽楽精算導入で得られた効果・メリット以前はいつも上司が承認してくれないというクレームがありました。理由としては、遠方に出張しており、机の上に書類を置いても、出張から帰ってくるまで見てくれないというものでした。しかし、よくよく内容を見てみると、まず精算書類の提出がギリギリに出しており、前もって出張前に提出していれば、スピーディに承認が降りるはずのものが多々ありました。楽楽精算により、誰がいつ書類を提出したのか、いつ承認したのがが明確になることで、このような問題を解決できました。
414,2023/05/15,これまではExcelで毎月実際に移動したルートを一件一件、金額も含めて自分で入力して期限までに提出しなければいけませんでしたが、本製品を導入してからそういった面倒な入力作業から解放されました。,使っていて目立って困ったことは今のところありません。UIも良いですし、紙ベースでの申請から脱却できてメリットを多く感じています。,これまではExcelで毎月交通費申請をしていたため、必ず社用PCからでしか申請書の作成・提出ができませんでしたが、本製品はスマホも対応しているため、場所を選ばず空いたスキマ時間で気軽に申請できるようになり時間を有効に活用できるようになりました。この口コミを詳しく見る,Excelで毎月実際に移動したルートを一件一件、金額も含めて自分で入力して期限までに提出しなければいけませんでしたが、本製品を導入してからそういった面倒な入力作業から解放されました。楽楽精算の改善してほしい点使っていて目立って困ったことは今のところありません。UIも良いですし、紙ベースでの申請から脱却できてメリットを多く感じています。楽楽精算導入で得られた効果・メリットこれまではExcelで毎月交通費申請をしていたため、必ず社用PCからでしか申請書の作成・提出ができませんでしたが、本製品はスマホも対応しているため、場所を選ばず空いたスキマ時間で気軽に申請できるようになり時間を有効に活用できるようになりました。
415,2023/05/12,営業の立場として、旅費精算や経費精算に利用しています。楽楽精算の便利なポイントとして、『乗換案内』のような機能があり、駅名を入力するだけで乗車券の値段を計算してくれるところです。入力の時間が短縮できました。,特段思い当たりません。強いて言えば、旅費精算で弊社では不要な入力項目があります。こちらを削除しようとすると、導入費が上がってしまう理由が実装できない、と言った話があるとは伺いました。その辺りが少し柔軟になってくれればいいなとは思います。,上記の乗換案内機能に加え、領収書のスキャン機能があります。領収書を写真で撮ることで自動で項目が転記され、こちらも入力時間の短縮に繋げることができました。以前利用していた製品の解約理由費用の問題と聞いています。この口コミを詳しく見る,として、旅費精算や経費精算に利用しています。楽楽精算の便利なポイントとして、『乗換案内』のような機能があり、駅名を入力するだけで乗車券の値段を計算してくれるところです。入力の時間が短縮できました。楽楽精算の改善してほしい点特段思い当たりません。強いて言えば、旅費精算で弊社では不要な入力項目があります。こちらを削除しようとすると、導入費が上がってしまう理由が実装できない、と言った話があるとは伺いました。その辺りが少し柔軟になってくれればいいなとは思います。楽楽精算導入で得られた効果・メリット上記の乗換案内機能に加え、領収書のスキャン機能があります。領収書を写真で撮ることで自動で項目が転記され、こちらも入力時間の短縮に繋げることができました。以前利用していた製品の解約理由費用の問題と聞いています。
416,2023/05/08,各社ごとに必要なカスタマイズが可能である点や、様々な会社へと採用された実績があるので社員の理解も得やすく導入がスムーズな点などが良いですね。弊社のように子会社が多い場合、グループ全体でシステムをまとめることで経費精算業務が非常に効率的になります。,承認フローの設定方法や人事マスタの更新作業などが結構わかりにくいですね。そのほかにバージョンアップで追加される新機能の詳細な方法などもあると嬉しいです。,経費精算において重要な交通費精算において特に役立っています。乗り換え路線の検索や定期区間の自動控除、交通系ICカードの取り込み機能など交通費を申請する立場としても非常に簡単に行えるようになりました。この口コミを詳しく見る,必要なカスタマイズが可能である点や、様々な会社へと採用された実績があるので社員の理解も得やすく導入がスムーズな点などが良いですね。弊社のように子会社が多い場合、グループ全体でシステムをまとめることで経費精算業務が非常に効率的になります。楽楽精算の改善してほしい点承認フローの設定方法や人事マスタの更新作業などが結構わかりにくいですね。そのほかにバージョンアップで追加される新機能の詳細な方法などもあると嬉しいです。楽楽精算導入で得られた効果・メリット経費精算において重要な交通費精算において特に役立っています。乗り換え路線の検索や定期区間の自動控除、交通系ICカードの取り込み機能など交通費を申請する立場としても非常に簡単に行えるようになりました。
417,2023/05/07,ウェブ上で出張費や交通費の申請ができる点が最も重要です。紙での申請と比べると、申請書を印刷して上長から印鑑をもらって提出するという一連の流れを省略できます。この無駄な時間を業務にスライドできるので効率化に繋がります。,強いてあげるならば、人事異動の際にメンテナンスが発生することかと思います。特に上長が異動になったにも関わらず、そのままの状態で修正を依頼しなければいけないときがあります。どの製品にも言えることかもしれませんが。,これまで紙で申請していたのですが、楽楽精算によってすごく楽になったのは間違いありません。紙だと修正するのにも１からやり直さないといけなかったのですが、楽楽精算だと入力ミスも減り、本来の業務に時間を使えるようになったので、とても有効に時間を使えています。この口コミを詳しく見る,出張費や交通費の申請ができる点が最も重要です。紙での申請と比べると、申請書を印刷して上長から印鑑をもらって提出するという一連の流れを省略できます。この無駄な時間を業務にスライドできるので効率化に繋がります。楽楽精算の改善してほしい点強いてあげるならば、人事異動の際にメンテナンスが発生することかと思います。特に上長が異動になったにも関わらず、そのままの状態で修正を依頼しなければいけないときがあります。どの製品にも言えることかもしれませんが。楽楽精算導入で得られた効果・メリットこれまで紙で申請していたのですが、楽楽精算によってすごく楽になったのは間違いありません。紙だと修正するのにも１からやり直さないといけなかったのですが、楽楽精算だと入力ミスも減り、本来の業務に時間を使えるようになったので、とても有効に時間を使えています。
418,2023/05/07,精算がやりやすくなり、間違いが減るので差し戻しが少なくなる。社員誰でも問題なく操作ができる点がよい。,スマホでの領収書の読み取り機能が少し不便。読み取り精度は悪く無いが、どれも縦で撮影しなければならないので、撮影しにくい。システムの不具合がありましたか？特に無し,精算伝票による不備が減り総務のチェックが楽になると思います。申請前にこの項目は必須ですなどと表記されるのでわかりやすい。,精算業務内のチェックが大幅に減ります。
419,2023/05/07,経費伝票や確証類のペーパレス化、請求書のＯＣＲ読み込みによるインプット業務の省力化等、ユーザー側のメリットもあるけど経理部門の業務改革に役に立った,承認ルートや部門設定等色々細かく設定できるのは良いことだが、少し細かいのでもう少し簡略化すると導入スピードが上がると思う。,今まで経理部門の実務担当者は紙を受け取って仕訳入力して、振込データを作成し、最後にファイリングしていた業務が、最初から最後までワークフローにのって業務ができてるようになったこの口コミを詳しく見る,確証類のペーパレス化、請求書のＯＣＲ読み込みによるインプット業務の省力化等、ユーザー側のメリットもあるけど経理部門の業務改革に役に立った楽楽精算の改善してほしい点承認ルートや部門設定等色々細かく設定できるのは良いことだが、少し細かいのでもう少し簡略化すると導入スピードが上がると思う。楽楽精算導入で得られた効果・メリット今まで経理部門の実務担当者は紙を受け取って仕訳入力して、振込データを作成し、最後にファイリングしていた業務が、最初から最後までワークフローにのって業務ができてるようになった
420,2023/05/07,今まで経費の精算を現金手渡しで行っていたが、楽楽精算を導入してからは渡す側受け取る側の都合考えなくても済むようになった。,古い人間だからだろうがパスワードを入力してから開いて確認しなくてはいけないのがおっくうだ。パスワード忘れてしまうのでパスワード無しでも見れるのかな？,現金を直接受け渡しをしていた頃は渡す側受け取る側が休んでいたら精算が出来なかったが導入してからはスムーズに受け渡しが出来るでようになった。,楽になります。
421,2023/05/07,今まではExcelの手入力なので、最大で20件のみですが、取込みが非常に楽になりました。手入力の場合も乗り換え案内が装備されていて便利です。,スマホを機種変したら取込みが出来なくなり、サポートセンターに確認するとモバイルSuicaは動作補償外との事。手入力のみになるので残念でした。,今まで該当者のSuicaの履歴付け合わせが必要でしたが、システムを取り入れてから経理担当者もチェックする管理が非常に楽になります。この口コミを詳しく見る,xcelの手入力なので、最大で20件のみですが、取込みが非常に楽になりました。手入力の場合も乗り換え案内が装備されていて便利です。楽楽精算の改善してほしい点スマホを機種変したら取込みが出来なくなり、サポートセンターに確認するとモバイルSuicaは動作補償外との事。手入力のみになるので残念でした。楽楽精算導入で得られた効果・メリット今まで該当者のSuicaの履歴付け合わせが必要でしたが、システムを取り入れてから経理担当者もチェックする管理が非常に楽になります。
422,2023/05/06,旅費の精算に使用していますが、乗換案内との連携で旅費・距離の自動入力など必要と思われる機能は一通り揃っています。また、機能はシンプルで直感的に使用できると思いました。,社内ルールで備考欄に規定の内容を記載することになっているが、記入欄が狭いのが難点。書ける文字数自体は問題ないので、テキストエディタに記載してから貼り付けて対応している。システムの不具合がありましたか？特になし。,承認者が複数設定できるので、上司が休んでいても対応できる。また、履歴が参照でき、承認状態や振込予定日が表示されるので、振込金額が合っているかの確認が楽になった。この口コミを詳しく見る,に使用していますが、乗換案内との連携で旅費・距離の自動入力など必要と思われる機能は一通り揃っています。また、機能はシンプルで直感的に使用できると思いました。楽楽精算の改善してほしい点社内ルールで備考欄に規定の内容を記載することになっているが、記入欄が狭いのが難点。書ける文字数自体は問題ないので、テキストエディタに記載してから貼り付けて対応している。システムの不具合がありましたか？特になし。楽楽精算導入で得られた効果・メリット承認者が複数設定できるので、上司が休んでいても対応できる。また、履歴が参照でき、承認状態や振込予定日が表示されるので、振込金額が合っているかの確認が楽になった。
423,2023/05/06,今までは紙のレシートを伝票の裏に貼り付ける作業があったのですが、レシートの写真をアップロードするだけなので手間が減りました。,導入時に操作不明な点が多々あったので動画などの解説があれば年配の社員もなんとか対応できるようになると感じました。結局若手が全部説明してました。システムの不具合がありましたか？導入初期になぜかスマホの機種によってはアプリが上手く動作せず、スマホを再起動したりアプリを入れ直したりと対処が必要だった。,紙媒体での処理が減り、書庫のスペース整理に役立った。交通費精算をスマホアプリでできるようになったため、今まで月末まで処理を溜め込んでいた社員が自主的に作業するようになった。,社員が慣れさえすればとても便利
424,2023/05/06,会社へ導入され、使用する側のため金額等の評価はできませんが、以前の紙での経費申請に比べればとても便利になりました。,とくにはありませんが、強いてあげれば交通費精算の際の経路検索がバスと電車などが混じると駅名や停留所の検索が少し選択し辛いです。,とにかくペーパーレスになったのが１番です。今までは旧態然とした紙での申請で上長、その上とハンコ回しをしていましたが、それから開放されただけで満足です。この口コミを詳しく見る,され、使用する側のため金額等の評価はできませんが、以前の紙での経費申請に比べればとても便利になりました。楽楽精算の改善してほしい点とくにはありませんが、強いてあげれば交通費精算の際の経路検索がバスと電車などが混じると駅名や停留所の検索が少し選択し辛いです。楽楽精算導入で得られた効果・メリットとにかくペーパーレスになったのが１番です。今までは旧態然とした紙での申請で上長、その上とハンコ回しをしていましたが、それから開放されただけで満足です。
425,2023/05/06,マニュアルを読まなくても直観的に使えるインターフェイスであることから、比較的使いやすいサービスであると思う。,片道、往復が基本的には選択できる形ではあるが、実際には往復が選択できないケース：その他などがある点が使いづらいと思う。システムの不具合がありましたか？特に経験なし。,申請時の内容がそのまま請求時にコピペされることから、請求時の打ち込み作業が発生しない点が良いと思う。,使いやすく、比較的早く導入ができると思う。
426,2023/05/06,経費精算と交通費精算で利用していますが、操作が簡単で使いやすいです。シンプルな画面ですが、その分レスポンスもよく、遅いと感じたことはありません。,全体的に字が小さい気がしますので、人によっては（特に年配の方は）不満を感じるのではないかと思いました。システムの不具合がありましたか？今のところ特に不満はありません。,精算がとても効率化できました。スマホアプリから領収書を撮影・アップロードすることで提出がスムーズにできるようになりました。撮影した写真から価格等が自動入力されるのも助かります。精度も高いかとおもいます。,基本的に必要な機能を揃えており、価格も安いところが良いかと思います。品質も良いかと思います。
427,2023/05/05,経費精算するためのシステムで、入力フォームがわかりやすく、承認されたか通知が来るので、立替代金が返金されるまでの流れが見える点が良い。,特にありませんが、以前と同じような経費を精算するための繰り返し機能みたいなのがあればもっと便利になるかもしれません。システムの不具合がありましたか？今のところ、特にありません。,以前のシステムでは、入力時にいろいろ注意点があったり、もう上司や経理部の承認がおりたのか、いつ返金されるのか不明だったが、それらが簡単かつ明瞭になった。,経費精算に時間がかかると人件費もかかるので、スピーディに手続きできる点がとにかくオススメです。
428,2023/05/05,領収書などを張り付けたりして紙での管理をしていました。パソコンでデータ管理できるところがとても簡単で作業効率が格段にあがりました。使い方も感覚的にできるので、初心者でもわかりやすと思います。出張などの領収書や請求書などを以前は紙でやっていたので、処理に時間がかかっていました。導入後はデータ帳簿保存システムを使かうことにより作業がとてもスムーズになりました。,少し入力方法が分からない箇所があること、使い方やシステムに対してのサポート体制を充実させてほしい、柔軟性に少しかけること、チェック機能がない事、人間の目で最後は確認が必要なこと、クレジットカードとの連携に時間がかかるなどです。,紙を使用しないこと、承認などのフローがやりやすい。システムの処理が速いこと、紙で運用から楽楽精算導入後はすべてがWeb上で完結し、作業量の大幅削減できました。とても満足しております。価格が安い、導入10万、年間20万、安価で導入できたこと。この口コミを詳しく見る,を張り付けたりして紙での管理をしていました。パソコンでデータ管理できるところがとても簡単で作業効率が格段にあがりました。使い方も感覚的にできるので、初心者でもわかりやすと思います。出張などの領収書や請求書などを以前は紙でやっていたので、処理に時間がかかっていました。導入後はデータ帳簿保存システムを使かうことにより作業がとてもスムーズになりました。楽楽精算の改善してほしい点少し入力方法が分からない箇所があること、使い方やシステムに対してのサポート体制を充実させてほしい、柔軟性に少しかけること、チェック機能がない事、人間の目で最後は確認が必要なこと、クレジットカードとの連携に時間がかかるなどです。楽楽精算導入で得られた効果・メリット紙を使用しないこと、承認などのフローがやりやすい。システムの処理が速いこと、紙で運用から楽楽精算導入後はすべてがWeb上で完結し、作業量の大幅削減できました。とても満足しております。価格が安い、導入10万、年間20万、安価で導入できたこと。
429,2023/05/05,過去に利用したルートや申請内容をそのままコピーすることができるので、毎回申請の度にいちいち入力する必要がなく手間が省けます。,スマホでも利用できますが、PCに比べると少しUIが使いづらいです。PCに合わせたものなのか、スマホでも使いやすい画面にしてほしいです。,上述のように、コピーなどの利用で手間が省けています。それにより経費・交通費申請がルーティン化できて各種申請にかかる時間を削減できています。この口コミを詳しく見る,したルートや申請内容をそのままコピーすることができるので、毎回申請の度にいちいち入力する必要がなく手間が省けます。楽楽精算の改善してほしい点スマホでも利用できますが、PCに比べると少しUIが使いづらいです。PCに合わせたものなのか、スマホでも使いやすい画面にしてほしいです。楽楽精算導入で得られた効果・メリット上述のように、コピーなどの利用で手間が省けています。それにより経費・交通費申請がルーティン化できて各種申請にかかる時間を削減できています。
430,2023/05/04,製品名の通り各種精算・申請が簡単かつ楽にできています。申請フォーマットも分かりやすく入力しやすいです。,領収書のアップロード時に挙動が重かったり、読み取り内容が違っていたりすることがあるため、その点を改善してほしい。,これまではExcelのフォーマットで毎月自分で作成し、提出するという工程が発生していましたが、作成・提出という手順がなくなったことで毎月の工数が確実に削減できています。この口コミを詳しく見る,り各種精算・申請が簡単かつ楽にできています。申請フォーマットも分かりやすく入力しやすいです。楽楽精算の改善してほしい点領収書のアップロード時に挙動が重かったり、読み取り内容が違っていたりすることがあるため、その点を改善してほしい。楽楽精算導入で得られた効果・メリットこれまではExcelのフォーマットで毎月自分で作成し、提出するという工程が発生していましたが、作成・提出という手順がなくなったことで毎月の工数が確実に削減できています。
431,2023/05/04,様々な精算をタブから選択して、内容を記載するだけで経理に申請を行うことができる点が、使用者からすると楽で良いと思いました。,弊社で自作した説明書なのか、製品に付属する説明書なのか不明ですが、説明書の内容を読んでも、選択する項目が多く、出張旅費と言っても、一日なのか、連泊なのかで申請内容が異なるため間違えて申請することがあります。パターンごとに、申請内容の項目をどれにするかなどの説明が詳しく記載されていると嬉しいです。,システムを導入前は、会社で決められたフォーマットを印刷して内容を手書きして経理に提出する必要がありましたが、このシステムを使用することで、PC上で必要な情報を入力し、領収証もPDFにして読み込ませることで電子データとして申請が出来るようになりました。申請者は手書きする時間が省略でき、経理では確認の時間削減に繋がったと考えられます。,紙で経費や、旅費精算を行っている場合は、導入することによってPCで完結させることができ、申請時間や確認時間の削減につなげることができると思います。
432,2023/05/04,リモートワークでも難なく対応できるのが良い点です。近年はリモートワークが多くなり、当社でも多くの社員がリモートワークに取り組んでいます。ただ、会計業務についてはリモートワークに対処しにくいところもあるため、なかなかリモートワークが進まないのが現状です。そこで、この製品を導入、さしあたり経費精算業務をリモートワークで対処できないか検証したところ、全く問題なく処理ができるようになりました。これをきっかけに、他の会計業務についてもリモートワーク化の検討をしています。,今のところ特にありません。この製品をきっかけに会計業務全般についてリモートワーク化ができれば、言うこと無しです。システムの不具合がありましたか？特にありません。,ペーパレス化を推し進めることができた点がメリットです。これまで紙媒体でのやりとりが中心だった経費精算業務が、この製品でweb化を導入したことで、ペーパレス化を進めることができました。ペーパレス化は今や社会的な課題として取り上げられていますので、そうした課題を少しでも克服でききるようになったのは大きなメリットだと思っています。この口コミを詳しく見る,ークでも難なく対応できるのが良い点です。近年はリモートワークが多くなり、当社でも多くの社員がリモートワークに取り組んでいます。ただ、会計業務についてはリモートワークに対処しにくいところもあるため、なかなかリモートワークが進まないのが現状です。そこで、この製品を導入、さしあたり経費精算業務をリモートワークで対処できないか検証したところ、全く問題なく処理ができるようになりました。これをきっかけに、他の会計業務についてもリモートワーク化の検討をしています。楽楽精算の改善してほしい点今のところ特にありません。この製品をきっかけに会計業務全般についてリモートワーク化ができれば、言うこと無しです。システムの不具合がありましたか？特にありません。楽楽精算導入で得られた効果・メリットペーパレス化を推し進めることができた点がメリットです。これまで紙媒体でのやりとりが中心だった経費精算業務が、この製品でweb化を導入したことで、ペーパレス化を進めることができました。ペーパレス化は今や社会的な課題として取り上げられていますので、そうした課題を少しでも克服でききるようになったのは大きなメリットだと思っています。
433,2023/05/04,製品名通り、経費・交通費の精算が楽になりました。写真撮影、運賃の自動計算、過去の申請ルートの保存・呼び出しなど、これがあったら楽なのにという機能が揃っています。,今のところ困っていること、改善してほしいところはありません。機能・操作感ともに満足して使用できています。,満足度の高い製品ですが、特に領収書のアップロード機能は重宝しています。これにより領収書原本の扱いに困ることがなくなりました。この口コミを詳しく見る,、経費・交通費の精算が楽になりました。写真撮影、運賃の自動計算、過去の申請ルートの保存・呼び出しなど、これがあったら楽なのにという機能が揃っています。楽楽精算の改善してほしい点今のところ困っていること、改善してほしいところはありません。機能・操作感ともに満足して使用できています。楽楽精算導入で得られた効果・メリット満足度の高い製品ですが、特に領収書のアップロード機能は重宝しています。これにより領収書原本の扱いに困ることがなくなりました。
434,2023/05/04,自社では、従来、紙・Excelベースの手書き精算を行っていましたが、今年から「楽楽精算」を導入しました。領収書や請求書の電子化。電子帳簿保存法の施行により、電子化したデータを処理することで、原本が不要となりました。　電子化するのにも、本システムはスマホがあれば、専用アプリから領収書を撮影すると自動データ化により、　PDF化やPCに取込む手間がなくなり、精算申請をスマホのみで完結することができます。また、今までは紙を持ち回りで承認を得ていた為、承認者が不在時等でその移動時間が無駄になったり、居る時間を狙ってまた出直して承認を貰いに行ったりで非常に不便だったのが、本システムの承認機能で、　承認者の任意のタイミングで承認できるのは素晴らしいと感じました。また、期日が迫ると承認者へフォローアップする機能もあり、承認漏れが防げると思います。　電車や新幹線等の移動で出発駅や到着駅などの経路を入力すると、経路検索サービスの情報を基に交通運賃が　自動算出される為、今までは別のWebサイトで検索し、運賃を算出していた手間が省けました。,承認機能について。経費申請する際、添付ファイルは1つしか追加できない点。承認時コメントが、差し戻し時にしかできない点。モバイルアプリからの申請だと、承認者を追加できない点。,営業職で経費精算が多く、今までExcelや紙で処理を行っており、時間を取られていました。また、コロナの影響でテレワークの普及により、出社の頻度が減り、出社時にまとめて精算を行わなければならず、思い出したりする手間もあり、非効率でした。現状は「楽楽精算」を使う事で、テレワークでもWeb上で都度、経費をデータで一時保存できたり、とてもストレスなく、経費精算が出来るようになりました。この口コミを詳しく見る,従来、紙・Excelベースの手書き精算を行っていましたが、今年から「楽楽精算」を導入しました。領収書や請求書の電子化。電子帳簿保存法の施行により、電子化したデータを処理することで、原本が不要となりました。　電子化するのにも、本システムはスマホがあれば、専用アプリから領収書を撮影すると自動データ化により、　PDF化やPCに取込む手間がなくなり、精算申請をスマホのみで完結することができます。また、今までは紙を持ち回りで承認を得ていた為、承認者が不在時等でその移動時間が無駄になったり、居る時間を狙ってまた出直して承認を貰いに行ったりで非常に不便だったのが、本システムの承認機能で、　承認者の任意のタイミングで承認できるのは素晴らしいと感じました。また、期日が迫ると承認者へフォローアップする機能もあり、承認漏れが防げると思います。　電車や新幹線等の移動で出発駅や到着駅などの経路を入力すると、経路検索サービスの情報を基に交通運賃が　自動算出される為、今までは別のWebサイトで検索し、運賃を算出していた手間が省けました。楽楽精算の改善してほしい点承認機能について。経費申請する際、添付ファイルは1つしか追加できない点。承認時コメントが、差し戻し時にしかできない点。モバイルアプリからの申請だと、承認者を追加できない点。楽楽精算導入で得られた効果・メリット営業職で経費精算が多く、今までExcelや紙で処理を行っており、時間を取られていました。また、コロナの影響でテレワークの普及により、出社の頻度が減り、出社時にまとめて精算を行わなければならず、思い出したりする手間もあり、非効率でした。現状は「楽楽精算」を使う事で、テレワークでもWeb上で都度、経費をデータで一時保存できたり、とてもストレスなく、経費精算が出来るようになりました。
435,2023/05/03,UIがシンプルで慣れるまで、時間を要せず比較的使いやすいと思います。スマートフォンアプリ、WEB上という双方で入力できる為、使い勝手は高い,出張で発生した分を経費精算していくが、場合によっては交通網が複数の種類に渡る場合がある。その際に相手型一社を電車、バスをそれぞれの交通ルートを入力して精算する必要があり、一括で入力できるとより良いシステムの不具合がありましたか？特になし,会社としては経費削減が図れている。営業としては、ICカードと連携させることで経費精算の効率化を図ることができる以前利用していた製品の解約理由経費削減,シンプルな作りの経費精算システムを探している場合はおすすめかとおもいます
436,2023/05/02,PCだけでなくスマホでも使うことができ、領収書を撮影することでアップロードできるので空いた時間でサクッと申請することが出来る点が良いです。,直近発生したことですが、電車代の値上がりによって同月内で同区間で金額が変わってしまった場合でも日時から自動的にその日付の料金を設定してくれるとありがたいです。,普段在宅勤務か客先常駐のため、領収書についてアップロードだけで済み、提出が不要になったのでわざわざ本社に提出しにいく手間がなくなり、大変助かりました。この口コミを詳しく見る,なくスマホでも使うことができ、領収書を撮影することでアップロードできるので空いた時間でサクッと申請することが出来る点が良いです。楽楽精算の改善してほしい点直近発生したことですが、電車代の値上がりによって同月内で同区間で金額が変わってしまった場合でも日時から自動的にその日付の料金を設定してくれるとありがたいです。楽楽精算導入で得られた効果・メリット普段在宅勤務か客先常駐のため、領収書についてアップロードだけで済み、提出が不要になったのでわざわざ本社に提出しにいく手間がなくなり、大変助かりました。
437,2023/05/02,ICカードリーダーを使ってSuicaなどをタッチするだけで履歴が読み取られるので難しくなく使うことができる,モバイルSuicaを使っているがアプリの楽楽精算icリーダーを使おうとすると携帯１台だとかざす事が出来ないので携帯が2台必要になるところ,毎日入力する手間がないため時間が短縮できることがメリットだが、履歴が20件までしかSuicaに残らないため定期的にSuicaを読み取る必要はあるこの口コミを詳しく見る,リーダーを使ってSuicaなどをタッチするだけで履歴が読み取られるので難しくなく使うことができる楽楽精算の改善してほしい点モバイルSuicaを使っているがアプリの楽楽精算icリーダーを使おうとすると携帯１台だとかざす事が出来ないので携帯が2台必要になるところ楽楽精算導入で得られた効果・メリット毎日入力する手間がないため時間が短縮できることがメリットだが、履歴が20件までしかSuicaに残らないため定期的にSuicaを読み取る必要はある
438,2023/05/02,経費の精算をするにあたって、手軽にオンラインで申請する事ができ、無駄な時間を短縮する事ができて非常に助かっております。,交通費の申請を行うにあたって、ICカードの読み取りをしているのですが、利用しているIC端末から読み取るのに毎度PC側の設定を切り替えないと認識しないのが不便だと感じています。システムの不具合がありましたか？特にありませんでした。,楽楽精算を利用する事によって、本来は経理へ毎度郵送で送っていた交通費の申請や経費の申請が、オンラインで手軽に行うことができるので、無駄な切手代や郵送代を抑えることができております。,手軽にオンラインで経費精算を行うなら楽々精算がお勧めです。
439,2023/05/02,会社の事情に合わせて電子化できる部分を選択できること、導入までのサポートや説明会のサービスが充実しているところ,検索ボックスに過去に入力した内容がずっと残り続けているため、次に入力するときに邪魔になります。検索性が上がるといいと思う。,今までは紙で精算しており、申請者と庶務担当、経理担当のチェックにかなりの負担がかかっていました。導入までにかなり工数がかかりましたがその後はだいぶ楽になっています。この口コミを詳しく見る,に合わせて電子化できる部分を選択できること、導入までのサポートや説明会のサービスが充実しているところ楽楽精算の改善してほしい点検索ボックスに過去に入力した内容がずっと残り続けているため、次に入力するときに邪魔になります。検索性が上がるといいと思う。楽楽精算導入で得られた効果・メリット今までは紙で精算しており、申請者と庶務担当、経理担当のチェックにかなりの負担がかかっていました。導入までにかなり工数がかかりましたがその後はだいぶ楽になっています。
440,2023/05/02,駅名を入力して自動的に金額の計算をしてくれたり、過去の申請ルートを呼び出せたり便利な機能が揃っています。,1カ月の申請をまとめて行うことができないのが地味に不便です。期間や日程を指定してこのルートを何月何日利用したのか複数の申請をまとめて出来ると便利です。,領収書を撮影してアップロードできるため、領収書の原本を提出する必要がなくなったので月末まで保管・提出する手間がなくなりました。この口コミを詳しく見る,して自動的に金額の計算をしてくれたり、過去の申請ルートを呼び出せたり便利な機能が揃っています。楽楽精算の改善してほしい点1カ月の申請をまとめて行うことができないのが地味に不便です。期間や日程を指定してこのルートを何月何日利用したのか複数の申請をまとめて出来ると便利です。楽楽精算導入で得られた効果・メリット領収書を撮影してアップロードできるため、領収書の原本を提出する必要がなくなったので月末まで保管・提出する手間がなくなりました。
441,2023/05/02,元々操作も直感的で使いやすいシステムでした。先日社内規定の改定のせいか、紙の領収書提出が不要となり、写メで提出できるようになって便利さが加速。本当に助かります。,上司設定を手動で変えないといけない所です。組織が変わったり異動があった際は一括で変わればいいのにと思います。システムの不具合がありましたか？なし。,業務時間の短縮及び紙の節約、無駄な捺印作業の削減。これまでは領収書を紙に貼り、ハンコ集めが必要でしたが不要になり本当に便利になりました。以前利用していた製品の解約理由入力途中でログアウトすると一からやり直し,シンプルで使いやすい。スマホ操作も楽です
442,2023/05/02,交通系ICカードをリーダーにかざすことで、乗車履歴を読み取り、そのデータを使って交通費精算を行うことが可能,初期設定を自身で行う必要があるのだが、PCスキルの高くない人は苦戦すると思う。できることを事前に調べておき、何をやりたいかを予め決めておいて調べながら設定したほうがいいシステムの不具合がありましたか？不具合はなし,精算業務のミスが少なくなった、同時に手間も省かれ、全体的に効率化がなされた。申請する側も経理側も、双方ともに良い思いができるこの口コミを詳しく見る,カードをリーダーにかざすことで、乗車履歴を読み取り、そのデータを使って交通費精算を行うことが可能楽楽精算の改善してほしい点初期設定を自身で行う必要があるのだが、PCスキルの高くない人は苦戦すると思う。できることを事前に調べておき、何をやりたいかを予め決めておいて調べながら設定したほうがいいシステムの不具合がありましたか？不具合はなし楽楽精算導入で得られた効果・メリット精算業務のミスが少なくなった、同時に手間も省かれ、全体的に効率化がなされた。申請する側も経理側も、双方ともに良い思いができる
443,2023/05/01,今まではパソコンから各自で申請。その後総務の作業が発生していましたが、この製品に変えてから各自申請、総務は取りまとめのみという形になり効率化に繋がった。また、携帯で申請ができ外出先からでも申請できる為、領収書を溜めたりすることも無くなった。,領収書の添付場所が分かりにくいため、もう少し画像添付や領収書の登録方法を簡略、且つわかりやすくしてほしい。システムの不具合がありましたか？携帯からの画像連携ができなくなった時期があった。,今までは領収書を直接申請用紙に添付して紙で回付していたが、画像添付、送信のみでペーパレス化やに繋がった。また紙の領収書でなく、Web領収書の画像でも可になったのが有難い。以前利用していた製品の解約理由総務の業務が格段に減ること、効率化の観点から導入,何より携帯でタイムリーに申請できるのがいい！
444,2023/05/01,主に交通費申請で使用していますが、入力が簡単で金額の計算も自動で入力してくれるので、いくらだったか改めて調べなおす必要がないのが楽です。,普段は、以前入力した駅や経路を保存して呼び出すことが出来て楽なのだが、たまに履歴が消えていることがあります。原因も分からないですし、改善してほしいです。,以前までExcel形式で毎月の交通費の申請書を作成していたが、本製品の導入によってそもそも自分で申請書を記入する必要がなくなったので、工数削減になりました。この口コミを詳しく見る,申請で使用していますが、入力が簡単で金額の計算も自動で入力してくれるので、いくらだったか改めて調べなおす必要がないのが楽です。楽楽精算の改善してほしい点普段は、以前入力した駅や経路を保存して呼び出すことが出来て楽なのだが、たまに履歴が消えていることがあります。原因も分からないですし、改善してほしいです。楽楽精算導入で得られた効果・メリット以前までExcel形式で毎月の交通費の申請書を作成していたが、本製品の導入によってそもそも自分で申請書を記入する必要がなくなったので、工数削減になりました。
445,2023/05/01,交通費以外にも経費、交際費、支払依頼などの様々な経費に関わる項目を一元管理できるようになりました。承認過程も見れるためどこで止まっているかも一目でわかるのが便利です。,仕訳の抽出方法を指定できるのは便利だが、パターン化できるものが少ない気がします。思っていた仕訳にならないこともあるので精度が高まれば更に良いなと思います。,もともとはスプレッドシートで管理していたのですが、一度手違いで全部データが消えてしまったことがあり大変でした。このサービスを利用することでそういった失敗もなくなり、経費精算にかける時間を削減することが出来ました。この口コミを詳しく見る,にも経費、交際費、支払依頼などの様々な経費に関わる項目を一元管理できるようになりました。承認過程も見れるためどこで止まっているかも一目でわかるのが便利です。楽楽精算の改善してほしい点仕訳の抽出方法を指定できるのは便利だが、パターン化できるものが少ない気がします。思っていた仕訳にならないこともあるので精度が高まれば更に良いなと思います。楽楽精算導入で得られた効果・メリットもともとはスプレッドシートで管理していたのですが、一度手違いで全部データが消えてしまったことがあり大変でした。このサービスを利用することでそういった失敗もなくなり、経費精算にかける時間を削減することが出来ました。
446,2023/05/01,私はこの製品をビジネスマッチングとして紹介している立場の者です。導入企業さまからは、紙媒体の管理からデジタル管理に移行でき大変便利というお声を聞きます。,有料プランをオプションとしてつける形は仕方ないかと思いますが、費用を気にして導入を見送るお客さまもいらっしゃることが残念なところです。,精算のためにわざわざ出社する必要がなくなった、デジタル申請できるので提出者も管理者も管理が楽になった。この口コミを詳しく見る,品をビジネスマッチングとして紹介している立場の者です。導入企業さまからは、紙媒体の管理からデジタル管理に移行でき大変便利というお声を聞きます。楽楽精算の改善してほしい点有料プランをオプションとしてつける形は仕方ないかと思いますが、費用を気にして導入を見送るお客さまもいらっしゃることが残念なところです。楽楽精算導入で得られた効果・メリット精算のためにわざわざ出社する必要がなくなった、デジタル申請できるので提出者も管理者も管理が楽になった。
447,2023/04/30,毎月の交通費申請で発生する入力作業や計算処理が本製品によってほぼ自動化されて作業自体が簡単かつ楽になりました。,スマホでも申請はできるのですが、PCに比べて見づらさ使いづらさを感じます。また、スマホ版だと承認者の設定など出来ないことがあるので改善してほしいです。,Excelで作成・申請していた交通費申請が本製品に代わったことで、毎回金額を調べる手間や同じルートを何度も入力する手間がなくなり申請にかかる時間がかなり削減されました。この口コミを詳しく見る,費申請で発生する入力作業や計算処理が本製品によってほぼ自動化されて作業自体が簡単かつ楽になりました。楽楽精算の改善してほしい点スマホでも申請はできるのですが、PCに比べて見づらさ使いづらさを感じます。また、スマホ版だと承認者の設定など出来ないことがあるので改善してほしいです。楽楽精算導入で得られた効果・メリットExcelで作成・申請していた交通費申請が本製品に代わったことで、毎回金額を調べる手間や同じルートを何度も入力する手間がなくなり申請にかかる時間がかなり削減されました。
448,2023/04/28,写真での領収書の取り込みや過去のルートの参照・呼び出しなどユーザーの操作が簡単かつ手間のいらない優秀な機能をそろえたサービスです。,承認者が変わった際の設定のやり方がやや分かりづらいといった点は改善ポイントではありますが、たまにしか使わない上、メインの機能は使いやすいのであまり困ってはいません。,スマホからの操作もでき、使いやすいため移動時間や空いた時間でサクッと各種申請をすることができています。この口コミを詳しく見る,収書の取り込みや過去のルートの参照・呼び出しなどユーザーの操作が簡単かつ手間のいらない優秀な機能をそろえたサービスです。楽楽精算の改善してほしい点承認者が変わった際の設定のやり方がやや分かりづらいといった点は改善ポイントではありますが、たまにしか使わない上、メインの機能は使いやすいのであまり困ってはいません。楽楽精算導入で得られた効果・メリットスマホからの操作もでき、使いやすいため移動時間や空いた時間でサクッと各種申請をすることができています。
449,2023/04/25,楽楽精算を使って、スマホで領収書を撮影・入力するだけで、経費精算が簡単・スピーディになった。管理者も精算状況をリアルタイムで確認でき、業務効率化に貢献している。,楽楽精算は、スキャンした領収書が読み込みにくく、手動での入力が必要な場合がある。OCR技術の導入や、経費精算の自動化機能の強化が望まれる。システムの不具合がありましたか？特にトラブルはないがスキャンが読みづらいときがある,楽楽精算を利用することで、紙ベースの経費精算からの脱却が可能となり、業務の効率化やコスト削減が期待できる。例えば、営業先での交通費や飲食費の精算が即座にでき、時間の節約になる。また、精算プロセスの見える化により、従業員と管理者の間での認識ギャップを解消し、信頼関係の構築にも繋がる。,楽楽精算は、スマートフォンアプリで手軽に利用できるため、オンラインでもオフラインでも、いつでもどこでも経費の管理が可能です。また、複数の精算アプリを組み合わせて利用することもでき、より使い勝手が良くなります。そのため、経費の管理にお困りの企業や従業員にとって、非常に便利なツールと言えます。
450,2023/04/25,会社でたしか３年前とかに導入された経費精算システムです。いつもツールにはお世話になっておりますが、良いなというポイントがパッと思い浮かびませんでした。ごめんなさい参考にならないかもしれません。,領収書の拡張子がpdfにしか対応しておらず、一つあげるのにも大変です。。スマホで撮影、pcにエアドロップ、画像開いてpdfで省エネサイズで書き出し。ちなみに書き出しサイズを通常のままだと、これまた容量が大きいとエラーになるので注意が必要です。そしてサイズを下げてアップロードすると、OCRチェック処理に10秒以上待たされた上に、正常に読み取れないので結局自分がタイプしないといけません。領収書をスムーズに提出できるか、が肝なツールだと思うので、改善必須な一つだと思います。システムの不具合がありましたか？jpgpngといsった拡張子に未対応それ以外のバグといったものはあった記憶はありません。,経理部門はもしかしたら都合がよい機能が備わっているのかもしれません。通常利用の従業員サイドのほうが利用人数多いので、改善をしていかれないと現場不満からの解約につながらないかなと心配です。,とくにございません
451,2023/04/24,数年前から、利用者として管理部への交通費等の精算報告に利用しています。導入したては入力方法等不慣れでしたが、やり方を覚えると、ほとんどがプルダウン方式で簡単に作成することができます。おそらく管理部のスタッフの効率が格段に上がっていますし、利用者からの管理部への申請漏れもほとんどなくなりました。,特に無いのですが、強いて言うなら、領収書の添付方法がうまく利用できていません。一度写真でデータを読み込んでからデータに添付する作業がもう少し効率よくなればいいなと思います。,利用者（申請者）目線ですが、毎月行う作業として定着したため、経費申請の漏れが無くなりました。また、空き時間にアプリでぱぱっとできるのも利点だと思います。,管理者、利用者共に作業効率が上げられるシステムだと思います。
452,2023/04/23,製品名の通り、各種精算が楽にできる優れものです。過去の精算データの保存・呼び出し・写メでのアップロードなど機能が充実している上に使いやすいです。,今のところ特に改善してほしい点はないです。現状の機能で満足しているので、あまり余計な機能を付けて使いにくくならないようにしてほしいです。,精算時の書類作成・提出にかかる工数や提出の方法が簡単かつ、かなりの工数削減ができました。提出からの承認過程もリアルタイムで終えるため、申請漏れなどの管理もしやすいです。この口コミを詳しく見る,り、各種精算が楽にできる優れものです。過去の精算データの保存・呼び出し・写メでのアップロードなど機能が充実している上に使いやすいです。楽楽精算の改善してほしい点今のところ特に改善してほしい点はないです。現状の機能で満足しているので、あまり余計な機能を付けて使いにくくならないようにしてほしいです。楽楽精算導入で得られた効果・メリット精算時の書類作成・提出にかかる工数や提出の方法が簡単かつ、かなりの工数削減ができました。提出からの承認過程もリアルタイムで終えるため、申請漏れなどの管理もしやすいです。
453,2023/04/21,スマホから簡単に経費申請・承認ができ、領収書の撮影から自動で経費明細を作成してくれるため、手間が大幅に軽減される。承認の際にはコメントがつけられ、円滑なコミュニケーションが可能。さらに、申請状況の一括確認ができ、管理者の作業効率も向上する。価格も手ごろで、中小企業でも導入しやすい。,デザイン性や使い勝手の改善が必要。一部の機能が使いにくく、操作が煩雑に感じることがある。また、経費精算以外の機能がなく、他の業務との連携性に欠ける。さらに、申請や承認のフローに関しても、柔軟性が不足しているため、より多様なシチュエーションに対応できるよう改善が必要。,従業員の経費精算作業を効率化し、管理者の作業負担を軽減することができました。また、領収書の紛失や漏れなどのヒューマンエラーを減らし、正確な経費管理が可能になりました。楽楽精算を導入することで経費処理の作業時間が半分以下に短縮され、作業負担がかなり軽減された。この口コミを詳しく見る,簡単に経費申請・承認ができ、領収書の撮影から自動で経費明細を作成してくれるため、手間が大幅に軽減される。承認の際にはコメントがつけられ、円滑なコミュニケーションが可能。さらに、申請状況の一括確認ができ、管理者の作業効率も向上する。価格も手ごろで、中小企業でも導入しやすい。楽楽精算の改善してほしい点デザイン性や使い勝手の改善が必要。一部の機能が使いにくく、操作が煩雑に感じることがある。また、経費精算以外の機能がなく、他の業務との連携性に欠ける。さらに、申請や承認のフローに関しても、柔軟性が不足しているため、より多様なシチュエーションに対応できるよう改善が必要。楽楽精算導入で得られた効果・メリット従業員の経費精算作業を効率化し、管理者の作業負担を軽減することができました。また、領収書の紛失や漏れなどのヒューマンエラーを減らし、正確な経費管理が可能になりました。楽楽精算を導入することで経費処理の作業時間が半分以下に短縮され、作業負担がかなり軽減された。
454,2023/04/21,先方の送付希望に合わせて一回の操作でメールや郵送もしていただけるので手間が省けました。必要情報もこちらで設定ができ、一括で登録できるのも便利でした。,帳票データを一括取り込みした後に「承認依頼待ち」に入るのですが、開かずとも一括で「承認依頼」に流せると手間が省けて使いやすいです。,今まで一通一通メールにPDFを付けて請求書や支払通知書を送っていたので送付業務で2時間くらい要していましたが15分で終えることができました。郵送にも対応いただけるので大変使いやすいです。この口コミを詳しく見る,希望に合わせて一回の操作でメールや郵送もしていただけるので手間が省けました。必要情報もこちらで設定ができ、一括で登録できるのも便利でした。楽楽精算の改善してほしい点帳票データを一括取り込みした後に「承認依頼待ち」に入るのですが、開かずとも一括で「承認依頼」に流せると手間が省けて使いやすいです。楽楽精算導入で得られた効果・メリット今まで一通一通メールにPDFを付けて請求書や支払通知書を送っていたので送付業務で2時間くらい要していましたが15分で終えることができました。郵送にも対応いただけるので大変使いやすいです。
455,2023/04/21,いろいろな選択項目があり、簡単に請求書の処理をすることができる点。記入項目が確実にわかるので、申請の際不備がなく申請することができる。,請求書の写真の登録が少しめんどくさいように感じる。慣れたら、そこまで気にならないのかもしれませんが。,今までは自社の独自システムに申請をしていたが、不備なので承認されないことがあった。このシステムに切り替えてからはスムーズに精算ができていると思う。この口コミを詳しく見る,選択項目があり、簡単に請求書の処理をすることができる点。記入項目が確実にわかるので、申請の際不備がなく申請することができる。楽楽精算の改善してほしい点請求書の写真の登録が少しめんどくさいように感じる。慣れたら、そこまで気にならないのかもしれませんが。楽楽精算導入で得られた効果・メリット今までは自社の独自システムに申請をしていたが、不備なので承認されないことがあった。このシステムに切り替えてからはスムーズに精算ができていると思う。
456,2023/04/21,アプリとも連動しているので、領収書の読み取りや仕分けも楽です。また交通系ICカード連携た定期区間控除などミスがなくなりました。ミスがしやすい分野ですが、ほぼミスなく精算が可能です。出張時の日当計算・申請などもスッキリした画面になっておりますので、簡単に終わらすことが可能です。,システム側の問題よりも運用側に問題が大きいと思います。例えば、承認者がいない場合、承認までの時間がかかる…手作業の記入なので時間がかかる（経理側は楽だと思うが、実作業者は少々面倒くさい面がありますので、納得させるのに最初大変だと思います）システムの不具合がありましたか？特にありません。,（実作業よりも、あくまでも経理側として）精算業務の手間や時間削減になります。各種会計ソフトに合わせて変更できる点も良いですし、勘定科目を紐づけれる自動仕分け機能もありますので、経理側にとってはメリットが多いと思います。,経理部の方にとっては時間的・コスト的に効率化が図れますので、導入した方が絶対便利です。
457,2023/04/21,旅費精算も立替え精算も、これ1つ。日当･宿泊･交通費等、プルダウンから選択するだけで、メニュー形式になっているので操作が分かりやすい。また、スマホ連携なのでPCでもスマホでもどちらでも使えます。,入力が必須なところがわかりづらいので、もうちょっと分かりやすい方がいいです。またマイカー使った旅費精算でガソリン代精算が分かりづらいです。,精算作業の時間短縮と効率化が可能です。スマホでも入力できるのでリアルタイムで実績入力＆保存しておいて、最後に精算する事も可能です。以前利用していた製品の解約理由サポート終了による。この口コミを詳しく見る,立替え精算も、これ1つ。日当･宿泊･交通費等、プルダウンから選択するだけで、メニュー形式になっているので操作が分かりやすい。また、スマホ連携なのでPCでもスマホでもどちらでも使えます。楽楽精算の改善してほしい点入力が必須なところがわかりづらいので、もうちょっと分かりやすい方がいいです。またマイカー使った旅費精算でガソリン代精算が分かりづらいです。楽楽精算導入で得られた効果・メリット精算作業の時間短縮と効率化が可能です。スマホでも入力できるのでリアルタイムで実績入力＆保存しておいて、最後に精算する事も可能です。以前利用していた製品の解約理由サポート終了による。
458,2023/04/20,ICカードの読み取り機能があるので交通費精算が楽。自分で路線を入力しなくてもいいので手間が省けます。,立て替えた経費が口座に返金されたタイミングでお知らせがメールやLINEで届くようになるといいと思う。確認しやすいので。,もしも自分が精算ルールに反する申請をあげてしまいそうになったら、システムが自動で申請をブロックしてくれるのがとても助かる。一度申請をあげて、それを棄却されると再承認のためにまた入力する必要があり、指摘されたことをストレスに感じることがあるし、担当者も人力で確認してルール違反だとイライラすると思う。そんな誰も幸せにならないやりとりが発生しないのがとても良い。この口コミを詳しく見る,の読み取り機能があるので交通費精算が楽。自分で路線を入力しなくてもいいので手間が省けます。楽楽精算の改善してほしい点立て替えた経費が口座に返金されたタイミングでお知らせがメールやLINEで届くようになるといいと思う。確認しやすいので。楽楽精算導入で得られた効果・メリットもしも自分が精算ルールに反する申請をあげてしまいそうになったら、システムが自動で申請をブロックしてくれるのがとても助かる。一度申請をあげて、それを棄却されると再承認のためにまた入力する必要があり、指摘されたことをストレスに感じることがあるし、担当者も人力で確認してルール違反だとイライラすると思う。そんな誰も幸せにならないやりとりが発生しないのがとても良い。
459,2023/04/19,出先の際に経路登録をすることで簡単に交通費精算が行える。某乗り換え案内アプリと検索の仕方がわかりやすく、新幹線などの特急券にも対応。上席の承認が降りた時もすぐにメールでお知らせが届くのでとてもわかりやすい。,路線選択画面のUIがITシステムを使い慣れていない社員は理解しにくい、と職場で意見が出ている。ボタンの大きさなどもう少し大きい方がわかりやすいのかもしれない。システムの不具合がありましたか？トラブルなど特に大きな問題はなく利用させていただいてます。,以前務めていた企業の交通費計算は紙ベースだったこともあり、出先でもスマホひとつで経費計算、申請することができることで時間の有効活用をはかることができていると感じる。,簡単に使用することができるため、経費計算のし忘れにも効果的です。
460,2023/04/19,今まで使用していた精算システムでは、例えば交通費精算では往路を細かく手で入力していました。しかし、このシステムでは入力するのは出発地と目的地のみで簡単でした。,使用目的としては、とても使いやすいと思いますが、機能が多くて不要なものも多いように感じます。機能を取捨することを検討できると尚良い。,最大のメリットは精算にかかる時間の短縮だと思います。領収書などは、入力や紙への添付が不要なので便利です。,システム導入のコスパは長期目線で良いと思います
461,2023/04/19,交通費の申請などで、交通経路や金額が記憶しておけるため、わざわざ調べる手間がなくなり、スムーズに申請ができるようになった。,経費精算締切のタイミングでなにかしらのアナウンスをしてくれる機能があれば、もっと便利になると思います。,スマホ対応もしているため、通勤途中や移動中など電車の中での隙間時間を活用した経費精算申請を行えるようになり、生産性が上がった。この口コミを詳しく見る,請などで、交通経路や金額が記憶しておけるため、わざわざ調べる手間がなくなり、スムーズに申請ができるようになった。楽楽精算の改善してほしい点経費精算締切のタイミングでなにかしらのアナウンスをしてくれる機能があれば、もっと便利になると思います。楽楽精算導入で得られた効果・メリットスマホ対応もしているため、通勤途中や移動中など電車の中での隙間時間を活用した経費精算申請を行えるようになり、生産性が上がった。
462,2023/04/18,ICカードの読み取りにも対応しており、通常の電車賃であればチェックを入れるだけで申請を上げられるので楽,田舎の駅やバスの停留所にも対応してくれると嬉しい。スマホアプリ番号等も今後リリースしてくれると使いこなせる人が増えると思うシステムの不具合がありましたか？特に無し,出先でも申請を上げることが出来るので、経費の戻りが月内等に行える。移動費以外にも宿泊費等様々なジャンルの申請が可能。,ICカードの運賃利用が多い人におすすめ
463,2023/04/17,それまではエクセルで経費精算を管理していたが、領収書とエクセルに記載する金額のミス、内規違反などが多発しとても手間がかかっていた。しかし、統制品では自動でシステム連携してもらうため、人の手が介在しなくなってミスが減った。,手作業で登録した経費の金額が間違っていた時に、金額を訂正するのが面倒くさい。また、勘定項目を設定するときに、どの項目にすればいいのか戸惑うときがある。,やはり、エクセルで手作業で管理していた経費申請を自動化できたところ。特に、ICカードやクレジットカードの連携によって、転記せずとも自動で集計されるのはとても楽この口コミを詳しく見る,エクセルで経費精算を管理していたが、領収書とエクセルに記載する金額のミス、内規違反などが多発しとても手間がかかっていた。しかし、統制品では自動でシステム連携してもらうため、人の手が介在しなくなってミスが減った。楽楽精算の改善してほしい点手作業で登録した経費の金額が間違っていた時に、金額を訂正するのが面倒くさい。また、勘定項目を設定するときに、どの項目にすればいいのか戸惑うときがある。楽楽精算導入で得られた効果・メリットやはり、エクセルで手作業で管理していた経費申請を自動化できたところ。特に、ICカードやクレジットカードの連携によって、転記せずとも自動で集計されるのはとても楽
464,2023/04/16,経費精算のためにシステムを新規導入。それまでの紙ベースからの移行となると、従業員の間で戸惑いがあったのは確かである。,個人認証機能の頻度が高いと感じる。経費精算の頻度がそこまで多くないため、少し放置して久しぶりに使用するとログインの手間がある。,スマホ版での使用が可能なため、わざわざパソコンを立ち上げずにすむ。しかしながら、そこまでリアルタイムでの経費精算をしないため、結局はパソコンで精算することになる。この口コミを詳しく見る,ためにシステムを新規導入。それまでの紙ベースからの移行となると、従業員の間で戸惑いがあったのは確かである。楽楽精算の改善してほしい点個人認証機能の頻度が高いと感じる。経費精算の頻度がそこまで多くないため、少し放置して久しぶりに使用するとログインの手間がある。楽楽精算導入で得られた効果・メリットスマホ版での使用が可能なため、わざわざパソコンを立ち上げずにすむ。しかしながら、そこまでリアルタイムでの経費精算をしないため、結局はパソコンで精算することになる。
465,2023/04/16,主に交通費精算で使用していますが、操作も簡単で、かつ精算に必要かつ欲しい機能が揃っているため過不足なく良い製品だと思います。,交通費申請する際、予測変換がほしいです。駅名に誤字があると認識されないため、サジェスト機能があると訂正する手間が省けて便利かなと思います。,タクシー利用の際も領収書を写真で撮りアップロードするだけで取り込めるので、スマホ1つで完結して非常に便利です。この口コミを詳しく見る,精算で使用していますが、操作も簡単で、かつ精算に必要かつ欲しい機能が揃っているため過不足なく良い製品だと思います。楽楽精算の改善してほしい点交通費申請する際、予測変換がほしいです。駅名に誤字があると認識されないため、サジェスト機能があると訂正する手間が省けて便利かなと思います。楽楽精算導入で得られた効果・メリットタクシー利用の際も領収書を写真で撮りアップロードするだけで取り込めるので、スマホ1つで完結して非常に便利です。
466,2023/04/15,交通系ICカードをリーダーで読み込ませると、過去の電車の利用履歴が確認でき、そこから選択をして経費精算できるのがとても楽です。,特に不便なく使えているので改善してほしいポイントはないですが、各ボタンがもう少し大きい方が使いやすいような気はします。,以前までは、紙で交通費を精算して総務から現金で返金されていたのですが、楽楽精算が導入されてからPC上で簡単に申請ができ、振込での返金になったので、効率的で助かっています！この口コミを詳しく見る,カードをリーダーで読み込ませると、過去の電車の利用履歴が確認でき、そこから選択をして経費精算できるのがとても楽です。楽楽精算の改善してほしい点特に不便なく使えているので改善してほしいポイントはないですが、各ボタンがもう少し大きい方が使いやすいような気はします。楽楽精算導入で得られた効果・メリット以前までは、紙で交通費を精算して総務から現金で返金されていたのですが、楽楽精算が導入されてからPC上で簡単に申請ができ、振込での返金になったので、効率的で助かっています！
467,2023/04/15,外貨に対応していることです。それ以外にも、決算時の会計が導入前よりもスムーズになり、仕事の量が減りました。,Chrome以外のブラウザだと少し動作が重いです。後は、スマホからアクセスすることができないのもデメリットです。,月々の給料の会計が導入前よりも管理がラクになりました。ボーナスなどの管理もスムーズになりました。税務署関係の書類の提出も残業なしで提出することができました。この口コミを詳しく見る,していることです。それ以外にも、決算時の会計が導入前よりもスムーズになり、仕事の量が減りました。楽楽精算の改善してほしい点Chrome以外のブラウザだと少し動作が重いです。後は、スマホからアクセスすることができないのもデメリットです。楽楽精算導入で得られた効果・メリット月々の給料の会計が導入前よりも管理がラクになりました。ボーナスなどの管理もスムーズになりました。税務署関係の書類の提出も残業なしで提出することができました。
468,2023/04/15,楽楽精算はケータイで領収書を読み取れる点が非常に良いと感じました。ケータイで読み取った領収書をパソコンで確認できます。ウェブ上で一元管理できる点がIT化が進む世の中にぴったりだと思いました。,ユーザーとしてあまり改善してほしい点はないですが、この欄はなんなんだろう？とよくわからず使っている点はあります。システムの不具合がありましたか？今の所とくにありません。,私は支社に勤務しているのですが、領収書をケータイで読み取れることで、本社にいちいち領収書を送る手間を省くことができました。この口コミを詳しく見る,ケータイで領収書を読み取れる点が非常に良いと感じました。ケータイで読み取った領収書をパソコンで確認できます。ウェブ上で一元管理できる点がIT化が進む世の中にぴったりだと思いました。楽楽精算の改善してほしい点ユーザーとしてあまり改善してほしい点はないですが、この欄はなんなんだろう？とよくわからず使っている点はあります。システムの不具合がありましたか？今の所とくにありません。楽楽精算導入で得られた効果・メリット私は支社に勤務しているのですが、領収書をケータイで読み取れることで、本社にいちいち領収書を送る手間を省くことができました。
469,2023/04/15,「楽楽精算」とうたっている通り、慣れれば本当に楽に申請回りのことが完結されることができます。タクシーなどの領収書もこれまでは紙に貼り付けて提出しなければいけませんでしたが、写真撮影して提出できるようになったので、月初の申請のタイミングまで領収書を保管しておく必要がなくなり、そういった管理の面でも楽になりました。,初めて使ったときは、機能が充実している分、自分がどうすれば楽に申請が済むのかが、わかりにくかったです。,基本的に私は出社先が決まっており、同じルートでの出勤になるので、以前に申請したルート・行先が保存されて呼び出すことが出来る本サービスでの経費申請は、ものの数分で完了するため、時間をかけずに手続きできています。この口コミを詳しく見る,」とうたっている通り、慣れれば本当に楽に申請回りのことが完結されることができます。タクシーなどの領収書もこれまでは紙に貼り付けて提出しなければいけませんでしたが、写真撮影して提出できるようになったので、月初の申請のタイミングまで領収書を保管しておく必要がなくなり、そういった管理の面でも楽になりました。楽楽精算の改善してほしい点初めて使ったときは、機能が充実している分、自分がどうすれば楽に申請が済むのかが、わかりにくかったです。楽楽精算導入で得られた効果・メリット基本的に私は出社先が決まっており、同じルートでの出勤になるので、以前に申請したルート・行先が保存されて呼び出すことが出来る本サービスでの経費申請は、ものの数分で完了するため、時間をかけずに手続きできています。
470,2023/04/14,初見で説明書などを読まなくても項目さえ分かれば間違える事なく入力ができるため、ITの知識がなくても分かりやすいフォーム構成になっている。,請求書の添付をする際、PDFファイルを主にアップするが、弊社の社員数が多いため社員の健康診断の請求書が1度にアップできず2.3回に分けて申請が必要になることがしばしばある。大企業で従業員数が多い場合は弊社と同じようなことが起こりうると思うので改善して欲しい。,事務周りは未だに紙書類が多く、過去の書類など莫大な数を保管しなくてはならないため、保管スペースや処分する際にも費用がかかるため、楽楽精算を導入したことでそれらの懸念点が改善された点とリモートワークが浸透した現代において自宅や外出先でも申請ができる、紙の資源削減にもつながっており結果的に経費削減に成功した。この口コミを詳しく見る,書などを読まなくても項目さえ分かれば間違える事なく入力ができるため、ITの知識がなくても分かりやすいフォーム構成になっている。楽楽精算の改善してほしい点請求書の添付をする際、PDFファイルを主にアップするが、弊社の社員数が多いため社員の健康診断の請求書が1度にアップできず2.3回に分けて申請が必要になることがしばしばある。大企業で従業員数が多い場合は弊社と同じようなことが起こりうると思うので改善して欲しい。楽楽精算導入で得られた効果・メリット事務周りは未だに紙書類が多く、過去の書類など莫大な数を保管しなくてはならないため、保管スペースや処分する際にも費用がかかるため、楽楽精算を導入したことでそれらの懸念点が改善された点とリモートワークが浸透した現代において自宅や外出先でも申請ができる、紙の資源削減にもつながっており結果的に経費削減に成功した。
471,2023/04/14,領収書のエラーの無い自動読み取り機能が非常に便利、かつ読み取りミスも少なく、申請ユーザーにとっての申請負担が極めて少ないことがとても優れた点です。,慣れてしまえば全く問題無いのですが、領収書データ登録と、領収書データ呼び出しの2点がやや分かりづらい仕様になっているため、改善が行われるとなお良いと感じます。,スマートフォンからでも領収書読み取り対応が可能であり、同サービスがセールスポイントとしている「経費申請のためにわざわざ帰社」といった対応も不要、全般にユーザー目線に立った負担処理軽減がなされており、申請にかかる時間の削減に大いに寄与しております。この口コミを詳しく見る,ラーの無い自動読み取り機能が非常に便利、かつ読み取りミスも少なく、申請ユーザーにとっての申請負担が極めて少ないことがとても優れた点です。楽楽精算の改善してほしい点慣れてしまえば全く問題無いのですが、領収書データ登録と、領収書データ呼び出しの2点がやや分かりづらい仕様になっているため、改善が行われるとなお良いと感じます。楽楽精算導入で得られた効果・メリットスマートフォンからでも領収書読み取り対応が可能であり、同サービスがセールスポイントとしている「経費申請のためにわざわざ帰社」といった対応も不要、全般にユーザー目線に立った負担処理軽減がなされており、申請にかかる時間の削減に大いに寄与しております。
472,2023/04/13,PASMOの履歴を毎回、地下鉄の改札にいって印刷をする必要がなくなったこと。スマホで取り込むことが出来るは便利,領収書の写真を撮って申請するものの、OCR機能が弱く、4回に１回は誤入力が発生し、修正作業が必要になるところ。システムの不具合がありましたか？特になし。,領収書をペタペタ貼る作業から解放されたことが一番のメリットです。撮影した写真が社内に記録として残るようです。,紙が減らせます。
473,2023/04/11,経費だけでなく、稟議やその他諸々の処理がこのソフトでまとめてできるところ。過去の申請をコピーして利用も可能なので記入項目の確認の手間が省けるのが良い。,弊社では記録保存のために取下げられた稟議の消去が不可となっているため、取り下げ後もバッジがついた状態で残っている。差し戻しで再申請が必要なものと、取下げたものの区別ができるようフォルダ機能が使えるとありがたい。システムの不具合がありましたか？特になし。,稟議と支払依頼申請の紐付けることができるため、承認依頼先の部署が申請ごとに違っていても一連の流れを把握することができる。承認者が表示されるので、不明点があった際に誰に何を確認すべきか明確になり便利。,ソフト内にデータが残るため書類の紛失防止、紙の経費の節約にもなるほか、申請者承認者ともに時短になります。
474,2023/04/10,項目別に精算申請できるのはもちろん、一時保存やコピーもできるので使いやすいです。同じ内容を都度申請するのがとても面倒だったので、導入してから文字通り作業が楽になりました。,自分自身は特に不満はありませんが、例えばパソコン作業等が苦手な方や高齢者の方々操作する場合は、若干戸惑うかなと思います。,自分の仕事場では、同じ内容の申請が何度も発生するので、コピー機能等作業に手間がかからず出来るのが一番有難く思う部分です。この口コミを詳しく見る,算申請できるのはもちろん、一時保存やコピーもできるので使いやすいです。同じ内容を都度申請するのがとても面倒だったので、導入してから文字通り作業が楽になりました。楽楽精算の改善してほしい点自分自身は特に不満はありませんが、例えばパソコン作業等が苦手な方や高齢者の方々操作する場合は、若干戸惑うかなと思います。楽楽精算導入で得られた効果・メリット自分の仕事場では、同じ内容の申請が何度も発生するので、コピー機能等作業に手間がかからず出来るのが一番有難く思う部分です。
475,2023/04/10,明細の作成から上長への申請、経理担当による承認まで一貫して行えるクラウド型の経費精算システム。証憑書類もスマホ等で写真を撮って添付することが出来るため、領収書やレシートを保管しておく必要もなくなった。,経費の科目を選ぶ際にどの勘定科目を設定するべきなのか分かり辛いことがある。領収書を写真で撮影した際に購入店舗や購入品名を読み取って自動予測で科目を選択してくれる機能があると、更にスムーズに明細が作れると感じる。,交通費の精算がとても楽になった。個人設定に通勤定期区間を登録することができ、精算した経路から定期区間を自動で控除し金額を算出してくれる。経路についても計算ツールを備えているため出発駅と到着駅を入力するだけで自動で経路を導いてくれる。この口コミを詳しく見る,から上長への申請、経理担当による承認まで一貫して行えるクラウド型の経費精算システム。証憑書類もスマホ等で写真を撮って添付することが出来るため、領収書やレシートを保管しておく必要もなくなった。楽楽精算の改善してほしい点経費の科目を選ぶ際にどの勘定科目を設定するべきなのか分かり辛いことがある。領収書を写真で撮影した際に購入店舗や購入品名を読み取って自動予測で科目を選択してくれる機能があると、更にスムーズに明細が作れると感じる。楽楽精算導入で得られた効果・メリット交通費の精算がとても楽になった。個人設定に通勤定期区間を登録することができ、精算した経路から定期区間を自動で控除し金額を算出してくれる。経路についても計算ツールを備えているため出発駅と到着駅を入力するだけで自動で経路を導いてくれる。
476,2023/04/09,導入前は紙の書類で経費申請していたので、いまどこまで決裁が通っているのか確認が難しかったところを導入後は一目瞭然、決裁がどの担当者で止まっているか確認でき、決裁が下りるまでの不安やイライラの解消につながっている。出張申請では、項目を選択すると、日当の計算が自動でされ、自分で入力する手間がなく記入忘れもなくストレスフリーで良いです。,利用していて困ったことは、領収書の写真を撮ってデータをアップロードするのですが、写真の読み取り精度？があまりよくないようで、自分で入力しなおさないといけないことがある点です。あるとうれしい点は、申請から２日とか申請者が任意で設定した日数を超過して決裁が進まない場合に、止まっている担当者に通知がいくような仕組みがあるとうれしいです。こちらで進捗を確認して、止めている人にわざわざ電話やメールで催促するのが億劫なため。システムの不具合がありましたか？今のところ、解決できないトラブルには見舞われていません。営業マンレベルでわからない点も、業務グループの担当者に聞けば解決できました。,導入後に得られたメリットとしては、紙の書類で決裁をまわしていた時よりも短期間で決裁がおりるようになった点です。自動で入力される箇所もあり、ミスの回避にもつながっています。紙の時だと、最終決裁者までいってから不備が見つかって、初めから書類の訂正とまわし直しとなると、決裁が最終的におりるまでずいぶん手間と時間がかかることもありました。急ぎで承認がほしい場合には特にストレスになっていたので、このストレスがなくなったおかげで、本来の業務に集中できることにつながっています。この口コミを詳しく見る,の書類で経費申請していたので、いまどこまで決裁が通っているのか確認が難しかったところを導入後は一目瞭然、決裁がどの担当者で止まっているか確認でき、決裁が下りるまでの不安やイライラの解消につながっている。出張申請では、項目を選択すると、日当の計算が自動でされ、自分で入力する手間がなく記入忘れもなくストレスフリーで良いです。楽楽精算の改善してほしい点利用していて困ったことは、領収書の写真を撮ってデータをアップロードするのですが、写真の読み取り精度？があまりよくないようで、自分で入力しなおさないといけないことがある点です。あるとうれしい点は、申請から２日とか申請者が任意で設定した日数を超過して決裁が進まない場合に、止まっている担当者に通知がいくような仕組みがあるとうれしいです。こちらで進捗を確認して、止めている人にわざわざ電話やメールで催促するのが億劫なため。システムの不具合がありましたか？今のところ、解決できないトラブルには見舞われていません。営業マンレベルでわからない点も、業務グループの担当者に聞けば解決できました。楽楽精算導入で得られた効果・メリット導入後に得られたメリットとしては、紙の書類で決裁をまわしていた時よりも短期間で決裁がおりるようになった点です。自動で入力される箇所もあり、ミスの回避にもつながっています。紙の時だと、最終決裁者までいってから不備が見つかって、初めから書類の訂正とまわし直しとなると、決裁が最終的におりるまでずいぶん手間と時間がかかることもありました。急ぎで承認がほしい場合には特にストレスになっていたので、このストレスがなくなったおかげで、本来の業務に集中できることにつながっています。
477,2023/04/08,領収書を撮影するだけで、自動でデータ化されます。この機能は僕もかなり助けられていますね。手入力の手間がなくなるため、精算漏れも防げます。事前申請機能も充実しており、経費利用の確認や内部統制の強化が可能です。各種カードやAmazonビジネスの利用明細も自動取り込みできるため、手入力のミスを防ぎます。弊社では社内備品をAmazonで購入することが多いのでこの機能もいいですね。また申請内容も自動で仕訳され、会計ソフトとの連携もバッチリだと経理の子が言ってました。振込データも自動生成できるため、面倒な作業がなくなります。,客観的に見て個人的には、もう少しカスタマイズ性があると良いと思います。また、アプリ内のUI/UXも改善してほしいです。慣れてきても少し使いにくそうです。,経費処理の手間が大幅に削減されました。以前は手入力が必要で、ミスも多かったため、精算にかかる時間も長く従業員の方たちのストレスがたまっていました。しかし、これを使うことで、交通費、経費、請求書などの入力の手間が省けます。また、事前申請機能もあるため、不要な費用を防ぎ、内部統制も強化できるようになりました。全体的に、楽楽精算は非常に便利で、弊社の経理業務をやってくれる担当者がコア業務に集中できるようになってます。この口コミを詳しく見る,影するだけで、自動でデータ化されます。この機能は僕もかなり助けられていますね。手入力の手間がなくなるため、精算漏れも防げます。事前申請機能も充実しており、経費利用の確認や内部統制の強化が可能です。各種カードやAmazonビジネスの利用明細も自動取り込みできるため、手入力のミスを防ぎます。弊社では社内備品をAmazonで購入することが多いのでこの機能もいいですね。また申請内容も自動で仕訳され、会計ソフトとの連携もバッチリだと経理の子が言ってました。振込データも自動生成できるため、面倒な作業がなくなります。楽楽精算の改善してほしい点客観的に見て個人的には、もう少しカスタマイズ性があると良いと思います。また、アプリ内のUI/UXも改善してほしいです。慣れてきても少し使いにくそうです。楽楽精算導入で得られた効果・メリット経費処理の手間が大幅に削減されました。以前は手入力が必要で、ミスも多かったため、精算にかかる時間も長く従業員の方たちのストレスがたまっていました。しかし、これを使うことで、交通費、経費、請求書などの入力の手間が省けます。また、事前申請機能もあるため、不要な費用を防ぎ、内部統制も強化できるようになりました。全体的に、楽楽精算は非常に便利で、弊社の経理業務をやってくれる担当者がコア業務に集中できるようになってます。
478,2023/04/08,小難しい機能がなく、かなり簡略化されたデザイン、システムなので、操作性や申請までのステップがスムーズ,経費精算アイコンが見にくいのと、機能が弱いと感じる。ボタンを押して項目確認、ボタンクリックだが、マウスオーバーで項目確認できた方が便利。簡単に操作できるのは良いが、もう少し使いやすいUIだと助かります。,いつでも、どこでも都度経費精算を行えるので経費精算漏れがない。交通費精算は、乗り換え案内機能があるので、手間も掛からず間違いがなく便利です。この口コミを詳しく見る,能がなく、かなり簡略化されたデザイン、システムなので、操作性や申請までのステップがスムーズ楽楽精算の改善してほしい点経費精算アイコンが見にくいのと、機能が弱いと感じる。ボタンを押して項目確認、ボタンクリックだが、マウスオーバーで項目確認できた方が便利。簡単に操作できるのは良いが、もう少し使いやすいUIだと助かります。楽楽精算導入で得られた効果・メリットいつでも、どこでも都度経費精算を行えるので経費精算漏れがない。交通費精算は、乗り換え案内機能があるので、手間も掛からず間違いがなく便利です。
479,2023/04/08,交通費の申請など、毎月ほぼ決まっている内容を入力することが多いが、経路や金額を記憶しておけるため入力ミスなどがなくわざわざ調べる手間がなくなった。,申請〆切日が近づいたり当日になって、まだ申請が完了していないとアラートを飛ばすよう設定できるようになると申請漏れがなくなり便利になると思います。,申請者としての利用がメインだが、申請したものが今どの状態にあるのかフローで確認できるのが便利。特に期限ギリギリで申請したものがきちんと承認されているのを見ることができるのは安心できる。この口コミを詳しく見る,請など、毎月ほぼ決まっている内容を入力することが多いが、経路や金額を記憶しておけるため入力ミスなどがなくわざわざ調べる手間がなくなった。楽楽精算の改善してほしい点申請〆切日が近づいたり当日になって、まだ申請が完了していないとアラートを飛ばすよう設定できるようになると申請漏れがなくなり便利になると思います。楽楽精算導入で得られた効果・メリット申請者としての利用がメインだが、申請したものが今どの状態にあるのかフローで確認できるのが便利。特に期限ギリギリで申請したものがきちんと承認されているのを見ることができるのは安心できる。
480,2023/04/07,各種経費精算と決裁を全て、部長決裁、専務決裁、会長決裁に分けて取込むことができたことで、決裁に要する時間の短縮とペーパーレス化が達成された。その設定の段階で優れたサポートを頂いた。,一度申請したものを修正したり、取り消したりする際に作業工程が面倒である。また、取り消した申請を記録から削除する工程も面倒である。,各種経費精算と決裁を全て、部長決裁、専務決裁、会長決裁に分けて取込むことができたことで、決裁に要する時間の短縮とペーパーレス化が達成された。,ワークフローは活用すべし。パソコンに加えてスマホにアプリを入れておけば便利。
481,2023/04/07,電子承認システムを活用することで、経理グループで一元管理できることと、「乗換案内機能」が備わっている為、出張旅費（交通費）や日当の間違いが激減した。（不正請求防止の観点でも効果あり。）,利用者からすると、「日当の入力」では毎回苦労している感があります。また、承認時に「乗換案内機能」による「金額の適正化」が確認でき、領収書の読み取り機能があればなお良いとおもいます。システムの不具合がありましたか？印刷画面に自動移行しない時がたまにある。,弊社では、以前の「紙申請」時には、「片道100KM以上の出張」で日当を出しているが、「乗換案内等で確認しない（感覚でやっている）申請者」が多く、承認時にいちいち「乗換案内」で確認していたが、現在は申請者自身で「乗換案内」で確認させている。,いい加減な申請者を撲滅するためにも導入は必須です。（CMどおり、「そんなの経理でやっておいてよ～」と言わせないために・・・））
482,2023/04/07,操作性やUIもよく、年配の社員でも問題なく使えています。また、様々な申請ルールを設定できるため、自社の内部統制に柔軟に対応できる点もメリットとして感じています。また、申請画面レイアウトをある程度自由に設定できるため、元々使っていた申請書に近い申請画面を構築することもでき、従業員の心理的抵抗感も低いと感じます。,一度承認・確定してしまうと修正や取り消しができず、一部データが再利用できない点は唯一社内で苦言がでるポイントです。ただ、不正防止の観点からは一概にデメリットとは言えませんので、申請をする際は従業員に十分気を付けて処理をしてもらう必要があります。システムの不具合がありましたか？特に大きな問題はありません。但し、ICカード連携オプションを利用している際に、都内の電車の乗り換え履歴が実際の乗車経路と違うことがありました。（但し、乗車賃自体は合計で合致していたため、経理・実務上は問題ありませんでした。）サポートに確認したところ、ICカードの履歴情報の仕様上、改札を通らない乗換は、乗車賃が同じの別ルートが表示されてしまうことが稀にあるそうです。,経理としては小口現金を廃止できたことが一番大きく感じます。全てクラウド上での申請で、現金の授受がなくなったため、昨今の両替手数料問題にも悩まされずに済みました。また電子帳簿保存法対応オプションを利用したおかげで、申請書などの保管が不要となり、保管書類の大幅な削減にも成功しました。「楽楽精算」導入の決め手知名度が高く、従業員の認知度が高いため。また、OCR機能などのオプションが充実していたため。,多彩な申請レイアウトやフロー、申請ルールが設定できるので、規模の大きい企業におすすめです。
483,2023/04/07,経費申請に当たり、証票が必要な場合が多くありますが、PDF、画像イメージ、ICカード履歴と様々な証票が利用可能なため使いやすいです。,出張費精算の際、事前に申請を提出する必要がある点は使いにくいと思いました。登録は任意に設定できるようにしたいです。,今までは証票は紙のものを提出し、上長の捺印も必要だった為、経費精算のためにわざわざ出社する必要がありました。ただ、イメージやICカード履歴を登録できるようになった為、自宅からでも経費精算が可能になりました,ICカード履歴を活用できる点
484,2023/04/05,OCR対応の経費精算ソフトの為、一番の使い所としては請求書や領収書のスキャニング&登録までをシステムで行える、という点だと感じます。,スキャニングの精度にやや難がある(綺麗な字でこれは読み取れるだろう、という文字が識別不能だったり、逆にボヤけてて怪しい文字は何故かきっちり読み取れたり、など)完全に人間いらずで登録できる程の精度ではないので、改善に期待です。,入力工程の削減に役立つことは間違いないです。以前は、決算期に4人程で一斉に対応していた経費登録作業が、2人でかつより短い時間内での処理にすることができるようになりました。この口コミを詳しく見る,の経費精算ソフトの為、一番の使い所としては請求書や領収書のスキャニング&登録までをシステムで行える、という点だと感じます。楽楽精算の改善してほしい点スキャニングの精度にやや難がある(綺麗な字でこれは読み取れるだろう、という文字が識別不能だったり、逆にボヤけてて怪しい文字は何故かきっちり読み取れたり、など)完全に人間いらずで登録できる程の精度ではないので、改善に期待です。楽楽精算導入で得られた効果・メリット入力工程の削減に役立つことは間違いないです。以前は、決算期に4人程で一斉に対応していた経費登録作業が、2人でかつより短い時間内での処理にすることができるようになりました。
485,2023/04/05,経費の申請、計算が全てブラウザ上で終わるのでとても楽になりました。紙でしているとどうしても上長への確認も出張等で不在な時はできませんが、PCさえあれば可能なのがいいです。,パスワードが分からなくなった際、必ず管理者に連絡しなければならない事。パスワードを記憶させてしまってる自分が悪いが面倒臭い,以前は紙にて申請を行っていましたが、ペーパーレス化が進み導入。紙の経費削減にもなりとてもいいと思いました。この口コミを詳しく見る,、計算が全てブラウザ上で終わるのでとても楽になりました。紙でしているとどうしても上長への確認も出張等で不在な時はできませんが、PCさえあれば可能なのがいいです。楽楽精算の改善してほしい点パスワードが分からなくなった際、必ず管理者に連絡しなければならない事。パスワードを記憶させてしまってる自分が悪いが面倒臭い楽楽精算導入で得られた効果・メリット以前は紙にて申請を行っていましたが、ペーパーレス化が進み導入。紙の経費削減にもなりとてもいいと思いました。
486,2023/04/04,パソコンが苦手な方でも直感的に操作できます。又、インボイス制度にも対応されており変化にも柔軟に対応しています。,とても良いソフトだと思っており、改善点は思い当たりませんが、欲を言えばもう少し安くしていただけると助かります。,経費精算の処理を電子化できるのでペーパーレス化が実現した。いちいち承認をもらう手間が省け効率が大幅に向上した。この口コミを詳しく見る,苦手な方でも直感的に操作できます。又、インボイス制度にも対応されており変化にも柔軟に対応しています。楽楽精算の改善してほしい点とても良いソフトだと思っており、改善点は思い当たりませんが、欲を言えばもう少し安くしていただけると助かります。楽楽精算導入で得られた効果・メリット経費精算の処理を電子化できるのでペーパーレス化が実現した。いちいち承認をもらう手間が省け効率が大幅に向上した。
487,2023/04/03,PCで毎日いつでもログインして利用が可能でした。使い方が難しくなくスマートに申請することができた。,経費申請を行う際に、入力部分の範囲が狭めで文字が小さいので見にくかったです。もう少しストレスなく使いたかった。,以前は都度、用紙に経費内訳を記入して上司に申請しなくてはいけなかったので、楽楽精算になってからはスピーディーに申請できるようになった。この口コミを詳しく見る,いつでもログインして利用が可能でした。使い方が難しくなくスマートに申請することができた。楽楽精算の改善してほしい点経費申請を行う際に、入力部分の範囲が狭めで文字が小さいので見にくかったです。もう少しストレスなく使いたかった。楽楽精算導入で得られた効果・メリット以前は都度、用紙に経費内訳を記入して上司に申請しなくてはいけなかったので、楽楽精算になってからはスピーディーに申請できるようになった。
488,2023/04/02,以前使っていたサービスはオーダーメイドのため、コストが割高でしたが、切り替えた事でコストダウン、また必要な機能が全て網羅されていましたのでこのシステム1件で問題なく使用できています。,定期代の料金変更が反映されるまでタイムラグがあるので、改善していただけたらスムーズに処理ができるようになります。システムの不具合がありましたか？バス等賃料改定が反映されるまでのタイムラグがある,クラウド型のため、どこにいても経費申請等ができるので精算漏れがなくなりました。申請から承認までの流れがスムーズになりました。以前利用していた製品の解約理由MJSLINKⅡワークフローこの口コミを詳しく見る,いたサービスはオーダーメイドのため、コストが割高でしたが、切り替えた事でコストダウン、また必要な機能が全て網羅されていましたのでこのシステム1件で問題なく使用できています。楽楽精算の改善してほしい点定期代の料金変更が反映されるまでタイムラグがあるので、改善していただけたらスムーズに処理ができるようになります。システムの不具合がありましたか？バス等賃料改定が反映されるまでのタイムラグがある楽楽精算導入で得られた効果・メリットクラウド型のため、どこにいても経費申請等ができるので精算漏れがなくなりました。申請から承認までの流れがスムーズになりました。以前利用していた製品の解約理由MJSLINKⅡワークフロー
489,2023/04/02,経費精算をいつでもどこでも簡単に行える点。マニュアルも分かりやすいのでパソコンが苦手な方でも利用しやすい点,少し細かいですが、日付を誤って入力した際に日付の修正を1個1個行っています。選択範囲チェックすることでをまとめて変更出来る便利かと思います。,今までは紙ベースでの経費精算書類を起票して経理部へ提出していましたので。必ず出社しての対応が必要でしたが、在宅勤務時などにも経費精算が出来るので経費精算する側&経理部双方にメリットがあると思う。,誰でも簡単に利用出来ます！
490,2023/04/02,スマートフォンで写真を撮り精算したい領収書をアプリでダウンロードして楽に申請が出来ます。上長に申請する時に具体的に内容を書けるのが良いです。,問題点は特にありません。写真のサイズを変更したり編集出来たらなお良いかもしれません。アプリが対象外のスマホだと実装するのが面倒かもしれません。,メリットとしては、いつどこで何の精算か整理出来ます。スムーズに精算申請が出来、手間がかからないメリットがあります。スマートフォンで領収書を保存出来るので、精算の申請が素早く出来るようになりました。上長に申請する時に具体的に何の精算か一目で分かるので、短期間で精算が出来るようになりました。この口コミを詳しく見る,ォンで写真を撮り精算したい領収書をアプリでダウンロードして楽に申請が出来ます。上長に申請する時に具体的に内容を書けるのが良いです。楽楽精算の改善してほしい点問題点は特にありません。写真のサイズを変更したり編集出来たらなお良いかもしれません。アプリが対象外のスマホだと実装するのが面倒かもしれません。楽楽精算導入で得られた効果・メリットメリットとしては、いつどこで何の精算か整理出来ます。スムーズに精算申請が出来、手間がかからないメリットがあります。スマートフォンで領収書を保存出来るので、精算の申請が素早く出来るようになりました。上長に申請する時に具体的に何の精算か一目で分かるので、短期間で精算が出来るようになりました。
491,2023/04/01,UIがシンプルで使いやすい。ユーザーからしてみれば経費精算が主な使い道なので、あまり必要ない機能がなく操作しやすいのは良い。,特段困っていることはないが、経費精算の締切のタイミングでメールなどでアナウンスをしてくれる機能があればもっと便利になると思います。,以前はExcelにて毎月の交通費を決められたフォーマットに入力していたが、本製品では一度通ったルートを呼び出すことができるため、毎回入力する手間がなく交通費精算にかかる時間が激減した。この口コミを詳しく見る,プルで使いやすい。ユーザーからしてみれば経費精算が主な使い道なので、あまり必要ない機能がなく操作しやすいのは良い。楽楽精算の改善してほしい点特段困っていることはないが、経費精算の締切のタイミングでメールなどでアナウンスをしてくれる機能があればもっと便利になると思います。楽楽精算導入で得られた効果・メリット以前はExcelにて毎月の交通費を決められたフォーマットに入力していたが、本製品では一度通ったルートを呼び出すことができるため、毎回入力する手間がなく交通費精算にかかる時間が激減した。
492,2023/03/28,操作しやすく、入力も簡単で今まで使ったルートなどを保存しておくことができるため申請がすごく楽になった。,スマホから写真を撮って領収書の読み取りを行う際、カメラが上手く起動しない、うまく読み取れないことがあるため改善してほしい。,スマホにも対応しているため通勤途中や移動中に電車の中で空いた時間を活用して経費精算申請を行えるため、わざわざそのための時間を取らずによくなった。この口コミを詳しく見る,く、入力も簡単で今まで使ったルートなどを保存しておくことができるため申請がすごく楽になった。楽楽精算の改善してほしい点スマホから写真を撮って領収書の読み取りを行う際、カメラが上手く起動しない、うまく読み取れないことがあるため改善してほしい。楽楽精算導入で得られた効果・メリットスマホにも対応しているため通勤途中や移動中に電車の中で空いた時間を活用して経費精算申請を行えるため、わざわざそのための時間を取らずによくなった。
493,2023/03/28,領収書読み取り機能があり、撮影が終わると自動でデータ化する機能が非常に便利です。数字の入力ミスや打ち間違いがなくなり、スムーズに経費精算を行えます。,特にありませんが、強いて言うなら入力の際に文字制限があるので、必要事項が全て書けないときがあります。制限をなくしてほしいです。,導入前はエクセルに交通費や経費の数値を入力、プリントアウトし現物の領収書を総務に提出という、非常に工数と手間がかかる仕組みでストレスを感じていました。楽楽精算を導入したことで、申請がほぼウェブで完結するので上記の作業がなくなり、作業が簡素化されました。この口コミを詳しく見る,取り機能があり、撮影が終わると自動でデータ化する機能が非常に便利です。数字の入力ミスや打ち間違いがなくなり、スムーズに経費精算を行えます。楽楽精算の改善してほしい点特にありませんが、強いて言うなら入力の際に文字制限があるので、必要事項が全て書けないときがあります。制限をなくしてほしいです。楽楽精算導入で得られた効果・メリット導入前はエクセルに交通費や経費の数値を入力、プリントアウトし現物の領収書を総務に提出という、非常に工数と手間がかかる仕組みでストレスを感じていました。楽楽精算を導入したことで、申請がほぼウェブで完結するので上記の作業がなくなり、作業が簡素化されました。
494,2023/03/27,操作も簡単で、分かりやすく重い・落ちやすいといったこともないので、ストレスなく交通費精算を行うことができるのが凄く良いです。,領収書などからの読み取りがたまにうまくいかないことがあるので、精度の改善をしてもらえるとありがたいです。,交通費精算について、ルート登録などが出来る為、毎回入力やコピペをする手間がなくなり申請にかかる時間がかなり削減することができた。この口コミを詳しく見る,で、分かりやすく重い・落ちやすいといったこともないので、ストレスなく交通費精算を行うことができるのが凄く良いです。楽楽精算の改善してほしい点領収書などからの読み取りがたまにうまくいかないことがあるので、精度の改善をしてもらえるとありがたいです。楽楽精算導入で得られた効果・メリット交通費精算について、ルート登録などが出来る為、毎回入力やコピペをする手間がなくなり申請にかかる時間がかなり削減することができた。
495,2023/03/26,マイページから個人毎の定期区間を設定することができ、交通費精算のデータを作るときは自動で定期区間を差し引いた金額を算出してくれます。このソフトを導入する前は自分で手計算していたため、とても便利になりました。,スマホからも操作できるのですが、パソコンに比べて画面の構成が分かり辛く操作に苦労します。スマホはアプリ版から操作することを前提としているためか、ブラウザはスマホ仕様に対応させていないのだと思います。外出先でスマホから申請データを作ることもあるので、スマホブラウザにも対応する画面構成にして欲しいです。,公共交通機関で使用するICカードを読み込ませるだけで利用明細のデータを取り込むことができるため、自分でひとつひとつデータを作る必要がなく時短に繋がっています。外出の多い営業職は交通費の申請の量が膨大になるため、この作業を短縮できるのはとても助かります。この口コミを詳しく見る,から個人毎の定期区間を設定することができ、交通費精算のデータを作るときは自動で定期区間を差し引いた金額を算出してくれます。このソフトを導入する前は自分で手計算していたため、とても便利になりました。楽楽精算の改善してほしい点スマホからも操作できるのですが、パソコンに比べて画面の構成が分かり辛く操作に苦労します。スマホはアプリ版から操作することを前提としているためか、ブラウザはスマホ仕様に対応させていないのだと思います。外出先でスマホから申請データを作ることもあるので、スマホブラウザにも対応する画面構成にして欲しいです。楽楽精算導入で得られた効果・メリット公共交通機関で使用するICカードを読み込ませるだけで利用明細のデータを取り込むことができるため、自分でひとつひとつデータを作る必要がなく時短に繋がっています。外出の多い営業職は交通費の申請の量が膨大になるため、この作業を短縮できるのはとても助かります。
496,2023/03/23,交通費精算をよく利用しています。行き先を入力すればルート検索で金額が出るため、間違いがない。重複申請がないように、自分で確認できるのもよい。,申請済みの内容を確認するボタンが小さいので、パッと見つけにくい。申請済み一覧の表示をわかりやすくしてほしい。一覧の中に金額と、勘定科目も表示して欲しい。申請忘れを防ぐために下書き保存をしたい。メモ機能があるとなお良いと思う。,ICカードと切符の金額、どちらも表示され、選択することができるので親切！また、支払い日がわかるのはとても便利である。この口コミを詳しく見る,をよく利用しています。行き先を入力すればルート検索で金額が出るため、間違いがない。重複申請がないように、自分で確認できるのもよい。楽楽精算の改善してほしい点申請済みの内容を確認するボタンが小さいので、パッと見つけにくい。申請済み一覧の表示をわかりやすくしてほしい。一覧の中に金額と、勘定科目も表示して欲しい。申請忘れを防ぐために下書き保存をしたい。メモ機能があるとなお良いと思う。楽楽精算導入で得られた効果・メリットICカードと切符の金額、どちらも表示され、選択することができるので親切！また、支払い日がわかるのはとても便利である。
497,2023/03/22,アプリ利用で領収書の読み取りが出来て読み取り精度が高いので入力がとても簡単。精算の電子化にも対応しているとのことで利用が始まりましたが、実務での精算が簡単になりました。,パソコン利用の場合読み取りがうまくできないので、不便に感じるときがありました。承認ルートも設定を簡単に変更できるとよいのですが、ユーザー利用で詳しくわかっていないためかと思います。,領収書精算がこれまでの手入力からアプリでの読み取りになり読み取り精度も高いので、簡単かつ業務のスピードアップになりました。この口コミを詳しく見る,で領収書の読み取りが出来て読み取り精度が高いので入力がとても簡単。精算の電子化にも対応しているとのことで利用が始まりましたが、実務での精算が簡単になりました。楽楽精算の改善してほしい点パソコン利用の場合読み取りがうまくできないので、不便に感じるときがありました。承認ルートも設定を簡単に変更できるとよいのですが、ユーザー利用で詳しくわかっていないためかと思います。楽楽精算導入で得られた効果・メリット領収書精算がこれまでの手入力からアプリでの読み取りになり読み取り精度も高いので、簡単かつ業務のスピードアップになりました。
498,2023/03/20,会社での出張や交通費精算の時に利用していますが、今まで使っていた精算ソフトと比べて、かなり楽に精算できています。,会社のパソコンから見ていて思ったのが、コンパクトにまとめられているのはいいのだが、初期設定の文字が小さく見づらく感じた。もう少し大きい文字だと見やすいと思いました。,出張中の時間がない時でも、サクッと申請ができたり、パソコンでなくてもスマホからも申請できるため、より手軽に申請ができるようになったと思います。この口コミを詳しく見る,張や交通費精算の時に利用していますが、今まで使っていた精算ソフトと比べて、かなり楽に精算できています。楽楽精算の改善してほしい点会社のパソコンから見ていて思ったのが、コンパクトにまとめられているのはいいのだが、初期設定の文字が小さく見づらく感じた。もう少し大きい文字だと見やすいと思いました。楽楽精算導入で得られた効果・メリット出張中の時間がない時でも、サクッと申請ができたり、パソコンでなくてもスマホからも申請できるため、より手軽に申請ができるようになったと思います。
499,2023/03/19,今まで紙で申請していた経費や交通費の精算が、在宅でもできるようになったこと、電子帳簿保存法に対応しているので、紙の保存をしなくていいこと。,ブラウザ版は昔から重宝しているのだが、アプリが不便な印象。システムの問題なのか会社の基幹システムの問題なのかはまだ調査中,在宅勤務率の増加。不要な紙の削減、保存帳票の管理の手間が省けたこと。印鑑をつくために出社している管理職がいなくなったこの口コミを詳しく見る,申請していた経費や交通費の精算が、在宅でもできるようになったこと、電子帳簿保存法に対応しているので、紙の保存をしなくていいこと。楽楽精算の改善してほしい点ブラウザ版は昔から重宝しているのだが、アプリが不便な印象。システムの問題なのか会社の基幹システムの問題なのかはまだ調査中楽楽精算導入で得られた効果・メリット在宅勤務率の増加。不要な紙の削減、保存帳票の管理の手間が省けたこと。印鑑をつくために出社している管理職がいなくなった
500,2023/03/19,経費精算にはかかせないシステム。領収書や請求書などを、電子はもちろん紙領収書もスマホアプリ連携でスキャン。駅間の乗り換え検索も正確で助かっている。,強いてあげるなら、領収書スキャンする精度をあげてほしい。日付がまちがっていたり、店名が反映しなかったり、結局手打ち入力が発生することがある。システムの不具合がありましたか？特にないです。,今まで手書きで精算処理をしていたため、処理スピードが格段にあがった。過去の履歴も見れるので、申請忘れや効率もアップした。,スピードと効率化を求めるならぜひ。
501,2023/03/19,直感的に使用できパソコン、スマートフォンどちらからでも申請可能なので、作業効率を改善することができました。,個人的に使用頻度が多い「駐車場代・〇〇様訪問の為」みたいなパターンを記憶させる機能があると助かります。,領収書の写真をアップロードするだけで文字の読み取りを行ってくれるので、入力時間の短縮になり時間短縮になってます。この口コミを詳しく見る,用できパソコン、スマートフォンどちらからでも申請可能なので、作業効率を改善することができました。楽楽精算の改善してほしい点個人的に使用頻度が多い「駐車場代・〇〇様訪問の為」みたいなパターンを記憶させる機能があると助かります。楽楽精算導入で得られた効果・メリット領収書の写真をアップロードするだけで文字の読み取りを行ってくれるので、入力時間の短縮になり時間短縮になってます。
502,2023/03/18,交通費精算から、その他の接待交際費の精算まで、経費に関連する業務を本ツールに集約することで業務効率化につながっております。,特にございません。ページも視覚的にわかりやすい作りとなっておりますので、特段使用していて不具合を感じることはなく、不慣れな人にとっても使いやすいツールかと思います。,フロント業務というよりかは、ミドル・バックオフィスの業務において、従前は紙での経費精算業務を行っていたものが電子化できたため、業務の効率化が可能となったとともに、紙申請が必要な為だけに出社をするといった非効率化運営をなくすことができたのが大きいと感じています。この口コミを詳しく見る,から、その他の接待交際費の精算まで、経費に関連する業務を本ツールに集約することで業務効率化につながっております。楽楽精算の改善してほしい点特にございません。ページも視覚的にわかりやすい作りとなっておりますので、特段使用していて不具合を感じることはなく、不慣れな人にとっても使いやすいツールかと思います。楽楽精算導入で得られた効果・メリットフロント業務というよりかは、ミドル・バックオフィスの業務において、従前は紙での経費精算業務を行っていたものが電子化できたため、業務の効率化が可能となったとともに、紙申請が必要な為だけに出社をするといった非効率化運営をなくすことができたのが大きいと感じています。
503,2023/03/18,今までは領収書を申請した用紙に糊付けして、保管していたがスマホで写真を撮るだけで添付できるようになり、経費申請がとても楽になった。また乗り換え検索もできるのがとても便利です。,交通費申請の際、往復のルートではなく行きと帰りが異なる時の入力方法が少しややこしかった。慣れると簡単になってくると思います。,今までは経費担当者に全ての領収書が回ってきていたが、細かい細目等を選択する必要がなくなったので、誰もが申請できるようになったこと。この口コミを詳しく見る,収書を申請した用紙に糊付けして、保管していたがスマホで写真を撮るだけで添付できるようになり、経費申請がとても楽になった。また乗り換え検索もできるのがとても便利です。楽楽精算の改善してほしい点交通費申請の際、往復のルートではなく行きと帰りが異なる時の入力方法が少しややこしかった。慣れると簡単になってくると思います。楽楽精算導入で得られた効果・メリット今までは経費担当者に全ての領収書が回ってきていたが、細かい細目等を選択する必要がなくなったので、誰もが申請できるようになったこと。
504,2023/03/15,PC、携帯から経費精算ができる為、電車移動の営業マンには移動中に入力ができ、時間短縮が可能。また、電車やバスの駅名もマスター化されている為、料金を計算する事も不要になった。,スマホで入力する際に、選択する文字が小さい為、打ち間違えが発生してしまう。もう少し大きなボタンにしてくれると有難い。システムの不具合がありましたか？メンテナンス等はあったが、その時間だけ使用を避ければ良いので特に問題はなかった。,ミスが少なくなった。今までエクセルに、駅の区間、運賃を自分で調べて入力しており、転記ミスや計算ミスが多く発生していた。この口コミを詳しく見る,から経費精算ができる為、電車移動の営業マンには移動中に入力ができ、時間短縮が可能。また、電車やバスの駅名もマスター化されている為、料金を計算する事も不要になった。楽楽精算の改善してほしい点スマホで入力する際に、選択する文字が小さい為、打ち間違えが発生してしまう。もう少し大きなボタンにしてくれると有難い。システムの不具合がありましたか？メンテナンス等はあったが、その時間だけ使用を避ければ良いので特に問題はなかった。楽楽精算導入で得られた効果・メリットミスが少なくなった。今までエクセルに、駅の区間、運賃を自分で調べて入力しており、転記ミスや計算ミスが多く発生していた。
505,2023/03/11,出張の申請から精算まで電子申請なので、上長が不在の時でも外出先から承認してもらうことができる。今までは紙だったので全て手書きだったが電子申請になったので、記入する手間が省けた。領収書の写真を撮ると自動で金額が反映する点も便利だと感じた。,出張申請をしてから精算する際に、経費精算の画面から呼び出せない点は改善してほしい。承認者が複数いた場合に、途中で差し戻された時にまた最初の人から承認をしないといけない点も改善してほしい。,今までは紙での運用だったので、冗長が不在の時に精算が出来ず、会社からの振り込みが遅くなることがあったが、楽楽精算は外出先からでも承認できるため、申請から精算までがスムーズになった。,電子申請
506,2023/03/07,面倒なルールを覚えることもなく、簡単な操作で使うことが可能。スマホのアプリからも利用でき、いつでもどこでも精算できる。,使い始めたばかりであまり思いつきませんが、交通費精算での経路検索がもう少しわかりやすいといいと思います。,今まで使っていたシステムは出社時に精算が必要でしたが、楽楽精算では外出先でも操作できるため、通勤時間の合間などで精算できるようになりました。この口コミを詳しく見る,ルを覚えることもなく、簡単な操作で使うことが可能。スマホのアプリからも利用でき、いつでもどこでも精算できる。楽楽精算の改善してほしい点使い始めたばかりであまり思いつきませんが、交通費精算での経路検索がもう少しわかりやすいといいと思います。楽楽精算導入で得られた効果・メリット今まで使っていたシステムは出社時に精算が必要でしたが、楽楽精算では外出先でも操作できるため、通勤時間の合間などで精算できるようになりました。
507,2023/03/07,経費精算時に必要となる領収書など、根拠となる資料を全てデータ添付できるので、紙で回覧し承認を得ていたものが、データで上司まで簡単に閲覧してもらえることに大きな利点を感じます。,承認フローの中で、自分が承認し、その後に閲覧した者(上司)が申請を差戻した場合、コメントが見れないことが不便です。申請のどこに不備があったのか、自分が閲覧した際にどこを見落としたのか、確認できればより使いやすくなると思います。,電子化により、支払い処理ができるまでの時間が早くなりました。またペーパーレス化により、領収書を紙に糊付け保存するといった手間が省けるようになりました。,交通費精算の場合は定期区間を登録しておくと、より簡単に申請が可能です。データを電子化し、業務効率化を実践しましょう。
508,2023/03/07,ICカード情報、クレジットカード情報、領収書情報などと連携でき、連携した情報をそのまま使用出来る事が非常に便利。,クレジットカードの利用明細が反映されるのに時間がかかる（カード会社の問題かも知れませんが）。これを改善して欲しい。,アプリで紙の領収書を簡単に取り込めるため、紙の領収書が嵩張る事がなくなった。また、サイトの中でも乗り換え案内検索が出来るため、別サイトで運賃を調べる必要がなく時間短縮に繋がった。,日本のサイト独特の使いにくさが少なく、痒い所にも手が届くお勧めのツールです。
509,2023/03/06,経理が導入を決定し、3年以上前から使用しています。基本的には月次の交通費精算の入力で使用していますが、よくできた製品だと感じています。「定期区間」の概念が存在しており、電車通勤の場合、事前に登録した「定期区間」を除く形で費用精算をすることができ、定期区間に被る形で電車での移動を行った際に自動でこの計算が行われることは便利だと感じています。その入力も、乗車区間を入力すると、自動で乗換案内のデータを引っ張ってくるらしく、ユーザーとしては楽に使うことができます。,経費精算・交通費精算の際に「二度手間」のような証跡添付フローを経由するのが少々難点だと感じています。入力の画面から直接証跡を添付することができず、「領収書登録」のような画面から領収書をアカウントに登録し、その情報を入力の画面で引っ張ってくる形で添付します。この導線が正直イケてないように思います。直接入力の画面で添付できると便利ですね。システムの不具合がありましたか？今まで目立った障害は経験していません。,入力側のユーザーとしてのメリットですが、単純に月次の交通費精算の入力が簡素化できるところでメリットを感じています。「マイパターン」という機能で、よく利用する区間を登録することができるので、訪問頻度の高い訪問先・そしてその交通手段単位で入力内容を予め登録することができるので、交通費精算の入力作業が大幅に楽になると感じています。訪問先がある程度固定化されている方であれば、締日間近に一気に入力できるレベルで簡素だと思います。,交通費・経費等の煩雑かつ大量な処理をなるべく楽に管理したい経理担当者におすすめです。
510,2023/03/06,ペーパレス化が進んだことがこの製品の良い点です。それまでは紙媒体での手続きだったため、時間がかかっていただけでなく、紙という資源を無駄に使っていました。我が社では従業員が多いため、この思いは人一倍強く感じていました。この製品ではパソコンやスマートフォンを使っての処理となりますので、スピーディーに処理が出来ることに加えて、紙という資源を使う必要が無くなり、まさに一石二鳥です。,改善してほしい点については特にありません。非常に優れている製品だと思います。問題などもありませんので、満足しています。システムの不具合がありましたか？ありません。,内部統制を強化してくれる点がメリットです。社内ルールを詳細に規定・登録することで、不適切な処理の防止に役立っています。近年は企業内の不適切処理が大きな社会問題化となっていますので、こうした機能は非常に重要だと感じています。この口コミを詳しく見る,化が進んだことがこの製品の良い点です。それまでは紙媒体での手続きだったため、時間がかかっていただけでなく、紙という資源を無駄に使っていました。我が社では従業員が多いため、この思いは人一倍強く感じていました。この製品ではパソコンやスマートフォンを使っての処理となりますので、スピーディーに処理が出来ることに加えて、紙という資源を使う必要が無くなり、まさに一石二鳥です。楽楽精算の改善してほしい点改善してほしい点については特にありません。非常に優れている製品だと思います。問題などもありませんので、満足しています。システムの不具合がありましたか？ありません。楽楽精算導入で得られた効果・メリット内部統制を強化してくれる点がメリットです。社内ルールを詳細に規定・登録することで、不適切な処理の防止に役立っています。近年は企業内の不適切処理が大きな社会問題化となっていますので、こうした機能は非常に重要だと感じています。
511,2023/03/03,領収書を全て写真で保存からアップロードできるので非常に便利。またクレジットカードと紐づけできるので、その点も良い。,利用する会社側の問題かもしれないが、やり方が複雑で導入したばかりの頃は、ほとんどの社員が混乱していた。,領収書が溜まらなく、経理へ送る必要も無くなり、精算にかける時間を大幅に短縮できた。クレジットカードとも紐づくので、入力ミスも無くなった。この口コミを詳しく見る,て写真で保存からアップロードできるので非常に便利。またクレジットカードと紐づけできるので、その点も良い。楽楽精算の改善してほしい点利用する会社側の問題かもしれないが、やり方が複雑で導入したばかりの頃は、ほとんどの社員が混乱していた。楽楽精算導入で得られた効果・メリット領収書が溜まらなく、経理へ送る必要も無くなり、精算にかける時間を大幅に短縮できた。クレジットカードとも紐づくので、入力ミスも無くなった。
512,2023/03/03,以前は紙媒体で起票して、わざわざ印鑑を所定の部署に赴き承認してもらっておりましたが、帳票が電子化できるのでそのような手間がなくなりました。,スマホのカメラで領収書を撮影するとき、たまに読み込みエラーが出る事があり、非常に面倒に感じる事がありました。,在宅勤務がいまだにあるため、紙媒体での領収書をすぐに提出できなかったのですが、スマホから送れるので業務の効率が大幅に向上しました。この口コミを詳しく見る,体で起票して、わざわざ印鑑を所定の部署に赴き承認してもらっておりましたが、帳票が電子化できるのでそのような手間がなくなりました。楽楽精算の改善してほしい点スマホのカメラで領収書を撮影するとき、たまに読み込みエラーが出る事があり、非常に面倒に感じる事がありました。楽楽精算導入で得られた効果・メリット在宅勤務がいまだにあるため、紙媒体での領収書をすぐに提出できなかったのですが、スマホから送れるので業務の効率が大幅に向上しました。
513,2023/03/03,経費精算にまつわる大半の機能が備えられ、PCのみでなく、スマホやタブレットからも入力可能。領収書をカメラで撮影しそのまま添付という作業が楽にできる。,PC上で交通費精算を行う際、乗り換え案内機能を使用することができるが、路線図から使用した駅を選択することも可能。その際、駅選択の感度が良すぎて誤入力をしてしまうことが多い。,出張先での簡易的な経費精算申請が短時間で可能。また領収書のない精算（バスや電車）も乗換案内を使用して、金額が自動入力される。,王道の経費精算システム
514,2023/03/03,スマホからも入力ができ、乗換案内機能がついている為、移動区間の電車料金を調べなくて良い。領収書の画像添付ができるので便利。,スマホで見ると画面サイズが小さくなる為見にくく入力がしづらい。機能面では充実していた為、見やすさの部分だけだと思う。システムの不具合がありましたか？特になかった。,前職では業務にかかわる交通費精算を都度、領収書を書いて精算していた為かなり面倒だったのが1ヶ月分まとめて入力できるので手間が減った。社内にいなくても外出先からスマホで入力できる為精算漏れがなくなった。,シンプルで使いやすい
515,2023/03/03,楽楽精算はスマホアプリと連動しており、領収書の写真を撮るだけでAIが内容を読み取り、自動で申請できるため非常に楽である。また領収書を受け取るとその場で写真を取っておくだけでよく、領収書を無くす心配がないためトラブルも防ぐことができる。,写真からの文字認識がまだまだ十分とはいえず、特に新幹線の領収書やスマートIC利用券の識字率は良くないため、後で手直しが必要になる。また、他者の申請状況を確認できないため他人の目から正しい申請をしているかチェックされないため、不正申請の可能性があるかもしれない。,サービス導入前はエクセルの規定フォーマットに旅費精算額を記載し、印刷したものに領収書の現物を糊付けして提出と煩雑で時間がかかった。楽楽精算では紙が不要で、領収書そのものも不要、申請に時間がかからないので効率的といったメリットを感じる。この口コミを詳しく見る,スマホアプリと連動しており、領収書の写真を撮るだけでAIが内容を読み取り、自動で申請できるため非常に楽である。また領収書を受け取るとその場で写真を取っておくだけでよく、領収書を無くす心配がないためトラブルも防ぐことができる。楽楽精算の改善してほしい点写真からの文字認識がまだまだ十分とはいえず、特に新幹線の領収書やスマートIC利用券の識字率は良くないため、後で手直しが必要になる。また、他者の申請状況を確認できないため他人の目から正しい申請をしているかチェックされないため、不正申請の可能性があるかもしれない。楽楽精算導入で得られた効果・メリットサービス導入前はエクセルの規定フォーマットに旅費精算額を記載し、印刷したものに領収書の現物を糊付けして提出と煩雑で時間がかかった。楽楽精算では紙が不要で、領収書そのものも不要、申請に時間がかからないので効率的といったメリットを感じる。
516,2023/03/01,旅費や経費の申請に使用していました。スキャンで金額が自動表示されたり、交通系ICを登録すると入力不要でとても簡単なシステムでした。未入力や間違いがあると教えてくれるのでミスが少なくなり、経理も楽だったようです。,少し見にくかったので、入力箇所をもう少しわかりやすくしてもらえると、更に楽に申請、精算ができると思います。,スマホからでも申請できるので、会社にいなくてもどこでも申請ができるところ。入力ミスが少なくなるところ,旅費交通費、経費の申請がどこでもできて便利です。
517,2023/03/01,初期設定からメニュー、運用で触る入力画面まで、基本的にはシンプルで分かりやすい画面。また、経費以外の仕訳の入力が行えること、仕訳の定型パターンが登録しておけることから、経費精算以外にもこのシステム上で仕訳を入力し、「経費＋入力仕訳」をエクスポート、会計システムで取り込み、を行う事で、柔軟な仕訳入力ソフトとしても使えており大変助かっている。,少し複雑な式を組もうとすると、このソフト独自のプログラムを組むところが少し難易度が高く感じる。しかしサポートに問い合わせると対応方法を教えてくれるのでカバーはできていると思う。,経費精算システムの本筋とは外れるが、柔軟な仕訳の入力ができることがとても助かっている。社内では財務会計ソフトとして某パッケージソフトを使用しているが、そのソフト内では金額の自動振り分け等の仕訳補助の機能が弱く、手動で計算の上仕訳を起こす必要があったりした。しかし楽楽精算が柔軟な仕訳の入力が可能となっており、仕訳の入力画面としても使うことで仕訳入力の運用がとても助かった。,経費精算の他、経理の仕訳入力として使用することも可能でした。
518,2023/02/25,クラウド型の経費精算システムです。Web上で明細作成から申請提出まで一連のフローが完結するため、リモートワーク環境でも滞りなく経費精算を済ませられます。このシステムを導入するまでは紙ベースで申請依頼書を作成し、本社経理部まで出向く必要がありました。,明細を作るとき、経費科目をイチから選択しなければならないのが面倒です。支払先や購入品目から経費科目を予測し、いくつか候補を絞ってくれるような機能があると科目選択の手間が減って更なる時間短縮・工数削減に繋がると思います。システムの不具合がありましたか？,明細作成の際に使用頻度の高い明細項目をマイパターンとして登録出来たり、交通費精算で自身の定期区間を予め設定しておくとその区間を自動で控除してくれたりなど、細かいけれども「あったら便利」という機能がしっかり搭載されているため、使い勝手が非常に良いです。特に交通費精算について、以前は自分で手計算して定期区間を控除していたので、これを自動で済ませてくれるのは本当に有難いです。この口コミを詳しく見る,の経費精算システムです。Web上で明細作成から申請提出まで一連のフローが完結するため、リモートワーク環境でも滞りなく経費精算を済ませられます。このシステムを導入するまでは紙ベースで申請依頼書を作成し、本社経理部まで出向く必要がありました。楽楽精算の改善してほしい点明細を作るとき、経費科目をイチから選択しなければならないのが面倒です。支払先や購入品目から経費科目を予測し、いくつか候補を絞ってくれるような機能があると科目選択の手間が減って更なる時間短縮・工数削減に繋がると思います。システムの不具合がありましたか？楽楽精算導入で得られた効果・メリット明細作成の際に使用頻度の高い明細項目をマイパターンとして登録出来たり、交通費精算で自身の定期区間を予め設定しておくとその区間を自動で控除してくれたりなど、細かいけれども「あったら便利」という機能がしっかり搭載されているため、使い勝手が非常に良いです。特に交通費精算について、以前は自分で手計算して定期区間を控除していたので、これを自動で済ませてくれるのは本当に有難いです。
519,2023/02/25,Web上で経費の事前申請から事後の承認、支払い手続きまで一気通貫で行えることで、その後のデータ管理も含め、経費精算業務の効率化につながるツールだと感じております。,特にありません。UIも含め、視覚的に非常にわかりやすいシステムであり、特段通常のユーザーとしての使用において困ることはありません。,これまでの経費精算業務については、紙の申請書に交通費の経路を入力し、上司に印鑑をもらって、経理に承認をもらうというプロセスであったものが、Web上で申請を行えば、その後の振込処理まで一気に終わることとなったため、当該業務時間の削減に大きく寄与しております。この口コミを詳しく見る,経費の事前申請から事後の承認、支払い手続きまで一気通貫で行えることで、その後のデータ管理も含め、経費精算業務の効率化につながるツールだと感じております。楽楽精算の改善してほしい点特にありません。UIも含め、視覚的に非常にわかりやすいシステムであり、特段通常のユーザーとしての使用において困ることはありません。楽楽精算導入で得られた効果・メリットこれまでの経費精算業務については、紙の申請書に交通費の経路を入力し、上司に印鑑をもらって、経理に承認をもらうというプロセスであったものが、Web上で申請を行えば、その後の振込処理まで一気に終わることとなったため、当該業務時間の削減に大きく寄与しております。
520,2023/02/23,シンプルなUIのため、どのボタンがどの精算機能にリンクしているのか分かり易く、直感的に操作できます。入力画面の項目もカスタマイズが可能なので、それぞれの会社の管理会計やデータ分析に合わせた明細項目をセットできます。,写真撮影によるOCR入力の他に、音声認識による文字入力にも対応して貰えたら嬉しいです。レシートや請求書の内容を読み上げ、それを認識して自動で各欄にデータ反映してくれるようになったら明細作成のスピードが更に上がりそうだと感じます。,マイパターンという機能があり、定期的に発生するような明細パターンは予め登録しておくことで明細作成時に呼び出すことができ、入力の短縮に繋げられます。また過去明細を参照してそのままコピーすることも出来るため、明細作成に関するストレスが大幅に削減できています。この口コミを詳しく見る,UIのため、どのボタンがどの精算機能にリンクしているのか分かり易く、直感的に操作できます。入力画面の項目もカスタマイズが可能なので、それぞれの会社の管理会計やデータ分析に合わせた明細項目をセットできます。楽楽精算の改善してほしい点写真撮影によるOCR入力の他に、音声認識による文字入力にも対応して貰えたら嬉しいです。レシートや請求書の内容を読み上げ、それを認識して自動で各欄にデータ反映してくれるようになったら明細作成のスピードが更に上がりそうだと感じます。楽楽精算導入で得られた効果・メリットマイパターンという機能があり、定期的に発生するような明細パターンは予め登録しておくことで明細作成時に呼び出すことができ、入力の短縮に繋げられます。また過去明細を参照してそのままコピーすることも出来るため、明細作成に関するストレスが大幅に削減できています。
521,2023/02/18,ほとんどすべての会計システムと連携しているのでとても楽です。また、サポートがついており、しっかりと対応してくれ、不明点があっても解決法を提案してくれたのもポイントです。,平均年齢が高い会社だと向いてないかもしれません。まず初期設定が複雑だったりスマートフォンのカメラを使用するため、うまくいかない場合があります。また、調べれば簡単に出てくるようなことを不安をあおるような紹介をしてるのもちょっと気になりました。（私が気にしすぎているだけかもしれませんが）それでもサポートがついてるので大丈夫だと思います。,「自動化」されているので打ち間違いが起きないので間違いも起きず確認作業もいらなくなりました。また、出張などがあると忘れないうちにすぐExcelに申請を上げていましたが、移動中に申請ができるので空き時間に申請ができ効率的です。この口コミを詳しく見る,べての会計システムと連携しているのでとても楽です。また、サポートがついており、しっかりと対応してくれ、不明点があっても解決法を提案してくれたのもポイントです。楽楽精算の改善してほしい点平均年齢が高い会社だと向いてないかもしれません。まず初期設定が複雑だったりスマートフォンのカメラを使用するため、うまくいかない場合があります。また、調べれば簡単に出てくるようなことを不安をあおるような紹介をしてるのもちょっと気になりました。（私が気にしすぎているだけかもしれませんが）それでもサポートがついてるので大丈夫だと思います。楽楽精算導入で得られた効果・メリット「自動化」されているので打ち間違いが起きないので間違いも起きず確認作業もいらなくなりました。また、出張などがあると忘れないうちにすぐExcelに申請を上げていましたが、移動中に申請ができるので空き時間に申請ができ効率的です。
522,2023/02/18,今までは別で電車代を調べていたが、電車の乗り換えも選択できるようになり、出張精算がとても簡単にできるようになった。,社内の運用だけなのかもしれないが、領収書の添付データを先に登録し、精算登録の時に紐づける必要がある。システムの不具合がありましたか？特になし,以前は事務所に戻ってからしか出張精算ができなかったが、出張の帰り道でもスマホから登録ができるようになり、やり忘れを防ぐことができるこの口コミを詳しく見る,で電車代を調べていたが、電車の乗り換えも選択できるようになり、出張精算がとても簡単にできるようになった。楽楽精算の改善してほしい点社内の運用だけなのかもしれないが、領収書の添付データを先に登録し、精算登録の時に紐づける必要がある。システムの不具合がありましたか？特になし楽楽精算導入で得られた効果・メリット以前は事務所に戻ってからしか出張精算ができなかったが、出張の帰り道でもスマホから登録ができるようになり、やり忘れを防ぐことができる
523,2023/02/17,いままで経費精算は必ず出社が必要でしたし、領収書のかさばる書類が面倒でしたが、これはデータで申請が出来るため、承認スピードも速くとてもありがたいです。,特に追加して欲しい機能はありませんが、全て領収書のデータ取込で内容データ化され反映がされるといいなと思っています。打ち込みは人間のミスしかないので。,Amazonの購入を楽楽精算に紐づけて使用できています。そのため購入の承認から、支払の承認まですべて楽楽精算内で完結でき、ペーパーレスなのがとてもよくなりました。この口コミを詳しく見る,費精算は必ず出社が必要でしたし、領収書のかさばる書類が面倒でしたが、これはデータで申請が出来るため、承認スピードも速くとてもありがたいです。楽楽精算の改善してほしい点特に追加して欲しい機能はありませんが、全て領収書のデータ取込で内容データ化され反映がされるといいなと思っています。打ち込みは人間のミスしかないので。楽楽精算導入で得られた効果・メリットAmazonの購入を楽楽精算に紐づけて使用できています。そのため購入の承認から、支払の承認まですべて楽楽精算内で完結でき、ペーパーレスなのがとてもよくなりました。
524,2023/02/16,スマホで撮影して精算できるところが最大のメリットです。紙ベースで精算していた頃と比べると体感10倍は楽になりました。また、今後インボイスや電子帳簿保存を導入するためには必須なツールかなと感じております。,縦長の領収書に関してはなんの問題もないのですが、横長の領収書に関しては撮影しにくいのでそこを改善して欲しいです。,まず紙を使わなくて良くなって、ペンを使って書くこともなくなった。それによって紙購入が減り、保存場所も必要なくなり、書いたあとの保存の手間も保存場所も必要なくなった。本当にありがたい。「楽楽精算」導入の決め手インボイス導入や電子帳簿保存に対応するために楽楽精算を導入しました。,紙ベースで保存してる会社さんであれば基本的には導入するべきツールかなと思ってます。
525,2023/02/15,会社側が導入して、ユーザーとして利用していますが。アプリから簡単にログインできて、領収書のアップなども直感的に出来るため簡単に申請ができて便利です。,導入時の初回ログインなど、会社からどのように連携されるかで、なかなかログインできない場合があるので、メールなどからダイレクトログインできるとより、便利になると思います。,テレワークでの業務が増えているので、今までのように経理部に書面を作成して原本を提出、などの工程が減ったので、時間効率が上がりました。この口コミを詳しく見る,入して、ユーザーとして利用していますが。アプリから簡単にログインできて、領収書のアップなども直感的に出来るため簡単に申請ができて便利です。楽楽精算の改善してほしい点導入時の初回ログインなど、会社からどのように連携されるかで、なかなかログインできない場合があるので、メールなどからダイレクトログインできるとより、便利になると思います。楽楽精算導入で得られた効果・メリットテレワークでの業務が増えているので、今までのように経理部に書面を作成して原本を提出、などの工程が減ったので、時間効率が上がりました。
526,2023/02/14,以前使っていたシステムは全て手入力でコピペができず、その点で大変使いづらく時間がかかったが、このサービスに関してはコピペもできるので、申請作業の効率化が図れた。,結局領収書は別添だったので、このサービス上にスキャンデータを添付して申請できるシステムだと良かった（サービスとしてはあるがうちの会社が導入してなかっただけかもしれませんが…）,単純に以前の経費システムは社内LANからでないと入れなかったので外回りやテレワーク先では申請ができなかった。こちらはネット環境あれば入れたので申請作業が大変便利になった以前利用していた製品の解約理由単純に使い勝手が悪かったこの口コミを詳しく見る,いたシステムは全て手入力でコピペができず、その点で大変使いづらく時間がかかったが、このサービスに関してはコピペもできるので、申請作業の効率化が図れた。楽楽精算の改善してほしい点結局領収書は別添だったので、このサービス上にスキャンデータを添付して申請できるシステムだと良かった（サービスとしてはあるがうちの会社が導入してなかっただけかもしれませんが…）楽楽精算導入で得られた効果・メリット単純に以前の経費システムは社内LANからでないと入れなかったので外回りやテレワーク先では申請ができなかった。こちらはネット環境あれば入れたので申請作業が大変便利になった以前利用していた製品の解約理由単純に使い勝手が悪かった
527,2023/02/14,経費精算ソフト。特段特有な機能は無いが、経費申請を行い、申請⇒承認までスムーズにいけば口座までの入金も早い。シンプルで分かりやすく動作も軽い。,特段不満を感じてはいないが、承認から口座への入金スピードがもう少し早ければ利用者の評価も高まるのではないかと思われる。システムの不具合がありましたか？特に不具合・トラブルは無い。,社内の経費精算として活用しています。随時、定期的な精算は様々ありますが、入力項目もシンプルで承認されれば自動的に口座へ入金される為とても楽。この口コミを詳しく見る,フト。特段特有な機能は無いが、経費申請を行い、申請⇒承認までスムーズにいけば口座までの入金も早い。シンプルで分かりやすく動作も軽い。楽楽精算の改善してほしい点特段不満を感じてはいないが、承認から口座への入金スピードがもう少し早ければ利用者の評価も高まるのではないかと思われる。システムの不具合がありましたか？特に不具合・トラブルは無い。楽楽精算導入で得られた効果・メリット社内の経費精算として活用しています。随時、定期的な精算は様々ありますが、入力項目もシンプルで承認されれば自動的に口座へ入金される為とても楽。
528,2023/02/13,出張や接待などの精算が電子化できて、クラウド型なのでいつでもどこでもできるようになりました。領収書の紛失などのリスクも減ります。,領収書の登録がpdfしかできない。jpgなどの画像データを登録すると自動でpdfに変換してくれると人手間省け、その場で登録できる。スマホで写真を撮ってすぐに登録できるようになるので領収書紛失のリスクが減り、精算申請作業もさらにスピーディーになる。システムの不具合がありましたか？今のところ不具合はありません。,会社に出勤せずに、在宅のまま出張精算ができました。精算申請作業も出張先のホテルで、しかもスマホでほぼほぼ終わらせることができました。今まで紙でやっていたので出勤して印刷して申請しており、連休や他の出張などを挟むと、申請が完了したのかも分からない状態だったので、申請状況までスマホで確認できるのが助かった。,出張や接待の多い営業マンにオススメです。
529,2023/02/13,主に経費精算ツールとして、会社で利用させていただいています。以前は手作業管理だったので、紙が大量で大変だったし、紛失によってちゃんと精算されてない問題が多々あったが解決した。,改善してほしいとまでのレベルではないのですが、たまに、数字を間違って読み取られることがあるので、そこが惜しい。システムの不具合がありましたか？数字の読み取り間違い程度です。,紙管理だと、保管や管理が大変で紛失のリスクがあったのですが、そこが改善され、かつ、スピーディーに経費の精算が可能となって大変便利になりました。また、レシートを読み取る機能が割と正確で便利です。,スピーディーで人為的なミスが防げる点は、手管理より、はるかにおススメです。
530,2023/02/12,元々は、紙に記入して申請→現金をもらうシステムで、楽楽精算になって、入力とかめんどくさいなと思ったのですが、システムを深く理解してなくても、順に入力するだけで済んで、経理の方から割とスピーディに振り込まれているので、助かる。,使っていて、今のところ困る点はないのですが、領収証添付の場合、結局はプリントアウトして出さ無いとダメな点が面倒で、領収証の写真とか添付できるツールがあるといいのかな？と思いましたが、そもそも領収証って実物ありきの世界だから、それは無理なんでしょうね。システムの不具合がありましたか？特に無いと思います。,ペーパーレスを推進しているので、今までの紙ベースの申請システムから変更してムダ紙が減りました。担当者に頼んでお金を返してもらう手間が減りました。この口コミを詳しく見る,に記入して申請→現金をもらうシステムで、楽楽精算になって、入力とかめんどくさいなと思ったのですが、システムを深く理解してなくても、順に入力するだけで済んで、経理の方から割とスピーディに振り込まれているので、助かる。楽楽精算の改善してほしい点使っていて、今のところ困る点はないのですが、領収証添付の場合、結局はプリントアウトして出さ無いとダメな点が面倒で、領収証の写真とか添付できるツールがあるといいのかな？と思いましたが、そもそも領収証って実物ありきの世界だから、それは無理なんでしょうね。システムの不具合がありましたか？特に無いと思います。楽楽精算導入で得られた効果・メリットペーパーレスを推進しているので、今までの紙ベースの申請システムから変更してムダ紙が減りました。担当者に頼んでお金を返してもらう手間が減りました。
531,2023/02/12,経費精算、交通費精算、出張精算などをデータで管理・申請できることが良い。途中の承認・経理部署の承認までも印鑑レスで申請ができ、途中の段階ですぐ取り下げを行うこともできる。法人のクレジットカードも連携することができるので便利である。,ローカルエリアのバス料金が実際と異なっている場合があるので、なるべくリアルタイムに反映させてほしいと思う。,経費関連を基本的にペーパレスで完結させることができ、データで管理・承認まで終わらせることができることが良い。,使っていて大きな問題点は特に感じないため、どの企業にとっても汎用性は高いと思う。
532,2023/02/12,私は代理店としてこの商品を提案しておりますが、最も良い点は領収書をスマホで読み取り、送信をするだけということです。今までは伝票を起票して裏に領収書を貼っていたものが電子化され、業務効率が図れます。また、管理者側からしても自身の会社のフォーマットで作成できるので非常に便利だと思います。,競合会社の製品よりも、製品の品質、サイトの見やすさなどは優れていますが、マネーフォワードやフリーなどと比べると少し値段は張ってしまうと思います。システムの不具合がありましたか？ワークフローをするときにエラーがおこってしまった。ただし、株式会社ラクスさんは導入当初は完全なフォロー体制を敷いているので安心して電話することができる。,今まで経理担当者が伝票の処理で忙殺されていたが、楽楽精算導入により約2倍くらい業務時間が短縮になったと聞きました。従業員としてもスマホで読み取り送信するだけなので、どこにいても精算ができるという便利さがある。,他社製品よりは若干値段は高いですが、従業員30人以上いる会社では特に効率化が図れると思いますのでお勧めです。
533,2023/02/11,オンライン上で経費管理が一括でできるため、自分のチームだけでなく他部署が何で経費を使っているのか知ることができる点。,自動保存されてしまい、気づかずうちにミスを起こしてしまうことがあること。自動もありがたいが、手動と選べ、使い分けられるとさらに嬉しい。システムの不具合がありましたか？特になし,エクセルと連携することによって、効率よく経費管理ができる。以前は手書きだったため経費管理のファイルを見失うことが減った。,大人数組織に向いています
534,2023/02/11,経費に関わる全てを一元管理できるシステムです。今まで大変だった経理作業が楽楽という名前の通り楽になりました。人的ミスも減り、経理作業の効率化の他に作業員の負担も減ります。,実装されると嬉しい機能は特に無いですが、利用していて困ったことは、初期設定等が少し大変なことです、自分で全て設定しなければいけないので、最初だけ大変です。,今まで経理作業は複数人で行っていて、人が多い為かミス等も多かったのですが、楽楽精算を導入してから作業人数が減らすことができ、コストの軽減、負担の減少が出来ました。最初は覚えるシステムや設定事項なども多かったのですが、覚えてからは楽楽精算に任せておけば後は大丈夫、もしもの時のサポートもしてくれているそうで、頼りっぱなしです。この口コミを詳しく見る,る全てを一元管理できるシステムです。今まで大変だった経理作業が楽楽という名前の通り楽になりました。人的ミスも減り、経理作業の効率化の他に作業員の負担も減ります。楽楽精算の改善してほしい点実装されると嬉しい機能は特に無いですが、利用していて困ったことは、初期設定等が少し大変なことです、自分で全て設定しなければいけないので、最初だけ大変です。楽楽精算導入で得られた効果・メリット今まで経理作業は複数人で行っていて、人が多い為かミス等も多かったのですが、楽楽精算を導入してから作業人数が減らすことができ、コストの軽減、負担の減少が出来ました。最初は覚えるシステムや設定事項なども多かったのですが、覚えてからは楽楽精算に任せておけば後は大丈夫、もしもの時のサポートもしてくれているそうで、頼りっぱなしです。
535,2023/01/20,従来、紙ベースで精算を行っていた企業では基本的には電子ベースになるため、場所を選ばない。また、使い始めでも比較的使いやすい仕様になっている。,管理しやすくなったが、使用する際、入力スペースが狭く、また文字が小さいため、見にくい印象がある。テキスト欄を見やすくして頂きたいです。システムの不具合がありましたか？レシートの読み取りは、仕方ないが、誤認識があるため、チェックが必要。,従来の紙ベース、および印鑑での承認、提出などがなくなり、電子ベースになったため、承認・提出にかかるコストが低減された。,紙媒体で精算作業を行っている企業にはお勧めです。
536,2023/01/18,主に経費精算の時に利用しています。他社の経費システムを利用したことがないため比べることはできませんが、時間をかけずに申請が終わる点と、社内のどこまで承認されているのか一目でわかる点、全ての承認が終わったらメールで通知がくる点がとても便利です。,過去自分が使ったことのある項目が自動的に出てきたり、入力できる文字数に制限がなくなると、今より使いやすくなるかと思います。,申請後に上司が期限までに承認をしてくれていないことがあり、どこまで承認されたか一目で分かるため、早く気づくことができました。この口コミを詳しく見る,算の時に利用しています。他社の経費システムを利用したことがないため比べることはできませんが、時間をかけずに申請が終わる点と、社内のどこまで承認されているのか一目でわかる点、全ての承認が終わったらメールで通知がくる点がとても便利です。楽楽精算の改善してほしい点過去自分が使ったことのある項目が自動的に出てきたり、入力できる文字数に制限がなくなると、今より使いやすくなるかと思います。楽楽精算導入で得られた効果・メリット申請後に上司が期限までに承認をしてくれていないことがあり、どこまで承認されたか一目で分かるため、早く気づくことができました。
537,2023/01/18,これまでは台紙を印刷して領収書を糊付けして本社の経理へ送付していたが、既定の期日内であればスマホで領収書を撮影し、WEB上で経費精算が完結できるようになった。また、スマホでも作業できるため、場所を選ばず作業できる。,規定の期日を経過した場合は台紙を印刷する必要があるが、規定内でも要保存と出たりするので、規定内なのかどうかの判別がややこしい。,パソコンでの作業や出社してから台紙を印刷する作業が発生していたが、スマホで完結できるのでちょっとした移動中にスマホで部下の申請を承認できるため、時間短縮に繋がった。また、台紙の印刷も基本は不要のため、印刷コストの削減など業務の効率化に繋がった。,直行直帰が多い営業部隊がある企業におススメしたいです。
538,2023/01/17,領収書の入力がスキャナー、スマートフォンからでき、自動の読み取り機能も比較的優秀である。旅費計算の場合も経路と金額も出てきて簡単便利である。,経費精算の場合、請求書と支払い済の領収書を登録した際に金額がダブルで計上されてしまった。弊社担当者に確認したが、別々に登録できる方法があるのかがわからず、領収書のみ登録して請求書は紙で提出することになった。,以前は、パソコンネットワーク上で書類作成、申請を行い、領収書等とともに紙で打ち出し、提出しており、不備があるとその都度修正、打ち出しの作業があったが、本製品ではネットワーク上でほぼ完了するため、時間と紙の節約が可能となった。,経費精算、旅費精算にお困りの方におすすめです。
539,2023/01/17,ICカードからの読み取りや、簡単にルート検索ができ、手軽に時間をかけずに交通費精算ができる点。出張申請やワークフローも一括して同じシステムでできる点。,関西支店に勤めている関係で、基本は関西の交通機関しか使わないのですが、いつも路線図から検索しようとすると関東圏がデフォルトで出てくるので微妙に手間だと感じてしまう。システムの不具合がありましたか？特に不具合に感じた点はありません。,交通費精算やその他出張費・経費申請、ワークフロー申請（顧客登録・業者登録等）が同じ楽楽精算に一括されたので、都度異なるフォルダを開いて申請書を探しにいったり、以前は紙で申請していたワークフローなども印刷・ハンコをもらう手間がなくなった点。また、電子申請だと申請完了が滞っている場合に、承認者の誰の元で止まっているかも明白なので、声をかけて早めに申請を回すこともできる。以前利用していた製品の解約理由デスクネッツから社内システム全体が変わったから,申請窓口を一括で管理し、電子化することで申請者・承認者共に利用しやすくなりました。
540,2023/01/17,定期券を買わずに通勤しているため、交通費の申請に使用していますが、入力がしやすいのと、領収書も撮影するだけで簡単に申請項目が入力できるところが良い。,アプリもあるので使っているが、PC版と比べて設けられている設定が少ないのが残念なので、増やしてくれたら嬉しい。システムの不具合がありましたか？トラブルではないですが、ログインの時に都度IDを求められるのが少し面倒に感じています。,交通費の申請などを主な用途としていますが、社外から空き時間を使って簡単に経費の精算ができるため、無駄を省けるところが時間のない社会人にとっての最大メリットだと感じた。,時間の節約にオススメです。
541,2023/01/16,スマホでも領収書の写メで自動入力してくれるため入力の手間が省ける。承認も分かりやすく見やすく直ぐに承認できて便利。,特に強くは望んでいないが、プルダウンの項目選択が操作しやすくなれば良いと思う。項目が多いと探すのが大変なので。,今まで会社のPCから領収書を添付して入力したりの手間があったが、これは外出先からでも簡単に操作できて、ストレスが軽減した。,難しい操作もなく写真画像で自動入力なので記載が本当に楽です。
542,2023/01/16,従来、紙媒体の領収書に上長の捺印をもらって提出という古典的な方法をとってました。このソフトが導入された際は使い方も混乱しましたが、処理する場所を選ばない点でも利便性のほうが上回ってます。（特にコロナ禍で在宅が増えてから）,細かいですが、請求項目を上下させる際にドラッグ＆ドロップなので簡単にできればよいと思いました。今は矢印を都度クリックしないといけないのが微妙に不便。,領収書をスマホで読み込んでアップデートできるのが良い。今までは請求書に捺印、A4紙に糊付けという手順だったので、数が多いと非常に時間がかかる。万が一差し戻された場合には糊付けをはがさないといけない等の煩雑さがありました。これらが解消できました。また、出張が終わって、帰宅してからすぐに精算できるのもありがたいです。この口コミを詳しく見る,体の領収書に上長の捺印をもらって提出という古典的な方法をとってました。このソフトが導入された際は使い方も混乱しましたが、処理する場所を選ばない点でも利便性のほうが上回ってます。（特にコロナ禍で在宅が増えてから）楽楽精算の改善してほしい点細かいですが、請求項目を上下させる際にドラッグ＆ドロップなので簡単にできればよいと思いました。今は矢印を都度クリックしないといけないのが微妙に不便。楽楽精算導入で得られた効果・メリット領収書をスマホで読み込んでアップデートできるのが良い。今までは請求書に捺印、A4紙に糊付けという手順だったので、数が多いと非常に時間がかかる。万が一差し戻された場合には糊付けをはがさないといけない等の煩雑さがありました。これらが解消できました。また、出張が終わって、帰宅してからすぐに精算できるのもありがたいです。
543,2023/01/16,交通費などの立替精算が楽。制度変更により領収書の原本保存がいらなくなったのか、写真だけで完了するので支店勤務としては楽で助かる。勘定科目を間違ったとしても、経理側で勝手に変更して承認してくれるので楽。経理側もかなり楽なのでは？私は営業職です。,仕方のないことかもしれないが、領収書の取り込みが雑なことがある。領収書撮影時、他のものが写らないようにしなければならないのが面倒なので、撮影したら自動で領収書のみの画像に加工して欲しい。,今までの経費精算はエクセルに打ち込み、印刷して領収書を貼り付ける方法だったため、月末まで貯め込むと大変な作業であった。これを使ってからは原本不要なのでサクサク申請できる。またミスがあった場合すぐに返却されるため、時間のロスが少ないのが1番のメリット。支店から郵送していたのでミスがあると厄介だったが、それが解消された。この口コミを詳しく見る,の立替精算が楽。制度変更により領収書の原本保存がいらなくなったのか、写真だけで完了するので支店勤務としては楽で助かる。勘定科目を間違ったとしても、経理側で勝手に変更して承認してくれるので楽。経理側もかなり楽なのでは？私は営業職です。楽楽精算の改善してほしい点仕方のないことかもしれないが、領収書の取り込みが雑なことがある。領収書撮影時、他のものが写らないようにしなければならないのが面倒なので、撮影したら自動で領収書のみの画像に加工して欲しい。楽楽精算導入で得られた効果・メリット今までの経費精算はエクセルに打ち込み、印刷して領収書を貼り付ける方法だったため、月末まで貯め込むと大変な作業であった。これを使ってからは原本不要なのでサクサク申請できる。またミスがあった場合すぐに返却されるため、時間のロスが少ないのが1番のメリット。支店から郵送していたのでミスがあると厄介だったが、それが解消された。
544,2023/01/16,一通り使い方の説明を受けて割と直感的に使えました。主に旅費精算で使っていますが特に問題ありません。経路のパターン登録できるのは便利です。,旅費精算で経路（路線と料金）の登録ができるのは良いが、申請パターン自体（日時以外の、申請フローとか行先、目的等）の登録ができないのは不便。繰り返し同じところに行く場合いちいち経路以外の情報を毎回入力するのは面倒。ある程度テンプレートが決まっているのは仕方ないと思うが、入力が不要な情報などはカスタマイズできるようにしてほしい。どれが必須でどれが不要かわかりにくいし画面が見にくい。システムの不具合がありましたか？導入後半年だが今のところは特にない。,これまで社内オリジナルの申請システムに慣れてはいたが、精算の種別により手順やツールが異なるため不便だったが、各種精算系の申請がひとまとめになって煩雑さがなくなった。,市販のツールからの乗り換えであれば特にお勧めできるポイントはないが、これまでオリジナルのツールを使っていたり、古いシステムを使っているのであれば導入する価値はあると思います。カスタマイズの面でいまいち融通が利かないところはありますが（もしかしたら自分が知らないだけかもしれませんが）概ね使い勝手は良いと思います。導入費用も、維持含めて割安だと思います。
545,2023/01/15,スマホアプリでも同期できて、PCがない外出中でも費用立替発生直後に簡単に精算処理が可能で、精算処理を忘れるリスクも減らせました。,取り込んだ領収書データに電子押印できる機能があるとうれしいです。当社では領収書に日付印を押印するルールがあるため。,電帳法対応が大きなメリット。これまではシステム上で申請後に申請書をプリントアウト、領収書原紙を添付して担当部署へ郵送していましたが、電帳法対応後は全てシステム内で精算が完結できる。,精算申請者よりも経理担当者の工数が大きく削減できます。
546,2023/01/15,楽楽精算で経費精算をするようになって約1年ほどになりますが、スマホアプリでレシートなどを読み取ってくれるので入力の手間も少なく、時間をかけずにスムーズに精算ができます。,特別に改善点等はありませんが、社内での稟議の際に手書きで記入し回覧をまわす事があるので、手書き文字も読み取れるようになるとなお良いかと思います。,やはり従来の紙での回覧、稟議に変わって電子での回覧に変わることで紙の節約にもなるし、スマホでの回覧も可能になり、時間短縮にはなっていると思います。,日本一選ばれているということもあって導入して損はないと思います。
547,2023/01/15,Web上での経費（主に交通費）申請に使用しております。従前は紙で出力した用紙に上司に印鑑をもらって、総務に出すといったプロセスを踏んでいましたが、Web上での申請～承認までのプロセスが完結することで非常に効率化に繋がっております。,一部の経費申請については一部紙を使用する場面（主に領収書等が発生するもの）がありますので、もう少し広範なものに対応できるようになるといいかもしれません。但しこちらについては、私の会社のみの取り扱いかもしれませんので、開発によっては回避できる性質化もしれません。,コロナ禍以降、在宅勤務での働き方がメインになるなかで、従前は経費申請のためだけに出社をして対応するということがありましたが、楽楽精算導入後は自宅にてすべて完結することができ、無駄な出社というのがなくなったのが最大のメリットと感じています。この口コミを詳しく見る,の経費（主に交通費）申請に使用しております。従前は紙で出力した用紙に上司に印鑑をもらって、総務に出すといったプロセスを踏んでいましたが、Web上での申請～承認までのプロセスが完結することで非常に効率化に繋がっております。楽楽精算の改善してほしい点一部の経費申請については一部紙を使用する場面（主に領収書等が発生するもの）がありますので、もう少し広範なものに対応できるようになるといいかもしれません。但しこちらについては、私の会社のみの取り扱いかもしれませんので、開発によっては回避できる性質化もしれません。楽楽精算導入で得られた効果・メリットコロナ禍以降、在宅勤務での働き方がメインになるなかで、従前は経費申請のためだけに出社をして対応するということがありましたが、楽楽精算導入後は自宅にてすべて完結することができ、無駄な出社というのがなくなったのが最大のメリットと感じています。
548,2023/01/15,経費精算、申請と稟議申請フローがとてもシンプルで使いやすい。あとホテル宿泊やAmazonなど外部サイトも連動できて、経費精算がとても便利です。,領収書が必要な精算時の処理がめんどくさいです。スマホから領収書写真を撮影して、連動させてインポートできると便利です。,経費申請と精算、その他稟議申請と承認などすべて一つのアプリで一元管理できるので使用側の効率はとてもよくなります。,このようなアプリは、シンプルがベストだと思う。
549,2023/01/14,自動入力機能が充実しているところです。最初使用する際にある程度必要な項目や情報を整理しておけば、以降使う際自動で入力される為毎回の作業の短縮化になりました。,入力の際文字数制限がある為案外そこに引っかかってしまう事が多々あります…また添付可能なファイルがPDFなのでCSV等他にも添付できるようになってほしいです。,今まで紙処理が大半だったので承認の際に上の方へ回って私の元へ戻ってくるまで大幅な時間を要していましたが、楽楽精算を使用することで効率がとても上がりました。また私自身が今どこまで承認されているか確認できるため、止まっている際直接伝えられるのも良い点だと思います。,導入費用も比較的安く出来るので中小企業こそ紙処理からの導入の一歩として使ってほしいです。
550,2023/01/14,出張旅費精算などはとてもやりやすくなったと感じています。社内の決裁書類についても当該サービスを活用して回覧しているのですが、添付資料を一旦回覧してから決裁書をもう一度システムにて回覧する必要があり逆に手間が増えたと感じている。,他場所の決裁書類などを簡単に確認、情報共有出来る仕組みがあればさらに便利だと思う。自動的に登録した人に通知がいくなど。,出張旅費の精算は自動で電車の運賃なども計算してくれる点は非常に便利だと思うが、金額が正しいか毎回確認する必要がある。過去の履歴をコピーした際に日付が最新に置き換わるとさらに良い。この口コミを詳しく見る,算などはとてもやりやすくなったと感じています。社内の決裁書類についても当該サービスを活用して回覧しているのですが、添付資料を一旦回覧してから決裁書をもう一度システムにて回覧する必要があり逆に手間が増えたと感じている。楽楽精算の改善してほしい点他場所の決裁書類などを簡単に確認、情報共有出来る仕組みがあればさらに便利だと思う。自動的に登録した人に通知がいくなど。楽楽精算導入で得られた効果・メリット出張旅費の精算は自動で電車の運賃なども計算してくれる点は非常に便利だと思うが、金額が正しいか毎回確認する必要がある。過去の履歴をコピーした際に日付が最新に置き換わるとさらに良い。
551,2023/01/13,スマホ一つで完結できる所が何よりも良いです。アプリから領収書の写真を撮り必要事項を記載し申請するだけで終わります。必要事項記載も1分もあれば終わります。,領収書を付加する場合、一回一回撮っては必要事項確認、撮っては必要事項確認と続くので、まとめて領収書の写真を撮れる機能があるとものすごく便利です。,今までは会社独自の申請システムで領収書の精算を行っており、それがパソコンのみでしか申請が不可でした。楽楽精算を導入した事によりスマホで完結することができ、出先などでも行えるため業務の効率化が飛躍的によくなりました。この口コミを詳しく見る,で完結できる所が何よりも良いです。アプリから領収書の写真を撮り必要事項を記載し申請するだけで終わります。必要事項記載も1分もあれば終わります。楽楽精算の改善してほしい点領収書を付加する場合、一回一回撮っては必要事項確認、撮っては必要事項確認と続くので、まとめて領収書の写真を撮れる機能があるとものすごく便利です。楽楽精算導入で得られた効果・メリット今までは会社独自の申請システムで領収書の精算を行っており、それがパソコンのみでしか申請が不可でした。楽楽精算を導入した事によりスマホで完結することができ、出先などでも行えるため業務の効率化が飛躍的によくなりました。
552,2023/01/13,スマホアプリを使えば、領収書をカメラで撮影すると施設名や金額が自動で入力されるため便利。精算の承認フロー状況が見やすい。定期券の範囲を登録でき、電車移動時の差額の精算が楽。,定例で出張する場合などで、時間や備考欄への記載内容が同じ精算をする場合は、フォームが保存できるようになるとよい。システムの不具合がありましたか？私の知る限り、社内でトラブルが起きたという話は耳にしておりません。,楽楽精算導入前は領収書を申請書に糊で貼り付け提出しておりましたが、導入後はペーパーレス化することができました。この口コミを詳しく見る,リを使えば、領収書をカメラで撮影すると施設名や金額が自動で入力されるため便利。精算の承認フロー状況が見やすい。定期券の範囲を登録でき、電車移動時の差額の精算が楽。楽楽精算の改善してほしい点定例で出張する場合などで、時間や備考欄への記載内容が同じ精算をする場合は、フォームが保存できるようになるとよい。システムの不具合がありましたか？私の知る限り、社内でトラブルが起きたという話は耳にしておりません。楽楽精算導入で得られた効果・メリット楽楽精算導入前は領収書を申請書に糊で貼り付け提出しておりましたが、導入後はペーパーレス化することができました。
553,2023/01/12,当社では経費精算や請求書処理などで使用していますが、用途に合わせてカテゴリーや属性を細かく設定出来るので助かっています。またよく申請する案件については「一覧」から履歴を検索して簡単にコピー出来るので便利です。,申請一覧から確認したいデータをクリックすると別ウィンドウで立ち上がるのですが、少し文字が小さめなので個人設定で文字サイズを選択出来るとありがたいです。（ブラウザで拡大すると他サイトの表示もまとめて大きくなるので）システムの不具合がありましたか？今のところはないです。,電子取引推進に伴い、請求書や領収書は証憑を保管しておく必要があるのですが、楽楽精算で書類をアップロードすることが出来るのでわざわざ請求書データを別保管する必要がないので助かっています。必要な際は申請履歴からすぐに証憑データを確認できるのも便利です。,カスタマイズ性が高いと思うので会社の用途にそった運用が出来ます。
554,2023/01/12,交通費、経費、飲酒補助、出張費用など用途に分けて精算できる。上司の承認フローも確認できるので止まっている際に連絡もしやすい。,領収書の登録が必要である。明細作成欄でも領収書登録と添付ができるとわかりやすいしもっと簡単になると思う。,交通費精算の際に最安値ルートを検索してくれるので、他のサイトに飛んでルート確認や計算をしなくてもいいので簡素化できている。この口コミを詳しく見る,費、飲酒補助、出張費用など用途に分けて精算できる。上司の承認フローも確認できるので止まっている際に連絡もしやすい。楽楽精算の改善してほしい点領収書の登録が必要である。明細作成欄でも領収書登録と添付ができるとわかりやすいしもっと簡単になると思う。楽楽精算導入で得られた効果・メリット交通費精算の際に最安値ルートを検索してくれるので、他のサイトに飛んでルート確認や計算をしなくてもいいので簡素化できている。
555,2023/01/11,これまでいちいち紙の請求書を送ってもらっていたが、デジタルで完結するようになったので入力の手間や紛失のリスクが減った。,請求書の処理は楽になるがまだまだ領収書の処理が多いため、こちらも自動的に読み取ってもらえるようにしてほしい,大量かつ複数の取引先から届く大量の請求書をミスなく入力するだけで月に何時間も手がかかっていたところ、自動化により労働時間が削減された。この口コミを詳しく見る,ちいち紙の請求書を送ってもらっていたが、デジタルで完結するようになったので入力の手間や紛失のリスクが減った。楽楽精算の改善してほしい点請求書の処理は楽になるがまだまだ領収書の処理が多いため、こちらも自動的に読み取ってもらえるようにしてほしい楽楽精算導入で得られた効果・メリット大量かつ複数の取引先から届く大量の請求書をミスなく入力するだけで月に何時間も手がかかっていたところ、自動化により労働時間が削減された。
556,2023/01/11,出張申請がスムーズに行えます。経路検索から出張申請への反映までシームレスに行えるため、出張申請の工数削減につながると、実際に使ってみて実感しています。,申請画面の明細部が、もう少し洗練されていると、より良いかなとは感じました。表のフォーマットになっていますが、各セルがどういう内容が記載されているセルなのか、直感的にわかりづらいと思っています。,本サービスの一番良い点は、経路の検索および交通費用の計算も行ってくれるところです。以前使用していた旅費精算システムでは、経路は手入力であり、事前の経路申請も別途経路検索ツールで調べる必要がありましたが、楽楽精算では経路検索から申請への反映まで行ってくれるため、非常に効率的に出張申請が可能になりました。この口コミを詳しく見る,スムーズに行えます。経路検索から出張申請への反映までシームレスに行えるため、出張申請の工数削減につながると、実際に使ってみて実感しています。楽楽精算の改善してほしい点申請画面の明細部が、もう少し洗練されていると、より良いかなとは感じました。表のフォーマットになっていますが、各セルがどういう内容が記載されているセルなのか、直感的にわかりづらいと思っています。楽楽精算導入で得られた効果・メリット本サービスの一番良い点は、経路の検索および交通費用の計算も行ってくれるところです。以前使用していた旅費精算システムでは、経路は手入力であり、事前の経路申請も別途経路検索ツールで調べる必要がありましたが、楽楽精算では経路検索から申請への反映まで行ってくれるため、非常に効率的に出張申請が可能になりました。
557,2023/01/11,経理担当者として利用していますが、情シスにいちいち依頼することなく、起票画面の項目を変更したり、上限額超過や領収書添付不備のエラーを設定することができます。人にくる前にシステムが不備を指摘してくれるので、指摘の心苦しさもなく助かります。,承認フローコードは一度設定したら変更できない点です。頭に0をつけずに設定してしまい、1.11.12.2.21.22と並んでしまっています。全削除して再設定するのは手間なので、並べ方等で改善できませんでしょうか？また退職者ステータスにすると31日退職で、支払い処理は翌月している場合、精算から除かれる点は解決していただけると助かります。,今まで不備があった利用者にいちいちチャットで連絡していたのですが、コメント付きで差し戻せばいいだけになったのでかなり楽になりました。電子帳簿に対応しているので、支店や在宅勤務者の領収書送付の郵便代や紙原本の並べ替えの業務がなくなりとても効率化されました。,エクセルで経費精算をされているのであれば、経理の残業代より安く利用できると思います。
558,2023/01/10,レシートを撮り、データで取り込んだレシートから金額や支払先や利用日を読み取ってある程度作ってくれるので、入力間違いが減ります。法人カードの利用分は法人カード利用履歴として楽楽精算に取り込まれているので、精算し忘れがなくなります。年初に割り当てた経費予算に対しての進捗も追えるので管理がしやすいです。,使いながら覚えるといった感じで、あまり操作マニュアルが詳しくないです。従来の書面の精算より確実に楽々精算の方が精算業務が捗るはずではあるのですが、特に中年世代の方はいつまでも楽々精算にに慣れず精算業務に時間を割いているイメージ（当社だけなのかは分かりません）,当方は使用経費を精算報告する立場ですが、特に本社の会計部は楽楽精算の導入で大幅な業務効率化になってあると思う。在宅勤務が浸透したので、以前の書面ベースの経費システムでは会計部の社員は自宅に書面を持ち帰ることができないので（情報管理上）在宅勤務ができなかったと思うが、楽楽精算があることで会計部の社員も在宅勤務で業務を行うことができていると思う。この口コミを詳しく見る,撮り、データで取り込んだレシートから金額や支払先や利用日を読み取ってある程度作ってくれるので、入力間違いが減ります。法人カードの利用分は法人カード利用履歴として楽楽精算に取り込まれているので、精算し忘れがなくなります。年初に割り当てた経費予算に対しての進捗も追えるので管理がしやすいです。楽楽精算の改善してほしい点使いながら覚えるといった感じで、あまり操作マニュアルが詳しくないです。従来の書面の精算より確実に楽々精算の方が精算業務が捗るはずではあるのですが、特に中年世代の方はいつまでも楽々精算にに慣れず精算業務に時間を割いているイメージ（当社だけなのかは分かりません）楽楽精算導入で得られた効果・メリット当方は使用経費を精算報告する立場ですが、特に本社の会計部は楽楽精算の導入で大幅な業務効率化になってあると思う。在宅勤務が浸透したので、以前の書面ベースの経費システムでは会計部の社員は自宅に書面を持ち帰ることができないので（情報管理上）在宅勤務ができなかったと思うが、楽楽精算があることで会計部の社員も在宅勤務で業務を行うことができていると思う。
559,2023/01/10,申請から承認まで全てシステム内で行えてスムーズな点です。また、よく利用する経路の登録ができるので、同じ内容を申請する際に手順が省けます。,パソコンでの使用は特に問題ないのですがスマホからシステムを開くと少々文字や選択ボタンがずれてしまっていて、扱いにくく感じます。,経理として申請を承認する立場なのですが、後回しになりがちな経費の申請もスマホからも行えるので、催促する事なく回っていることが大変助かります。この口コミを詳しく見る,認まで全てシステム内で行えてスムーズな点です。また、よく利用する経路の登録ができるので、同じ内容を申請する際に手順が省けます。楽楽精算の改善してほしい点パソコンでの使用は特に問題ないのですがスマホからシステムを開くと少々文字や選択ボタンがずれてしまっていて、扱いにくく感じます。楽楽精算導入で得られた効果・メリット経理として申請を承認する立場なのですが、後回しになりがちな経費の申請もスマホからも行えるので、催促する事なく回っていることが大変助かります。
560,2023/01/10,申請内容を一時保存できるため、手の空いたタイミングでこまめに入力することができる。また、同じ申請の中では、申請内容をコピーすることができ、交通費など同じ内容を繰り返し入力する手間を省くことができる。,交通費の申請時に経路登録ができると嬉しい。また、領収書PDFの登録動線がわかりづらいため、申請時のファイル選択画面からも移動できるようにして欲しい。,承認や差し戻しがメールで通知され、不備や経理からの確認事項で受理されなかった場合にもすぐに気がつくことができたこの口コミを詳しく見る,一時保存できるため、手の空いたタイミングでこまめに入力することができる。また、同じ申請の中では、申請内容をコピーすることができ、交通費など同じ内容を繰り返し入力する手間を省くことができる。楽楽精算の改善してほしい点交通費の申請時に経路登録ができると嬉しい。また、領収書PDFの登録動線がわかりづらいため、申請時のファイル選択画面からも移動できるようにして欲しい。楽楽精算導入で得られた効果・メリット承認や差し戻しがメールで通知され、不備や経理からの確認事項で受理されなかった場合にもすぐに気がつくことができた
561,2022/12/27,これまでは紙ベースの経費精算様式に内訳や金額を手書きで記していたため、一ヶ所でも書き間違いをしてしまうと最初から書き直しになっていました。システム上で明細を作れるようになってからは内容の修正や削除がとても簡単になり、無駄な手間を削減することに繋がっています。,明細を作るときに対応する科目を選ぶ欄があるのですが、消耗品費なのか備品費なのかなど、どれを選ぶのが適当なのか分からなくなることがあります。摘要欄の記載内容から自動で判別してアシストする機能などがあれば会計知識が浅いスタッフでも使い易くなると思います。,クラウドシステムを導入したことでリモートでの経費申請が実現されました。コロナ禍以降は客先への直行直帰やリモートワークが推奨されるようになりましたが、経費精算のためには経理部に直接赴かなければならず、そのためだけに事務所に出社するという無駄が生まれていました。クラウドシステムの導入によってこの無駄が削減でき、働き方自由化の後押しにもなっていると強く感じます。この口コミを詳しく見る,紙ベースの経費精算様式に内訳や金額を手書きで記していたため、一ヶ所でも書き間違いをしてしまうと最初から書き直しになっていました。システム上で明細を作れるようになってからは内容の修正や削除がとても簡単になり、無駄な手間を削減することに繋がっています。楽楽精算の改善してほしい点明細を作るときに対応する科目を選ぶ欄があるのですが、消耗品費なのか備品費なのかなど、どれを選ぶのが適当なのか分からなくなることがあります。摘要欄の記載内容から自動で判別してアシストする機能などがあれば会計知識が浅いスタッフでも使い易くなると思います。楽楽精算導入で得られた効果・メリットクラウドシステムを導入したことでリモートでの経費申請が実現されました。コロナ禍以降は客先への直行直帰やリモートワークが推奨されるようになりましたが、経費精算のためには経理部に直接赴かなければならず、そのためだけに事務所に出社するという無駄が生まれていました。クラウドシステムの導入によってこの無駄が削減でき、働き方自由化の後押しにもなっていると強く感じます。
562,2022/12/25,月末月初にまとめて行う経費精算が、スマホを活用してスムーズに申請できるので、システムの有無で大きくスピードが変わります。,一度に申請できるものに限りがあるので、その点が払拭されれば、もっと利便性が上がるかと思います。ただ一番の利点は経理の生産性向上かと思うのでそこが改善できていれば問題ないとは考えます。,メンバーや他人の交通費を承認する際に、最安ルートを使っているかなどが把握しやすい。併せて交通費を自動で計算してくれるため、その点が楽です。この口コミを詳しく見る,まとめて行う経費精算が、スマホを活用してスムーズに申請できるので、システムの有無で大きくスピードが変わります。楽楽精算の改善してほしい点一度に申請できるものに限りがあるので、その点が払拭されれば、もっと利便性が上がるかと思います。ただ一番の利点は経理の生産性向上かと思うのでそこが改善できていれば問題ないとは考えます。楽楽精算導入で得られた効果・メリットメンバーや他人の交通費を承認する際に、最安ルートを使っているかなどが把握しやすい。併せて交通費を自動で計算してくれるため、その点が楽です。
563,2022/12/23,数年前から利用していますが、何よりシンプルで使いやすいです。乗換案内も自動で出してくれるので余計な時間を取られることがなくなりました。また今までは領収書を添付であげて承認後に原本を貼付けして提出のフローだったが、電帳法により添付をあげるだけで済むようになったので大変便利,正直言って改善してほしい点はない。強いてあげるとしたら自分の所属上長を検索上位にするロジックが組まれるとより良い,こちらのサービス導入前までは紙に行先・要件を記入、ネットで交通費検索、提出前に押印などの極めて煩雑は作業が必要であったが、今ではボタン数回押せば完了できるので業務短縮ができるようになったこの口コミを詳しく見る,利用していますが、何よりシンプルで使いやすいです。乗換案内も自動で出してくれるので余計な時間を取られることがなくなりました。また今までは領収書を添付であげて承認後に原本を貼付けして提出のフローだったが、電帳法により添付をあげるだけで済むようになったので大変便利楽楽精算の改善してほしい点正直言って改善してほしい点はない。強いてあげるとしたら自分の所属上長を検索上位にするロジックが組まれるとより良い楽楽精算導入で得られた効果・メリットこちらのサービス導入前までは紙に行先・要件を記入、ネットで交通費検索、提出前に押印などの極めて煩雑は作業が必要であったが、今ではボタン数回押せば完了できるので業務短縮ができるようになった
564,2022/12/22,請求書をあらかじめ登録することで、必要な項目が自動入力されます。操作は感覚的にわかり、簡単に使いこなせています。承認状況も一目瞭然なので、差戻時にも即座に対応できます。,経費精算を行う際、明細備考欄の文字数制限が、半角100文字・全角50文字です。特殊なケースなどで、たくさん入力したい際に全て入力できず、別のコメント欄等を使用することになります。全て備考欄に入力できた方が、承認者も見やすいと思います。システムの不具合がありましたか？請求書を読み込めないことがありました。一度印刷してから再度スキャナーで読み込むとエラーがなくなりました。,導入前は、社内稟議は別システム、経費精算は手書きで行っていました。別システムで承認済みの稟議を紙ベースで印刷・添付し、経費精算を行っていましたが、社内稟議から経費精算まで同一システムで一貫して行うことで、業務効率がよくなりました。この口コミを詳しく見る,らかじめ登録することで、必要な項目が自動入力されます。操作は感覚的にわかり、簡単に使いこなせています。承認状況も一目瞭然なので、差戻時にも即座に対応できます。楽楽精算の改善してほしい点経費精算を行う際、明細備考欄の文字数制限が、半角100文字・全角50文字です。特殊なケースなどで、たくさん入力したい際に全て入力できず、別のコメント欄等を使用することになります。全て備考欄に入力できた方が、承認者も見やすいと思います。システムの不具合がありましたか？請求書を読み込めないことがありました。一度印刷してから再度スキャナーで読み込むとエラーがなくなりました。楽楽精算導入で得られた効果・メリット導入前は、社内稟議は別システム、経費精算は手書きで行っていました。別システムで承認済みの稟議を紙ベースで印刷・添付し、経費精算を行っていましたが、社内稟議から経費精算まで同一システムで一貫して行うことで、業務効率がよくなりました。
565,2022/12/21,交通費等の申請をスマホやコピー機でスキャンすることで完了できます。出発点と到着点を入力するだけで自動で交通費を計算してくれることも大きな利点。,一つだけ挙げるとすれば、スマホでスキャンするときに読み取れない場合が稀にあります。その精度を改善してもらえれば完璧なシステムだと思います。,領収書等の打ち間違いがなくなることや、時間を大幅に短縮できたことで人員を他の仕事に回すことができています。また、データベース化によっていつでもどこでも経費の承認申請ができます。この口コミを詳しく見る,申請をスマホやコピー機でスキャンすることで完了できます。出発点と到着点を入力するだけで自動で交通費を計算してくれることも大きな利点。楽楽精算の改善してほしい点一つだけ挙げるとすれば、スマホでスキャンするときに読み取れない場合が稀にあります。その精度を改善してもらえれば完璧なシステムだと思います。楽楽精算導入で得られた効果・メリット領収書等の打ち間違いがなくなることや、時間を大幅に短縮できたことで人員を他の仕事に回すことができています。また、データベース化によっていつでもどこでも経費の承認申請ができます。
566,2022/12/20,電車の交通費などは、乗り換え検索でピンポイントで使用したルートを選ぶことができるので、間違えにくいし楽。,しばらくは使い方が慣れなかった。用語が堅く、UIがあまり感覚的ではないので、そのあたりを改善して欲しい。システムの不具合がありましたか？特にありません。,経理精算する本社が遠く離れているので、期日に間に合わない請求書などはPDF添付で一旦処理してもらえるなどとても助かる。この口コミを詳しく見る,費などは、乗り換え検索でピンポイントで使用したルートを選ぶことができるので、間違えにくいし楽。楽楽精算の改善してほしい点しばらくは使い方が慣れなかった。用語が堅く、UIがあまり感覚的ではないので、そのあたりを改善して欲しい。システムの不具合がありましたか？特にありません。楽楽精算導入で得られた効果・メリット経理精算する本社が遠く離れているので、期日に間に合わない請求書などはPDF添付で一旦処理してもらえるなどとても助かる。
567,2022/12/20,申請や精算が画面内で行えるところが非常に良いです。また、メールに申請経路等が承認されると通知が来るので、忘れることなく手続きができます。,申請や精算一覧のボタンが小さいため、クリックするのが大変。ボタンを大きくしてもらえると間違えずに済みます。,紙に印刷しハンコを押さなければならない面倒なものでしたが、それが無くなったことで双方の手間が省けました。申請経路でどこで止まっているか状況がわかるのがありがたいです。この口コミを詳しく見る,が画面内で行えるところが非常に良いです。また、メールに申請経路等が承認されると通知が来るので、忘れることなく手続きができます。楽楽精算の改善してほしい点申請や精算一覧のボタンが小さいため、クリックするのが大変。ボタンを大きくしてもらえると間違えずに済みます。楽楽精算導入で得られた効果・メリット紙に印刷しハンコを押さなければならない面倒なものでしたが、それが無くなったことで双方の手間が省けました。申請経路でどこで止まっているか状況がわかるのがありがたいです。
568,2022/12/19,変則な承認ルートを自在に変更でき、簡単な操作で申請ができる。また、紙の場合は、会社にいないと申請、精算ができなかったが、外でもできるようになったのがうれしい。,差戻し、否認をするときに、コメントをつけてますが、申請中の伝票に対してできるチャット機能があると便利。,承認者の確認が早くなるだけでなく、申請者もパソコン、スマホから操作でき、何を精算したかも簡単に確認でき、重複精算、支払がなくなる。この口コミを詳しく見る,ルートを自在に変更でき、簡単な操作で申請ができる。また、紙の場合は、会社にいないと申請、精算ができなかったが、外でもできるようになったのがうれしい。楽楽精算の改善してほしい点差戻し、否認をするときに、コメントをつけてますが、申請中の伝票に対してできるチャット機能があると便利。楽楽精算導入で得られた効果・メリット承認者の確認が早くなるだけでなく、申請者もパソコン、スマホから操作でき、何を精算したかも簡単に確認でき、重複精算、支払がなくなる。
569,2022/12/18,今まで出張の申請や精算はすべて紙で行っていましたが、楽楽精算導入により電子化され印鑑不要になり煩わしさが減りました。,特にはないのですが、添付ファイルの形式が限られていることが不便に感じる場合があります。pdf以外も添付できるようにしていただきたい。,紙での処理の場合、課長から部長、部長から経理部へ…と承認が回される中で今どこで進捗が止まっているのかなど不明でしたが、楽楽精算だと今どの部門の人のところにあるのか見えるので安心です。過去、精算の書類を紛失されたことがあるのですが、そういった心配もなくなりました。この口コミを詳しく見る,の申請や精算はすべて紙で行っていましたが、楽楽精算導入により電子化され印鑑不要になり煩わしさが減りました。楽楽精算の改善してほしい点特にはないのですが、添付ファイルの形式が限られていることが不便に感じる場合があります。pdf以外も添付できるようにしていただきたい。楽楽精算導入で得られた効果・メリット紙での処理の場合、課長から部長、部長から経理部へ…と承認が回される中で今どこで進捗が止まっているのかなど不明でしたが、楽楽精算だと今どの部門の人のところにあるのか見えるので安心です。過去、精算の書類を紛失されたことがあるのですが、そういった心配もなくなりました。
570,2022/12/18,スマホでの撮影、複合機でのスキャンどちらでも領収書の撮影ができ、便利です。また、申請された内容をもとに経理ソフトへのデータ、振込データの作成も可能なので、今までは現金で精算を行い、また別で入力をしなければいけませんでしたが、その手間を削減することができました。,スマホアプリを読み込んだ際、若干数値や領収書の宛名がずれて表示されることがあります。今後の改善に期待できればと思います。システムの不具合がありましたか？改善してほしい点で先ほど挙げたように、スマホアプリでの表示が若干ずれることがある点は、今後改善してほしいです。,ペーパレスでデータを残せるため、領収書の長期保存不要になり、フローの短縮・業務改善に繋がりました。結果的に事務作業の手間数も減り、効率化できました。,領収書の保管にお困りの会社、ペーパーレス化を進めたい企業に向いていると思います。
571,2022/12/18,楽楽精算を使用してから、カード決済の締め処理や支払い管理が容易になった点です。また、登録したカードを使用した支払いの履歴を確認できるので、支払いの可視化も可能になりました。さらに、支払いをレシートで確認できるので、支払いの記録もしっかりとることが可能です。楽楽精算は使いやすいインターフェースを備えており、カード決済の管理を効率化してくれます。,決済が完了しない場合、取引をキャンセルする方法がありません。取引をキャンセルする機能が実装されると、楽楽精算を利用する際の不安を低減できます。,楽楽精算を利用することで、社内の精算作業時間を短縮できました。例えば、社内の部門が活動費を支払う際に、楽楽精算を利用することで、承認者が社内の責任者を経由することなく、承認を行うことができます。また、楽楽精算を採用することで発行される支出精算書を取り扱う業務も自動化され、複数の場所で精算書を取り扱う手間を大幅に削減することができました。これにより、部門間の精算作業が迅速かつ効率的に行えるようになり、以前と比べて社内の精算作業時間が短縮されました。この口コミを詳しく見る,使用してから、カード決済の締め処理や支払い管理が容易になった点です。また、登録したカードを使用した支払いの履歴を確認できるので、支払いの可視化も可能になりました。さらに、支払いをレシートで確認できるので、支払いの記録もしっかりとることが可能です。楽楽精算は使いやすいインターフェースを備えており、カード決済の管理を効率化してくれます。楽楽精算の改善してほしい点決済が完了しない場合、取引をキャンセルする方法がありません。取引をキャンセルする機能が実装されると、楽楽精算を利用する際の不安を低減できます。楽楽精算導入で得られた効果・メリット楽楽精算を利用することで、社内の精算作業時間を短縮できました。例えば、社内の部門が活動費を支払う際に、楽楽精算を利用することで、承認者が社内の責任者を経由することなく、承認を行うことができます。また、楽楽精算を採用することで発行される支出精算書を取り扱う業務も自動化され、複数の場所で精算書を取り扱う手間を大幅に削減することができました。これにより、部門間の精算作業が迅速かつ効率的に行えるようになり、以前と比べて社内の精算作業時間が短縮されました。
572,2022/12/16,よく利用する路線・経路をお気に入り登録できるので、交通費精算の際はそこから呼び出すだけなのは便利です。,弊社の設定の仕方が良くないのかもしれませんが、承認フローや各種申請の登録をする際に、手順が多く面倒です。,これまでエクセルに必要事項を記入し、プリントアウトして裏面に領収書を貼付し精算していましたが、それらがすべてオンラインになり、過去のデータなども確認できるようになり便利だと感じました。おそらく、経理担当者はもっと便利で作業効率・生産性が向上していると思われます。,経費精算や各種申請をアナログ運用している企業にはおすすめです！
573,2022/12/16,スマホのアプリで領収書やレシートを撮影すると自動で内容を読み取ってくれるのが便利です。パソコンとも連動しているので精算がすごく楽になりました。,ボタンの位置やデザインが直感的にわかりづらいところがあるので、もっとわかりやすくしてほしいと感じました。,領収書やレシートを紙の台紙に貼り付けて処理していたものがスマホやパソコンで完結できるようになり、経費精算にかかる時間がかなり短縮されました。この口コミを詳しく見る,プリで領収書やレシートを撮影すると自動で内容を読み取ってくれるのが便利です。パソコンとも連動しているので精算がすごく楽になりました。楽楽精算の改善してほしい点ボタンの位置やデザインが直感的にわかりづらいところがあるので、もっとわかりやすくしてほしいと感じました。楽楽精算導入で得られた効果・メリット領収書やレシートを紙の台紙に貼り付けて処理していたものがスマホやパソコンで完結できるようになり、経費精算にかかる時間がかなり短縮されました。
574,2022/12/15,経費精算と会計データを連動でき、現金のやり取りも不要なので事務効率化が測れるパッケージソフトとなっている点が良い。,インボイス制度など税制が変わった時に対応方針を発表するのが少し遅いと感じているので、そこを改善していただきたいです。,任意の分かりやすい名称の科目を設定できるので、経費を精算する際に科目誤りが減った。また、過去の履歴が見れるので問い合わせが減った。この口コミを詳しく見る,会計データを連動でき、現金のやり取りも不要なので事務効率化が測れるパッケージソフトとなっている点が良い。楽楽精算の改善してほしい点インボイス制度など税制が変わった時に対応方針を発表するのが少し遅いと感じているので、そこを改善していただきたいです。楽楽精算導入で得られた効果・メリット任意の分かりやすい名称の科目を設定できるので、経費を精算する際に科目誤りが減った。また、過去の履歴が見れるので問い合わせが減った。
575,2022/12/13,楽楽精算を活用することにより、会社の部門間での支払いを簡単、安全、効率的に行うことができました。具体的には、発生した請求書を共有して支払いを行うことが可能になり、面倒な手続きを省略できました。また、オンラインで承認を取ることも可能になり、専門的な精算担当者を確保する必要がなくなりました。,複数回にわたる手続きを行う場合、1回目の手続きを行うと残りの手続きを自動化する機能を搭載してほしいです。また、支払情報を複数回入力する必要がある場合、入力情報を保存しておいて、支払いを行う際に自動的に入力する機能を実装してほしいです。,楽楽精算を導入したことで、毎月の精算作業が約2割短縮され、更に複雑な税金計算が自動化されました。精算のミスを抑え、更に精算作業の時間を短縮して、業務量を維持できるようになりました。この口コミを詳しく見る,活用することにより、会社の部門間での支払いを簡単、安全、効率的に行うことができました。具体的には、発生した請求書を共有して支払いを行うことが可能になり、面倒な手続きを省略できました。また、オンラインで承認を取ることも可能になり、専門的な精算担当者を確保する必要がなくなりました。楽楽精算の改善してほしい点複数回にわたる手続きを行う場合、1回目の手続きを行うと残りの手続きを自動化する機能を搭載してほしいです。また、支払情報を複数回入力する必要がある場合、入力情報を保存しておいて、支払いを行う際に自動的に入力する機能を実装してほしいです。楽楽精算導入で得られた効果・メリット楽楽精算を導入したことで、毎月の精算作業が約2割短縮され、更に複雑な税金計算が自動化されました。精算のミスを抑え、更に精算作業の時間を短縮して、業務量を維持できるようになりました。
576,2022/12/11,マイパターン設定ができるので、同じ内容を申請する際に一から入力する必要がないのはかなり良い点だと思います。,承認者の入力を毎回しなくてはいけないのが面倒。承認者が変わるってなかなかないと思うので、固定ないし選択制になるといいなと思う。,これまでは経費精算が紙とメールでの申請だったのでいちいち書類を探して申請して、差し戻しをされて…と時間がかかっていたが、楽楽精算になってからすべてがクラウド上で行えるので、無駄な時間がなくなった。この口コミを詳しく見る,ン設定ができるので、同じ内容を申請する際に一から入力する必要がないのはかなり良い点だと思います。楽楽精算の改善してほしい点承認者の入力を毎回しなくてはいけないのが面倒。承認者が変わるってなかなかないと思うので、固定ないし選択制になるといいなと思う。楽楽精算導入で得られた効果・メリットこれまでは経費精算が紙とメールでの申請だったのでいちいち書類を探して申請して、差し戻しをされて…と時間がかかっていたが、楽楽精算になってからすべてがクラウド上で行えるので、無駄な時間がなくなった。
577,2022/12/10,他県にある経理部への請求書原紙の発送、確認、受け取りミスによる手間がなくなった。公共交通機関をわざわざ別の交通系サイトで調べたり、交通系電子マネーの履歴を調べたりする必要がなくなった。,領収書のカメラ読み取り後の金額欄自動表示が手書きだと読み切れないことが多い。機械文字でも間違っていることが多々あるので、精度が増すとさらに便利。ちなみに、JR東海など新幹線利用の場合、会社名が東京などと表示される。（領収書発行側の記載にもよるが）葬儀の生花購入で、項目選択時、花代で検索するとでてくるが、検索タイトルをある程度認識しておかないと検索時間がかかる。,発送費の削減、社内便での発送量減少、発送手間の削減、過去は領収書を台紙に糊付けして表面のみ貼り、何枚も作る必要あったが、その面倒もなくなった。この口コミを詳しく見る,経理部への請求書原紙の発送、確認、受け取りミスによる手間がなくなった。公共交通機関をわざわざ別の交通系サイトで調べたり、交通系電子マネーの履歴を調べたりする必要がなくなった。楽楽精算の改善してほしい点領収書のカメラ読み取り後の金額欄自動表示が手書きだと読み切れないことが多い。機械文字でも間違っていることが多々あるので、精度が増すとさらに便利。ちなみに、JR東海など新幹線利用の場合、会社名が東京などと表示される。（領収書発行側の記載にもよるが）葬儀の生花購入で、項目選択時、花代で検索するとでてくるが、検索タイトルをある程度認識しておかないと検索時間がかかる。楽楽精算導入で得られた効果・メリット発送費の削減、社内便での発送量減少、発送手間の削減、過去は領収書を台紙に糊付けして表面のみ貼り、何枚も作る必要あったが、その面倒もなくなった。
578,2022/12/10,Web上で経費精算の手続きが行え、申請から承認までシステム上で完結できることで、紙で行っていた業務が相当程度削減できております。,紙の領収書が必要になるケースは、それのみを別途ミドルバックに渡す必要があるため、これを写真で処理できるような機能があればよいかなと思います。,交通費の精算を行うためだけに出社してということがこれまでありましたが、本製品導入により、完全にリモートで各種経費精算が行えるようになり、業務の効率化に繋がっております。この口コミを詳しく見る,経費精算の手続きが行え、申請から承認までシステム上で完結できることで、紙で行っていた業務が相当程度削減できております。楽楽精算の改善してほしい点紙の領収書が必要になるケースは、それのみを別途ミドルバックに渡す必要があるため、これを写真で処理できるような機能があればよいかなと思います。楽楽精算導入で得られた効果・メリット交通費の精算を行うためだけに出社してということがこれまでありましたが、本製品導入により、完全にリモートで各種経費精算が行えるようになり、業務の効率化に繋がっております。
579,2022/12/10,楽楽精算は領収書などをスマホアプリで写真を読むことができ、簡単にデータ化できるため非常に便利だと思う。,経理側に提出する側の私からは改善してほしい事は特にありません。追加機能で音声で入力できたら面白いかもしれません。,今までは紙やExcelデータで経理側に経費精算を行っていて、勘定科目などわからないことばっかりだったが楽楽精算は選んでいくだけなので簡単で時間短縮できた。この口コミを詳しく見る,領収書などをスマホアプリで写真を読むことができ、簡単にデータ化できるため非常に便利だと思う。楽楽精算の改善してほしい点経理側に提出する側の私からは改善してほしい事は特にありません。追加機能で音声で入力できたら面白いかもしれません。楽楽精算導入で得られた効果・メリット今までは紙やExcelデータで経理側に経費精算を行っていて、勘定科目などわからないことばっかりだったが楽楽精算は選んでいくだけなので簡単で時間短縮できた。
580,2022/12/09,月末月初になると社内業務もバタバタしている中で、経費や交通費の精算は意外と時間を取られてしまうので、それが効率的に行える点は業務効率が上がりとても良いです。レシート、領収書の画像取り込みで情報入力されて楽になりましたし、スマホでできるのがとても良いです。,会社の設定側の問題かもしれませんが、経費項目がどれが該当するか分かりにくいので、例えば、主題や内容を認識して該当の経費項目の候補を絞ってくれる機能があるとよいです。システムの不具合がありましたか？特に気になるところはありませんが、稀にレシート、領収書情報がうまく読み取られず誤字・誤登録がされることがありますが、OCR精度としては低くはないと思います。,経費・交通費精算は必要ではあるけども、仕事の優先順位としては下がるので、どうしても月末月初ぎりぎりに処理しがちです。それがスマホやPCでスムーズに処理できると、会社としても残業代や無駄な人件費の削減にもなると思うので、その点がよいと思います。上長承認や経理の承認があるので、そちらの方々も業務不可が軽減したと感じます。,主業務以外の経費削減、業務効率化を図りたい会社にはとてもお薦めです。
581,2022/12/09,コピーがしやすくて何枚も同じ入力をするときに便利です。営業部間での処理・管理のしやすさで効率アップしている,領収書など取り込む時にまとめて取り込めたらいい。あとから金額、会社名などまとめて訂正できたらもっと便利になる,営業部間での対応がスムーズです。間違いがあった際もリアルタイムで差し戻しでき、わかりやすいです。画面もシンプルで無駄がない。以前利用していた製品の解約理由営業部間での管理がしにくい,みんながわかりやすい
582,2022/12/08,レイアウトや項目の設定等、カスタマイズ性に優れているため、色々な状況に合わせた経費精算を設定できます。これまでの紙媒体による申請を辞め、電子帳簿保存法にも対応できるシステムのため、今後も活用していきたいです。また支払依頼機能を使い、従来の手書き伝票を使った支払依頼も改善していきたいです。,一度に申請できるものに限りがあるため、一日に何度も電車を使う場合などは降りる駅ごとに経費申請が必要な点は改善して欲しいです。,当初は、紙による申請書と領収書の束から精算金額を起こす処理を経理で行っていました。この点をシステム導入で変えたいと思ったのですが、精算方法自体を小口現金から振込に変えることまで全社で理解していただけたので、更なる業務効率化に繋がりました。「楽楽精算」導入の決め手価格が安く、使い勝手が良いと思ったため。,経費精算を自動化したい方におすすめです。
583,2022/12/06,手書きと比べ圧倒的に楽。履歴も追える、乗換案内も連動している。会社ごとの手当設定もでき、幅広い。管理しやすい。,項目の順番において入れ替えができないところ。また、乗り換え案内への切り替えがややもたつくように感じる。,大量の手書き、精算書類をネット管理できる。履歴も追えるので管理しやすい。事前の申請、承認も可能であり一連の流れで管理できる。,管理がしやすい
584,2022/12/06,定期や交通費の精算に利用しています。交通費の精算の際は、モバイルSuicaを読み取って履歴を抽出してくれるのでとっても入力が便利です。,定期券を登録する際に、入力がわかりにくく正式名称がサジェストとうまく一致しないことがあるのは改善してほしいです。,今まで定期券や交通費の精算は手書き伝票を利用していましたが、楽楽精算を利用するようになり、webだけで完結できるようになりました！書き損じた際に最初から修正する手間や修正されても用紙を無駄にすることなく、スムーズに精算が行えています。この口コミを詳しく見る,費の精算に利用しています。交通費の精算の際は、モバイルSuicaを読み取って履歴を抽出してくれるのでとっても入力が便利です。楽楽精算の改善してほしい点定期券を登録する際に、入力がわかりにくく正式名称がサジェストとうまく一致しないことがあるのは改善してほしいです。楽楽精算導入で得られた効果・メリット今まで定期券や交通費の精算は手書き伝票を利用していましたが、楽楽精算を利用するようになり、webだけで完結できるようになりました！書き損じた際に最初から修正する手間や修正されても用紙を無駄にすることなく、スムーズに精算が行えています。
585,2022/12/05,導入は丁寧なサポートもあり、比較的すんなりできました。導入後は請求書の発行もスムーズにできて助かっています。,フォーマットがある程度決まっているので、便利な面もあるが、柔軟にいろいろなフォームを自分で作成できるとさらに便利になると思います。システムの不具合がありましたか？特にありません,請求書の封入作業の手間と間違いがなくなりました。また郵便代もかからず、発行はその日にできるのでお客様にも喜ばれています。,請求書発行のコストを削減したい方におすすめです
586,2022/12/05,毎月交通費精算があるため頻繁に利用していますが、定期券内外を自動で判断して計算してくれる点はありがたい。,出張申請と精算が少し手間に感じるが、恐らく経理部門側の効率化を目的とした可能であるため、致し方なし(許容範囲)と考えます。,これまでエクセルによる申請を行なっていたためシステム化しただけでも大きく業務の削減につながっている。先に述べたように定期券内か否かを自動で判断してくれるため、申請者側としては大変楽になった。この口コミを詳しく見る,精算があるため頻繁に利用していますが、定期券内外を自動で判断して計算してくれる点はありがたい。楽楽精算の改善してほしい点出張申請と精算が少し手間に感じるが、恐らく経理部門側の効率化を目的とした可能であるため、致し方なし(許容範囲)と考えます。楽楽精算導入で得られた効果・メリットこれまでエクセルによる申請を行なっていたためシステム化しただけでも大きく業務の削減につながっている。先に述べたように定期券内か否かを自動で判断してくれるため、申請者側としては大変楽になった。
587,2022/12/05,交通費を入力する際に、マイパターンとして記憶してくれることや、最安ルート、最速ルートなどが一発で出てくるのはすごく分かりやすいです。,マイパターンから明細へ登録する際に、ひとつのマイパターンを毎日適応するには、一回一回メインの申請画面へ戻って入力しなければならないのが手間だと思います。,部下や研修生など、他人の交通費を承認する際に、最安ルートを使っているかなど分かり易い為、調べる手間が省けました。,仕様もわかりやすく、使いやすいと思います。自分が入力するのもそうですが、他人の交通費を承認するのがとても楽になるかと思います。
588,2022/12/05,精算作業を安全に、かつスムーズに行うことができることが特徴です。簡単な操作で精算ができるため、利用者もストレスなく作業を完了することができます。さらに、精算履歴の管理も可能なため、今後の予算管理が容易になります。また、楽楽精算を通じて複数人での精算作業を行うことが可能です。複数人が共同で精算を行うことで、精算作業をスピーディーに行うことができます。このような点から、楽楽精算は、精算作業を効率的に行うことができる便利なツールとなっています。,定期的な入金をしている場合、自動的に更新される機能を搭載してほしい。複数のデバイスで使用できるようにしてほしい。スマートフォンなどでの操作がしやすいような画面構成にしてほしい。,利用することで、従来の不便な精算手続きを簡素化し、企業の経費を効率的に運営できるようになりました。例えば、私たちの会社は、営業マンが複数の場所を回ることが多く、複数の場所からの出張費用の精算が従来、非常に手間がかかっていました。しかし、「楽楽精算」を導入することで、営業マンは複数の場所からの出張費用を簡単に精算することができるようになりました。交通費などを手元で精算できるので経費申請作業の負担が大幅に軽減され、経費管理も効率的になりました。この口コミを詳しく見る,安全に、かつスムーズに行うことができることが特徴です。簡単な操作で精算ができるため、利用者もストレスなく作業を完了することができます。さらに、精算履歴の管理も可能なため、今後の予算管理が容易になります。また、楽楽精算を通じて複数人での精算作業を行うことが可能です。複数人が共同で精算を行うことで、精算作業をスピーディーに行うことができます。このような点から、楽楽精算は、精算作業を効率的に行うことができる便利なツールとなっています。楽楽精算の改善してほしい点定期的な入金をしている場合、自動的に更新される機能を搭載してほしい。複数のデバイスで使用できるようにしてほしい。スマートフォンなどでの操作がしやすいような画面構成にしてほしい。楽楽精算導入で得られた効果・メリット利用することで、従来の不便な精算手続きを簡素化し、企業の経費を効率的に運営できるようになりました。例えば、私たちの会社は、営業マンが複数の場所を回ることが多く、複数の場所からの出張費用の精算が従来、非常に手間がかかっていました。しかし、「楽楽精算」を導入することで、営業マンは複数の場所からの出張費用を簡単に精算することができるようになりました。交通費などを手元で精算できるので経費申請作業の負担が大幅に軽減され、経費管理も効率的になりました。
589,2022/12/04,システムとして画面は見やすく、領収書なしの交通費など、簡単な経費精算にはいい。ただ電帳法に対応してから、請求書、領収書のアップロードに関し、申請不備が増加。「楽々ではない」と申請者からのクレームが増えたのは事実。,申請後、請求書や領収書のアップロードに不備があった際の修正に手間がかかるとのことだった。明細を複数に分けるのもやりなおしなのが不便とのこと。,交通費を自動計算(定期料金)してくれるのは楽。また定期的なシステム改善も安心で、ユーザーとしてはありがたい。この口コミを詳しく見る,して画面は見やすく、領収書なしの交通費など、簡単な経費精算にはいい。ただ電帳法に対応してから、請求書、領収書のアップロードに関し、申請不備が増加。「楽々ではない」と申請者からのクレームが増えたのは事実。楽楽精算の改善してほしい点申請後、請求書や領収書のアップロードに不備があった際の修正に手間がかかるとのことだった。明細を複数に分けるのもやりなおしなのが不便とのこと。楽楽精算導入で得られた効果・メリット交通費を自動計算(定期料金)してくれるのは楽。また定期的なシステム改善も安心で、ユーザーとしてはありがたい。
590,2022/12/03,スマホに専用アプリを入れておけば、それを通して領収書を撮影すると、支払い先や支払日が自動入力されるので、手間が省けて嬉しいです。また、データで受け取る領収書であっても簡単に取り込めるのでこれも手間が省けて嬉しいです。,自動入力されるのはよいですが、時々微妙に異なる取り込み結果になっていることがあるので、その精度のアップを期待したいです。システムの不具合がありましたか？申請する側であれば楽になったと思いますが、承認する側ではチェックに慣れが必要かもしれません。確認対象が大量に届いて上司はあたふたしていました。,領収書の精算にかかる時間は減ったと思います。出先でも精算できるので、空き時間を有効活用できていると感じます。,外出する社員の旅費精算が月末などに集中してしまうことの解決につながると思います。
591,2022/12/01,会社で導入しています。使い方はシンプルで、マニュアルなど見なくてもすぐ使えるようになります。アプリもあるのが良いですね。,乗り換え検索や出張申請がもう少しサクサク使えると嬉しい。乗り換えが実際と異なる時があり手打ちで入力することがあるので。,社内管理が簡潔化されていると思う。手作業よりも間違いやトラブルが減ったと思う。交通費も出張申請もまとめてできて便利です。以前利用していた製品の解約理由会社都合この口コミを詳しく見る,しています。使い方はシンプルで、マニュアルなど見なくてもすぐ使えるようになります。アプリもあるのが良いですね。楽楽精算の改善してほしい点乗り換え検索や出張申請がもう少しサクサク使えると嬉しい。乗り換えが実際と異なる時があり手打ちで入力することがあるので。楽楽精算導入で得られた効果・メリット社内管理が簡潔化されていると思う。手作業よりも間違いやトラブルが減ったと思う。交通費も出張申請もまとめてできて便利です。以前利用していた製品の解約理由会社都合
592,2022/12/01,交通費申請を行う際に、経路検索から費用を取り込むこと。また、マイルートとしてよく使う外訪経路を登録しておくことができること。,PDFはアップロードに容量制限があること。支払先などで発行されたPDFデータによっては、容量を下げる必要がある。,領収書を読み込むと自動で支払先や、日付の入力がされるため、手間なく、金額の入力ミスも防げるのでストレスなく使えます。この口コミを詳しく見る,を行う際に、経路検索から費用を取り込むこと。また、マイルートとしてよく使う外訪経路を登録しておくことができること。楽楽精算の改善してほしい点PDFはアップロードに容量制限があること。支払先などで発行されたPDFデータによっては、容量を下げる必要がある。楽楽精算導入で得られた効果・メリット領収書を読み込むと自動で支払先や、日付の入力がされるため、手間なく、金額の入力ミスも防げるのでストレスなく使えます。
593,2022/11/30,写真を撮るだけで内容が反映されるので手間が省けるのが良いです。スマホバージョンはアプリになっているところも良いです。,一度読み込んで申請した後に、編集を行うのが難しい(どこから編集したらいいのかわからなくなる)ことです。,領収書の記載内容を入力しないといけなかったところが、写真を撮ると自動で反映されるようになったので、時間短縮に繋がりました。領収書1枚に30秒はかかっていたところが、3秒くらいで記入できるようになりました。この口コミを詳しく見る,だけで内容が反映されるので手間が省けるのが良いです。スマホバージョンはアプリになっているところも良いです。楽楽精算の改善してほしい点一度読み込んで申請した後に、編集を行うのが難しい(どこから編集したらいいのかわからなくなる)ことです。楽楽精算導入で得られた効果・メリット領収書の記載内容を入力しないといけなかったところが、写真を撮ると自動で反映されるようになったので、時間短縮に繋がりました。領収書1枚に30秒はかかっていたところが、3秒くらいで記入できるようになりました。
594,2022/11/29,申請者の申請から経費精算までがシステム内で完結し、会計システム連携もスムーズに行えるのでスプシ管理していたことから比べるとDB管理やチェック工数が大幅に減りました。,前払費用の管理が別途必要なこと、ワークフローオプションの連携がいまいちであることです。前払費用に関しては別途管理もやむを得ない部分がありますが、ワークフローについてはオプションとしてある以上もう少し汎用性が高いと良いかと思います。システムの不具合がありましたか？システム面での汎用性が高いことから専門のものがいない場合はカスタマーサービスへの問い合わせがメインになりますが、その点についてはあまりハンズオンとは言えないのでマニュアルを読み込むなどの負担があります。（費用感からやむを得ないと思いつつも、活かしきれない気持ちもあり）,経理の工数削減、内部統制の強化など。経費工数削減については上に書いた通りです。申請者の申請から支払い、計上まで一貫して行われる必要があることから、正確性については意識を高くする必要があり、その分内部統制強化につながりました。以前利用していた製品の解約理由自由度が高すぎ、社内での内部統制に工数がかかっていた,迷ったらこれに限ります。
595,2022/11/26,分かり易く直感的なGUI画面で、PCに慣れていない高齢スタッフでも、簡単に操作できるようになりました（周りのスタッフのサポート稼働が軽減されました）,アクセスが集中すると、GUI画面が重くなり、画面が強制終了してしまうケースがあり、投入データの再登録が必要なケースがあるため、改善してほしい。,申請がシステム化されたことによって、交通費精算の申請が効率的になったこと。結果として稼働削減につながったこと。この口コミを詳しく見る,直感的なGUI画面で、PCに慣れていない高齢スタッフでも、簡単に操作できるようになりました（周りのスタッフのサポート稼働が軽減されました）楽楽精算の改善してほしい点アクセスが集中すると、GUI画面が重くなり、画面が強制終了してしまうケースがあり、投入データの再登録が必要なケースがあるため、改善してほしい。楽楽精算導入で得られた効果・メリット申請がシステム化されたことによって、交通費精算の申請が効率的になったこと。結果として稼働削減につながったこと。
596,2022/11/23,経費精算の状況がわかること。データを参考にできること。経費申請者自らがどの経費を申請したかどうかわかること,わからないことがあり電話連絡をしたが、人によって対応の差が激しいこと。非常に丁寧に教えてくれる人もいれば、それはわからないですねと対応してくれない人もいた。システムの不具合がありましたか？Suica読み込みの不具合,経費申請時に必要としていた書類提出の削減や、外出先でスマホで対応できることから営業部の負担の軽減につながった。経理として多少の調整は必要ではあるが、データを落として会計システムに入れることで業務改善につながったこの口コミを詳しく見る,状況がわかること。データを参考にできること。経費申請者自らがどの経費を申請したかどうかわかること楽楽精算の改善してほしい点わからないことがあり電話連絡をしたが、人によって対応の差が激しいこと。非常に丁寧に教えてくれる人もいれば、それはわからないですねと対応してくれない人もいた。システムの不具合がありましたか？Suica読み込みの不具合楽楽精算導入で得られた効果・メリット経費申請時に必要としていた書類提出の削減や、外出先でスマホで対応できることから営業部の負担の軽減につながった。経理として多少の調整は必要ではあるが、データを落として会計システムに入れることで業務改善につながった
597,2022/11/22,経費精算をする際、領収書を提出し、やりとりをするのではなく。データ化しとても効率化とともに紙の無駄などを無くすことができたサービス。,改善して欲しい点と言えばデータの読み取りの際に少し難があるくらいでしょうか。しかしほとんどストレスなく読み取ってくれるため、たまにです。,すぐに経費精算をしたい際、いつでもできる。そして簡易的にデータで送ることも出来るので、簡潔に行いたい時は便利です。,とてもストレスフリーに使えます！
598,2022/11/21,主に交通費精算で使用しています。乗換案内などの機能が付属しているので、自分で調べずとも電車の交通費を瞬時に反映してくれるのがとてもありがたいです。,領収書や新幹線切符などは原本で送付しなければいけないため、結局ペーパーレスにならない。写真のアップロードなどそういった機能があればペーパレスになるのかなと感じる。,在宅勤務をしているのと、上司が遠方にいるので直接の申請をしなくていいこと。自動で承認になっているところがありがたい。この口コミを詳しく見る,精算で使用しています。乗換案内などの機能が付属しているので、自分で調べずとも電車の交通費を瞬時に反映してくれるのがとてもありがたいです。楽楽精算の改善してほしい点領収書や新幹線切符などは原本で送付しなければいけないため、結局ペーパーレスにならない。写真のアップロードなどそういった機能があればペーパレスになるのかなと感じる。楽楽精算導入で得られた効果・メリット在宅勤務をしているのと、上司が遠方にいるので直接の申請をしなくていいこと。自動で承認になっているところがありがたい。
599,2022/11/20,今までは従業員が提出した領収書や申請書内容を手で入力していたため、時間がかかっていた。ソフト導入後は、カメラを使った自動データ取り込みや、自動仕訳機能によって可能な限り入力作業を減らすことができた。,「OCR機能」が上手く取り込めないことがあり、精算内容を手入力で行う方が早く取り込めたといった場面がある。,今まではExcelで経費精算を行っており、計算ミスや精算まで時間がかかるなど問題が多かったです。導入後はソフトで精算内容を取り込むことができ、月初2営業日には経費精算が完了、月次決算の早期化を実現することができました。この口コミを詳しく見る,業員が提出した領収書や申請書内容を手で入力していたため、時間がかかっていた。ソフト導入後は、カメラを使った自動データ取り込みや、自動仕訳機能によって可能な限り入力作業を減らすことができた。楽楽精算の改善してほしい点「OCR機能」が上手く取り込めないことがあり、精算内容を手入力で行う方が早く取り込めたといった場面がある。楽楽精算導入で得られた効果・メリット今まではExcelで経費精算を行っており、計算ミスや精算まで時間がかかるなど問題が多かったです。導入後はソフトで精算内容を取り込むことができ、月初2営業日には経費精算が完了、月次決算の早期化を実現することができました。
600,2022/11/20,紙で申請して精算していた、承認から支払いまで時間のかかっていた中身が短くなり便利になりました。申請と支払い履歴も残るので申請忘れの心配も減りました。,申請後のPDFデータはどこかに保存する必要がありますが、クラウド保存かつ印刷できると便利だと思います。一時申請後承認前に金額違いなどの訂正機能もあると良いです。,紙が廃止されました。申請履歴が見られるので申請忘れの防止に寄与しています。支払いの履歴もメールと記録で確認できるのも助かっています。,紙での申請のしくみにはもう戻れません
601,2022/11/19,とにかく覚えやすいです。2年ほど前に会社で導入しましたが、導入前は新しいシステムに対して、覚えるのが大変等の声があがっていましたが、実際に使用してみると、非常に簡単に覚えられます。また、領収書がデート内で添付できるので、リモートワークでも承認が楽です。,現時点の使用状況で不満は特にありませんが、申請に対して承認する側が、申請者事にソート管理できると、より使いやすいかもしれません。というのも、部下が多いため、申請内容に誤りがあるとそれを探しに行くのが少し面倒なので。,リモートワークが多くなっているため、以前のシステムだと領収書を出社時にしか確認できませんでしたが、楽楽精算は領収書を添付できるので、いつでも確認できることがメリットです。以前利用していた製品の解約理由コストとアップデートの難易度が高いためこの口コミを詳しく見る,えやすいです。2年ほど前に会社で導入しましたが、導入前は新しいシステムに対して、覚えるのが大変等の声があがっていましたが、実際に使用してみると、非常に簡単に覚えられます。また、領収書がデート内で添付できるので、リモートワークでも承認が楽です。楽楽精算の改善してほしい点現時点の使用状況で不満は特にありませんが、申請に対して承認する側が、申請者事にソート管理できると、より使いやすいかもしれません。というのも、部下が多いため、申請内容に誤りがあるとそれを探しに行くのが少し面倒なので。楽楽精算導入で得られた効果・メリットリモートワークが多くなっているため、以前のシステムだと領収書を出社時にしか確認できませんでしたが、楽楽精算は領収書を添付できるので、いつでも確認できることがメリットです。以前利用していた製品の解約理由コストとアップデートの難易度が高いため
602,2022/11/17,駅名、バス停名から運賃を自動で計算してくれる点、勘定科目が固定で個別指定できるため経理側でも確認が少なく済み、安定した処理が可能な点。,申請業務自体は定例のものになるので、申請理由等をテンプレートから選べると時短につながるので便利だと感じる。,実際の外出時の交通機関の経路を忘れてしまった場合でも、定期券区間も考慮した運賃を計算できるため、交通費精算時の運賃を調べる業務が大幅に減った。この口コミを詳しく見る,停名から運賃を自動で計算してくれる点、勘定科目が固定で個別指定できるため経理側でも確認が少なく済み、安定した処理が可能な点。楽楽精算の改善してほしい点申請業務自体は定例のものになるので、申請理由等をテンプレートから選べると時短につながるので便利だと感じる。楽楽精算導入で得られた効果・メリット実際の外出時の交通機関の経路を忘れてしまった場合でも、定期券区間も考慮した運賃を計算できるため、交通費精算時の運賃を調べる業務が大幅に減った。
603,2022/11/17,電車、新幹線、タクシーなどの営業で利用する交通費申請が携帯一つでその場でできる点がとても良いと思います。,やり方が悪かったかもしれないが、交通費申請をするときに直接駅名などを入れてしまうとエラーが出てしまうことがあったので直してほしいと思います。,これまではパソコンからしか営業交通費の申請ができなかったため、一度会社に帰社する必要がありましたが、こちらのシステムを導入したことで営業後、携帯から申請できるようになり、そのまま自宅に直帰できるようになりました。この口コミを詳しく見る,線、タクシーなどの営業で利用する交通費申請が携帯一つでその場でできる点がとても良いと思います。楽楽精算の改善してほしい点やり方が悪かったかもしれないが、交通費申請をするときに直接駅名などを入れてしまうとエラーが出てしまうことがあったので直してほしいと思います。楽楽精算導入で得られた効果・メリットこれまではパソコンからしか営業交通費の申請ができなかったため、一度会社に帰社する必要がありましたが、こちらのシステムを導入したことで営業後、携帯から申請できるようになり、そのまま自宅に直帰できるようになりました。
604,2022/11/17,誰でも簡単に使うことができます。領収書の写真をとると自動で情報を読み込んでくれるところや、承認者を自分で設定しなくて良いところがとても便利です。,消費税の税率などで自動で読み込んだ情報が間違っていた場合に気づきにくいところがあります。初期設定が大変です。,社用の携帯からも写真を撮るだけで簡単に登録することができるので、時間を短縮することができます。またリモート勤務をしている人も簡単に経費精算でき、いろいろな働き方に対応できると思います。この口コミを詳しく見る,に使うことができます。領収書の写真をとると自動で情報を読み込んでくれるところや、承認者を自分で設定しなくて良いところがとても便利です。楽楽精算の改善してほしい点消費税の税率などで自動で読み込んだ情報が間違っていた場合に気づきにくいところがあります。初期設定が大変です。楽楽精算導入で得られた効果・メリット社用の携帯からも写真を撮るだけで簡単に登録することができるので、時間を短縮することができます。またリモート勤務をしている人も簡単に経費精算でき、いろいろな働き方に対応できると思います。
605,2022/11/16,領収書を取り込んだ時に自動で金額などを読み取ってくれる。過去の領収書一覧が見れるので、わからなくなった時に参照しやすい。,領収書の取引日など、何を指すのか分かりにくい。差し戻しになった際、領収書情報の修正がややこしくて大変。システムの不具合がありましたか？マニュアルが会社独自になるので、利用者は、見ても解決できないことも多い。領収書の訂正の仕方など、会社にかかわらず共通する操作はマニュアルをつけてほしい。,経理担当の元に向かう必要がないのはとても楽です。領収書も、PDFデータが原本であれば提出不要なので、どこに居ても精算可能なのは便利です。,紙のやりとりよりは確実に使いやすいです。
606,2022/11/16,ICカードの取込機能を使うことで、交通費の精算がとても楽になっています。移動が多いため、これまで区間の申請等苦労していました。,会社から貸与されたスイカで精算していますが、今後モバイルスイカにも対応して頂ければ切替たいと思っています。,これまで経費精算を月末にまとめて行っていましたが、相当な時間を使っていました。その時間を半分以下に減らすことが出来ています。この口コミを詳しく見る,の取込機能を使うことで、交通費の精算がとても楽になっています。移動が多いため、これまで区間の申請等苦労していました。楽楽精算の改善してほしい点会社から貸与されたスイカで精算していますが、今後モバイルスイカにも対応して頂ければ切替たいと思っています。楽楽精算導入で得られた効果・メリットこれまで経費精算を月末にまとめて行っていましたが、相当な時間を使っていました。その時間を半分以下に減らすことが出来ています。
607,2022/11/15,特別にシステムを会社のパソコンにダウンロードしたりする必要がなく、楽楽精算のウェブにログインするだけで利用できることです。,知らないだけかもしれないが、1週間とかまとめて申請できるようにしてほしい。領収書、レシートのコスト管理が大変。最終的に提出が必要なので、そこもデジタル化して完結してほしい。システムの不具合がありましたか？紙ベースからの切り替えがうまくいかず、例外的に紙ベースでも処理できるようにしたりしたら、以前より複雑な業務になってしまうことがあった。,データがサーバに保存されるので特定のパソコンからではなく、出先でスマホからでも経費を承認してもらうことができた。,精算業務の手間と時間の削減、経費精算に関わるコスト削減、サポートも万全
608,2022/11/15,アプリで月々の経費精算ができます。今まで手入力していた領収書の内容も、スキャンすることで簡単に登録ができ、上長の押印などもシステム上で完結するためとても便利です。,PC版を使っていると、ボタンが小さいように感じる。アプリで使う分には特に気にならないが、良く押すボタンは大きくしてもらえるとさらに使用しやすいと思う。システムの不具合がありましたか？とくになし,経費精算は手間がかかるもので、領収証を月末まで溜めて後からまとめて清算していたが、アプリから簡単にできるようになりこまめに清算するようになったことで、処理をする経理部の負担も軽減された。,営業など外出が多い方でもアプリで出先で手続きできるのでとても便利です
609,2022/11/14,今まで、社員個人の請求処理を紙ベースと自社PCツールにて管理していたが、楽楽精算だけのペーパーレス処理ができるようになった,導入した直後は、明細書等をどこに登録していいか分からないため、請求一例的な手順書をトップページに入れてほしいですねシステムの不具合がありましたか？操作ミスによる、出金のトラブル等は若干ありました。添付した明細書が違ったりとか,導入以前、社員は紙ベースを出力しレシートを添付し上司のサインをもらい、経理課に提出という流れで手間が非常に掛ったが、PCでの処理だけで対応できるので、時間管理の課題が解決できた,初めは戸惑いますが、慣れれば早いです経理の負担は間違いなく軽減されます
610,2022/11/13,以前は社内の独自のシステムでエクセル提出も必要な経費精算をやっていた。この製品を導入されてから、操作に慣れるまで時間がかかると思ったが、直感的に操作ができ、すぐに慣れることができた。今までのシステムでは、申請の承認が止まっていてもどこで止まっているかわからず、経費の精算が遅くなることが多かった。このシステムでは、申請がどこまで進んでいるのか可視化されており、承認が止まっている場合もどこで止まっているかがわかるので、承認されるまでのスピードがアップした。また、今までは手当や日当の計算が移動距離や役職よって異なるため、毎々手間がかかっていた。このシステムでは距離に応じた手当や役職に応じた日当計算されるようになったので、申請が容易になった。,精算に関連する領収書を添付する際、ダイアログボックスからファイルをアップロードしなけらばならないため、領収書のファイルを探し、添付に時間がかかる。ドラッグ＆ドロップで領収書をアップロードできるようになれば、かなり効率的になるのに残念です。スマホにアプリを入れていれば精算は楽になるかもしれないが、会社のセキュリティ上、会社のパソコンでしか使用ができない。大前提としてパソコンから楽に精算できる仕様にしてほしい。,以前のシステムでは経費精算はパソコンでしかできなかったため、社内的な経費申請期限前は夜遅くなっても帰社して申請する必要があった。楽楽精算はクラウドサービスのため、スマホさえあれば、移動時間や空き時間に申請ができるため、経費精算のため遅くまで会社に残ることがなくなった。この口コミを詳しく見る,の独自のシステムでエクセル提出も必要な経費精算をやっていた。この製品を導入されてから、操作に慣れるまで時間がかかると思ったが、直感的に操作ができ、すぐに慣れることができた。今までのシステムでは、申請の承認が止まっていてもどこで止まっているかわからず、経費の精算が遅くなることが多かった。このシステムでは、申請がどこまで進んでいるのか可視化されており、承認が止まっている場合もどこで止まっているかがわかるので、承認されるまでのスピードがアップした。また、今までは手当や日当の計算が移動距離や役職よって異なるため、毎々手間がかかっていた。このシステムでは距離に応じた手当や役職に応じた日当計算されるようになったので、申請が容易になった。楽楽精算の改善してほしい点精算に関連する領収書を添付する際、ダイアログボックスからファイルをアップロードしなけらばならないため、領収書のファイルを探し、添付に時間がかかる。ドラッグ＆ドロップで領収書をアップロードできるようになれば、かなり効率的になるのに残念です。スマホにアプリを入れていれば精算は楽になるかもしれないが、会社のセキュリティ上、会社のパソコンでしか使用ができない。大前提としてパソコンから楽に精算できる仕様にしてほしい。楽楽精算導入で得られた効果・メリット以前のシステムでは経費精算はパソコンでしかできなかったため、社内的な経費申請期限前は夜遅くなっても帰社して申請する必要があった。楽楽精算はクラウドサービスのため、スマホさえあれば、移動時間や空き時間に申請ができるため、経費精算のため遅くまで会社に残ることがなくなった。
611,2022/11/10,他の同様商品を使用したことがないので比較は出来ないのですが、以前は紙での運用だったのがシステム運用になったので、精算申請が楽になりました。交通費などもいちいち路線検索のサイトに繋がなくてもこのシステム上から検索、そのまま反映ができるので楽です。,パソコンの方はそれほど感じないですが、スマホの方は若干使いづらい印象があります。精算申請の入力をし始めてから、領収書登録を事前にしてなかったことに気付くことがよくあるので、精算申請画面からそのまま領収書登録の画面にアクセスできて、そのまま入力が続けられるといいのにな、と思います。,以前は出張時の精算は会社に戻ってからパソコンでデータ入力してプリントして、上司に印鑑をもらって…という流れでしたが、システム導入後はスマホだけで申請が簡潔できるので、出張の帰り道の新幹線で申請が完了し、後は上長や担当者がシステム上で確認してくれるのを待っているだけなので、とても楽です！経費精算申請にかかる時間が削減されました。経理部の人間ではないので分かりませんが、おそらく経理部側もかなり楽になっていると思います。この口コミを詳しく見る,品を使用したことがないので比較は出来ないのですが、以前は紙での運用だったのがシステム運用になったので、精算申請が楽になりました。交通費などもいちいち路線検索のサイトに繋がなくてもこのシステム上から検索、そのまま反映ができるので楽です。楽楽精算の改善してほしい点パソコンの方はそれほど感じないですが、スマホの方は若干使いづらい印象があります。精算申請の入力をし始めてから、領収書登録を事前にしてなかったことに気付くことがよくあるので、精算申請画面からそのまま領収書登録の画面にアクセスできて、そのまま入力が続けられるといいのにな、と思います。楽楽精算導入で得られた効果・メリット以前は出張時の精算は会社に戻ってからパソコンでデータ入力してプリントして、上司に印鑑をもらって…という流れでしたが、システム導入後はスマホだけで申請が簡潔できるので、出張の帰り道の新幹線で申請が完了し、後は上長や担当者がシステム上で確認してくれるのを待っているだけなので、とても楽です！経費精算申請にかかる時間が削減されました。経理部の人間ではないので分かりませんが、おそらく経理部側もかなり楽になっていると思います。
612,2022/11/10,PCでもスマホでも登録できる便利さ。領収書も写真撮影可能なのが良いです。また前回の申請内容をコピーして使えるため、入力ミスが減りました。,前回申請をコピーして利用したときに、明細を編集すると上書き保存されず、古い明細も残ってしまうのが少し見辛いです。システムの不具合がありましたか？特にありません。,出社せずとも精算が出来ること、上司の帰社を待って押印をもらう必要もなくなり、出先から承認可能。これによって締め日に間に合わないなどの問題が減りました。,スマホからの登録がとても便利です！
613,2022/11/10,今までは紙のレシートなどを一点一点確認しながら別紙に貼り付け経理担当に提出していたが、ケータイアプリ活用によって全てデジタルで管理ができ、依頼もスムーズに行えるようになった。,クレカの反映が即日行えると月末の処理が月内で完結し、もっとスムーズに業務を行えるのにと思ったことが何回かございました。,対象人数が増えれば増えるほど工数削減時間にメリットが出るかと思いました。写真として収めておけば自動で読み取ってくれたりする点が良いかと思います。,従業員数50以上くらいの企業に
614,2022/11/08,楽楽精算の良い点はとにかく簡単に交通費や駐車場代の申請ができることです。コインパーキングのレシートを写真で撮るだけで利用日などの情報を自動で記入してくれるところが便利に思います。,レシートを写真で読ませた時の画像解析精度をもっと改善してもらいたいです。角度や明るさによってはうまく読み取ることができないので、もう少し改善してもらいたいです。システムの不具合がありましたか？レシートを写真で読ませた時の画像解析がうまくいかないことがあった。,スマホから駐車場代や交通費の申請ができるので、事務所での処理がなくなって勤務時間の短縮になった。私の会社では楽楽精算を導入したことによって直行直帰が可能になりました。,直行直帰には最適です。
615,2022/11/06,まだ交通費の精算しか使っていないが　画面が見やすく　操作も分かりやすかった。申請から承認までが簡潔なのも良い。,まだ使い始めで今のところ特に改善して欲しいところは見つかっていないが　まだまだ使っていない機能があるので今後は出てくるかも。システムの不具合がありましたか？特にありません。,手書きの書類提出が無くなったため　紙や配送料も削減でき　自分のスマホ画面で管理するため　いつでも確認できるのが良い。この口コミを詳しく見る,の精算しか使っていないが　画面が見やすく　操作も分かりやすかった。申請から承認までが簡潔なのも良い。楽楽精算の改善してほしい点まだ使い始めで今のところ特に改善して欲しいところは見つかっていないが　まだまだ使っていない機能があるので今後は出てくるかも。システムの不具合がありましたか？特にありません。楽楽精算導入で得られた効果・メリット手書きの書類提出が無くなったため　紙や配送料も削減でき　自分のスマホ画面で管理するため　いつでも確認できるのが良い。
616,2022/11/06,精算の申請をする側の意見です。それまで既存のエクセルファイルに、いちいちレシートの金額を入力して、添付してハンコを貰って、経理に郵送してと、、、手間ばかりかかっていましたが、それら全てから解放されて、経費申請が簡素化されて時間を有効活用出来てます。,実装されると嬉しい機能ですが、レシートや領収書の写真を撮っただけで、金額、支払い先等の情報が自動的に入力されるようになると良いなと感じています。システムの不具合がありましたか？特にありません。,このシステムを利用する事で、金額の計算間違いが無くなります。また、紙に印刷して郵送してといった申請にかかるタイムラグが無くなり、便利です。,とにかく簡単で誰でも使い易いです。
617,2022/11/06,交通費などの少額の経費精算から、施策などで使った支払いの申請まで楽楽精算で完結できとても便利です。シンプルで分かりやすいUIなので、入力の煩わしさも感じません。誰でもすぐに使いこなせるものだと思います。,一回一回別ウィンドウで開くのは不便に感じます。特にノートパソコン一台で作業する際は、複数ウィンドウで開いてしまうため操作がしにくいです。これは希望ですが、定期的に発生する支払いに関してはリマインド機能とかがあると良さそうだなとも思いました。,オンライン上で申請が完結するので大きな時短になっています。私は申請する側ですが、承認者の負担も軽減されたと聞いています。また、過去のものや現在の申請状況を一覧で見ることができ、タスク漏れ防止にも繋がっています。この口コミを詳しく見る,の少額の経費精算から、施策などで使った支払いの申請まで楽楽精算で完結できとても便利です。シンプルで分かりやすいUIなので、入力の煩わしさも感じません。誰でもすぐに使いこなせるものだと思います。楽楽精算の改善してほしい点一回一回別ウィンドウで開くのは不便に感じます。特にノートパソコン一台で作業する際は、複数ウィンドウで開いてしまうため操作がしにくいです。これは希望ですが、定期的に発生する支払いに関してはリマインド機能とかがあると良さそうだなとも思いました。楽楽精算導入で得られた効果・メリットオンライン上で申請が完結するので大きな時短になっています。私は申請する側ですが、承認者の負担も軽減されたと聞いています。また、過去のものや現在の申請状況を一覧で見ることができ、タスク漏れ防止にも繋がっています。
618,2022/11/04,当初、ログイン後の画面がわかりにくいと思っていたが、使っていくと慣れてくる。シンプルな画面構成になっており、承認が必要な案件がわかりやすくなっている。,デフォルトだと、すべての申請が自分にメールで通知が届くので、自分の部下からのみ通知が来るように制限したが、設定方法がわかりにくい。,メールで通知が来る際も、誰から誰へどの種類の精算申請がきたかがわかって便利。外出時は外からパソコンで操作できて、わざわざ会社に戻る必要がなくなった。以前利用していた製品の解約理由サービス提供が終了しサポートがなくなったから,導入コストは安い方だと思う
619,2022/11/04,最終経理に領収書を送らないといけないが、先に楽楽精算を使って申請することによって、経理からの振込みが早いです。,選択項目がもっと増えたら良いなと思いました。来客用のお茶代を申請しようときたところ、該当する項目がなく困りました。,上司への承認や経理への申請がかなりスムーズで、申請してから翌日には承認が通りました。書類で申請していた時より時間短縮になったので、業務の効率化に最適だと思いました。また申請時に印刷するをクリックすると印刷画面が出てくる点も良いと思いました。この口コミを詳しく見る,領収書を送らないといけないが、先に楽楽精算を使って申請することによって、経理からの振込みが早いです。楽楽精算の改善してほしい点選択項目がもっと増えたら良いなと思いました。来客用のお茶代を申請しようときたところ、該当する項目がなく困りました。楽楽精算導入で得られた効果・メリット上司への承認や経理への申請がかなりスムーズで、申請してから翌日には承認が通りました。書類で申請していた時より時間短縮になったので、業務の効率化に最適だと思いました。また申請時に印刷するをクリックすると印刷画面が出てくる点も良いと思いました。
620,2022/11/03,主に交通費申請として利用していますが、機能が絞ってあるため、手順が簡潔で、初めて触る人でも容易に手続きを進められる点はいいと思います。,部署を兼務していた際、部署情報を切り替えができず、そのやり方も特にヘルプ機能がなかったため、対応できず、不便な思いをしました。,コロナ禍によるテレワークにより定期券の購入がなくなり、毎月の交通費を個別に申請する必要が出てきたのですが、普段使うルートを「お気に入り」として登録すれば以後、お気に入りボタンを押すだけで、そのルートが申請できるようになったのは楽チンかつミスがなくなるので助かりました。この口コミを詳しく見る,申請として利用していますが、機能が絞ってあるため、手順が簡潔で、初めて触る人でも容易に手続きを進められる点はいいと思います。楽楽精算の改善してほしい点部署を兼務していた際、部署情報を切り替えができず、そのやり方も特にヘルプ機能がなかったため、対応できず、不便な思いをしました。楽楽精算導入で得られた効果・メリットコロナ禍によるテレワークにより定期券の購入がなくなり、毎月の交通費を個別に申請する必要が出てきたのですが、普段使うルートを「お気に入り」として登録すれば以後、お気に入りボタンを押すだけで、そのルートが申請できるようになったのは楽チンかつミスがなくなるので助かりました。
621,2022/11/02,出張や日常の交通費の申請をすることが多いのですが、このツールがあれば他のサイトに飛んで検索する手間も省くことができ、様々なルートを提示してくれる点。経費精算においても、項目設定から簡単に処理ができる点はとても良い,今のままでも十分ですが、あえていうなら、前に入力した内容がある特定の言葉でリストで表示されたりすると更に楽と感じるシステムの不具合がありましたか？特に感じる点はないです！,日常の業務に追われる中でついつい後回しにしがちな経費精算、月締めで焦ってやるようなことが減ると思います。今までは経理にかなり負担をしいていたなと反省します,手軽かつ煩わしさも解消してくれる点は申請者も処理者にとってもWinWin
622,2022/10/30,コロナ禍を機にリモートワークが推奨されるようになったのですが、経費精算だけは本社経理部に直接赴かなければならず、そのためだけに出社が必要という環境でした。このシステムを導入してからはウェブ上で経費明細の作成や上長への承認申請が出来るため、わざわざ本社に赴く必要がなくなり、リモートで全てが完結するようになりました。,レシートを写真に撮影して添付することが出来るのですが、その時にレシートの内容を読み取って購入品目や金額、税率などを自動入力してくれるようになったら明細作成の工数が減って時間短縮になると思います。,交通費の精算は専用のフォームがあるのですが、乗換案内と連携しているため出発駅と到着駅を選択するだけでルートや金額を算出してくれるのがとても便利です。また個人ごとに通勤定期のデータを設定することができ、定期範囲内の交通費は自動で控除されます。これまでは手計算でやっていたので、交通費精算の手間を減らすことが出来ています。この口コミを詳しく見る,機にリモートワークが推奨されるようになったのですが、経費精算だけは本社経理部に直接赴かなければならず、そのためだけに出社が必要という環境でした。このシステムを導入してからはウェブ上で経費明細の作成や上長への承認申請が出来るため、わざわざ本社に赴く必要がなくなり、リモートで全てが完結するようになりました。楽楽精算の改善してほしい点レシートを写真に撮影して添付することが出来るのですが、その時にレシートの内容を読み取って購入品目や金額、税率などを自動入力してくれるようになったら明細作成の工数が減って時間短縮になると思います。楽楽精算導入で得られた効果・メリット交通費の精算は専用のフォームがあるのですが、乗換案内と連携しているため出発駅と到着駅を選択するだけでルートや金額を算出してくれるのがとても便利です。また個人ごとに通勤定期のデータを設定することができ、定期範囲内の交通費は自動で控除されます。これまでは手計算でやっていたので、交通費精算の手間を減らすことが出来ています。
623,2022/10/29,領収書などをデータで添付することもでき、承認者側の領収書管理が楽になった。また、その場で現金を用意する必要もなくなり大きな業務効率化につながった。,一度差し戻しと承認を間違えて押してしまい、不備があるものを承認してしまった。取り消しができないため、承認ボタンを押した後に、もう一度確認ボタンを表示してもらえると嬉しい。,各人の指定口座に直接経費が振り込まれるため、会社として現金を持っておく必要がなくなりセキュリティ面も向上した。金庫に入れておく現金が減り、管理が楽になった。この口コミを詳しく見る,をデータで添付することもでき、承認者側の領収書管理が楽になった。また、その場で現金を用意する必要もなくなり大きな業務効率化につながった。楽楽精算の改善してほしい点一度差し戻しと承認を間違えて押してしまい、不備があるものを承認してしまった。取り消しができないため、承認ボタンを押した後に、もう一度確認ボタンを表示してもらえると嬉しい。楽楽精算導入で得られた効果・メリット各人の指定口座に直接経費が振り込まれるため、会社として現金を持っておく必要がなくなりセキュリティ面も向上した。金庫に入れておく現金が減り、管理が楽になった。
624,2022/10/29,UIがシンプルで使いやすいです。月1回申請するかしないかくらいの頻度ですが、毎度マニュアルを見なくても迷わず申請できているので助かります。,領収書の添付をするときにクリック数が多く感じます。別のアップロード画面からアップロード→選択させるのではなく直接アップロードできるようになったらもっと使いやすくなると思います。,導入前までは紙申請でハンコでの押印が必要だったため、在宅勤務できる環境でもそのための出社が必要な状況でした。楽楽精算導入後は精算のための出社が必要なくなったのでありがたいです。この口コミを詳しく見る,プルで使いやすいです。月1回申請するかしないかくらいの頻度ですが、毎度マニュアルを見なくても迷わず申請できているので助かります。楽楽精算の改善してほしい点領収書の添付をするときにクリック数が多く感じます。別のアップロード画面からアップロード→選択させるのではなく直接アップロードできるようになったらもっと使いやすくなると思います。楽楽精算導入で得られた効果・メリット導入前までは紙申請でハンコでの押印が必要だったため、在宅勤務できる環境でもそのための出社が必要な状況でした。楽楽精算導入後は精算のための出社が必要なくなったのでありがたいです。
625,2022/10/28,アプリで領収書を写真撮るだけで簡単に精算ができ、無駄なレポートや筆記がいらず、簡単にすぐにできます！,全て読み取りができてまとめて投稿する機能がほしい！又、もう少し自動反映をバージョンアップしてほしい。,今まで、領収書の内容を紙に書いて、経理にまわして、確認して、いろんな部署にまわしてをしてた事が、決まった部署にすぐ周り確認ができるし、簡単に経費処理ができる！この口コミを詳しく見る,収書を写真撮るだけで簡単に精算ができ、無駄なレポートや筆記がいらず、簡単にすぐにできます！楽楽精算の改善してほしい点全て読み取りができてまとめて投稿する機能がほしい！又、もう少し自動反映をバージョンアップしてほしい。楽楽精算導入で得られた効果・メリット今まで、領収書の内容を紙に書いて、経理にまわして、確認して、いろんな部署にまわしてをしてた事が、決まった部署にすぐ周り確認ができるし、簡単に経費処理ができる！
626,2022/10/25,非常にシンプルで使いやすい。画面がシンプルな分何も気にせず淡々と経費精算を行えるので、ストレスが少ないのが助かっている。,画面がシンプルだが、古臭い昔のサイト画面ぽくもあるため、オシャレになるとよりユーザーが増えるかもしれない。,交通費の精算に関して、入力内容を保存できるため、只々保存することで月末にまとめて申請する手間が省けている。,シンプルイズベスト！
627,2022/10/24,経費精算など全てオンラインで行う事が出来るので、印刷などが必要ない。後から何に幾ら使ったか記録として残っているので把握しやすい。,経費精算する際に領収書を別で登録してからでないと使えないので改善して欲しい。利用目的項目が多すぎてどこに分類すればいいか分からない。システムの不具合がありましたか？承認者を多く必要としており、お金の振込までに1ヶ月以上かかる場合がある。,これまでは領収書を本部に送って経費精算を行っていた為、その場で出来ないので忘れたまま月を跨いでしまう事があった。それが携帯で出来るようになった為、忘れずにその場で出来るようになった。この口コミを詳しく見る,ど全てオンラインで行う事が出来るので、印刷などが必要ない。後から何に幾ら使ったか記録として残っているので把握しやすい。楽楽精算の改善してほしい点経費精算する際に領収書を別で登録してからでないと使えないので改善して欲しい。利用目的項目が多すぎてどこに分類すればいいか分からない。システムの不具合がありましたか？承認者を多く必要としており、お金の振込までに1ヶ月以上かかる場合がある。楽楽精算導入で得られた効果・メリットこれまでは領収書を本部に送って経費精算を行っていた為、その場で出来ないので忘れたまま月を跨いでしまう事があった。それが携帯で出来るようになった為、忘れずにその場で出来るようになった。
628,2022/10/23,交通費精算において、乗換にも柔軟に対応しており、レシート読み込みなども便利。ワークフローの機能もあり、社内での申請が簡単にできる。,インターフェースについては微妙な印象をうけました。自動読み込み後も修正が必要になってくることが多く、手間に感じることがありました。,申請から承認までが一元管理できるため、無駄な工数が削減された。操作性も難易度が低く、新規利用者へのレクチャーもほぼ不要で利用できるようになった。,紙管理のままであれば、かなりオススメです。
629,2022/10/23,交通費の申請はよく行く所をマイパターンで登録できる点が非常に使い勝手がいいです。領収書も写真を撮れば相手先も自動入力してくれるので、IT音痴の方でも使いやすいと思います。,写真の読み取り精度をもう少し上げて欲しいです。交通費の乗り換え設定がバス等が絡むと少々ややこしくなる点を改善して欲しいです。システムの不具合がありましたか？トラブルは今のところありませんが前述の通り領収書の写真の読み取り精度が少々悪いです。,経理や総務の負担が減るので将来的な人件費の削減に繋がると思います。精算で利用する方も書類を書いたりファイリングする必要が無いので助かります。,とにかく名前の通り業務が楽になります！
630,2022/10/22,出張申請の際、乗換案内の経路検索を使うと、そのまま料金が入力される！申請と精算の際に経路が変わった場合などは、変更点がわかりやすく赤字等で表示されるので見やすい。,出張精算を忘れている時、アプリから通知が届く設定などがあると精算を忘れず良いと思う。特に、年度を跨ぐ前には通知がくるような機能があれば良いと思う。,出張の精算とともに、コメントを記入できるので、復命書を書く手間が省けた。スマホでも完結できるので、移動時間で申請が済むようになった。この口コミを詳しく見る,際、乗換案内の経路検索を使うと、そのまま料金が入力される！申請と精算の際に経路が変わった場合などは、変更点がわかりやすく赤字等で表示されるので見やすい。楽楽精算の改善してほしい点出張精算を忘れている時、アプリから通知が届く設定などがあると精算を忘れず良いと思う。特に、年度を跨ぐ前には通知がくるような機能があれば良いと思う。楽楽精算導入で得られた効果・メリット出張の精算とともに、コメントを記入できるので、復命書を書く手間が省けた。スマホでも完結できるので、移動時間で申請が済むようになった。
631,2022/10/22,今までは紙の伝票を見て経理担当者が会計ソフトに手打ちしていたのですが、楽楽清算を導入してから、担当者が入力したものをそのまま会計ソフトに連携できるようになったので、業務が簡素化されました。,慣れるまでは経費の申請の方法がややこしいため、各担当者が慣れるまで少し混乱がありました。また、最初の設定にも時間がかかりました。しかし、導入してから1ヶ月ほどで慣れてきたので混乱も無くなりました。,レシートをスキャンして、そのレシートの金額や取引先をそのまま反映させるので打ち間違いが無くなりました。それによって、経理担当者は、申請者の申請内容の精査だけに集中できるようになりました。この口コミを詳しく見る,の伝票を見て経理担当者が会計ソフトに手打ちしていたのですが、楽楽清算を導入してから、担当者が入力したものをそのまま会計ソフトに連携できるようになったので、業務が簡素化されました。楽楽精算の改善してほしい点慣れるまでは経費の申請の方法がややこしいため、各担当者が慣れるまで少し混乱がありました。また、最初の設定にも時間がかかりました。しかし、導入してから1ヶ月ほどで慣れてきたので混乱も無くなりました。楽楽精算導入で得られた効果・メリットレシートをスキャンして、そのレシートの金額や取引先をそのまま反映させるので打ち間違いが無くなりました。それによって、経理担当者は、申請者の申請内容の精査だけに集中できるようになりました。
632,2022/10/21,Suicaの情報を読み取って自動で入力してくれるので、会社の移動用のSuicaを作成しておくことで毎月の交通費精算がとても楽になります！！,クレジットカード精算の処理をする際の請求書データの取り込みが少し手間に感じてます。クレジットカード精算の処理画面から地続きで行えるようにしていただけるととてもありがたいです。,以前の精算システムとは違い、摘要に応じた承認者、決裁者を自動設定してくれますし、紙での押印処理等の手間もスキップできるようになったため、1つ1つの経費精算の手間が本当に減りました。この口コミを詳しく見る,の情報を読み取って自動で入力してくれるので、会社の移動用のSuicaを作成しておくことで毎月の交通費精算がとても楽になります！！楽楽精算の改善してほしい点クレジットカード精算の処理をする際の請求書データの取り込みが少し手間に感じてます。クレジットカード精算の処理画面から地続きで行えるようにしていただけるととてもありがたいです。楽楽精算導入で得られた効果・メリット以前の精算システムとは違い、摘要に応じた承認者、決裁者を自動設定してくれますし、紙での押印処理等の手間もスキップできるようになったため、1つ1つの経費精算の手間が本当に減りました。
633,2022/10/20,申請者視点でいうと、最大の利点は特にマニュアルがなくても直感的に操作できる点です。シンプルなUIと導線設計が素晴らしいです。,出張申請の際、おすすめの宿泊先などを目的地までの距離や、安さなどからリコメンドしてくれると有り難いです。,交通費、出張、立替精算、ほぼすべての精算業務を一つのツールで行えるので便利です。操作性がよいので、誰でもミスなく申請できる点が利点で、結果上長や経理部に差し戻されることも少ないため、業務効率化にも繋がっていると思います。この口コミを詳しく見る,でいうと、最大の利点は特にマニュアルがなくても直感的に操作できる点です。シンプルなUIと導線設計が素晴らしいです。楽楽精算の改善してほしい点出張申請の際、おすすめの宿泊先などを目的地までの距離や、安さなどからリコメンドしてくれると有り難いです。楽楽精算導入で得られた効果・メリット交通費、出張、立替精算、ほぼすべての精算業務を一つのツールで行えるので便利です。操作性がよいので、誰でもミスなく申請できる点が利点で、結果上長や経理部に差し戻されることも少ないため、業務効率化にも繋がっていると思います。
634,2022/10/19,経費精算は経理システムをあまり使わない部署でも使用しますが、見た目がシンプルかつ分かりやすいので使いやすい。,科目を絞るときに迷う時がある。この時はこの科目など経理に知識がわからない人もわかりやすい例などがあるとさらに良い。,以前のシステムは使いにくく浸透していなかったが、楽楽精算を使用することで様々な社員に経費精算の処理が分かりやすく「使うのに抵抗がない」と言われるようになった。以前利用していた製品の解約理由以前使用していたシステムの親会社が営業不振のためこの口コミを詳しく見る,経理システムをあまり使わない部署でも使用しますが、見た目がシンプルかつ分かりやすいので使いやすい。楽楽精算の改善してほしい点科目を絞るときに迷う時がある。この時はこの科目など経理に知識がわからない人もわかりやすい例などがあるとさらに良い。楽楽精算導入で得られた効果・メリット以前のシステムは使いにくく浸透していなかったが、楽楽精算を使用することで様々な社員に経費精算の処理が分かりやすく「使うのに抵抗がない」と言われるようになった。以前利用していた製品の解約理由以前使用していたシステムの親会社が営業不振のため
635,2022/10/19,紙ベースの伝票を作成しなくてよくなった。電子決済であるため、途中で紛失する心配がなくなった。決済に掛かる時間も短い。,多機能なこともあるが、使用方法が複雑。特に領収書のスキャンデータの保存先が分かりづらい。操作が直感的に判別できるUIにしてほしい。,在宅勤務が増えたが、家にいても経費処理が出来る点はメリットである。また、スマホのアプリでも申請できるのは便利。この口コミを詳しく見る,伝票を作成しなくてよくなった。電子決済であるため、途中で紛失する心配がなくなった。決済に掛かる時間も短い。楽楽精算の改善してほしい点多機能なこともあるが、使用方法が複雑。特に領収書のスキャンデータの保存先が分かりづらい。操作が直感的に判別できるUIにしてほしい。楽楽精算導入で得られた効果・メリット在宅勤務が増えたが、家にいても経費処理が出来る点はメリットである。また、スマホのアプリでも申請できるのは便利。
636,2022/10/18,毎月末の経費、交通費精算がパソコン一つで申請出来る点。コピペ機能などもあるので、時短かつ業務効率改善に欠かせないツール。,領収書を写メで撮影・アップロードするだけで、経費精算に必要な情報がデータが入力されるような機能があれば更に時短出来ると思う。システムの不具合がありましたか？特になし。,サイズもバラバラな領収書などの経費精算を管理出来るので、外回りによる経費が多い営業と管理する経理の両者が時短、業務効率改善出来た。この口コミを詳しく見る,費、交通費精算がパソコン一つで申請出来る点。コピペ機能などもあるので、時短かつ業務効率改善に欠かせないツール。楽楽精算の改善してほしい点領収書を写メで撮影・アップロードするだけで、経費精算に必要な情報がデータが入力されるような機能があれば更に時短出来ると思う。システムの不具合がありましたか？特になし。楽楽精算導入で得られた効果・メリットサイズもバラバラな領収書などの経費精算を管理出来るので、外回りによる経費が多い営業と管理する経理の両者が時短、業務効率改善出来た。
637,2022/10/18,出張等の交通費申請がデータで全て完結するので、提出が短時間で行える。いい意味でシンプルなシステムであるため、利用する側は簡単なマニュアルで理解できる。,特に問題なく利用できている。強いて言うならば、スキャンで読み取った数字がたまに間違えている程度で、それほど影響はない。システムの不具合がありましたか？今のところ不具合はない。,不備を教えてくれるので、差し戻して再提出というやり取りがなくなった。出張の度に交通費申請をしなければならないが、過去に提出したものと同じルートの場合は、提出済みのものを修正利用できるため、時間短縮になった。,提出先の担当者が不在でも、自身のタイミングで提出できるので、便利です。
638,2022/10/18,基本的にデザインが見やすく、経費精算ツールを使用するのは現職が初めてでしたが、不便なく使いこなせております。,申請の際には新たに画面を開く仕様ですが、交通費精算の際に出発駅と到着駅を入力後、乗換案内でさらに別画面に遷移するのがやや不便に感じております。最も適したルートだけでいいので同画面内に出れば複数画面開かず済むので助かりますが、新たに開発するほどの不便さではないです。,前職では外交の際は会社の最寄駅から訪問先の最寄駅の最安値のみ経費が出る仕様でしたが、こちらのサービスでは複数ルートから選択することができ、実際にかかった費用で申請できるのが助かっています。この口コミを詳しく見る,ザインが見やすく、経費精算ツールを使用するのは現職が初めてでしたが、不便なく使いこなせております。楽楽精算の改善してほしい点申請の際には新たに画面を開く仕様ですが、交通費精算の際に出発駅と到着駅を入力後、乗換案内でさらに別画面に遷移するのがやや不便に感じております。最も適したルートだけでいいので同画面内に出れば複数画面開かず済むので助かりますが、新たに開発するほどの不便さではないです。楽楽精算導入で得られた効果・メリット前職では外交の際は会社の最寄駅から訪問先の最寄駅の最安値のみ経費が出る仕様でしたが、こちらのサービスでは複数ルートから選択することができ、実際にかかった費用で申請できるのが助かっています。
639,2022/10/17,立替経費については導入前までは現金精算だったので、小口現金の管理や出納にとても手間がかかってた。導入後はそういった繁雑作業が無くなり、基幹システムへのデータ連携で業務効率が上がった。,そもそも価格が安いという事とトレードオフではあるが、導入時の各種マスターや承認フローの設定を全て自社でやらなくてはならず、そこそこ知識のある人でないとハードルが高いかも。もちろんベンダーのフォローはありますが。システムの不具合がありましたか？一度だけベンダー側の不具合で利用できない事があった。締日近くではなかったため社内的に支障はなかったが。,小口現金の管理が不要となり、また基幹システムとのデータ連携で手入力から解放された点がなんといってもメリット。「楽楽精算」導入の決め手経費精算合理化,とにかくコスパ高いです。
640,2022/10/17,ITに詳しくない一般ユーザーですが、すごくシンプルで直感的に操作できます。交通費もICカードと連携できるのですごく楽です。,UIがちょっと古めかしい、今どき感が無いのが残念です。やたらと機能が多くなりすぎて重くなったりするのも困りますが、もう少し改善して欲しいです。,今まではだいぶ前に自社開発していて、誰もアップデートしていなくていちいち入力に時間がかかり、使いにくいものだったので、大幅に改善しました。担当者からは価格も安く抑えられたとのことだったので、良かったと思います。以前利用していた製品の解約理由自社開発だったがアップデートが無く使いにくかった。この口コミを詳しく見る,くない一般ユーザーですが、すごくシンプルで直感的に操作できます。交通費もICカードと連携できるのですごく楽です。楽楽精算の改善してほしい点UIがちょっと古めかしい、今どき感が無いのが残念です。やたらと機能が多くなりすぎて重くなったりするのも困りますが、もう少し改善して欲しいです。楽楽精算導入で得られた効果・メリット今まではだいぶ前に自社開発していて、誰もアップデートしていなくていちいち入力に時間がかかり、使いにくいものだったので、大幅に改善しました。担当者からは価格も安く抑えられたとのことだったので、良かったと思います。以前利用していた製品の解約理由自社開発だったがアップデートが無く使いにくかった。
641,2022/10/17,まず操作画面がシンプルで分かりやすいです。間違うことはほぼ無いと思います。加えてデザインも直観的で分かりやすく最小限の操作で済みます。,若干、操作ボタンが小さいように感じます。もう少しボタンが大きければ押しやすく見つけやすいと思います。,まず申請作業の大幅な時間短縮ができました。また、間違いがあった場合も承認者と同じ画面を見ながら確認できるので安心かつ分かりやすいです。この口コミを詳しく見る,面がシンプルで分かりやすいです。間違うことはほぼ無いと思います。加えてデザインも直観的で分かりやすく最小限の操作で済みます。楽楽精算の改善してほしい点若干、操作ボタンが小さいように感じます。もう少しボタンが大きければ押しやすく見つけやすいと思います。楽楽精算導入で得られた効果・メリットまず申請作業の大幅な時間短縮ができました。また、間違いがあった場合も承認者と同じ画面を見ながら確認できるので安心かつ分かりやすいです。
642,2022/10/16,何より入力項目がわかりやすく、PCレベルの低い人でも使えるようになるのに時間がかからないことから、多数への横テンが容易であること。,スマホ版のアプリもあるが、適用できないこともある。（PC版と比べてライト版？のようになっており、詳細の操作が出来ない）,以前と比べて出張の経費精算に手こずることがなくなった。前職では紙で行っていた時だとわざわざ紙に通し番号を書き原本提出、データはシステム上で提出と二度手間だったが、転職後の会社では楽楽精算で撮影して送付するだけなので楽々。この口コミを詳しく見る,項目がわかりやすく、PCレベルの低い人でも使えるようになるのに時間がかからないことから、多数への横テンが容易であること。楽楽精算の改善してほしい点スマホ版のアプリもあるが、適用できないこともある。（PC版と比べてライト版？のようになっており、詳細の操作が出来ない）楽楽精算導入で得られた効果・メリット以前と比べて出張の経費精算に手こずることがなくなった。前職では紙で行っていた時だとわざわざ紙に通し番号を書き原本提出、データはシステム上で提出と二度手間だったが、転職後の会社では楽楽精算で撮影して送付するだけなので楽々。
643,2022/10/16,1年ほど前に新しく社内に導入されました。それまでは手書き資料での精算をしていた時代遅れの会社でしたが、楽楽精算を導入後、申請作業が飛躍的に簡単になりました。また、50歳以上が8割占める年配の多い会社ですが、記入項目も分かりやすく全員問題なく利用してます。,とても使いやすいので、特に改善点や困ったことはありません。強いていえば、差し戻しのメールを見落とした時にHP内でもう少し差し戻しが来てることを強調してほしいです。,これまでの経費申請はとても効率が悪く、特に交通費の申請が多いのでとても手間が掛かっていましたが、楽楽精算導入後は申請が簡単で仕事の作業効率があがりました。この口コミを詳しく見る,に新しく社内に導入されました。それまでは手書き資料での精算をしていた時代遅れの会社でしたが、楽楽精算を導入後、申請作業が飛躍的に簡単になりました。また、50歳以上が8割占める年配の多い会社ですが、記入項目も分かりやすく全員問題なく利用してます。楽楽精算の改善してほしい点とても使いやすいので、特に改善点や困ったことはありません。強いていえば、差し戻しのメールを見落とした時にHP内でもう少し差し戻しが来てることを強調してほしいです。楽楽精算導入で得られた効果・メリットこれまでの経費申請はとても効率が悪く、特に交通費の申請が多いのでとても手間が掛かっていましたが、楽楽精算導入後は申請が簡単で仕事の作業効率があがりました。
644,2022/10/15,領収書を本社に出しに行く時間を他の業務に充てられるので、時間効率は良くなります。システムの力を借りている為、総時間は短縮できています。,申請してから承認ルートまでが長い為、承認通知回数をあげてもらいたいです。交通費精算がICカードでしか読み込めない状態だと思います。AppleWatchなどカード以外からの読み込みが行えるようにしてほしいです。,現場で仕事してる者としては領収書は後で出してお金は早く貰えるので、お財布が楽です。ただ、少し変な領収書は読み込めないので、性能を上げてもらえると嬉しいです。カメラの性能にもよる為、確実な事は言えませんが、性能性の向上があれば良いです。この口コミを詳しく見る,社に出しに行く時間を他の業務に充てられるので、時間効率は良くなります。システムの力を借りている為、総時間は短縮できています。楽楽精算の改善してほしい点申請してから承認ルートまでが長い為、承認通知回数をあげてもらいたいです。交通費精算がICカードでしか読み込めない状態だと思います。AppleWatchなどカード以外からの読み込みが行えるようにしてほしいです。楽楽精算導入で得られた効果・メリット現場で仕事してる者としては領収書は後で出してお金は早く貰えるので、お財布が楽です。ただ、少し変な領収書は読み込めないので、性能を上げてもらえると嬉しいです。カメラの性能にもよる為、確実な事は言えませんが、性能性の向上があれば良いです。
645,2022/10/15,日々の経費精算手続きがスマートフォンで簡単に出来るようになり、領収書の提出も画像の登録のみで行なえる点が良い,スマートフォンのアプリで申請手続きが出来るようになってから、特に不便だと感じた点はありません。,経費精算業務において、以前はPCから社内のVPNに接続してからでないと申請手続きが出来なかったが、本サービスを導入後はスマートフォンで簡単に申請や登録が出来るようになったため、帰宅途中の電車内等、隙間時間で申請が出来るようになったことこの口コミを詳しく見る,精算手続きがスマートフォンで簡単に出来るようになり、領収書の提出も画像の登録のみで行なえる点が良い楽楽精算の改善してほしい点スマートフォンのアプリで申請手続きが出来るようになってから、特に不便だと感じた点はありません。楽楽精算導入で得られた効果・メリット経費精算業務において、以前はPCから社内のVPNに接続してからでないと申請手続きが出来なかったが、本サービスを導入後はスマートフォンで簡単に申請や登録が出来るようになったため、帰宅途中の電車内等、隙間時間で申請が出来るようになったこと
646,2022/10/15,直近ペーパーレスが進み、経費の精算も楽楽精算上のみでの申請になった。判子も楽楽精算上でできる。画面も操作しやすく楽である。また、申請したものの現状承認状況も確認しやすい。自社は稟議が必要な高額な費用はDBを使用しているので一括化されると楽であると感じている。,申請した際に、自動プリントアウト機能があるが正直不要。それよりは申請後に申請した書類を印刷しやすくしてほしい。今でも申請後に印刷できるが操作がめんどう。また自社は振込月3回だが増やせるのだろうか?システムの不具合がありましたか？特になし,申請後の承認状況が、自分のPC上で確認できるのは非常に便利。ペーパーレスにも対応しているので判子の手間もなくなった。また、部下が申請したものも見れるのも良い。この口コミを詳しく見る,ーレスが進み、経費の精算も楽楽精算上のみでの申請になった。判子も楽楽精算上でできる。画面も操作しやすく楽である。また、申請したものの現状承認状況も確認しやすい。自社は稟議が必要な高額な費用はDBを使用しているので一括化されると楽であると感じている。楽楽精算の改善してほしい点申請した際に、自動プリントアウト機能があるが正直不要。それよりは申請後に申請した書類を印刷しやすくしてほしい。今でも申請後に印刷できるが操作がめんどう。また自社は振込月3回だが増やせるのだろうか?システムの不具合がありましたか？特になし楽楽精算導入で得られた効果・メリット申請後の承認状況が、自分のPC上で確認できるのは非常に便利。ペーパーレスにも対応しているので判子の手間もなくなった。また、部下が申請したものも見れるのも良い。
647,2022/10/15,以前使用していた自社の精算システムから今回楽楽精算に変わったのですが、精算処理が翌日には完了しており、思ったより早いと感じました。,領収書を複数枚一度にスキャンした時の読み取りの精度が悪く、ほとんど手入力しないといけなくなるため改善してほしいです。また新規導入時は社内でやり方の説明会もありましたが、実際にやる際はやり方が分からない人が続出していたため、システム内に簡易のHOWTOがあればいいなと思いました。,楽楽精算を導入することでペーパーレスで精算手続きできます。環境にも優しい上に、コピー機がない場所でも手続きできるためスムーズに処理できて助かりました。この口コミを詳しく見る,ていた自社の精算システムから今回楽楽精算に変わったのですが、精算処理が翌日には完了しており、思ったより早いと感じました。楽楽精算の改善してほしい点領収書を複数枚一度にスキャンした時の読み取りの精度が悪く、ほとんど手入力しないといけなくなるため改善してほしいです。また新規導入時は社内でやり方の説明会もありましたが、実際にやる際はやり方が分からない人が続出していたため、システム内に簡易のHOWTOがあればいいなと思いました。楽楽精算導入で得られた効果・メリット楽楽精算を導入することでペーパーレスで精算手続きできます。環境にも優しい上に、コピー機がない場所でも手続きできるためスムーズに処理できて助かりました。
648,2022/10/15,バス停の入力もできるので、バスを利用した際の交通費の精算もこのシステムだけで完結ができるのが良い点である。,マイパターンという機能があるが、通勤ルートなど、すぐに入力できる機能があれば、入力の手間が更に省けるので、実装されれば嬉しい。,交通費の精算を行う際に、どのルートが一番早くて、どのルートが最安値なのかがすぐ分かるので、ルート選択がすぐできる。この口コミを詳しく見る,力もできるので、バスを利用した際の交通費の精算もこのシステムだけで完結ができるのが良い点である。楽楽精算の改善してほしい点マイパターンという機能があるが、通勤ルートなど、すぐに入力できる機能があれば、入力の手間が更に省けるので、実装されれば嬉しい。楽楽精算導入で得られた効果・メリット交通費の精算を行う際に、どのルートが一番早くて、どのルートが最安値なのかがすぐ分かるので、ルート選択がすぐできる。
649,2022/10/14,"私の勤務する現場では経費を精算する際は一件ごとに申請書を作成する必要があり、承認の権限を持つマネジャーに対面でそれを提出する必要がありました。店舗にマネジャーが来る日まで待たなければなりませんし、シフトの兼ね合いでタイミングが合わないと2,3カ月待たされるのも珍しくありませんでした。システムを導入してからはweb上で明細を作るだけで済み、そのまま申請依頼を送るだけなので完全に自分のタイミングで申請を提出できます。提出が済めばあとは承認されるのを待つだけなので、現場のスタッフは非常に手軽に、そして迅速に経費精算を済ませられるようになりました。",経費の明細を一時保存している場合、定期的にリマインドする機能が欲しいです。明細を作り、あとで発生する経費と纏めて申請しようと思って保存しておき、そのまま忘れてしまうことがありました。例えば1週間ごとに「〇〇件の一時保存があります、申請をお忘れなく。」などとメールで配信する機能があると申請忘れがなくなって助かります。,経費精算のフローがシンプルになったことで、経費発生からの精算完了までの時間的ラグが少なくなりました。上にも書いたように経費精算を数ヶ月単位で待たされることが常態化していて、スタッフ個人の金銭事情を圧迫することに繋がっていました。システム上で申請依頼を提出できるようになったことでマネジャー（承認者）出勤のタイミングを気にする必要がなくなり、シフトを組みやすくなることにも繋がっています。この口コミを詳しく見る,"る現場では経費を精算する際は一件ごとに申請書を作成する必要があり、承認の権限を持つマネジャーに対面でそれを提出する必要がありました。店舗にマネジャーが来る日まで待たなければなりませんし、シフトの兼ね合いでタイミングが合わないと2,3カ月待たされるのも珍しくありませんでした。システムを導入してからはweb上で明細を作るだけで済み、そのまま申請依頼を送るだけなので完全に自分のタイミングで申請を提出できます。提出が済めばあとは承認されるのを待つだけなので、現場のスタッフは非常に手軽に、そして迅速に経費精算を済ませられるようになりました。楽楽精算の改善してほしい点経費の明細を一時保存している場合、定期的にリマインドする機能が欲しいです。明細を作り、あとで発生する経費と纏めて申請しようと思って保存しておき、そのまま忘れてしまうことがありました。例えば1週間ごとに「〇〇件の一時保存があります、申請をお忘れなく。」などとメールで配信する機能があると申請忘れがなくなって助かります。楽楽精算導入で得られた効果・メリット経費精算のフローがシンプルになったことで、経費発生からの精算完了までの時間的ラグが少なくなりました。上にも書いたように経費精算を数ヶ月単位で待たされることが常態化していて、スタッフ個人の金銭事情を圧迫することに繋がっていました。システム上で申請依頼を提出できるようになったことでマネジャー（承認者）出勤のタイミングを気にする必要がなくなり、シフトを組みやすくなることにも繋がっています。"
650,2022/10/13,ペーパーレス化が進み、紙の保管が楽になりました。Web上での保管になりますので、必要な時に必要な情報が得られる点が良い。,経理部門の負担は軽減されたと思うが、逆に申請者にとっては従来より申請書類を揃える手間暇が掛かっている印象がある。,以前は紙での申請をおこなっていた為、経理部門が受領後にシステムに打ち込んでいた。入力の手間や記入ミスによる差し戻し等があったが、Webでワンストップでできるようになって負担が軽減された。,経理部門の負担軽減
651,2022/10/13,直感的に操作ができ、初心者でも使いやすい。経路検索機能もあり入力間違いもなく精算ができる。ワークフロー的に申請から承認をしていくため漏れがなく都合のいいタイミングで作業ができる,読み込ませるレシート画像を事前にシステムに取り込まないといけないところ。作業的には申請入力しているところに画像読み取り機能があるとよいシステムの不具合がありましたか？特になし,自動入力補助機能により今までハンド入力していた旅費経路や旅費入力の入力間違いがなくなった。また紙運用でなくシステム上での申請から承認のため時短短縮（申請者の都合に合わせて申請書を持っていき印鑑を押してもらう必要がない）およびペーパーレスが実現できたこの口コミを詳しく見る,作ができ、初心者でも使いやすい。経路検索機能もあり入力間違いもなく精算ができる。ワークフロー的に申請から承認をしていくため漏れがなく都合のいいタイミングで作業ができる楽楽精算の改善してほしい点読み込ませるレシート画像を事前にシステムに取り込まないといけないところ。作業的には申請入力しているところに画像読み取り機能があるとよいシステムの不具合がありましたか？特になし楽楽精算導入で得られた効果・メリット自動入力補助機能により今までハンド入力していた旅費経路や旅費入力の入力間違いがなくなった。また紙運用でなくシステム上での申請から承認のため時短短縮（申請者の都合に合わせて申請書を持っていき印鑑を押してもらう必要がない）およびペーパーレスが実現できた
652,2022/10/13,経費計上の際利用。今まで電子データを添付できなかったけど、写真で簡単に添付できるのは助かっている。経理部門が丁寧なマニュアルを作成してくれたので迷うこともない,自分であとで確認する際、交通費や手土産などセットで閲覧できるとよいなあと思いました。精算項目ごとに確認が必要なので…,過去のシステムでは紙面で提出が求められていたので、それに比べて手間が減りました。在宅勤務を取り入れた今の働き方に沿っているこの口コミを詳しく見る,際利用。今まで電子データを添付できなかったけど、写真で簡単に添付できるのは助かっている。経理部門が丁寧なマニュアルを作成してくれたので迷うこともない楽楽精算の改善してほしい点自分であとで確認する際、交通費や手土産などセットで閲覧できるとよいなあと思いました。精算項目ごとに確認が必要なので…楽楽精算導入で得られた効果・メリット過去のシステムでは紙面で提出が求められていたので、それに比べて手間が減りました。在宅勤務を取り入れた今の働き方に沿っている
653,2022/10/12,画面構成が分かりやすく、定期券区間の自動減額など、細かいところまで気が利いていると思う。社員、承認者、会計承認者、振込担当者への業務フロー構成が分かりやすく、設定も難しくないとのこと。,ユーザとしては、改善希望する点は特になく、良いシステムだが、経理部の方々の話を言うと、画面カスタマイズ作業が難しかったらしい。,Excelや請求用紙での対応から、入力ー上司承認ー経理承認ー振込とデータで流れていく仕組みに変わったことで、ペーパーレス、オンライン承認が実現でき、在宅勤務も容易になった。,バージョンアップにより、過去搭載していなかった機能がどんどん追加されていくのが楽しみ。
654,2022/10/11,シンプルな画面構成で利用しやすい。詳細なマニュアルなどを配布しなくても直感的に操作できる。交通費精算では予めユーザー毎に定期区間を設定しておくことでそれを考慮した金額を自動計算してくれる。システムを導入する前はこれを経理スタッフが手計算によって求めていたため、大幅な工数の削減となった。,定期区間の登録や科目のカスタマイズなど設定次第でどこまでも使い易く出来るのだが、一方で使い勝手のいい設定を作り込むのにはかなりの労力と時間が掛かり事務的な負担は大きい。初期設定についてはある程度のパッケージを用意してもらえるともっと導入しやすくなると思う。,クラウド型のため社員が各々の好きなタイミングで申請できる。経理部が対面で現金精算していたときは月末になると経費精算の長蛇の列ができ、それだけで一日が終わることも珍しくなかった。システム化されてからは都度申請できることから月末に一極集中することもなくなり、申請のデータをそのまま会計に連動することも出来て支払いから伝票起票まで一連の作業がスムーズになった。この口コミを詳しく見る,画面構成で利用しやすい。詳細なマニュアルなどを配布しなくても直感的に操作できる。交通費精算では予めユーザー毎に定期区間を設定しておくことでそれを考慮した金額を自動計算してくれる。システムを導入する前はこれを経理スタッフが手計算によって求めていたため、大幅な工数の削減となった。楽楽精算の改善してほしい点定期区間の登録や科目のカスタマイズなど設定次第でどこまでも使い易く出来るのだが、一方で使い勝手のいい設定を作り込むのにはかなりの労力と時間が掛かり事務的な負担は大きい。初期設定についてはある程度のパッケージを用意してもらえるともっと導入しやすくなると思う。楽楽精算導入で得られた効果・メリットクラウド型のため社員が各々の好きなタイミングで申請できる。経理部が対面で現金精算していたときは月末になると経費精算の長蛇の列ができ、それだけで一日が終わることも珍しくなかった。システム化されてからは都度申請できることから月末に一極集中することもなくなり、申請のデータをそのまま会計に連動することも出来て支払いから伝票起票まで一連の作業がスムーズになった。
655,2022/10/11,ITリテラシーの低い会社なので、誰でも使える・分かりやすい・見やすいが必要でしたが全てクリアしていてトータル的に見てとても良いです。,組織ツリーの運用に少し工数がかかります。（組織変更が多い会社なので）その辺の運用に慣れていないと導入側管理側の工数が増えたという印象を持つ人もいました。システムの不具合がありましたか？特にないです。サポートも問題ないです。,ユーザーからの声で多いのは、交通費精算に乗換案内機能がついてい点です。以前に比べ導入後は結構な時間短縮になっています。紙からシステムへの切り替えだったのでハードルはあったものの、1か月もすれば慣れていたので、年齢問わず誰でも使いこなせます。この口コミを詳しく見る,シーの低い会社なので、誰でも使える・分かりやすい・見やすいが必要でしたが全てクリアしていてトータル的に見てとても良いです。楽楽精算の改善してほしい点組織ツリーの運用に少し工数がかかります。（組織変更が多い会社なので）その辺の運用に慣れていないと導入側管理側の工数が増えたという印象を持つ人もいました。システムの不具合がありましたか？特にないです。サポートも問題ないです。楽楽精算導入で得られた効果・メリットユーザーからの声で多いのは、交通費精算に乗換案内機能がついてい点です。以前に比べ導入後は結構な時間短縮になっています。紙からシステムへの切り替えだったのでハードルはあったものの、1か月もすれば慣れていたので、年齢問わず誰でも使いこなせます。
656,2022/10/09,出張の申請や精算の本社とのやり取りがこのソフト1つで電子で行う事が出来、尚且つ操作方法も簡単で申請ミスが格段に減少した。,旅費精算などで領収書やレシートからデータを取り込んで処理するのですが、複数になると読み込まない事があるので、精度が上がればなお良いと感じた。,数年前までは、出張申請したホテルや各種交通機関の手配は、自ら店舗の小口から購入することがあったが、人と人との現金のやり取りが無くなった事で、現金トラブルのリスクも減少したのが良かった。この口コミを詳しく見る,や精算の本社とのやり取りがこのソフト1つで電子で行う事が出来、尚且つ操作方法も簡単で申請ミスが格段に減少した。楽楽精算の改善してほしい点旅費精算などで領収書やレシートからデータを取り込んで処理するのですが、複数になると読み込まない事があるので、精度が上がればなお良いと感じた。楽楽精算導入で得られた効果・メリット数年前までは、出張申請したホテルや各種交通機関の手配は、自ら店舗の小口から購入することがあったが、人と人との現金のやり取りが無くなった事で、現金トラブルのリスクも減少したのが良かった。
657,2022/10/09,システムとして使いやすく、担当者がユーザーに説明するのも簡単だと思う。交通費の精算も経路設定がわかりやすい,ユーザーの登録が決められた期間しか出来ず、期の途中で復帰したときに自分が使えるかどうか分からなかった,今まで使っていたシステムより、申請や承認の画面がわかりやすく、上司から間違いを指摘されたときも修正が早く出来たこの口コミを詳しく見る,して使いやすく、担当者がユーザーに説明するのも簡単だと思う。交通費の精算も経路設定がわかりやすい楽楽精算の改善してほしい点ユーザーの登録が決められた期間しか出来ず、期の途中で復帰したときに自分が使えるかどうか分からなかった楽楽精算導入で得られた効果・メリット今まで使っていたシステムより、申請や承認の画面がわかりやすく、上司から間違いを指摘されたときも修正が早く出来た
658,2022/10/09,業務でかかる費用に精算をpcあるいは社用携帯でパパッと申請できる点はとても便利です。以前の会社ではレシートを精算用の申請書に貼り、提出保管していましたが、とても手間でした。それがこのサービスを導入すると手間が省け、とても楽です。,精算時に目的別に申請しないといけないので、各カテゴリーで分け、一括で精算できる機能が欲しいです。出張費と駐車場費、接待費などを別々に精算申請しないとならず、これを一度で各目的に分け、精算できれば楽だなと思います。システムの不具合がありましたか？これまで使用し、特にありません。,これまで経費精算でかなりな時間を要していた企業であれば、導入することでその時間を短縮し、短縮した時間で他の作業に充てることができると思います。,経費精算を楽々に！
659,2022/10/09,一番の利点は領収書のPDFファイルを作れば自動的に文字おこしをしてくれるので、数字のうち間違えがありません。また、スキャンデータが残るので領収証の紛失もなくなります。,申請者の印鑑などをWeb上で押せるようにするとさらに便利になると思います。現状は印刷して、印鑑を押しているのでペーパーレスになっていません。,経費精算のレシートは個別にスキャンする必要がありますが、申請はまとめて１０件程度できますので経費精算にかかる時間が大幅に減りました。以前利用していた製品の解約理由経費精算の入力誤りが多いため,AIによる経費精算システム
660,2022/10/08,交通費申請で定期期間を登録すると、それを考慮して自動計算してくれる。交通費申請で乗換ルートを検索して選択するが、最も安いルートなど特徴を示してくれる。会計システムへのデータ連携がしやすい。,分かりやすいが、処理メニューが簡素なので見やすさを意識してもらえると嬉しい。細かい登録設定が多いと思う。,社員・口座情報・承認ルートの登録や、交通費・出張・経費の申請・精算、会計システムへのデータ取込まで一貫して使いやすい。この口コミを詳しく見る,で定期期間を登録すると、それを考慮して自動計算してくれる。交通費申請で乗換ルートを検索して選択するが、最も安いルートなど特徴を示してくれる。会計システムへのデータ連携がしやすい。楽楽精算の改善してほしい点分かりやすいが、処理メニューが簡素なので見やすさを意識してもらえると嬉しい。細かい登録設定が多いと思う。楽楽精算導入で得られた効果・メリット社員・口座情報・承認ルートの登録や、交通費・出張・経費の申請・精算、会計システムへのデータ取込まで一貫して使いやすい。
661,2022/10/08,この製品の導入のおかげで、経費精算にかかる時間が短縮できました。自動仕訳や振込データ生成、会計ソフトとの連携などの多彩な機能により、処理時間が格段に向上しました。経費精算の処理件数が多いので、この利点は非常にありがたいです。,導入コストがやや高い感じはしましたが、機能面では満足していますので、改善してほしい点は特にありません。システムの不具合がありましたか？なし。,テレワーク下でも対応できる点がメリットです。弊社ではテレワーク化を積極的に進めている関係上、自宅で業務を行うことも多くなりましたが、そんな状況下でも、この製品を使えば難なく経費精算ができますので、処理遅延などのリスクもありません。この口コミを詳しく見る,導入のおかげで、経費精算にかかる時間が短縮できました。自動仕訳や振込データ生成、会計ソフトとの連携などの多彩な機能により、処理時間が格段に向上しました。経費精算の処理件数が多いので、この利点は非常にありがたいです。楽楽精算の改善してほしい点導入コストがやや高い感じはしましたが、機能面では満足していますので、改善してほしい点は特にありません。システムの不具合がありましたか？なし。楽楽精算導入で得られた効果・メリットテレワーク下でも対応できる点がメリットです。弊社ではテレワーク化を積極的に進めている関係上、自宅で業務を行うことも多くなりましたが、そんな状況下でも、この製品を使えば難なく経費精算ができますので、処理遅延などのリスクもありません。
662,2022/10/08,これまで紙の領収書を経理の職員に渡して経費精算していたのが、電子の領収書を読み取って申請するだけでとても便利になった。,勘定科目や入力項目がたくさんあるため、わたしのような年寄りには少し難しいかもしれないのと、携帯のアプリだと少し使いにくいので改善されると嬉しいかな。システムの不具合がありましたか？アプリの使い方が難しい以外は特にありません。,経理の人との対面でのやりとりがなくなったのでコロナ渦ではとても合理的なやり方になったと思う。紙の領収書が無くなったとしても、ＰＤＦ領収書を発行してくれるホテルなどだと、後からも安心して精算することが出来るようになった。,経理の担当職員の業務効率化にはとてもよいシステムだと思います。
663,2022/10/07,この製品は、すべてweb上で完結するので、リモートワークが始まり、紙で処理する必要がありません。リモートワークに適したツールです。,出張先が複数あるとその都度、申請を行う必要があります。必ずしも1箇所訪問して帰社しない場合、入力が複雑になり、申請者の負担が増加します。,リモートワークが始まり、紙で申請を処理出来なくなりました。そのため、出勤しなくても対応可能なこのツールはとても便利です。紙だと入力ミスの確認作業も必要ですが、こちらは入力ミスは申請が降りないので、確認作業も減り、作業効率が上がりました。,リモートワークの申請作業に向いています
664,2022/10/07,経費精算と交通費精算が楽になった。テレワークが増え、基本的にはハンコや紙などがいらないので社外からの申請もしやすい。,弊社の使い方の問題かもしれないが、申請後は最終的に紙で出力して経理部に提出していたため、他部署へもシステム上で回覧できるようにしてほしい。,申請者の交通費精算のルート計算や金額計算などの手間を省けるため、出張が多い時はかなり業務が削減できる。この口コミを詳しく見る,交通費精算が楽になった。テレワークが増え、基本的にはハンコや紙などがいらないので社外からの申請もしやすい。楽楽精算の改善してほしい点弊社の使い方の問題かもしれないが、申請後は最終的に紙で出力して経理部に提出していたため、他部署へもシステム上で回覧できるようにしてほしい。楽楽精算導入で得られた効果・メリット申請者の交通費精算のルート計算や金額計算などの手間を省けるため、出張が多い時はかなり業務が削減できる。
665,2022/10/06,楽楽精算導入までは、毎月末にまとめて精算していましたが、週ごとに精算をまとめたりできるので領収書の保管方法が楽になりました。特に、交通費の精算方法はSUICAなどのICカードを読み込んで連携できるので、入力が楽で助かります。,領収書の添付に関してはPDFに変換しての作業があるのがひと手間です。スマホのカメラで領収書を読み込んだら、そこでPDFに変わる専用のアプリが欲しいと思いました。システムの不具合がありましたか？ICカード読み取り方法で手間取りました。,精算方法が紙からデジタルへの転換点での導入ソフトということで、いち社員としても日々の作業の効率化に役立っていると思います。,使い勝手は良いと思います。
666,2022/10/06,精算内容がデジタル化されて見やすくなり、クラウド上で承認をして貰えるので判子を貰いにいく手間が省けて時間短縮になりとても便利です。,電車の乗換案内がちょっと使いづらいです。入力している時間でしか経路が出てこないので、実際に乗った時間で出てくると嬉しいです。,面倒な表を作らなくてよくなり、とても時間短縮になったのと、承認がネット上で出来るので早くなりました。また精算をまとめる側も楽になりました。,不要な書類が減ります
667,2022/10/05,スマホから申請⇒承認まで完結できるという点です。どこでも申請ができる為忘れないように出張の帰り道などでも申請ができるという事です。また紙で記載するわけではないので、訂正も楽になり時間効率が向上しました。,請求書登録を行ったのにも関わらず、また精算画面にアクセスしなければいけないところとＰＤＦデータを用意しなければいけない為、読み込みだけで精算が全て完了できるとより便利だと思います。,従来は紙での申請でしたので、申請するものが多くある時にはその記載をするだけで膨大な時間と手間がかかっていましたが、このシステムにより申請側も時間短縮、承認側も時間短縮になり、トータルメリットが非常に大きいです。この口コミを詳しく見る,申請⇒承認まで完結できるという点です。どこでも申請ができる為忘れないように出張の帰り道などでも申請ができるという事です。また紙で記載するわけではないので、訂正も楽になり時間効率が向上しました。楽楽精算の改善してほしい点請求書登録を行ったのにも関わらず、また精算画面にアクセスしなければいけないところとＰＤＦデータを用意しなければいけない為、読み込みだけで精算が全て完了できるとより便利だと思います。楽楽精算導入で得られた効果・メリット従来は紙での申請でしたので、申請するものが多くある時にはその記載をするだけで膨大な時間と手間がかかっていましたが、このシステムにより申請側も時間短縮、承認側も時間短縮になり、トータルメリットが非常に大きいです。
668,2022/10/04,交通費や宿泊費等の精算を毎月行なっていますが、運賃の計算もシステム上でできて、無駄な入力や検索が不要です。計算ミスや経路間違いもなくなり、精算業務は大幅に削減できて、非常に満足度の高いシステムです。,出張前に申請機能があるのですが、その際に楽楽精算で新幹線やホテルの予約までできてしまえば、更に楽になると思います。,私は部下の交通費精算のチェックをするのですが、金額ミスや漏れが圧倒的に少なくなりました。管理職側としても業務効率向上ができました。,非常に使いやすいので、初めての交通費精算システムの導入時にはオススメできます！
669,2022/10/03,経費精算システムの中でも機能がシンプルで、操作性も良く使いやすいです。特に交通費精算については駅名の自動読み込みや自動計算、ICカード読み込み等、手間を削減できる機能があり、助かってます。,仕方ないことですが、導入時においては初期設定や登録に時間を要することや、オプション機能も多いので、お得なパッケージプランがあるとさらに導入しやすいですね。システムの不具合がありましたか？大きなトラブルはありませんが、操作方法が浸透するまでは苦労しました。,今まで紙の回覧で行なっていた経費精算をワークフローによるシステム化ができたため、効率化だけでなく、不正防止や誤申請防止等、内部統制上のメリットもありました。また、ユーザー側としても交通費精算の機能など、使いやすい機能があるため好評です。,シンプルで使いやすいシステムであるためおすすめです。
670,2022/10/03,会社での建て替え交通費の精算申請に使用していますが、操作性が良く画面を見るだけで何をしたらいいのかがわかる点が使いやすいと感じます。またシステムのデザイン性も良く、色使いなどが親しみやすく感じます。,いくつか地点を経由した交通費申請をする際に、候補経路をいくつか提示してもらいますが、その表示方法が範囲が狭く見づらく感じるので改善されれば良いと感じましたシステムの不具合がありましたか？特にありません,以前は紙ベースでも経費申請だったので、自分で交通費を計算したりする必要があり手間だと感じていましたが、楽楽精算に変わったことでボタン一つで申請ができるようになり業務効率化に繋がりましたこの口コミを詳しく見る,て替え交通費の精算申請に使用していますが、操作性が良く画面を見るだけで何をしたらいいのかがわかる点が使いやすいと感じます。またシステムのデザイン性も良く、色使いなどが親しみやすく感じます。楽楽精算の改善してほしい点いくつか地点を経由した交通費申請をする際に、候補経路をいくつか提示してもらいますが、その表示方法が範囲が狭く見づらく感じるので改善されれば良いと感じましたシステムの不具合がありましたか？特にありません楽楽精算導入で得られた効果・メリット以前は紙ベースでも経費申請だったので、自分で交通費を計算したりする必要があり手間だと感じていましたが、楽楽精算に変わったことでボタン一つで申請ができるようになり業務効率化に繋がりました
671,2022/10/03,以前から紙で給与確認や交通費精算等を行なっており、作業が煩雑化しておりました。今回導入したことでその点が解消されました。,利用して困った事は、紙媒体とは違い不慣れなスタッフに落とし込む事です。ソフトの問題というよりはリテラシーの問題でしょうか。,まずは紙の削減です。カルテも電子カルテを導入しさらなる削減に向けて行動していました。またいつでもどこでも確認や処理時間にあてる事ができる様になったのが助かりました。この口コミを詳しく見る,で給与確認や交通費精算等を行なっており、作業が煩雑化しておりました。今回導入したことでその点が解消されました。楽楽精算の改善してほしい点利用して困った事は、紙媒体とは違い不慣れなスタッフに落とし込む事です。ソフトの問題というよりはリテラシーの問題でしょうか。楽楽精算導入で得られた効果・メリットまずは紙の削減です。カルテも電子カルテを導入しさらなる削減に向けて行動していました。またいつでもどこでも確認や処理時間にあてる事ができる様になったのが助かりました。
672,2022/10/03,領収書などもスキャンを行い、紙の書類削減につながった。紙での保管も不要のため利用しやすいと思いました。,画面の操作をもう少し分かりやすくして欲しいです。ICカード読み込みする際など、適用するにはチェックが必要かがわかりにくかったです。,領収書を保管することの手間が減りました。データ化にすることで後から確認する際にも簡単に閲覧出来て便利です。以前利用していた製品の解約理由会社の意向で変更この口コミを詳しく見る,もスキャンを行い、紙の書類削減につながった。紙での保管も不要のため利用しやすいと思いました。楽楽精算の改善してほしい点画面の操作をもう少し分かりやすくして欲しいです。ICカード読み込みする際など、適用するにはチェックが必要かがわかりにくかったです。楽楽精算導入で得られた効果・メリット領収書を保管することの手間が減りました。データ化にすることで後から確認する際にも簡単に閲覧出来て便利です。以前利用していた製品の解約理由会社の意向で変更
673,2022/10/02,事前の仮払金申請や経費精算申請など幅広く対応しており、駅名から運賃を自動で計算するシステムも便利な点。,定型で毎回はいる申請文章があるため、プルダウン等で選択ができるとより、申請に手間がないと感じました。,毎月の経費精算に手間取ることなく、直感的な操作で申請が行えるため、経理側へ回す際のミスなども軽減できている点。この口コミを詳しく見る,金申請や経費精算申請など幅広く対応しており、駅名から運賃を自動で計算するシステムも便利な点。楽楽精算の改善してほしい点定型で毎回はいる申請文章があるため、プルダウン等で選択ができるとより、申請に手間がないと感じました。楽楽精算導入で得られた効果・メリット毎月の経費精算に手間取ることなく、直感的な操作で申請が行えるため、経理側へ回す際のミスなども軽減できている点。
674,2022/10/02,出発地と目的地を入力すると、交通経路を調べて計算してくれるので大変便利です。経路もおかしなルートになりません。,特にありません。他社で他のソフトウェアも使用したことがありますが、操作も簡単で特別使いやすいと思います。,交通費精算が経路と共に記載できるのでエラーも起こりにくく、スムーズに承認がおります。業務効率化に役立ちます。この口コミを詳しく見る,的地を入力すると、交通経路を調べて計算してくれるので大変便利です。経路もおかしなルートになりません。楽楽精算の改善してほしい点特にありません。他社で他のソフトウェアも使用したことがありますが、操作も簡単で特別使いやすいと思います。楽楽精算導入で得られた効果・メリット交通費精算が経路と共に記載できるのでエラーも起こりにくく、スムーズに承認がおります。業務効率化に役立ちます。
675,2022/10/01,スマホでも簡単に入力できる。ジョルダンの乗換案内を内蔵しているため、定期区間の控除がシステム内でできるのは大変便利だ。,操作マニュアルが簡素化すぎて最初は使い方の理解ができなかった。新しく入社する人のためにも、細かなマニュアルを希望します。,経理担当者が作業負担が軽減されたと言っておりました。導入費用も安価と聞いておりますので、中小企業でも導入しやすいと思います。この口コミを詳しく見る,簡単に入力できる。ジョルダンの乗換案内を内蔵しているため、定期区間の控除がシステム内でできるのは大変便利だ。楽楽精算の改善してほしい点操作マニュアルが簡素化すぎて最初は使い方の理解ができなかった。新しく入社する人のためにも、細かなマニュアルを希望します。楽楽精算導入で得られた効果・メリット経理担当者が作業負担が軽減されたと言っておりました。導入費用も安価と聞いておりますので、中小企業でも導入しやすいと思います。
676,2022/10/01,領収書をスマホ撮影またはスキャンで取り込むと、あとはオンライン上で、決裁まで終わります。ペーパーレスと、事務所に出なくとも申請〜決裁まで終わり、便利です。閲覧権限のある人は、誰がどんな申請をしたか、チェックすることもできます。,領収書データを取り込み登録する画面が別にあるのが煩わしい。勘定科目などの明細を入れる画面から、直接取り込めるようにしてほしいです。システムの不具合がありましたか？特になし,紙を出力して領収書を貼って…という作業がなくなり、また、集まった紙の束を本社に郵送する作業もなくなり、事務作業が圧倒的に減りました。以前利用していた製品の解約理由ペーパーレスではなかったため,ペーパーレスによる事務作業が軽減されます。
677,2022/09/30,クラウド型のシステムなので、時間や場所を選ばずに経費申請と承認が行えます。リモートワークが普及している職場環境でもスムーズな経費精算のフローが構築できるため、社員の働き方の自由度を高めることにも繋がると思います。なにより、紙での申請書を脱することが出来たのが大きいですね。内容の追加や削除・修正が容易なのはデジタルならではのメリットです。,申請時に対応する勘定科目を選ばなければならない為、一定の経理知識がないと扱いに苦労します。損益管理表が読める程度の知識があれば問題ありませんが、そうでない場合は操作方法の前に科目の考え方を指導しなければなりません。精算する物品の名称などからある程度自動で判断してくれたら楽になると思います。,経費精算において時間と場所を選ばないというのはとても便利です。紙の申請書で運用していた時は経費精算の為だけに本社経理部に来なければならず、また承認者が外出等で不在の場合は帰ってくるまで待つか、もしくは出直す必要がありました。本システムを導入してからはそういった無駄の一切を省くことができ、精算業務におけるストレスが激減しました。リモートワークを行っている社員が多い現場であれば親和性が高いと感じます。この口コミを詳しく見る,のシステムなので、時間や場所を選ばずに経費申請と承認が行えます。リモートワークが普及している職場環境でもスムーズな経費精算のフローが構築できるため、社員の働き方の自由度を高めることにも繋がると思います。なにより、紙での申請書を脱することが出来たのが大きいですね。内容の追加や削除・修正が容易なのはデジタルならではのメリットです。楽楽精算の改善してほしい点申請時に対応する勘定科目を選ばなければならない為、一定の経理知識がないと扱いに苦労します。損益管理表が読める程度の知識があれば問題ありませんが、そうでない場合は操作方法の前に科目の考え方を指導しなければなりません。精算する物品の名称などからある程度自動で判断してくれたら楽になると思います。楽楽精算導入で得られた効果・メリット経費精算において時間と場所を選ばないというのはとても便利です。紙の申請書で運用していた時は経費精算の為だけに本社経理部に来なければならず、また承認者が外出等で不在の場合は帰ってくるまで待つか、もしくは出直す必要がありました。本システムを導入してからはそういった無駄の一切を省くことができ、精算業務におけるストレスが激減しました。リモートワークを行っている社員が多い現場であれば親和性が高いと感じます。
678,2022/09/26,日々の通勤から営業で使用する交通費や経費申請が容易に行えます。また経費申請が異なる部署の場合でも使い分けが可能です。,システムメンテナンスが多い印象があります。空いた時間に貯めた経費申請を行う場合、メンテナンスと重なる時が稀にあります。,今までは領収書と印刷した申請データを纏めて提出しておりましたが、スマホアプリと連動させる事で領収書もデータ取り込みが出来るようになり、印刷データ＋領収書原本の添付が不要となりました。この口コミを詳しく見る,から営業で使用する交通費や経費申請が容易に行えます。また経費申請が異なる部署の場合でも使い分けが可能です。楽楽精算の改善してほしい点システムメンテナンスが多い印象があります。空いた時間に貯めた経費申請を行う場合、メンテナンスと重なる時が稀にあります。楽楽精算導入で得られた効果・メリット今までは領収書と印刷した申請データを纏めて提出しておりましたが、スマホアプリと連動させる事で領収書もデータ取り込みが出来るようになり、印刷データ＋領収書原本の添付が不要となりました。
679,2022/09/22,電車やバスでの交通費精算が多いのですが、よく使うルートを登録できるので便利なところと領収書もカメラで撮影しておけばいい点。これまでは無くしたりして面倒があったので。,まとめて申請ができるようになるといい点（日ごとは面倒なので）と日付を入力しないといけないところ。入力項目はもう少し簡素でもいいかな。,これまでは経費精算は紙ベースで行っていたのでいちいち手間がかかっていたり上司が不在だったりリモートワークの日は承認してもらえないストレスがありましたがWEB上で行うので時間が大幅に削減できました。また、スマホでも申請できるので移動中に前日の経費精算申請をしたりと時間の有効活用にもなっています。この口コミを詳しく見る,での交通費精算が多いのですが、よく使うルートを登録できるので便利なところと領収書もカメラで撮影しておけばいい点。これまでは無くしたりして面倒があったので。楽楽精算の改善してほしい点まとめて申請ができるようになるといい点（日ごとは面倒なので）と日付を入力しないといけないところ。入力項目はもう少し簡素でもいいかな。楽楽精算導入で得られた効果・メリットこれまでは経費精算は紙ベースで行っていたのでいちいち手間がかかっていたり上司が不在だったりリモートワークの日は承認してもらえないストレスがありましたがWEB上で行うので時間が大幅に削減できました。また、スマホでも申請できるので移動中に前日の経費精算申請をしたりと時間の有効活用にもなっています。
680,2022/09/21,主に交通費精算に使用していますが、今までネットで運賃を検索していましたが、こちらに切り替えてからはＰＡＳＭＯの履歴から引っ張って来られるのでとても便利だし楽になりました。,・過去に入力申請した分からコピーして新規で入力できたらいいなと思います。・間違って提出してしまったら一旦上司に取り消ししてもらうのでなく、そのまま訂正できればいいなと思います。システムの不具合がありましたか？いまのところありません。,経理担当者的にはまとめるのにとても楽になり、仕事の効率があがったようです。また、私たち従業員も慣れてくると以前のシステムより申請がラクになりました。,精算や、管理する側にも楽になります。
681,2022/09/21,交通費や経費精算を簡単に行うことができる。またスマートフォン向けアプリを利用することもできるので、ちょっとした時間に作業できる。,初期設定が少し複雑でわかりづらかった。ITツールの操作が苦手な担当者にとっては使いづらいという声もあった。,経理担当者の業務負担を軽減をすることができる。紙代、コピー代、人件費といったコストをカットすることができる。この口コミを詳しく見る,費精算を簡単に行うことができる。またスマートフォン向けアプリを利用することもできるので、ちょっとした時間に作業できる。楽楽精算の改善してほしい点初期設定が少し複雑でわかりづらかった。ITツールの操作が苦手な担当者にとっては使いづらいという声もあった。楽楽精算導入で得られた効果・メリット経理担当者の業務負担を軽減をすることができる。紙代、コピー代、人件費といったコストをカットすることができる。
682,2022/09/20,入力画面がかなり分かりやすい。紙でのやりとりが減ったので社内のペーパーレス化ができました。経理の作業も減った。,かなり入力しやすく使いやすいので特にはありませんが、たまにおかしい経路が表示されてしまうことがあります。,入力したものを修正したうえで申請できるので、効率が上がった。過去は捺印する必要があったが、その必要はなくなりました。この口コミを詳しく見る,かなり分かりやすい。紙でのやりとりが減ったので社内のペーパーレス化ができました。経理の作業も減った。楽楽精算の改善してほしい点かなり入力しやすく使いやすいので特にはありませんが、たまにおかしい経路が表示されてしまうことがあります。楽楽精算導入で得られた効果・メリット入力したものを修正したうえで申請できるので、効率が上がった。過去は捺印する必要があったが、その必要はなくなりました。
683,2022/09/20,以前は、領収書・請求書を1枚ずつ内訳を作成して、合わせていくというとても時間がかかり、紛失等のリスクもあったが、スマホ、パソコンで作業する事により、時間短縮、紛失等のリスクも減った。,領収書・請求書の写真を撮る際に、税率が8%、10%、非課税と3つになる場合は、2回に分けて登録しないといけないため、税率の項目を制限なしにしてほしい。システムの不具合がありましたか？メンテナンス等以外で不具合などを感じたことは無い。,1度申請した分については、履歴が残り、また同じものや、似たものについては、コピーして、写真や、振込先・立替者のみを変更するだけで良いためとても効率良く、経費申請を行うことができる。,初めは分かりにくく慣れないと思いがちですが、いざやってみるととても簡単で時間もそんなにかからず経費申請ができます。
684,2022/09/20,今の会社で経費精算用に使っています。管理者ではないので詳しく分かりませんが、自社用にかなりカスタムできるみたいです。交通費や出張費などの経費だけではなく、リモートワーク手当も楽楽精算から申請しています。,UIが少し古い。クリックする度に新しいタブが開くのでややこしい。交通費など1日ずつ申請しないといけないのでまとめて登録できる機能があれば嬉しいです。システムの不具合がありましたか？今のところないです,紙で申請するよりはかなり手間がはぶけています。業務の隙間にポチポチすれば経費申請できるので助かっています。この口コミを詳しく見る,経費精算用に使っています。管理者ではないので詳しく分かりませんが、自社用にかなりカスタムできるみたいです。交通費や出張費などの経費だけではなく、リモートワーク手当も楽楽精算から申請しています。楽楽精算の改善してほしい点UIが少し古い。クリックする度に新しいタブが開くのでややこしい。交通費など1日ずつ申請しないといけないのでまとめて登録できる機能があれば嬉しいです。システムの不具合がありましたか？今のところないです楽楽精算導入で得られた効果・メリット紙で申請するよりはかなり手間がはぶけています。業務の隙間にポチポチすれば経費申請できるので助かっています。
685,2022/09/20,直感的で操作しやすく、通常使用する範囲ではマニュアルや説明会は特に必要なく使用することができて満足です。乗換案内システムとも連携していて使いやすい。,当社の設定の問題かもしれませんが、ワークフローが若干わかりにくい、使いにくいところがあり、確認が手間。システムの不具合がありましたか？不具合やトラブルはありません。,導入前はエクセル入力の用紙を、庶務が最短経路や料金を確認していたが、乗換案内と連携しているので、そのチェックの手間がなくなり業務改善することができ、派遣を雇う必要がなくなった。,乗換案内と自動連携しているところが素晴らしいです。
686,2022/09/20,はじめはcmを見て本当にこんな安い価格で出来るのか心配だったけどいざ使ってみるとすごく楽で自動計算なので今まで苦手だった事が得意になった,使いやすいけど処理時間がちょっと長く急いでいる時は結構入略ミスが増えてしまう。あと出来ればもう少し安くしてほしい,精算プログラムで入力したら検索が多くすごく助かりました素早く計算されてそのままの数字が自動で反映されるので良かったこの口コミを詳しく見る,mを見て本当にこんな安い価格で出来るのか心配だったけどいざ使ってみるとすごく楽で自動計算なので今まで苦手だった事が得意になった楽楽精算の改善してほしい点使いやすいけど処理時間がちょっと長く急いでいる時は結構入略ミスが増えてしまう。あと出来ればもう少し安くしてほしい楽楽精算導入で得られた効果・メリット精算プログラムで入力したら検索が多くすごく助かりました素早く計算されてそのままの数字が自動で反映されるので良かった
687,2022/09/20,ペーパーレスで精算書が作成できるので、紙と違って修正する際など、とても効率がいい。領収書もスマホで読み取るだけで登録されるので非常に便利。,文字が見づらいため、もう少し大きくして欲しいのと、初期設定がちょっとやっかいで、終わるまでに時間がかかりました。,テレワークでも十分に対応が可能で便利な他、紙の領収書を保管しなくていいので、そのスペースを他に使える。この口コミを詳しく見る,スで精算書が作成できるので、紙と違って修正する際など、とても効率がいい。領収書もスマホで読み取るだけで登録されるので非常に便利。楽楽精算の改善してほしい点文字が見づらいため、もう少し大きくして欲しいのと、初期設定がちょっとやっかいで、終わるまでに時間がかかりました。楽楽精算導入で得られた効果・メリットテレワークでも十分に対応が可能で便利な他、紙の領収書を保管しなくていいので、そのスペースを他に使える。
688,2022/09/19,会社の経費精算に利用しています。元々はシステムと紙で精算していたのですが、楽楽精算を使うようになってからシステム上だけで精算出来る様になり、同時にスマホ用アプリも利用出来る様になったのでアプリ上で精算を完了出来る様になり大変楽になりました。,アプリのUIがもう少し分かり易くなるといいなと思います。またスマホアプリのログインに生体（指紋）認証が使えると尚良いです。,以前までは経費精算を完了する為に必ず会社に行かなければなりませんでしたが、今では社外にいながら精算の申請が完了出来る様になりました。それに伴い精算工程全体の処理も早くなりました。,経費精算のトータルコスト削減を目指す方におすすめ。
689,2022/09/19,会社で、主に出張時の交通費精算に利用しています。申請・承認がシステム上でスムーズにできますし、振込したい口座を自由に設定できたので便利です。乗車区間の料金検索ができたり、定期の範囲を設定できるのも便利です。,楽楽精算というシステム名が、すごくチープなシステムのように思えてしまい残念です。（実際はとても便利で仕様等も問題ないシステムです。）,前社は経費精算システムに入力した申請書を紙で印刷し、領収書を添付し上司に申請、承認依頼を行っていたので、現在は依然に比べかなり事務時間が削減され精算が楽になりました。この口コミを詳しく見る,に出張時の交通費精算に利用しています。申請・承認がシステム上でスムーズにできますし、振込したい口座を自由に設定できたので便利です。乗車区間の料金検索ができたり、定期の範囲を設定できるのも便利です。楽楽精算の改善してほしい点楽楽精算というシステム名が、すごくチープなシステムのように思えてしまい残念です。（実際はとても便利で仕様等も問題ないシステムです。）楽楽精算導入で得られた効果・メリット前社は経費精算システムに入力した申請書を紙で印刷し、領収書を添付し上司に申請、承認依頼を行っていたので、現在は依然に比べかなり事務時間が削減され精算が楽になりました。
690,2022/09/19,請求書のペーパーレス化として、エンドユーザーに提案しております。クラウドサービスで、安価ということもあり導入しやすいと思います。,楽楽精算、楽楽明細など楽楽シリーズがすべて兼ね備わっているサービスがあればより良いと思います。宜しくお願いします。システムの不具合がありましたか？特にありません。,電子帳簿保存法の法改正の煽りを受けて、検討するユーザーが非常に多いと思います。インボイス制度にも一部対応出来そうです。,請求書ペーパーレス化を検討するなら導入をおすすめします。
691,2022/09/19,経路も検索できるので、覚えておく必要もなく、感覚的に使用できるので非常に便利です。コーポレートカードとの連携で自動反映なので、タクシーや新幹線などでも本当に楽できます。,現在の用途範囲では改善してほしい機能は特にありませんが、よく使う駅などの登録ができるとさらに便利に使えるように感じます。システムの不具合がありましたか？特に聞いていません,レシートや領収書の管理がなくなり、わざわざ経理に書類を提出することもないので、利用者と集計者どちらにも利があると感じます。導入してもトレードオフする削減効果が高いと感じます,とにかく便利。全員が楽になるシステム
692,2022/09/19,経費精算の際にわざわざ決裁者と直接コミュニケーションを取る必要がなく、管理画面上ですべて申請までのフローが完結しているのが良い点だと感じる。,経費精算のために領収書をアップする際にPDF形式でしかアップができず、スマホで撮ってPCで確認可能なコミュニケーションツールに送った後にPDF化する、というのが少し面倒に感じる。また、たまに領収書の文字の読み込み精度が良くないタイミングがある。（会社名が異なって読み込まれる、等）,今の仕事において業務の効率化は最大の取り組み課題・目標になるため、工数・時間削減が一番のメリットだと感じています。実際に中間管理職になってからは経費精算を行う機会も多く、数が多くなればなるほど領収書の管理も面倒になってくるが、領収書の文字読み取り機能や交通費計算の際の運賃反映はひとつの申請に対して少なくとも2~3分程度削減できている印象があり、それだけで月1時間は時間を創出できているかと思います。この口コミを詳しく見る,際にわざわざ決裁者と直接コミュニケーションを取る必要がなく、管理画面上ですべて申請までのフローが完結しているのが良い点だと感じる。楽楽精算の改善してほしい点経費精算のために領収書をアップする際にPDF形式でしかアップができず、スマホで撮ってPCで確認可能なコミュニケーションツールに送った後にPDF化する、というのが少し面倒に感じる。また、たまに領収書の文字の読み込み精度が良くないタイミングがある。（会社名が異なって読み込まれる、等）楽楽精算導入で得られた効果・メリット今の仕事において業務の効率化は最大の取り組み課題・目標になるため、工数・時間削減が一番のメリットだと感じています。実際に中間管理職になってからは経費精算を行う機会も多く、数が多くなればなるほど領収書の管理も面倒になってくるが、領収書の文字読み取り機能や交通費計算の際の運賃反映はひとつの申請に対して少なくとも2~3分程度削減できている印象があり、それだけで月1時間は時間を創出できているかと思います。
693,2022/09/18,ファイルを取り込んだだけでどこの会社の明細と自動で読み取っていて、本当に名前の通り楽々精算で早く経理に申請できていい。,最初に入る時の項目？は会社が設定しているのかわからないがわかりづらいので、アイコンの大きさや柄で区別できないならせめてマウスの動き通り上から下に流れる画面にして欲しい。横にスクロールする画面は見えにくい。システムの不具合がありましたか？今のところなし,代わりに経費処理を回される事が多かったが、楽々精算になってからは各々がしてくれるようになったため、目に見えて負担が減った。この口コミを詳しく見る,取り込んだだけでどこの会社の明細と自動で読み取っていて、本当に名前の通り楽々精算で早く経理に申請できていい。楽楽精算の改善してほしい点最初に入る時の項目？は会社が設定しているのかわからないがわかりづらいので、アイコンの大きさや柄で区別できないならせめてマウスの動き通り上から下に流れる画面にして欲しい。横にスクロールする画面は見えにくい。システムの不具合がありましたか？今のところなし楽楽精算導入で得られた効果・メリット代わりに経費処理を回される事が多かったが、楽々精算になってからは各々がしてくれるようになったため、目に見えて負担が減った。
694,2022/09/18,交通費を申請する時にそのアプリ内に乗り換え案内がついているのが地味に便利。アプリを使い分けしなくていいだけでも時間の効率化を図れる。,便利ではあるが、交通費の申請をする時に乗り換えをひとつひとつ入力しなければならないこと。何行かに分けるのが少し面倒くさいかもしれない。システムの不具合がありましたか？なし,今まではパソコンで申請かつそれを印刷すて事務に提出しなければいけなかったので、事務の方のタイミングなどを伺うなど気を遣うこともあったが、PCで申請のみなので楽になった！,紙媒体が面倒くさいと感じている方におすすめ！
695,2022/09/18,会社にもよると思うが、交通費、出張、経費全てに申請及び精算が必要なため、全て分けて申請することができるところが非常に使いやすい。,領収書の添付の際に、１つ１つ登録してからでないと添付できないのが不便に感じる。そのままファイルに添付できる仕様にして頂けると、より利用しやすくなるかなと思います。,交通費、出張、経費を分けて申請・精算ができるので自身の経費に対する意識を高めることができる。また管理者も各ジャンルに分けて申請が来るので管理しやすいかと思います。この口コミを詳しく見る,ると思うが、交通費、出張、経費全てに申請及び精算が必要なため、全て分けて申請することができるところが非常に使いやすい。楽楽精算の改善してほしい点領収書の添付の際に、１つ１つ登録してからでないと添付できないのが不便に感じる。そのままファイルに添付できる仕様にして頂けると、より利用しやすくなるかなと思います。楽楽精算導入で得られた効果・メリット交通費、出張、経費を分けて申請・精算ができるので自身の経費に対する意識を高めることができる。また管理者も各ジャンルに分けて申請が来るので管理しやすいかと思います。
696,2022/09/18,最近楽楽が導入されました。よくCMで見るけどどうなんだろうと思いながら使いましたが、他電車アプリでいちいち確認することもなく、ある程度欲しい機能が既に備わっていてシステムが素晴らしいと思いました。領収書を台紙にのりで貼り付ける作業が、もういらない！これだけでとても楽！なにより、家でもスマホひとつで簡単に申請、承認までしてもらえるシステムというのが良いです。経理に向かい出さなくて良い(アナログすぎますね)ペーパーレスですし(環境にもいい)、導入してくれてよかったと思います。,慣れてしまえば、以前より格段に使いやすいものですが、しいていうならスマホアプリの画面がパソコンの画面に似た感じなので見づらい…。こうなると、歳上の方などはやはりやりづらいと言っていて、もうすこし見やすく改善してもらえると更に良いかもしれない。システムの不具合がありましたか？今のところ私はないです。,今のシステムを使う前は特に、出張や外出が多い月は領収書をまとめて保管しておくことが大変で、時にはなくしたりもしてしまったことが、電子化に変わることによって昔ながらの作業がいらなくなる、イコール、間違いも格段に無くなりました。,なにより無駄な紙の提出もなくなること、利用者自身導入されてよかったと思うし楽になるので導入おすすめです。
697,2022/09/18,会社の出張や経費の精算について、非常に簡単に処理が出来るので業務効率化が図れます。特に、交通費の金額等も自動計算される点に関しても、大変助かっております。,現段階では非常に使いやすくて利便性の高いと思いますが、領収書関係の書類もパソコン上で申請が可能になると、より良いサービスになると思います。システムの不具合がありましたか？今の所、サービスの不具合やトラブルは一切ありません。,仕事上で必要である経費関係の申請が全て、楽楽精算上で完結出来るので、慣れてしまえばストレス無く、誰でも簡単に手軽に利用可能であると思います。,会社の経費関係全般は楽楽精算で全て完結出来るのでオススメのサービスです。
698,2022/09/18,交通費申請の際に、乗車駅と降車駅を入れると、乗換案内がでてきて、ルートと金額が1発で入力できて便利です。,交通費を申請する際、電車とバスを一緒に申請できたらいいなとおもいます。また、レシートを画像で提出できる機能があると便利かと思います。システムの不具合がありましたか？とくになし,紙などで申請すると後でやろうとして、申請を忘れがちですが、携帯からもすぐに申請ができ、申請漏れを防ぎスムーズに申請を、行うことができます。この口コミを詳しく見る,の際に、乗車駅と降車駅を入れると、乗換案内がでてきて、ルートと金額が1発で入力できて便利です。楽楽精算の改善してほしい点交通費を申請する際、電車とバスを一緒に申請できたらいいなとおもいます。また、レシートを画像で提出できる機能があると便利かと思います。システムの不具合がありましたか？とくになし楽楽精算導入で得られた効果・メリット紙などで申請すると後でやろうとして、申請を忘れがちですが、携帯からもすぐに申請ができ、申請漏れを防ぎスムーズに申請を、行うことができます。
699,2022/09/18,定期や出張の交通費申で使用、駅すぱあとと連携しているため交通費精算が区間を操作するだけで簡単に正確な交通費を割り出せた,路線図および時刻表から情報を引っ張れるのは書いた通りだが時間帯指定できない。定期申請で５通りぐらい候補出るが最安優先が第一候補出てくるためとんちんかんな経路ででることもしばしば、検索した時刻も引っ張ってくれると有難い,SEとして顧客への訪問が多いので、当該製品利用で月に１時間以上は時間の削減につながったかと思います。前いた会社では自分が移動した経路をExcelなどに記入し、申請とExcelなどの提出が必須となり、二重の手間が掛かっていたので。この口コミを詳しく見る,の交通費申で使用、駅すぱあとと連携しているため交通費精算が区間を操作するだけで簡単に正確な交通費を割り出せた楽楽精算の改善してほしい点路線図および時刻表から情報を引っ張れるのは書いた通りだが時間帯指定できない。定期申請で５通りぐらい候補出るが最安優先が第一候補出てくるためとんちんかんな経路ででることもしばしば、検索した時刻も引っ張ってくれると有難い楽楽精算導入で得られた効果・メリットSEとして顧客への訪問が多いので、当該製品利用で月に１時間以上は時間の削減につながったかと思います。前いた会社では自分が移動した経路をExcelなどに記入し、申請とExcelなどの提出が必須となり、二重の手間が掛かっていたので。
700,2022/09/18,web上で精算を完了できるのは良い。領収書も電子的に添付できるので、完全なペーパーレスを実現できる。,機能は十分と思うが、操作性は良いとは言えない。直感的に操作すると思ったように動かず苦労した。慣れの問題もあるとは思う。,紙の領収書の提出、管理が不要で手間と資源を低減出来る。システム自体の動作は軽量で、操作感に慣れさえすれば素早く申請できて、工数低減出来ると思う。この口コミを詳しく見る,精算を完了できるのは良い。領収書も電子的に添付できるので、完全なペーパーレスを実現できる。楽楽精算の改善してほしい点機能は十分と思うが、操作性は良いとは言えない。直感的に操作すると思ったように動かず苦労した。慣れの問題もあるとは思う。楽楽精算導入で得られた効果・メリット紙の領収書の提出、管理が不要で手間と資源を低減出来る。システム自体の動作は軽量で、操作感に慣れさえすれば素早く申請できて、工数低減出来ると思う。
701,2022/09/17,経費精算の入力するページにおける経費種類の選択肢も充実していて、入力していく項目も使いやすく良かったです。,特にないのですが、唯一、経費の種類など入力していくページの入力欄が結構小さいので、入力欄が横並びより縦並びの方が見やすいかもしれないです。システムの不具合がありましたか？特にありません。,やはり紙での処理がとても軽減されている点です。まとめて入力したものを1枚印刷して提出しているので、スピーディーに済んでいます。,作業のスピードが上がります。
702,2022/09/17,これまでは経費精算の際に、上司から承認をもらうのに紙が必須でしたが、このサービス上で処理できるようなった。,UIやUXはいまいちだと思います。見た目がダサいです。これからの改善に期待しています。そのほかは特に不満ありません。,社歴の長い会社なので基本的に全てが紙文化でした。新型コロナウイルスによりテレワークを推進する中で、経費精算のためだけに出社することもありましたが、このサービスを導入したことにより、家からでも経費精算が可能になりました。この口コミを詳しく見る,経費精算の際に、上司から承認をもらうのに紙が必須でしたが、このサービス上で処理できるようなった。楽楽精算の改善してほしい点UIやUXはいまいちだと思います。見た目がダサいです。これからの改善に期待しています。そのほかは特に不満ありません。楽楽精算導入で得られた効果・メリット社歴の長い会社なので基本的に全てが紙文化でした。新型コロナウイルスによりテレワークを推進する中で、経費精算のためだけに出社することもありましたが、このサービスを導入したことにより、家からでも経費精算が可能になりました。
703,2022/09/17,アプリを使って領収書を撮影すると、自動で店名や料金が読み込まれるので、いちいち手入力しなくて良い点。,同じ店名の領収書が複数枚あることが多いので、店名や金額が同じ場合に内訳を自動入力できるとさらに良い。,今まで手入力で経費精算をしていたため、時間がかかるのと金額等の入力ミスが多くなっていたが、こちらの製品を使うとある程度自動入力してくれるため、ミスも減り時間も大幅に短縮できた。この口コミを詳しく見る,って領収書を撮影すると、自動で店名や料金が読み込まれるので、いちいち手入力しなくて良い点。楽楽精算の改善してほしい点同じ店名の領収書が複数枚あることが多いので、店名や金額が同じ場合に内訳を自動入力できるとさらに良い。楽楽精算導入で得られた効果・メリット今まで手入力で経費精算をしていたため、時間がかかるのと金額等の入力ミスが多くなっていたが、こちらの製品を使うとある程度自動入力してくれるため、ミスも減り時間も大幅に短縮できた。
704,2022/09/17,操作が簡単でとてもわかりやすいです。承認ルートも各人ごとに設定できて、領収書なども電子データでアップすればよいので、手間がかからずストレスフリーです。,公共交通機関のルート検索をする際に、一般的でない経路が出てくることがあるので、これがなくなるともっとよい。システムの不具合がありましたか？特になし,出張のたびに経理に紙で経費申請していたが、パソコンで申請でき、スピーディーに処理されるので精算が省力化、迅速化した。,操作も簡単です
705,2022/09/17,このサービスを約半年程度使っています。楽楽精算に変えてから経費精算の時間が以前の半分程度になり、後から見返す際も見やすいので非常に助かっています。,改善してほしい点は一つです。領収書を添付した際に証票にチェックマークを入れますが、あの作業を自動にして欲しいです。,利用者側の意見ですが時間の創出ができました。普段忙しい中で経費精算の時間はなるべく短い方がいいため時間ができるのはありがたいです。朝の数分を使えば経費精算ができるため助かっています以前利用していた製品の解約理由導入に携わっていないのでわからないこの口コミを詳しく見る,スを約半年程度使っています。楽楽精算に変えてから経費精算の時間が以前の半分程度になり、後から見返す際も見やすいので非常に助かっています。楽楽精算の改善してほしい点改善してほしい点は一つです。領収書を添付した際に証票にチェックマークを入れますが、あの作業を自動にして欲しいです。楽楽精算導入で得られた効果・メリット利用者側の意見ですが時間の創出ができました。普段忙しい中で経費精算の時間はなるべく短い方がいいため時間ができるのはありがたいです。朝の数分を使えば経費精算ができるため助かっています以前利用していた製品の解約理由導入に携わっていないのでわからない
706,2022/09/17,入社前の健康診断の費用精算で使用しました。在宅ワーカーにとって、遠方からでも郵送などの手間がなく、申請できてとても助かりました。,会社から特に使い方の説明がなかったこともありますが、初見では使いにくそうな印象を受けるデザインでした。入力をするところにカーソルを合わせたとき、吹き出しなどが表示されて説明してくれたりすると初めて使う人も迷わないと思いました。,遠方に住む在宅ワーカーでも、郵送でのやり取りがなく、経費精算ができる点は大きなメリットに感じました。在宅ワークが増えている昨今、こういったツールはなくてはならないと感じました。この口コミを詳しく見る,康診断の費用精算で使用しました。在宅ワーカーにとって、遠方からでも郵送などの手間がなく、申請できてとても助かりました。楽楽精算の改善してほしい点会社から特に使い方の説明がなかったこともありますが、初見では使いにくそうな印象を受けるデザインでした。入力をするところにカーソルを合わせたとき、吹き出しなどが表示されて説明してくれたりすると初めて使う人も迷わないと思いました。楽楽精算導入で得られた効果・メリット遠方に住む在宅ワーカーでも、郵送でのやり取りがなく、経費精算ができる点は大きなメリットに感じました。在宅ワークが増えている昨今、こういったツールはなくてはならないと感じました。
707,2022/09/17,申請者にとって、出先の電車や新幹線の中などでも領収証を撮影してモバイルから精算手続きができたり、上長の決裁や承認がツール上で可能な点が非常に便利。,領収証の読み込み可能な文字数に制限がある点。また、モバイルのアプリとWEB版でやや勝手が異なるので、統一感のあるUIにしてほしい。,経理としてはツールから出力したデータを会計システムに取り込めるという点や、事前に登録された定期券経路を控除した交通費の自動計算が可能という点が実務上助かっている。特に後者の確認はかなり手間のかかる作業だったため、大いに業務効率が改善した。以前利用していた製品の解約理由エクセルの経費精算書を所定様式として利用していたが、業務が煩雑だったこの口コミを詳しく見る,って、出先の電車や新幹線の中などでも領収証を撮影してモバイルから精算手続きができたり、上長の決裁や承認がツール上で可能な点が非常に便利。楽楽精算の改善してほしい点領収証の読み込み可能な文字数に制限がある点。また、モバイルのアプリとWEB版でやや勝手が異なるので、統一感のあるUIにしてほしい。楽楽精算導入で得られた効果・メリット経理としてはツールから出力したデータを会計システムに取り込めるという点や、事前に登録された定期券経路を控除した交通費の自動計算が可能という点が実務上助かっている。特に後者の確認はかなり手間のかかる作業だったため、大いに業務効率が改善した。以前利用していた製品の解約理由エクセルの経費精算書を所定様式として利用していたが、業務が煩雑だった
708,2022/09/16,実は以前にも利用していて乗り換えたのですが、また戻ってきた次第です。申請してしまえば領収書の保管が不要なことは非常に魅力的です。,強いて言えば、領収書にわざわざ日付をかかないといけないことが若干手間です。特に営業のような移動の多い職種だと余計に感じてしまいます。,営業は限られた時間の中で最大限活動するにはどうしたらいいかを常に考えています。その為、携帯から領収書の写真を撮ってすぐに申請できることは締め日に慌てることがないので、経費申請に対して今まで持っていた億劫な気持ちがなくなりました。以前利用していた製品の解約理由経費申請していない人に通知がいかないので経費申請を忘れることがあり、全員が揃わないと経費がおりず数ヶ月経費が返ってこないことがあった為。,経費申請漏れは間違いなく減ります。
709,2022/09/16,カメラを使った自動データ取り込みや自動仕訳により、手入力と比べて大幅な時間節約やコストカットが可能になりました。クラウドサービスを採用しているので、データ管理が容易なのも良いです。CMを観たことがある人も多いと思いますが、知名度が高いだけあってサポート体制も万全でとても安心できます。,初期設定が多少複雑でした。とても便利なOCR機能ですが、スマホのカメラ性能によっては読み取りに手間取ってしまうことがありました。ただし最近の機種なら全く問題はないです。システムの不具合がありましたか？現在まで不具合やトラブルなどは一切ありません。,従来だとどうしても紙の資料を確認する必要がありましたが、楽楽精算を利用することでWeb上で業務が完結するようになり、とても作業効率が上がりました。以前利用していた製品の解約理由期待した費用対効果が得られなかった。,業務負担を軽減でき、コストカットも行える最高のツールです！
710,2022/09/16,会社の経費精算や出張手当、交通費の申請に使用しています。見やすいインターフェイスのおかげで迷うことなく目的の事務処理を行うことができます。,繰り返し入力するような、頻度の高い精算処理を手軽に行えると助かります。事務処理に時間をかけたくありません。,素早く事務処理をこなす事が出来るので、時間を取られることはないでしょう。また、煩わしい事務処理をストレスなく処理できます。この口コミを詳しく見る,精算や出張手当、交通費の申請に使用しています。見やすいインターフェイスのおかげで迷うことなく目的の事務処理を行うことができます。楽楽精算の改善してほしい点繰り返し入力するような、頻度の高い精算処理を手軽に行えると助かります。事務処理に時間をかけたくありません。楽楽精算導入で得られた効果・メリット素早く事務処理をこなす事が出来るので、時間を取られることはないでしょう。また、煩わしい事務処理をストレスなく処理できます。
711,2022/09/15,領収書をスキャンしてPDFファイルにしたものを読み込むと日付・金額・何に利用したかを自動で入力してくれます。そのデータをもとにどのような経費かを選択するだけで申請ができます。また、そのどのような経費かの項目もよく利用するものはピン止めできるので慣れると申請作業は1分以内で行うことができるようになります。,領収書をPDF化して読み込みが自動なのは便利ですが、問題はそのPDF化を1枚1枚行わないといけないためこれを一度にまとめて数枚ずつスキャンできるようにして貰えるとさらに効率的に申請が行えます。,承認作業まではペーパーレスで行うことができます。また、領収書をスキャンしているので紛失の心配がありません。使い方としても無駄が少ないためすぐに使いこなせるようになります。以前利用していた製品の解約理由領収書を手入力していたため、領収書データの保管がされていなかったため,スキャンで入力作業が省けるのは他の清算システムとの大きな違いだと思います。
712,2022/09/15,これまでエクセルを印刷して判を押して提出していた面倒な作業がデジタル化されたことで手間も時間も短縮した。,最寄りの駅を探すのにいつも時間がかかってしまうので（簡単な方法があるのかも知らないが）便利になるとうれしい。システムの不具合がありましたか？今のところなし。,出張や交通費精算にかかる手間や時間が明らかに短縮されたと思う。経理の担当者が行ったりきたりすることもなくなったので、良いと思う。,よい製品だとおもいます。
713,2022/09/13,フルリモートワークで遠隔地から会社に勤務していると、精算を直接、会社でやるのはかなり難しいです。このツールを使用すれば、そんな悩みが解決されます。UIもシンプルで導入のハードルも高くないと思います。,画面の切り替えがモーダル？のような感じで次々ページが開かれていくのが少し不便に感じます。設定を変えられたらいいのになと思います。システムの不具合がありましたか？特にありません。,毎月、経費の精算がWebで完結するので費用対効果はかなりでかいかなと思います。また、コロナ禍になって気軽に会社へ足を運ぶことがないので、簡単に精算できて助かっています。,リモートワークをしているなら絶対にあった方がいい！
714,2022/09/12,ユーザーとしては簡単に経費精算の入力ができ、承認作業もマニュアル等不要で実行できました。直感的に操作できるので、年配の社員でも問題なく操作できたことが良い点です。,もう少し備考や注意事項、ポップアップが分かりやすく出るようになると有難いです。また乗り換え案内との連携がもう少しスピードアップすると良いです。システムの不具合がありましたか？特に不具合はありませんでした。,小口現金担当者は毎週個別に小口現金を用意し出金作業をしていたのが、ほとんどゼロになったので、1人あたり月で40時間程度の作業減となりました。また、数字では表しづらいですが、現金紛失や金額が合わないといったリスクもなくなったので、部署の管理者としては有難いです。,ユーザーとしては使いやすいので、あとは管理者側の設定と費用の問題だと思います。
715,2022/09/11,Web環境があれば時間や場所を気にせず経費の精算が行えます。申請データを作成する段階で勘定科目や部署が選択されるため、仕訳の起票など会計データへの落とし込みも容易になりました。,申請データを作るとき、使用頻度が高い明細は定型登録しておけるとデータの作成がスムーズになると感じます。特に電車やバスを利用した交通費はルートも金額もある程度決まっているため、定型データを呼び出すだけで明細が作れると工数の削減に繋がると感じます。,これまでは紙ベースで申請書を作り、直接現金を受け渡す形で経費精算を行っていました。このシステムを導入してからは申請されたデータをもとに口座に振込む形で処理できるようになったため、会計データとの連携はもちろん、現金管理を省くことにも繋がりました。この口コミを詳しく見る,があれば時間や場所を気にせず経費の精算が行えます。申請データを作成する段階で勘定科目や部署が選択されるため、仕訳の起票など会計データへの落とし込みも容易になりました。楽楽精算の改善してほしい点申請データを作るとき、使用頻度が高い明細は定型登録しておけるとデータの作成がスムーズになると感じます。特に電車やバスを利用した交通費はルートも金額もある程度決まっているため、定型データを呼び出すだけで明細が作れると工数の削減に繋がると感じます。楽楽精算導入で得られた効果・メリットこれまでは紙ベースで申請書を作り、直接現金を受け渡す形で経費精算を行っていました。このシステムを導入してからは申請されたデータをもとに口座に振込む形で処理できるようになったため、会計データとの連携はもちろん、現金管理を省くことにも繋がりました。
716,2022/09/08,交通費の精算が書類でなく、アプリにて行えるのがとても便利。経費が発生した直後、忘れないうちに申請が可能です。,申請の際に備考欄があちこち出てくるので、どこに記入をしたらいいのかいまいちわからず全てに記入してしまうので、一つにして欲しい。,煩わしい交通費精算が手軽にアプリで行えるので業務効率のアップに繋がる、申請忘れなども減り社員の満足度は上がると思う。この口コミを詳しく見る,算が書類でなく、アプリにて行えるのがとても便利。経費が発生した直後、忘れないうちに申請が可能です。楽楽精算の改善してほしい点申請の際に備考欄があちこち出てくるので、どこに記入をしたらいいのかいまいちわからず全てに記入してしまうので、一つにして欲しい。楽楽精算導入で得られた効果・メリット煩わしい交通費精算が手軽にアプリで行えるので業務効率のアップに繋がる、申請忘れなども減り社員の満足度は上がると思う。
717,2022/09/08,紙での記入が不要になり、申請が非常に簡単になった。過去の履歴も簡単に参照できるため、大幅な時間削減になっている。,領収書の登録ができないため、申請はウェブでできるが、完全に紙を使わないというわけにはいかない。領収書も取り込めてウェブ申請できるようにしてほしい。システムの不具合がありましたか？特になし,わざわざ経理課に連絡せずに申請できるため、申請作業が圧倒的に早くなった。部署ごとにアカウントを作成しているため、他の人の履歴も見られて、申請時の参考にすることができる。この口コミを詳しく見る,が不要になり、申請が非常に簡単になった。過去の履歴も簡単に参照できるため、大幅な時間削減になっている。楽楽精算の改善してほしい点領収書の登録ができないため、申請はウェブでできるが、完全に紙を使わないというわけにはいかない。領収書も取り込めてウェブ申請できるようにしてほしい。システムの不具合がありましたか？特になし楽楽精算導入で得られた効果・メリットわざわざ経理課に連絡せずに申請できるため、申請作業が圧倒的に早くなった。部署ごとにアカウントを作成しているため、他の人の履歴も見られて、申請時の参考にすることができる。
718,2022/09/08,エンドユーザーですが簡単に経費精算できます。前職では経費精算にオラクルを使用していましたが、使いにくくて辟易していました。今はストレスもなく経費精算できています。,困ったことはあまりないのですが、会社名（特に顧客先）半角カタカナで登録しないといけないのがちょっと面倒だなと思います。ただこれは社内の決定かもしれず、楽楽精算の仕様ではないかもしれません。システムの不具合がありましたか？とくにありません。,経費精算が他のシステムと比べると楽にできるので、エンドユーザー視点ではストレスフリーです。面倒だと思い先延ばしにすることがなくなりました。,簡単に経費精算できます。
719,2022/09/08,これまでは経費精算の申請書に大量のレシートを添付し経理担当者に提出するというアナログな精算フローだったが、これを導入することでシステム上で申請が可能になり、金額の誤りなども減って経費精算に費やす労力が大幅に削減された。,勘定科目や税率を自分で選択しなければならない為、経理の知識に乏しいスタッフではミスが目立つ。ある程度カテゴリ分けが出来たり、AIによる自動判別などが実現したら申請者側のストレスも減るのではないだろうか。,webを利用することで場所や時間を気にせず経費精算の申請が可能になる。特に現場で働くスタッフは経費精算のためだけに本社に寄らねばならなかったため、その無駄を削減できたことに関して喜んでいるスタッフが多かった。この口コミを詳しく見る,経費精算の申請書に大量のレシートを添付し経理担当者に提出するというアナログな精算フローだったが、これを導入することでシステム上で申請が可能になり、金額の誤りなども減って経費精算に費やす労力が大幅に削減された。楽楽精算の改善してほしい点勘定科目や税率を自分で選択しなければならない為、経理の知識に乏しいスタッフではミスが目立つ。ある程度カテゴリ分けが出来たり、AIによる自動判別などが実現したら申請者側のストレスも減るのではないだろうか。楽楽精算導入で得られた効果・メリットwebを利用することで場所や時間を気にせず経費精算の申請が可能になる。特に現場で働くスタッフは経費精算のためだけに本社に寄らねばならなかったため、その無駄を削減できたことに関して喜んでいるスタッフが多かった。
720,2022/09/08,精算書の作成、承認がペーパーレスでできるようになりました。勘定科目も自由に設定できて助かります。乗換案内機能など、ありがたい機能も。領収書もスキャナか携帯の写真でupできるので良いです。,管理者によって使い勝手がだいぶ左右される気がします。これは制作会社のせいではないのですが、勘定科目の種類や異動社員の情報など、リストの変更に合わせて自動で修正できるような機能があったらいいと思います。システムの不具合がありましたか？異動後の社員がいつまでも表示されていてちょっと邪魔でした。管理者の怠慢でしょうか。,紙を使わなくて良いので、回覧中に紛失したり、次の部署へ持っていく手間がなくなりました。どこで止まっているかも一目瞭然。大助かりです。承認者や精算者が不在でも代理申請・承認ができるのでとても便利です。,すべてWeb上で完結できるので、テレワークにも最適です。
721,2022/09/08,色々な経費の精算のために使用中です。主に出張や取引先への訪問時の交通費です。交通系ICをカードリーダーにかざすと利用した経路などの情報が自動で表示されるため便利です。,領収書読み込みの機能のさらなる進化を求めています。現状は、たまに自動で作成されるデータが間違っているためです。,入力する箇所が少なく、請求にかかる時間が短く済み業務を圧迫することが少ないです。電子帳簿保存法にも対応しているため「この請求書って捨てていいんだっけ、提出だっけ」と混乱することが減りました。この口コミを詳しく見る,の精算のために使用中です。主に出張や取引先への訪問時の交通費です。交通系ICをカードリーダーにかざすと利用した経路などの情報が自動で表示されるため便利です。楽楽精算の改善してほしい点領収書読み込みの機能のさらなる進化を求めています。現状は、たまに自動で作成されるデータが間違っているためです。楽楽精算導入で得られた効果・メリット入力する箇所が少なく、請求にかかる時間が短く済み業務を圧迫することが少ないです。電子帳簿保存法にも対応しているため「この請求書って捨てていいんだっけ、提出だっけ」と混乱することが減りました。
722,2022/09/08,Web上で経費精算手続きが完了（主に交通費精算で使用）するのに加え、自動的に定期券を保有している区間はチェックしてくれることで、交通費精算でのミスが減りました。,特にありませんが、定期券の使用区間を自分自身で入れる必要があるため、転勤や引越しがあった場合は社内の身上システムと連携があったりすると便利かなと思います。,経費精算においてミスを極小化できることから、バックオフィスと複数回やり取りするといったプロセスがなくなりました。また、従前は紙の申請書を使用していたため、こちらで入力したものを出力、バックオフィスで再入力という無駄なプロセスをなくせたことで業務の効率化につながっていると思います。この口コミを詳しく見る,経費精算手続きが完了（主に交通費精算で使用）するのに加え、自動的に定期券を保有している区間はチェックしてくれることで、交通費精算でのミスが減りました。楽楽精算の改善してほしい点特にありませんが、定期券の使用区間を自分自身で入れる必要があるため、転勤や引越しがあった場合は社内の身上システムと連携があったりすると便利かなと思います。楽楽精算導入で得られた効果・メリット経費精算においてミスを極小化できることから、バックオフィスと複数回やり取りするといったプロセスがなくなりました。また、従前は紙の申請書を使用していたため、こちらで入力したものを出力、バックオフィスで再入力という無駄なプロセスをなくせたことで業務の効率化につながっていると思います。
723,2022/09/07,経費精算などが楽にできること、また、ページなどが比較的分かり易いと感じました。申請した後に他の人から承認してもらうなど、システムが良くできています,もっと、モダン的なデザインが良いと思います。すごく、昔ながらのデザインで、最近の時代には似つかわしいと感じましたシステムの不具合がありましたか？特に不具合が起きたことはありません。,今までは紙でやって送ったり、ハンコをいただいていたものが、ウェブで申請、承認などをできるようになり、申請側と受理側のそれぞれの業務の効率化につがったと思います。この口コミを詳しく見る,どが楽にできること、また、ページなどが比較的分かり易いと感じました。申請した後に他の人から承認してもらうなど、システムが良くできています楽楽精算の改善してほしい点もっと、モダン的なデザインが良いと思います。すごく、昔ながらのデザインで、最近の時代には似つかわしいと感じましたシステムの不具合がありましたか？特に不具合が起きたことはありません。楽楽精算導入で得られた効果・メリット今までは紙でやって送ったり、ハンコをいただいていたものが、ウェブで申請、承認などをできるようになり、申請側と受理側のそれぞれの業務の効率化につがったと思います。
724,2022/09/07,よく使う電車などお気に入り登録ができて、いちいち入力しなくていい点がよかった。また、自動で手当の計算をしてくれる点がよかった。,エビデンスの添付を事前に別画面でしないといけなくて、申請する画面にて、エビデンスの添付ができたらいいなと思ったシステムの不具合がありましたか？特にありません。,携帯からでも申請、承認ができるので、移動中などにも手軽にできるので、帰社した時に、本来の仕事に集中ができている。この口コミを詳しく見る,車などお気に入り登録ができて、いちいち入力しなくていい点がよかった。また、自動で手当の計算をしてくれる点がよかった。楽楽精算の改善してほしい点エビデンスの添付を事前に別画面でしないといけなくて、申請する画面にて、エビデンスの添付ができたらいいなと思ったシステムの不具合がありましたか？特にありません。楽楽精算導入で得られた効果・メリット携帯からでも申請、承認ができるので、移動中などにも手軽にできるので、帰社した時に、本来の仕事に集中ができている。
725,2022/09/06,大量に発生する領収書の管理がしやすくなり、作業の効率が上がった点。職業柄、社員全体の交際費や交通費精算回数が多いため、紙での管理には時間がかかった。電子管理になったことで、経理の人の作業時間短縮に繋がっている。,初期の設定が難しかったと聞く。経理担当者が会社に1人しかいないため、設定も任せてしまったのだが、担当者がITに慣れておらず導入に時間がかかった。,経理担当者の精算管理の業務量が減り、他の業務にかける時間が増えたと聞く。特に、会議費が5000円超えた場合に交際費へと変換してくれる機能が他社との交流機会の多い自社に向いている。この口コミを詳しく見る,する領収書の管理がしやすくなり、作業の効率が上がった点。職業柄、社員全体の交際費や交通費精算回数が多いため、紙での管理には時間がかかった。電子管理になったことで、経理の人の作業時間短縮に繋がっている。楽楽精算の改善してほしい点初期の設定が難しかったと聞く。経理担当者が会社に1人しかいないため、設定も任せてしまったのだが、担当者がITに慣れておらず導入に時間がかかった。楽楽精算導入で得られた効果・メリット経理担当者の精算管理の業務量が減り、他の業務にかける時間が増えたと聞く。特に、会議費が5000円超えた場合に交際費へと変換してくれる機能が他社との交流機会の多い自社に向いている。
726,2022/09/06,従来は表計算ソフトで精算処理を行ってましたが、楽楽精算を導入してからは、費目も選択式で分かり易く、クラウドなのでリモートでも精算できるようになり、とても便利になりました。,特にありませんが、フォントがたまに見づらいと感じることがあります。またＯＣＲ機能で領収書などのデータを取り込めると良いです。,経費精算がペーパレスになったことで、経費精算のためだけに出社する手間がなくなりました。計算ミスなどもなくなりました。この口コミを詳しく見る,算ソフトで精算処理を行ってましたが、楽楽精算を導入してからは、費目も選択式で分かり易く、クラウドなのでリモートでも精算できるようになり、とても便利になりました。楽楽精算の改善してほしい点特にありませんが、フォントがたまに見づらいと感じることがあります。またＯＣＲ機能で領収書などのデータを取り込めると良いです。楽楽精算導入で得られた効果・メリット経費精算がペーパレスになったことで、経費精算のためだけに出社する手間がなくなりました。計算ミスなどもなくなりました。
727,2022/09/06,部門別や項目別に費用計上が出来る点、承認確認及び修正に関しても、タイムリーに出来て非常に良いと思います。,現状として費用項目が分類されている点。例えば出張と経費・接待費と申請が別々になっている点をひとまとめに精算できると非常に助かります。,伝票の記入が無くなった点と、一度本社へ送った後に修正などが発生すると対応等に非常に時間がかかる点や業務に支障がある点ですが、申請がシステムによりタイムリーに確認が行われるため、修正もその場で対応が出来る点。この口コミを詳しく見る,目別に費用計上が出来る点、承認確認及び修正に関しても、タイムリーに出来て非常に良いと思います。楽楽精算の改善してほしい点現状として費用項目が分類されている点。例えば出張と経費・接待費と申請が別々になっている点をひとまとめに精算できると非常に助かります。楽楽精算導入で得られた効果・メリット伝票の記入が無くなった点と、一度本社へ送った後に修正などが発生すると対応等に非常に時間がかかる点や業務に支障がある点ですが、申請がシステムによりタイムリーに確認が行われるため、修正もその場で対応が出来る点。
728,2022/09/06,初心者でも使えると思います。経理の人間は伝票、領収書等を紙で確認していたところからPDFでの確認となり、書類減、紙の節約等になると思います。,写メの読み取り精度が微妙なところと、原価の枠の割り当てが自動ではないので、申請者は手間が増えます。あらかじめの自動振分機能が欲しいです。,経理の方は処理が楽になったようです。又、紙の使用が減る様です。会社規模によりますが、経理の労働時間数削減が可能なのではないでしょうか。この口コミを詳しく見る,使えると思います。経理の人間は伝票、領収書等を紙で確認していたところからPDFでの確認となり、書類減、紙の節約等になると思います。楽楽精算の改善してほしい点写メの読み取り精度が微妙なところと、原価の枠の割り当てが自動ではないので、申請者は手間が増えます。あらかじめの自動振分機能が欲しいです。楽楽精算導入で得られた効果・メリット経理の方は処理が楽になったようです。又、紙の使用が減る様です。会社規模によりますが、経理の労働時間数削減が可能なのではないでしょうか。
729,2022/09/06,操作が直感的にできるので、担当者が交代しても引継ぎに時間がかかりません。画面レイアウトが見やすく、作業を続けていても目への負担が少ないように感じます。,コーポレートカードの紐づけ処理が複雑なこと。なかなか覚えられません。紙の領収書を読み通る機能があれば処理はさらに効率的になると思いますシステムの不具合がありましたか？CSVのインポートができないときがあります,精算業務が簡単かつ効率的にできるようになったので、本来の業務へ集中できるようになった。取引先も楽楽精算を利用しているので、小口現金処理も簡単。,ITセキュリティも心配無用で安心して利用できます。
730,2022/09/05,Web上で経費精算の承認を取ることができるので、承認するために出社するなどの非効率な業務をなくすことができました。,交通費の申請を承認する際、ICカード履歴のPDFと称号をする必要があるが、手間がかかるのでこれを機械化してほしい。システムの不具合がありましたか？ありません。,以前は承認するために出社するなど無駄な出社がありました。導入以降は申請者も承認者も無駄な通勤をなくすことができるので、業務効率化に繋がりました。,ITに疎い当社でもすぐに定着しましたので、定着するかどうか不安な企業には良いかもしれません。
731,2022/09/05,私は営業職ですので、交通費や出張費の申請が頻繁にありますが、楽々精算に変えて以降は劇的に精算業務が楽になりました。これまでは自分で交通機関と金額を計算してシステム入力していましたが、システムで経路検索してくれますし、承認ルートと進捗も見れるので、無駄な問い合わせもしなくなりました。,導入前から改善できていることが多く、正直あまりないのですが、あえて言うなら飛行機のLCC費用や特殊な料金設定も楽々精算上で調べることができれば、良いなぁとは思います。（難しいことはわかっていますが。。）システムの不具合がありましたか？1年以上使っていますが、特に不具合はないです。,交通費精算で計算ミスや経路ミスがなくなりました。これまでは本人が自分で調べて計算していましたが、楽々精算導入後はそのような作業が不要になったので、ミスもなく、非常に楽になりました。,交通費精算業務に手間を感じている会社は絶対導入した方が良いと思います。
732,2022/09/04,領収書をスマホで読み取るだけで、宛名や金額が自動で登録されるのは便利だと思いました。また、申請履歴をコピーして次回の申請時に再利用できるのも便利だと思いました。,改善点としては、申請履歴をコピーした際、いちいち日付を変更しなければならない点。コピーしたのちに、日付変更を1つ1つやるのではなく、複数ルートを選択して日付選択できるような機能があるといい。,以前は、パソコンを開いて領収書を登録するという作業が必要だったため、パソコンを開かない時間が多い場合に、申請し忘れが多かったが、スマホで領収書登録できることで、申請漏れが減った。この口コミを詳しく見る,マホで読み取るだけで、宛名や金額が自動で登録されるのは便利だと思いました。また、申請履歴をコピーして次回の申請時に再利用できるのも便利だと思いました。楽楽精算の改善してほしい点改善点としては、申請履歴をコピーした際、いちいち日付を変更しなければならない点。コピーしたのちに、日付変更を1つ1つやるのではなく、複数ルートを選択して日付選択できるような機能があるといい。楽楽精算導入で得られた効果・メリット以前は、パソコンを開いて領収書を登録するという作業が必要だったため、パソコンを開かない時間が多い場合に、申請し忘れが多かったが、スマホで領収書登録できることで、申請漏れが減った。
733,2022/09/04,今まで経費の精算が、Excelなどの申請ベースだっため、Webでの申請が可能、申請の承認ワークフローが整備される。と、利用者側としてはそれだけでも利便性が上がりました。,自社の制度上によるものかもしれませんが、GUIが直感的に操作できるとは言いがたいところです。便利ではあるものの、いかにもなGUIが気になります。システムの不具合がありましたか？今まで使用した中ではありません。,申請の押印作業などが明確にフロー化され、スムーズに処理されるのがよくわかります。また、わざわざ会社に出社して申請する必要がなくなったこともこのご時世ではありがたい限りです。,未導入の企業は是非。
734,2022/09/04,全てパソコンまたは携帯から申請が行えることです。項目も分かりやすく、どの項目で計上したら良いか悩まず申請することが出来ました。,導入されたばかりなので現状改善してもらいたい点は見つかってません。(前のシステムが悪すぎて良いところしかないため),今までは精算項目が分からず、申請書を出すまでに時間がかかっていました。申請書を出したあとも、プリントアウト→領収書の糊付け、郵送…と手間がとてもかかっていましたが、その手間が全て省かれたので助かりました。この口コミを詳しく見る,ンまたは携帯から申請が行えることです。項目も分かりやすく、どの項目で計上したら良いか悩まず申請することが出来ました。楽楽精算の改善してほしい点導入されたばかりなので現状改善してもらいたい点は見つかってません。(前のシステムが悪すぎて良いところしかないため)楽楽精算導入で得られた効果・メリット今までは精算項目が分からず、申請書を出すまでに時間がかかっていました。申請書を出したあとも、プリントアウト→領収書の糊付け、郵送…と手間がとてもかかっていましたが、その手間が全て省かれたので助かりました。
735,2022/09/04,以前は経理書類は昔ながらのレシートの張り付けでしたが、全てクラウド上での済ませれるのはかなり便利です。,とくに今のままでも十分に満足ですが、あまり操作に慣れてない年齢層への取説とかの充実があればなと思います。,まず月末の精算がかなり楽になりました。リモートワークを導入と同時にこの製品を導入しました。わざわざ会社に行かなくてかなり楽になりました。この口コミを詳しく見る,書類は昔ながらのレシートの張り付けでしたが、全てクラウド上での済ませれるのはかなり便利です。楽楽精算の改善してほしい点とくに今のままでも十分に満足ですが、あまり操作に慣れてない年齢層への取説とかの充実があればなと思います。楽楽精算導入で得られた効果・メリットまず月末の精算がかなり楽になりました。リモートワークを導入と同時にこの製品を導入しました。わざわざ会社に行かなくてかなり楽になりました。
736,2022/09/04,この製品導入までは経費精算は紙処理が主流だったため、処理に要する時間がかかりストレスを感じていました。そこでこの製品導入によって経費精算のデジタル化を導入。会計ソフトと連携することで、経費精算処理に係る時間短縮はもちろんのこと、処理負担の軽減にもつながりました。,改善してほしい点は現時点ではありません。導入してから約10ヶ月ほどですが、今のところ問題なく使っています。システムの不具合がありましたか？ありません。,経費精算のデジタル化により、テレワークでも対応できる点がメリットです。弊社では出張や立替といったケースが多いため、経費精算業務も増えていましたが、それがテレワークでも対応できるというのは非常にありがたいです。この口コミを詳しく見る,入までは経費精算は紙処理が主流だったため、処理に要する時間がかかりストレスを感じていました。そこでこの製品導入によって経費精算のデジタル化を導入。会計ソフトと連携することで、経費精算処理に係る時間短縮はもちろんのこと、処理負担の軽減にもつながりました。楽楽精算の改善してほしい点改善してほしい点は現時点ではありません。導入してから約10ヶ月ほどですが、今のところ問題なく使っています。システムの不具合がありましたか？ありません。楽楽精算導入で得られた効果・メリット経費精算のデジタル化により、テレワークでも対応できる点がメリットです。弊社では出張や立替といったケースが多いため、経費精算業務も増えていましたが、それがテレワークでも対応できるというのは非常にありがたいです。
737,2022/09/04,交通費の経路の確認が非常にシンプルで便利。またこの時代に合った時間と場所を気にせずどこでもデータ入力が可能な点。,もう少し見やすい仕様になれば更に使いやすくなるかなと。それ以外は特に目立った使いづらい点はありません。,一番は経路検索の時間が大幅に短縮できた点が１番大きかった。あとは、紙での証明書などが必要なくなったのもメリットにはなっている。この口コミを詳しく見る,路の確認が非常にシンプルで便利。またこの時代に合った時間と場所を気にせずどこでもデータ入力が可能な点。楽楽精算の改善してほしい点もう少し見やすい仕様になれば更に使いやすくなるかなと。それ以外は特に目立った使いづらい点はありません。楽楽精算導入で得られた効果・メリット一番は経路検索の時間が大幅に短縮できた点が１番大きかった。あとは、紙での証明書などが必要なくなったのもメリットにはなっている。
738,2022/09/03,画面が見やすく、誰でも使いやすい仕様になっていると思います。私はこのサービスを初めて利用しましたが、操作方法を教えてもらわずとも、直感的に利用ができています。,今のところは特に感じていません。動きが遅いということもないですし、便利だと思います。強いて言えば中小企業向けかと感じます。システムの不具合がありましたか？今のところは特にありません。,今まで交通費はエクセルにいちいち手打ちしてまとめており、面倒だったのですが、ICカードに紐付けることにより、自動で精算してくれるようになりました…。事務的負担が軽減され、本当に助かっています！この口コミを詳しく見る,すく、誰でも使いやすい仕様になっていると思います。私はこのサービスを初めて利用しましたが、操作方法を教えてもらわずとも、直感的に利用ができています。楽楽精算の改善してほしい点今のところは特に感じていません。動きが遅いということもないですし、便利だと思います。強いて言えば中小企業向けかと感じます。システムの不具合がありましたか？今のところは特にありません。楽楽精算導入で得られた効果・メリット今まで交通費はエクセルにいちいち手打ちしてまとめており、面倒だったのですが、ICカードに紐付けることにより、自動で精算してくれるようになりました…。事務的負担が軽減され、本当に助かっています！
739,2022/09/03,とにかく楽でスムーズです！領収書も画像添付でき、経理部とのやり取りもスムーズ。上長承認も全てWEB上で完結できるため、作業効率UP、業務短縮ができ、しかもはじめてのユーザーでも使いやすく満足しています。,一覧の履歴を閲覧する項目が少し小さく見づらいと感じることがありましたが、今では慣れて特に気になりません。システムの不具合がありましたか？特にありません。,このシステム導入までは経理部との紙のやり取りだった為、不備がある時の再提出や、出社しないと対応できなかった非効率感などが全て解決できました。在宅ワークが新しい日常となった今、なくてはならないツールだと感じます。この口コミを詳しく見る,でスムーズです！領収書も画像添付でき、経理部とのやり取りもスムーズ。上長承認も全てWEB上で完結できるため、作業効率UP、業務短縮ができ、しかもはじめてのユーザーでも使いやすく満足しています。楽楽精算の改善してほしい点一覧の履歴を閲覧する項目が少し小さく見づらいと感じることがありましたが、今では慣れて特に気になりません。システムの不具合がありましたか？特にありません。楽楽精算導入で得られた効果・メリットこのシステム導入までは経理部との紙のやり取りだった為、不備がある時の再提出や、出社しないと対応できなかった非効率感などが全て解決できました。在宅ワークが新しい日常となった今、なくてはならないツールだと感じます。
740,2022/09/03,クライアント情報と紐づく契約内容の管理、年間の売上予算管理から受注状況、経費までの実績管理が楽々精算上で簡潔できるうえ、カスタマイズ性も高く、自社システムとの連携なども便利に使えている。,カスタマイズ性が高い分しっかり設計して初期から作り込んでいかないと既存のデータを後で形を変えるなど意外と大変な印象がある。もちろん作り込むのに時間もかかるので、開発を容易にするプラグインなどが導入されるといいかも。,承認ルートが部署ごと、金額別などしっかり設定できて、管理側への通知もわかりやすい。ペーパーレス化によって、所在地の離れたグループ会社への資料提出なども紙でのやりとりがなくなったので無駄な移動や作業が無くなった。予算・実績管理もシステム上で確認でき、社内での情報共有も容易になった。この口コミを詳しく見る,ト情報と紐づく契約内容の管理、年間の売上予算管理から受注状況、経費までの実績管理が楽々精算上で簡潔できるうえ、カスタマイズ性も高く、自社システムとの連携なども便利に使えている。楽楽精算の改善してほしい点カスタマイズ性が高い分しっかり設計して初期から作り込んでいかないと既存のデータを後で形を変えるなど意外と大変な印象がある。もちろん作り込むのに時間もかかるので、開発を容易にするプラグインなどが導入されるといいかも。楽楽精算導入で得られた効果・メリット承認ルートが部署ごと、金額別などしっかり設定できて、管理側への通知もわかりやすい。ペーパーレス化によって、所在地の離れたグループ会社への資料提出なども紙でのやりとりがなくなったので無駄な移動や作業が無くなった。予算・実績管理もシステム上で確認でき、社内での情報共有も容易になった。
741,2022/09/03,これまで紙で提出していた大量の領収書を、写真に撮って送るだけにできるようになり、提出者も領収書を無くしたりしなくなったし、経理もデータ上で確認でき、わざわざ集計しなくても良くなった点,費目コードが多すぎてよくわからないのと、入力する項目が多すぎるので、もう少しシンプルな機能にして欲しいのと、マニュアルがあれば嬉しい。システムの不具合がありましたか？特になし,経理の人は月末に領収書整理に追われることなく定時で上がれるようになったこと。また、紙の領収書を保管する必要が無くなったことで、事務所の保管スペースにも空きが出た。,経理が紙の領収書に追われているような会社では費用対効果は圧倒的に楽楽精算がよい
742,2022/09/03,会社の経費精算で導入しています。わざわざ紙で証憑を提出する必要がなくなり、経理の人は大助かり、申請側も写真でアップするだけなので一瞬で完了して効率化が図れています。,弊社だけかもしれませんが、経費の科目と組織・部署が多いため、どの費目で経費を上げればいいのか、部署を探すのに若干苦労します。システムの不具合がありましたか？特になかったと思う。,証憑の電子保存ができるようになり、紙の領収書を保管する必要とその置き場がいらなくなった。経理の人がわざわざ紙を集めて紛失することもなくなった。,領収書のペーパーレス化、経理の効率化
743,2022/09/02,タイトル通りですが、スマートフォンからでもアプリをとって申請承認ができます。交通費精算など残タスクにすると、面倒なことが帰りの電車で完結します。,社内の機密情報などの入った、支払い依頼に関しては外から見れないのがネック。処理が出来ずとも、権限者に閲覧だけはさせてもらえると有り難い。,経費精算など本業として利益を生み出さない間接業務を徹底的に合理化することで、営業などに割く時間を取れるようになると思う。この口コミを詳しく見る,りですが、スマートフォンからでもアプリをとって申請承認ができます。交通費精算など残タスクにすると、面倒なことが帰りの電車で完結します。楽楽精算の改善してほしい点社内の機密情報などの入った、支払い依頼に関しては外から見れないのがネック。処理が出来ずとも、権限者に閲覧だけはさせてもらえると有り難い。楽楽精算導入で得られた効果・メリット経費精算など本業として利益を生み出さない間接業務を徹底的に合理化することで、営業などに割く時間を取れるようになると思う。
744,2022/09/02,ユーザーインターフェイスが直感的に使いやすく、よくある「次に何したらいいんだ？」と画面を探し回るようなことにならずストレスがなかった,楽々という名前の割には、必要な操作回数がまだまだ多く、もっと洗練させれば減らせる手間が多いように感じました。システムの不具合がありましたか？とくになかった,従来であれば請求書を申請書に貼って上司印もらって人事部に社内便送ってと手間でしたが、スキャンして必要事項入力すれば済むようになったのは末端社員も手間が減って助かっています。,末端社員は助かってます
745,2022/09/01,前までは紙媒体でその都度経費管理をし、手作業でパソコンのエクセルに打ち込んでいたものを、このシステム上で行うことで手間と時間の削減につながった。,唯一改善をして欲しいと言えば、初期に設定する所です。マニュアルやユーザー登録に時間がかかった気がします。システムの不具合がありましたか？特にありません。,このシステムにより手作業での業務負担が激減したので、他の業務を充実させることが出来た。経費の計算のミスも無くなり、残業も減りました。,手作業に比べ、ミスが無くなり効率よく仕事が出来ます！
746,2022/09/01,いままでの経費精算は手書きであったため、間違えることや、計算の見直しをしなければいけなかったが、これを導入したことにより、チェックも楽になった。,入力も簡単のため、特にないが、一度に多くの経費精算をすると、印刷をしたときに何枚もなるため、紙の枚数を減らすようになればなお良い。,経費精算をするのがいままでは億劫だったが、導入したことにより、ためることもなく、まめに精算をするようになった。この口コミを詳しく見る,経費精算は手書きであったため、間違えることや、計算の見直しをしなければいけなかったが、これを導入したことにより、チェックも楽になった。楽楽精算の改善してほしい点入力も簡単のため、特にないが、一度に多くの経費精算をすると、印刷をしたときに何枚もなるため、紙の枚数を減らすようになればなお良い。楽楽精算導入で得られた効果・メリット経費精算をするのがいままでは億劫だったが、導入したことにより、ためることもなく、まめに精算をするようになった。
747,2022/09/01,過去データをいつでも見る事もできるし、申請、承認といったプロセスを一元管理できるのは助かっています。,うちの会社だけかもしれませんが、何故か紙で経理部に提出しなければいけないという二重のフローがあり、正直このソフトのせいではありませんが、不便を感じています。,交通費精算でよく使う路線バス、電車を登録することができ、入力の手間が省けています。また交通系ICカードの読み取りも対応しているので、運賃を調べる手間がないのは、楽です。この口コミを詳しく見る,をいつでも見る事もできるし、申請、承認といったプロセスを一元管理できるのは助かっています。楽楽精算の改善してほしい点うちの会社だけかもしれませんが、何故か紙で経理部に提出しなければいけないという二重のフローがあり、正直このソフトのせいではありませんが、不便を感じています。楽楽精算導入で得られた効果・メリット交通費精算でよく使う路線バス、電車を登録することができ、入力の手間が省けています。また交通系ICカードの読み取りも対応しているので、運賃を調べる手間がないのは、楽です。
748,2022/09/01,今までは紙で回って来た書類を使って精算していたので、依頼だけされて紙が回ってこない…なんて事も。楽楽精算を使い始めてからはその様な事はありません。こちらで印刷して、仕訳して終わり。しかも自動で仕訳もほぼしてくれてあるので後はチェックするだけ(間違いもあるのでしっかり確認はしますが),文字が小さくて見づらいです。精算依頼が来たらポップアップが出るとかの機能が有れば良いなと思いました。あったのかもしれないけど、どこで設定すれば良いのか分かりませんでした。システムの不具合がありましたか？特にありませんでした。,仕訳にかかる時間が少なくなりました。また、今までは精算時に手書きで書いてもらっていた部分(どこに出張に行った、経路等)も打ち込む事ができるので、依頼する人も楽になったと思う。確認する作業も、仕訳が自動で入ったり、自動で計算してくれたり、様式の形式が統一されて見やすくなったり良い事づくめです。,複数部署がある様な会社でしたら、確実に楽になると思います。日々の細々した簡単な仕訳から解放されます。
749,2022/09/01,私の会社では昔ながらの方法で紙の書類をパソコンから印刷し、それに記入しレシートを張り提出するという流れでした。私はデジタルは凄く弱いのですがこちらの製品は特に難しい操作もなくレシートを写真で提出できるので、かさばらずにしかも事務所にわざわざ行くことなく完結できるのですごく助かりました！,特に改善してほしい点などはないのですが、文字がやや小さめ？な気がして大きく太くしていただけるとわかりやすく助かります！,やはりメリットはかさばらない、スピーディーで提出の為に時間を削られないのでその分仕事の時間を確保できることでしょうか、さらに単独で外回りをしているので事務所に戻る時間を気にしなくていいのはすごく楽です！デジタルが苦手で毛嫌いしていましたが、一回教えてもらうだけで理解できました。それぐらい簡単な仕組みです。この口コミを詳しく見る,は昔ながらの方法で紙の書類をパソコンから印刷し、それに記入しレシートを張り提出するという流れでした。私はデジタルは凄く弱いのですがこちらの製品は特に難しい操作もなくレシートを写真で提出できるので、かさばらずにしかも事務所にわざわざ行くことなく完結できるのですごく助かりました！楽楽精算の改善してほしい点特に改善してほしい点などはないのですが、文字がやや小さめ？な気がして大きく太くしていただけるとわかりやすく助かります！楽楽精算導入で得られた効果・メリットやはりメリットはかさばらない、スピーディーで提出の為に時間を削られないのでその分仕事の時間を確保できることでしょうか、さらに単独で外回りをしているので事務所に戻る時間を気にしなくていいのはすごく楽です！デジタルが苦手で毛嫌いしていましたが、一回教えてもらうだけで理解できました。それぐらい簡単な仕組みです。
750,2022/09/01,領収書をスマホアプリで写真を撮ると、自動的に購入先や金額が反映されるのは良いと思います。たまに変な変換されて登録されそうになるが、ちゃんと気をつけていれば問題なかったです。また、過去の伝票をコピーできるのは大変便利で、よく活用してます。,私は部署内で簡単な経理をしています。社員全員が各々、楽楽精算で精算書を作成しますが、必ず「これはどうやるの？」と質問が来て、「全然楽楽じゃない」と言われることがあります。まず、法人クレジットカードと紐付けるときは、税率が混在してても1本で紐付けをしないといけません。税率が異なっている場合は、その後に、マイナス計上をして、税率を変えてプラス計上をする流れです。これがかなり不評です。まだ、領収書をPDFにて楽楽精算に登録する際に、自動的に税率で分かれてしまう。それを修正するのが少し面倒ではあります。紙での精算に比べたら、断然便利ですが、選択する項目が多く、弊社の経理の問題かとおと思いますが要件が細かすぎて、差戻が多くあります。その際の修正などが多く、他の社員からは不評なんだと思います。,法人カードを使用すると、楽楽精算と紐付き、リストにあがるので、精算遅延を回避できるようになった。私は部署内の簡単な経理で、本社の経理ではないが、社員の法人カード使用履歴をみて、「早く精算して下さい」と管理できるようになり、精算遅延が0になったのはとてもメリットです。この口コミを詳しく見る,マホアプリで写真を撮ると、自動的に購入先や金額が反映されるのは良いと思います。たまに変な変換されて登録されそうになるが、ちゃんと気をつけていれば問題なかったです。また、過去の伝票をコピーできるのは大変便利で、よく活用してます。楽楽精算の改善してほしい点私は部署内で簡単な経理をしています。社員全員が各々、楽楽精算で精算書を作成しますが、必ず「これはどうやるの？」と質問が来て、「全然楽楽じゃない」と言われることがあります。まず、法人クレジットカードと紐付けるときは、税率が混在してても1本で紐付けをしないといけません。税率が異なっている場合は、その後に、マイナス計上をして、税率を変えてプラス計上をする流れです。これがかなり不評です。まだ、領収書をPDFにて楽楽精算に登録する際に、自動的に税率で分かれてしまう。それを修正するのが少し面倒ではあります。紙での精算に比べたら、断然便利ですが、選択する項目が多く、弊社の経理の問題かとおと思いますが要件が細かすぎて、差戻が多くあります。その際の修正などが多く、他の社員からは不評なんだと思います。楽楽精算導入で得られた効果・メリット法人カードを使用すると、楽楽精算と紐付き、リストにあがるので、精算遅延を回避できるようになった。私は部署内の簡単な経理で、本社の経理ではないが、社員の法人カード使用履歴をみて、「早く精算して下さい」と管理できるようになり、精算遅延が0になったのはとてもメリットです。
751,2022/08/28,これまでExcelで申請していたが、本システムを利用するようになってから、同じ区間の経路を記憶してくれて毎回同じ申請に時間を使わずに済むようになった。,入力誤り等があるとエラーが出るが、修正箇所がどこなのかたまにわからないことがあるため、そこが提示されるようになると嬉しい。,領収書を撮影して読み込ませるだけで自動で認識してくれるため、わざわざ入力する必要がなく移動中などの隙間時間に申請することができて時間の活用がしやすい。この口コミを詳しく見る,xcelで申請していたが、本システムを利用するようになってから、同じ区間の経路を記憶してくれて毎回同じ申請に時間を使わずに済むようになった。楽楽精算の改善してほしい点入力誤り等があるとエラーが出るが、修正箇所がどこなのかたまにわからないことがあるため、そこが提示されるようになると嬉しい。楽楽精算導入で得られた効果・メリット領収書を撮影して読み込ませるだけで自動で認識してくれるため、わざわざ入力する必要がなく移動中などの隙間時間に申請することができて時間の活用がしやすい。
752,2022/08/27,OCR機能も備わっており請求書や領収証の金額や取引先等が自動で入力されるため、申請者の金額入力ミスなどが減り、経理担当としては非常に助かっています。,支払依頼画面で、支払い金額に含まれる消費税額が表示されないところが不便と感じます。経理で請求書の金額が課税か非課税かを判断する際、楽楽精算上で税率◯%の表記よりも金額で表示された方が突合しやすいので...。また、同じく支払依頼で支払先を入力する際、手入力で入力できない（支払先マスタに登録のある支払先しか入力できない）ような仕様にしてほしいです。,支払先マスタや部門マスタを会計システムと連携できるため、会計システム側での仕訳作成の工数やミスの削減を実現することができました。以前利用していた製品の解約理由ジョブカン。会計システム(MF会計Plus)との連携を考慮してリプレイス。この口コミを詳しく見る,も備わっており請求書や領収証の金額や取引先等が自動で入力されるため、申請者の金額入力ミスなどが減り、経理担当としては非常に助かっています。楽楽精算の改善してほしい点支払依頼画面で、支払い金額に含まれる消費税額が表示されないところが不便と感じます。経理で請求書の金額が課税か非課税かを判断する際、楽楽精算上で税率◯%の表記よりも金額で表示された方が突合しやすいので...。また、同じく支払依頼で支払先を入力する際、手入力で入力できない（支払先マスタに登録のある支払先しか入力できない）ような仕様にしてほしいです。楽楽精算導入で得られた効果・メリット支払先マスタや部門マスタを会計システムと連携できるため、会計システム側での仕訳作成の工数やミスの削減を実現することができました。以前利用していた製品の解約理由ジョブカン。会計システム(MF会計Plus)との連携を考慮してリプレイス。
753,2022/08/25,営業の交通費、出張費等の計算に使用しております。経理の方にお聞きしたら、こちらのシステムを導入してから計算が楽になったそうです。特にスマホアプリが使用しやすいです。,パソコンでのシステムは使用しにくいです。少し字が小さめでしたり、どのセグメントで入力すればいいか等が最初わかりづらかったです。パスワードを忘れた際に、再発行をするのに経理の承認がいる部分も不便です。システムの不具合がありましたか？特にないです。,外出先でも、交通費の領収書等を写真でとったら、文字をスキャンできる。新幹線の中でも、スマホ1本で交通費計算処理できる点がいいと思いました。この口コミを詳しく見る,費、出張費等の計算に使用しております。経理の方にお聞きしたら、こちらのシステムを導入してから計算が楽になったそうです。特にスマホアプリが使用しやすいです。楽楽精算の改善してほしい点パソコンでのシステムは使用しにくいです。少し字が小さめでしたり、どのセグメントで入力すればいいか等が最初わかりづらかったです。パスワードを忘れた際に、再発行をするのに経理の承認がいる部分も不便です。システムの不具合がありましたか？特にないです。楽楽精算導入で得られた効果・メリット外出先でも、交通費の領収書等を写真でとったら、文字をスキャンできる。新幹線の中でも、スマホ1本で交通費計算処理できる点がいいと思いました。
754,2022/08/25,出張費、交通費精算や会食等その他精算など、同画面から選択して遷移できる為、操作が難しく無い点はメリットと考えます。,請求書や領収書等のエビデンスを添付する際に、各精算画面から一括で行えず（操作方法が分かっていない可能性もあり）ウィンドウを開いて閉じての回数が多い為そこが面倒くさい。システムの不具合がありましたか？特段ありません。,交通費といっても社内の規則上、複数パターンあったり、精算の手順が複雑だったのですが、本システムではそれぞれ使い分けが行える。,機能が豊富です。
755,2022/08/24,ペーパーレスでの運用ができる為、上長決裁、本社経理への申請、承認が遠隔でもスピーディーに行うことができる。,画面の表示、アイコンなのが若干古臭い為、見づらく新規の利用の際に若干戸惑ってしまう可能性があります。システムの不具合がありましたか？なし,経費の申請に関して、申請者、決裁者、管理者がそれぞれシームレスに進行していく為、本社が道外遠隔の場合もスピーディーに対応することができた。,正確でスピーディーな経費精算業務を実現できると思います。
756,2022/08/24,主に利用するのは交通費申請なのですが、使用頻度の高い路線ルートを登録する事が出来るため別の機会に申請する際の手間が省けて大変良いです。また、マニュアルが動画として見られるのが非常に珍しいかつ分かりやすいため、問い合わせすることがなくなりました。画面レイアウトも本当に必要最低限の表示なのにわかりやすく、操作も直感的に行えるため使用しやすく気に入っております。,領収書の添付がPDFの為、画像から変換する必要があり少々煩雑。また、添付方法も分かりずらい為その点もシンプルにして頂きたいです。システムの不具合がありましたか？特にありません。初期設定が少々手間取りました。,外部サイトで経路・交通費を調べて記入し申請という手間から開放されたほか、申請者によっては文字が崩れており数字の判別がしにくい事も多々ありましたが、そういった不安要素がなくなり正確性が向上しました。この口コミを詳しく見る,るのは交通費申請なのですが、使用頻度の高い路線ルートを登録する事が出来るため別の機会に申請する際の手間が省けて大変良いです。また、マニュアルが動画として見られるのが非常に珍しいかつ分かりやすいため、問い合わせすることがなくなりました。画面レイアウトも本当に必要最低限の表示なのにわかりやすく、操作も直感的に行えるため使用しやすく気に入っております。楽楽精算の改善してほしい点領収書の添付がPDFの為、画像から変換する必要があり少々煩雑。また、添付方法も分かりずらい為その点もシンプルにして頂きたいです。システムの不具合がありましたか？特にありません。初期設定が少々手間取りました。楽楽精算導入で得られた効果・メリット外部サイトで経路・交通費を調べて記入し申請という手間から開放されたほか、申請者によっては文字が崩れており数字の判別がしにくい事も多々ありましたが、そういった不安要素がなくなり正確性が向上しました。
757,2022/08/20,楽楽精算で、経費の精算が楽になりました。いままでは一個ずつ、紙に領収書をはりつけて、申請していたが、PCですぐに、出来てとても助かります。特に電車などの精算が楽です。,経費精算の項目がありすぎて、使い慣れるまでに時間がかかりました。取り扱い説明書などが、もうちょっとわかりやすければ助かります。システムの不具合がありましたか？トラブルはありません。,今迄経費精算が煩わしかったのですが、楽楽精算を導入してからはPCですぐに、申請できるので、業務の効率化になりました。特に会社に行かなくても精算出来るのは助かります。,経費の管理などがわかりやすい
758,2022/08/20,以前までは精算するためにパソコンで作成した書類を紙にして経理へ提出していた。紙にする必要なく経理へ提出できるようになり非常に便利。,改善点としては、ボタンの大きさが小さいように感じ、押し間違えをしてしまうことがあります。申請ができたことをメールなどで確認できると良いかも,ペーパーレス化したことにより、印刷などの手間が省け時間短縮につながった。年間で自分の精算した金額が的確に分かるので良いこの口コミを詳しく見る,精算するためにパソコンで作成した書類を紙にして経理へ提出していた。紙にする必要なく経理へ提出できるようになり非常に便利。楽楽精算の改善してほしい点改善点としては、ボタンの大きさが小さいように感じ、押し間違えをしてしまうことがあります。申請ができたことをメールなどで確認できると良いかも楽楽精算導入で得られた効果・メリットペーパーレス化したことにより、印刷などの手間が省け時間短縮につながった。年間で自分の精算した金額が的確に分かるので良い
759,2022/08/20,今までの経費精算だと領収書の管理が必要で、紛失すると手間がかかった。楽楽精算ではペーパーレス化できるので、領収書の管理が楽になった。,クレジットカードとの連携ができる点がいいが、レスポンスが少し遅い気がする。もう少し早いと月末の処理がしやすいと思う。,財務部の管理がしやすくなると思う。領収書の管理は人それぞれでやり方も異なっていた。統一化できるのはすごく楽になり、効率化できた。この口コミを詳しく見る,費精算だと領収書の管理が必要で、紛失すると手間がかかった。楽楽精算ではペーパーレス化できるので、領収書の管理が楽になった。楽楽精算の改善してほしい点クレジットカードとの連携ができる点がいいが、レスポンスが少し遅い気がする。もう少し早いと月末の処理がしやすいと思う。楽楽精算導入で得られた効果・メリット財務部の管理がしやすくなると思う。領収書の管理は人それぞれでやり方も異なっていた。統一化できるのはすごく楽になり、効率化できた。
760,2022/08/20,外資系の経費精算アプリはマニュアルを見ないと使い方がわからなかったが、楽楽精算は特に見なくても直感的に使える。,部下からの申請を承認者としても使用しているが、一度承認すると、承認履歴を見ることができない。過去の承認履歴を見れるようにしてほしい。システムの不具合がありましたか？トラブルは特にない。改善要望に記載したとおり、部下からの申請について、一度承認すると、後から見返すことができないくらい。,直感的に使用できるので、情報システム部門から使用者への説明コストが低くて済むと思う。また、運用開始後の問い合わせコストも低いと思う。,直感的に使えます！
761,2022/08/19,他のサイトを閲覧、検索せずに交通費の経路、金額が完了できます。定期経路分を自動で除外してくれるのもかなり楽。,普通に使いやすいのでそれほど気になる改善点はございません。しいて言うなら、タクシーを使った場合の金額入力欄がちょっと違和感を覚えます。,交通費精算の際の面倒な検索や計算などの大半の手間が省けます。領収書がなければペーパーレスで運用できる点も良く、承認側の手間はかなり削減されています。,簡単に精算できるツールです。
762,2022/08/18,従来では紙媒体で都度経費管理し、手作業でエクセルなどに打ち込んでいたものをこのシステム上で行うことで手間の削減につながった。,システムとしてはとても優れているが、初期設定にIT知識がかなり必要と感じ、会社でこれを使いこなせる人材が少なかった。もう少し説明書等充実させてほしい。,当時我社は経理部門に多くの経費がかかっており、経費削減に取り組まなければならなかったのだが、このシステムを導入して初期費用等システム費を考慮に入れても約400万円ほど経費削減でき、とても感謝している。この口コミを詳しく見る,媒体で都度経費管理し、手作業でエクセルなどに打ち込んでいたものをこのシステム上で行うことで手間の削減につながった。楽楽精算の改善してほしい点システムとしてはとても優れているが、初期設定にIT知識がかなり必要と感じ、会社でこれを使いこなせる人材が少なかった。もう少し説明書等充実させてほしい。楽楽精算導入で得られた効果・メリット当時我社は経理部門に多くの経費がかかっており、経費削減に取り組まなければならなかったのだが、このシステムを導入して初期費用等システム費を考慮に入れても約400万円ほど経費削減でき、とても感謝している。
763,2022/08/18,特に良かったと感じたところは、手入力のミスがすごく減ったことです。しかも仕分けデータも自動生成してもらえてすごく助かっています！,私が唯一困ったところは初期設定です。マニュアルやユーザー登録などと言った設定がすごく難しく、時間がかかってしまいました。システムの不具合がありましたか？チャットの返信が遅い時がある。,前は精算業務が溜まっていき、なかなか終わらず夜遅くまで仕事をすることが多かったのですが、この楽楽精算のおかげで時間が短縮され、ミスもかなり減らすことが出来ました。,このおかげで時間もミスも減らせます！
764,2022/08/17,交通費の精算や経費精算時の領収書が携帯アプリから撮影可能で経費処理の手間や時間を削減する事が出来る。,領収書の読み取り精度の向上や新幹線利用明細書などよく使うものを学習して欲しい。よく使う公共交通ルート保存などもあると精算しやすい。システムの不具合がありましたか？大きな不具合はありませんが承認が遅い人にシステムから促せると助かります。,コーポレートカードにて在来線を除く、新幹線や飛行機、交際費を支払っておりカード利用明細と領収書の紐付けが簡単に行えるので営業、管理共に業務が軽減された。特に管理部の軽減は大きく感謝しています。,システムを利用する事で都度、管轄上長が経費内訳が確認出来るので経費のあり方の見直しにも活用出来ます。
765,2022/08/17,会社での費用の精算にいつも使用させていただいておりますが簡単に請求できます。やりとりもスムーズになりました。,現状で凄く満足できるサービスなので現状維持をお願いいたします。もし実装できるなら文字読み取り機能で写真のみで請求できれば助かります。,少ない金額だと今まで請求が面倒でしてなかったのですが楽楽精算をとりいれてからは100円ショップでの購入でも請求するようになりました。この口コミを詳しく見る,用の精算にいつも使用させていただいておりますが簡単に請求できます。やりとりもスムーズになりました。楽楽精算の改善してほしい点現状で凄く満足できるサービスなので現状維持をお願いいたします。もし実装できるなら文字読み取り機能で写真のみで請求できれば助かります。楽楽精算導入で得られた効果・メリット少ない金額だと今まで請求が面倒でしてなかったのですが楽楽精算をとりいれてからは100円ショップでの購入でも請求するようになりました。
766,2022/08/17,現職で初めて使用しましたが、初心者でも比較的簡単に交通費が精算出来るため非常に使い勝手がよく、助かっています。,現状特に不満等はありませんが、もう少し乗り換え入力が省略出来るとありがたいです。何回か違う線で乗り換えをすると、その都度入力しなければいけないので手間だと感じる事は多少あります。システムの不具合がありましたか？現状不備なく使用出来ているので問題ありません。,弊社の場合、承認ルートが比較的に短いのですぐに精算完了通知が届くため凄く助かっています。支払日についても精算が完了すれば数日で確定するのでありがたいです。,初心者でも扱いやすいので、外回りで外出が多い方にはお勧めです。
767,2022/08/17,領収書の読み取り、自動入力の精度が高く、経費精算が本当に簡単になりました。なぜ経費精算だけこれまでアナログだったんだろうと今では不思議で仕方ないです。もう紙を使っての処理には戻れません。,モバイルPASMOが当たり前になってきている中で、iPhone13内のモバイルPASMOの読み取りができず、手入力をするしかなかったのが非常に困りました。業務効率化のために楽楽精算を使っているのでモバイルPASMO対応は早急にお願いしたいです。,これまで経費は領収書を紙に貼って、紙での申請、印鑑押印しての処理をしていたため、在宅勤務をしているとこのためだけに出社が必要でした。在宅勤務者や出張中の人、同部署の支社メンバーの経費精算もリアルタイムでできるようになり、本当にこれのおかげで働き方改革が進みました。この口コミを詳しく見る,み取り、自動入力の精度が高く、経費精算が本当に簡単になりました。なぜ経費精算だけこれまでアナログだったんだろうと今では不思議で仕方ないです。もう紙を使っての処理には戻れません。楽楽精算の改善してほしい点モバイルPASMOが当たり前になってきている中で、iPhone13内のモバイルPASMOの読み取りができず、手入力をするしかなかったのが非常に困りました。業務効率化のために楽楽精算を使っているのでモバイルPASMO対応は早急にお願いしたいです。楽楽精算導入で得られた効果・メリットこれまで経費は領収書を紙に貼って、紙での申請、印鑑押印しての処理をしていたため、在宅勤務をしているとこのためだけに出社が必要でした。在宅勤務者や出張中の人、同部署の支社メンバーの経費精算もリアルタイムでできるようになり、本当にこれのおかげで働き方改革が進みました。
768,2022/08/17,楽楽精算の仕訳データを編集して会計システムと連携したり、FBデータを銀行の振込システムと連携させて業務効率化を行なっている。,締日(20日)以降翌月末払いの伝票について、「支払予定日」が当月末に設定されてしまうため直したいので対応していただきたい。,社員の定期区間を登録することで、交通費の自動計算をしてくれる点は非常にメリットだと感じている。また、レイアウトがシンプルでわかりやすい所も非常に気に入っている。この口コミを詳しく見る,仕訳データを編集して会計システムと連携したり、FBデータを銀行の振込システムと連携させて業務効率化を行なっている。楽楽精算の改善してほしい点締日(20日)以降翌月末払いの伝票について、「支払予定日」が当月末に設定されてしまうため直したいので対応していただきたい。楽楽精算導入で得られた効果・メリット社員の定期区間を登録することで、交通費の自動計算をしてくれる点は非常にメリットだと感じている。また、レイアウトがシンプルでわかりやすい所も非常に気に入っている。
769,2022/08/16,主に交通費精算に使用しています。マイルートを登録しておけば、毎回、記入する手間が省けてとても楽に交通費精算が出来ています。時短になりとても重宝しています。,弊社では交通費精算の際に備考欄に目的地を記載します。オフィス、クライアント先等。マイルート登録で備考欄に記載ができるのに、マイルートを呼び出すと備考欄の内容だけ消えます。マイルートを登録するくらいなので備考欄も同じ内容を反映したいです。システムの不具合がありましたか？今まで特になし,操作がシンプルである程度、直感的に使用できるので、面倒な経費精算が最短で出来ると思います。時短になるのが最大のメリットかと思います。,直感的な操作で簡単に使える
770,2022/08/16,既存の会計システムと連携できることはもちろん、振込データの生成や自動仕訳、規定違反チェックに対応するなど、業務の効率化を図ってくれます。この製品導入前までは月次や年次の決算時は残業のオンパレードでしたが、この製品導入後は業務の効率化により残業を削減することができました。,改善してほしい点は今のところ特にありません。導入価格が少し高いと感じたりはしますが、メリットが大きいので気にはなりません。,テレワークにもしっかりと対応している点がメリットです。スマホで処理が完了できますので、経費精算のためにわざわざ出社する必要がありません。コロナ禍によるテレワークが推し進められている現代において、ありがたい機能だと思います。この口コミを詳しく見る,システムと連携できることはもちろん、振込データの生成や自動仕訳、規定違反チェックに対応するなど、業務の効率化を図ってくれます。この製品導入前までは月次や年次の決算時は残業のオンパレードでしたが、この製品導入後は業務の効率化により残業を削減することができました。楽楽精算の改善してほしい点改善してほしい点は今のところ特にありません。導入価格が少し高いと感じたりはしますが、メリットが大きいので気にはなりません。楽楽精算導入で得られた効果・メリットテレワークにもしっかりと対応している点がメリットです。スマホで処理が完了できますので、経費精算のためにわざわざ出社する必要がありません。コロナ禍によるテレワークが推し進められている現代において、ありがたい機能だと思います。
771,2022/08/16,従前は交通費精算を行う際に、自社内で使用していたエクセルフォーマットを利用していたのですが、本システム導入後はシステム申請となり、紙で印鑑をもらったりといった煩わしさがなくなった点。,特に改善してほしい点はないと考えております。定期券利用区間等を登録することで、支給対象の交通費かどうかを自動的に計算してくれたりと、交通費精算において困ることは特にありませんでした。,精算業務をシステム管理することで、重複した申請を誤って処理したりといったことがなくなった点は大きいと感じております。従前、二重申請があった際は担当者が見落としてしまった場合は二重支払いといったことがあり、それを遡及的に取り消し処理したりといったことで時間をとられていたのですが、システム化によって自動的に弾くことができるため、業務フローの改善につながった点は一番大きいと思います。この口コミを詳しく見る,費精算を行う際に、自社内で使用していたエクセルフォーマットを利用していたのですが、本システム導入後はシステム申請となり、紙で印鑑をもらったりといった煩わしさがなくなった点。楽楽精算の改善してほしい点特に改善してほしい点はないと考えております。定期券利用区間等を登録することで、支給対象の交通費かどうかを自動的に計算してくれたりと、交通費精算において困ることは特にありませんでした。楽楽精算導入で得られた効果・メリット精算業務をシステム管理することで、重複した申請を誤って処理したりといったことがなくなった点は大きいと感じております。従前、二重申請があった際は担当者が見落としてしまった場合は二重支払いといったことがあり、それを遡及的に取り消し処理したりといったことで時間をとられていたのですが、システム化によって自動的に弾くことができるため、業務フローの改善につながった点は一番大きいと思います。
772,2022/08/15,前まで請求書の捺印で本社まで郵送していたのが簡単にできるようになり、スムーズに先方に請求者を送れるようになった。,最初はかなり使いづらく感じた。勘定科目設定や税率設定、部署選択などなど、一つ一つ再選択しないといけないので、便利になったが、ちょっとした手間が多い。出来るかもしれないがパターン登録できるようになったら嬉しい。システムの不具合がありましたか？トラブルはないが、マニュアルがよくわからなかった。,すぐに請求書が欲しいと言われたら即日で送れることは最大のメリットだと思う。他にもエクセルとかで作るとどうしても体裁を整えるのに時間を要したが、ただ文字を入力するだけなので便利です。この口コミを詳しく見る,書の捺印で本社まで郵送していたのが簡単にできるようになり、スムーズに先方に請求者を送れるようになった。楽楽精算の改善してほしい点最初はかなり使いづらく感じた。勘定科目設定や税率設定、部署選択などなど、一つ一つ再選択しないといけないので、便利になったが、ちょっとした手間が多い。出来るかもしれないがパターン登録できるようになったら嬉しい。システムの不具合がありましたか？トラブルはないが、マニュアルがよくわからなかった。楽楽精算導入で得られた効果・メリットすぐに請求書が欲しいと言われたら即日で送れることは最大のメリットだと思う。他にもエクセルとかで作るとどうしても体裁を整えるのに時間を要したが、ただ文字を入力するだけなので便利です。
773,2022/08/13,経費精算がPCでもスマホからでも簡単に出来て便利。隙間時間にスマホから経費申請が可能になり、時間を有効活用できる。,経費項目が沢山あるのはありがたいが、どこに何があるか分かりづらいので、もう少し分かりやすくなるとさらに良い。,今までは紙で申請していちいちバウチャーを出さないといけなかったので、会社に戻ってわざわざ精算しないといけなかったが、このシステムを使うことでそのまま経費申請が、可能になり、経費精算のためにわざわざ多くの時間を割くことがなくなったこの口コミを詳しく見る,PCでもスマホからでも簡単に出来て便利。隙間時間にスマホから経費申請が可能になり、時間を有効活用できる。楽楽精算の改善してほしい点経費項目が沢山あるのはありがたいが、どこに何があるか分かりづらいので、もう少し分かりやすくなるとさらに良い。楽楽精算導入で得られた効果・メリット今までは紙で申請していちいちバウチャーを出さないといけなかったので、会社に戻ってわざわざ精算しないといけなかったが、このシステムを使うことでそのまま経費申請が、可能になり、経費精算のためにわざわざ多くの時間を割くことがなくなった
774,2022/08/09,楽楽と言ってるだけあって、本当に楽です。よく駅が離れた支社に行くのですが、その区間の電車利用料の請求が交通系ICカードをリーダーにかざすだけでできるようになりました。（利用履歴がデータ化されるので、その中から精算したい物を選ぶ感じ）,社用のものを電子マネー系で支払うことがあるので、その部分までカバーしてもらえるようになると嬉しいです。,領収書をあつめて、まとめて、記入して提出するより、この楽楽清算を使ったほうが時間の短縮になります。手書きだとどうしても抜け漏れがあったりして、再提出なんてことがありますがこのシステムを使っているとあまり遭遇しません。この口コミを詳しく見る,てるだけあって、本当に楽です。よく駅が離れた支社に行くのですが、その区間の電車利用料の請求が交通系ICカードをリーダーにかざすだけでできるようになりました。（利用履歴がデータ化されるので、その中から精算したい物を選ぶ感じ）楽楽精算の改善してほしい点社用のものを電子マネー系で支払うことがあるので、その部分までカバーしてもらえるようになると嬉しいです。楽楽精算導入で得られた効果・メリット領収書をあつめて、まとめて、記入して提出するより、この楽楽清算を使ったほうが時間の短縮になります。手書きだとどうしても抜け漏れがあったりして、再提出なんてことがありますがこのシステムを使っているとあまり遭遇しません。
775,2022/08/08,紙での精算申請と比べて、何もかもが数段楽になりました。交通系ICカード利用時の精算はピッとかざすと利用履歴が出てきます。その中から対象のものを選ぶだけというシステムが気に入っています。,交通系ICカードを精算システムと連携しておけばピッとかざさなくても自動で利用履歴が出るようになれば、もっと申請が簡単になると思います。ですが、現在でもかなり満足しています。,紙での精算申請では、書き損じで時間も紙も浪費することがありましたが、このシステムを使うことで無駄を削減することができました。この口コミを詳しく見る,申請と比べて、何もかもが数段楽になりました。交通系ICカード利用時の精算はピッとかざすと利用履歴が出てきます。その中から対象のものを選ぶだけというシステムが気に入っています。楽楽精算の改善してほしい点交通系ICカードを精算システムと連携しておけばピッとかざさなくても自動で利用履歴が出るようになれば、もっと申請が簡単になると思います。ですが、現在でもかなり満足しています。楽楽精算導入で得られた効果・メリット紙での精算申請では、書き損じで時間も紙も浪費することがありましたが、このシステムを使うことで無駄を削減することができました。
776,2022/08/07,領収書やICカードを使った際の請求などのデータ読み込み機能が豊富です。いちいちPCに打ち込んで間違えることがないので、ストレスが減りました。,請求にミスがあったときなど、申請が棄却された際のお知らせをポップアップなど目立つ方法で教えてくれる機能があると嬉しい。,領収書の内容を毎回打ち込みするのに時間がかかり、ストレスになっていました。交通費の立替も多いため精算するために過去の利用ログを見返す必要があったり、つい精算系の雑務を後回しにしがちでしたが、専用アプリから撮影した画像で自動データ化してくれたり、ICカードをかざすと利用履歴を自動で取得してくれたりと、かなり申請を作る時間が減りました。この口コミを詳しく見る,Cカードを使った際の請求などのデータ読み込み機能が豊富です。いちいちPCに打ち込んで間違えることがないので、ストレスが減りました。楽楽精算の改善してほしい点請求にミスがあったときなど、申請が棄却された際のお知らせをポップアップなど目立つ方法で教えてくれる機能があると嬉しい。楽楽精算導入で得られた効果・メリット領収書の内容を毎回打ち込みするのに時間がかかり、ストレスになっていました。交通費の立替も多いため精算するために過去の利用ログを見返す必要があったり、つい精算系の雑務を後回しにしがちでしたが、専用アプリから撮影した画像で自動データ化してくれたり、ICカードをかざすと利用履歴を自動で取得してくれたりと、かなり申請を作る時間が減りました。
777,2022/08/07,とにかく面倒な立替費と交通費精算が楽にできます。・領収書をスマホで撮影しアップロード・交通費は区間で検索した料金の投入。他製品との比較はしておらずわからないが、使い勝手で困ったことは全くない,できれば撮影した領収書をocrで読み取る機能があると、文字で自分で投入する必要がなく、さらに効率があがると思います。,リモートワークが基本になると営業先にも直行直帰が多く、費用精算は自宅で実施することになるが、出社せずとも本システムでできることを考えれば、通勤時間・費用の削減につながると考える。この口コミを詳しく見る,倒な立替費と交通費精算が楽にできます。・領収書をスマホで撮影しアップロード・交通費は区間で検索した料金の投入。他製品との比較はしておらずわからないが、使い勝手で困ったことは全くない楽楽精算の改善してほしい点できれば撮影した領収書をocrで読み取る機能があると、文字で自分で投入する必要がなく、さらに効率があがると思います。楽楽精算導入で得られた効果・メリットリモートワークが基本になると営業先にも直行直帰が多く、費用精算は自宅で実施することになるが、出社せずとも本システムでできることを考えれば、通勤時間・費用の削減につながると考える。
778,2022/08/06,ユーザーとして利用してみましたが、交通費精算も定期ルートを自動で除外してくれますし、特に説明等受けなくても利用できる点が良いです。,利用料金が高いです。コストパフォーマンスを考えれば安いのですが、ユーザー単位がたしか５０人単位でしか増減できないので、中小企業だとコスト面で厳しいケースもあると思います。システムの不具合がありましたか？不具合はないです。,交通費精算だけでも書類記入＋押印と比較すると1時間ほど短縮できているかと思います。社員数×1時間ほど労働時間削減できると思います。,とりあえずトライアルしてみるといいかと思います。
779,2022/08/06,レシートや領収証など、写真を撮ると金額や支払い先を判別して自動で入力してくれるので一つひとつ入力する手間が省けるのが楽でした。写真の読み取り精度も高いです。,交通費の精算が少し面倒です。使った路線を一つずつ入力しなければいけないため、入力に手間を感じています。,以前は購入した備品を小口現金で払い後日本社にレシートを送って精算するという流れでしたが、楽楽精算が取り入れられてからは写真データの送付のみで済むため、運営側がレシートを送らなければいけないという作業負担が減りました。,備品や交通費を現金で精算している場合は、楽楽精算の導入は大きなメリットになると思います
780,2022/08/05,乗り換え案内と連携しているため、電車料金を計算しなくても入力できます。また事前に定期券を登録しておけば定期代金を含めた計算や行ってくれます。,バスの乗り換え案内が弱く、探すのが面倒な時があります。またもう少し直感的な操作性にしてほしいです。Googleマップのような乗り換え案内を期待します。また予想変換やよく行くルートの記憶等とあればなおさらいいと思います。,以前までは自分の携帯で運賃を調べて入力しておりました。またエビデンスとしてスイカの履歴を提出しておりました。そこから比較すると圧倒的に便利になりました。また間違えやミスも少なくなりました。この口コミを詳しく見る,内と連携しているため、電車料金を計算しなくても入力できます。また事前に定期券を登録しておけば定期代金を含めた計算や行ってくれます。楽楽精算の改善してほしい点バスの乗り換え案内が弱く、探すのが面倒な時があります。またもう少し直感的な操作性にしてほしいです。Googleマップのような乗り換え案内を期待します。また予想変換やよく行くルートの記憶等とあればなおさらいいと思います。楽楽精算導入で得られた効果・メリット以前までは自分の携帯で運賃を調べて入力しておりました。またエビデンスとしてスイカの履歴を提出しておりました。そこから比較すると圧倒的に便利になりました。また間違えやミスも少なくなりました。
781,2022/08/05,経費精算の上長承認等、従前は紙回覧を行なっており、非効率かつ一括管理が不可だったが、本製品導入により一括管理が可能となった。,領収書を読み取る際、正しく情報が記載されず、OCRの精度が低いと感じることがあるため、改善してほしい。,従前は紙で回付されていた経費精算を、電子化することができ、社内の業務効率化に寄与した上、システム上での一括管理も容易になった。この口コミを詳しく見る,上長承認等、従前は紙回覧を行なっており、非効率かつ一括管理が不可だったが、本製品導入により一括管理が可能となった。楽楽精算の改善してほしい点領収書を読み取る際、正しく情報が記載されず、OCRの精度が低いと感じることがあるため、改善してほしい。楽楽精算導入で得られた効果・メリット従前は紙で回付されていた経費精算を、電子化することができ、社内の業務効率化に寄与した上、システム上での一括管理も容易になった。
782,2022/08/04,文字通り簡単に精算ができる。出張費用だけではなく、経費も簡単に精算処理ができる。非常に使い勝手が良かったです。,トップページにガイドはあるものの、使い方を理解するまでは難しかったです。トップページの4つの機能も少しわかりづらかったです。,紙のやりとりが激減したのでこの部分でペーパレス化は実現した。楽楽精算が導入され、テレワーク日でも精算業務ができるようになったため、精算処理のために出社する必要がなくなり、無駄な移動時間が削減できるようになりました。この口コミを詳しく見る,単に精算ができる。出張費用だけではなく、経費も簡単に精算処理ができる。非常に使い勝手が良かったです。楽楽精算の改善してほしい点トップページにガイドはあるものの、使い方を理解するまでは難しかったです。トップページの4つの機能も少しわかりづらかったです。楽楽精算導入で得られた効果・メリット紙のやりとりが激減したのでこの部分でペーパレス化は実現した。楽楽精算が導入され、テレワーク日でも精算業務ができるようになったため、精算処理のために出社する必要がなくなり、無駄な移動時間が削減できるようになりました。
783,2022/08/04,マニュアルを見なくても、直感的にわかる項目と配置により、簡単に経費精算ができるため、ITに疎い営業担当でも簡単に申請できる。,管理者メニューのデータを抽出する際、csvのレイアウトが少し見にくい時があるため、摘要が長い時は工夫してほしい。,会計システムとの連携、仕訳取り込みの設定や、科目の設定が非常にシンプルかつフレキシブルなため扱いやすい。この口コミを詳しく見る,を見なくても、直感的にわかる項目と配置により、簡単に経費精算ができるため、ITに疎い営業担当でも簡単に申請できる。楽楽精算の改善してほしい点管理者メニューのデータを抽出する際、csvのレイアウトが少し見にくい時があるため、摘要が長い時は工夫してほしい。楽楽精算導入で得られた効果・メリット会計システムとの連携、仕訳取り込みの設定や、科目の設定が非常にシンプルかつフレキシブルなため扱いやすい。
784,2022/08/04,乗換検索の候補の選択が選びやすい。定期ルートを含んだ自動計算などが分かりやすい。コピー機能が便利。,お気に入り登録が使いにくい、別画面で呼び出しが視点が移ってしまい選びにくい。同じ画面でツールチップなどで候補が出ると便利。稀に、地方バス（静岡バス）など検索できないことがある。,以前はエクセルシートに記入していたが、ランドマークを記入すれば経路を検索できることが便利。また、いろんな交通網に対応しているが地方交通網の対応に期待したい。この口コミを詳しく見る,候補の選択が選びやすい。定期ルートを含んだ自動計算などが分かりやすい。コピー機能が便利。楽楽精算の改善してほしい点お気に入り登録が使いにくい、別画面で呼び出しが視点が移ってしまい選びにくい。同じ画面でツールチップなどで候補が出ると便利。稀に、地方バス（静岡バス）など検索できないことがある。楽楽精算導入で得られた効果・メリット以前はエクセルシートに記入していたが、ランドマークを記入すれば経路を検索できることが便利。また、いろんな交通網に対応しているが地方交通網の対応に期待したい。
785,2022/08/04,電子帳簿保存法対応なので全てのデータをここに集結しておけば良いです。とくに、これまでは上司に申請しなければならなかった請求の処理を自動化する事で心の負担もとても軽くなった。出張などの交通費精算がとても便利で、乗り換え案内内蔵でICカードも連携出来るので手入力によるミスが無くなる。,OCRの精度があまり良くない。OCRというのはソフト毎の性能なのか、それともこれが日本語読み取りの限界なのかは分かりませんが手書きだと取得漏れが多いです。,なんと言っても精算のペーパーレス化が進んだこと。物理的なスペースだけでなく、紙代、コピーインク代などの削減にも繋がった。この口コミを詳しく見る,存法対応なので全てのデータをここに集結しておけば良いです。とくに、これまでは上司に申請しなければならなかった請求の処理を自動化する事で心の負担もとても軽くなった。出張などの交通費精算がとても便利で、乗り換え案内内蔵でICカードも連携出来るので手入力によるミスが無くなる。楽楽精算の改善してほしい点OCRの精度があまり良くない。OCRというのはソフト毎の性能なのか、それともこれが日本語読み取りの限界なのかは分かりませんが手書きだと取得漏れが多いです。楽楽精算導入で得られた効果・メリットなんと言っても精算のペーパーレス化が進んだこと。物理的なスペースだけでなく、紙代、コピーインク代などの削減にも繋がった。
786,2022/08/03,今までは稟議を通したり、紙の領収書の提出、経理への申請フローが必要だったが、楽楽精算を導入してからは、デジタルの領収書で申請が行え、かつ承認まで1つのツールで完結するようになった。,承認フローの宛先が分かりにくい。全体的にUIが悪く、「何がどこに」存在するのか探すのに一苦労する点。,今までは申請フローを回すのが面倒で、申請を忘れてしまうこともしばしばあったものの、楽楽精算を挿入してからは、すぐに申請フローを回すことができるため、申請漏れがなくなった。この口コミを詳しく見る,議を通したり、紙の領収書の提出、経理への申請フローが必要だったが、楽楽精算を導入してからは、デジタルの領収書で申請が行え、かつ承認まで1つのツールで完結するようになった。楽楽精算の改善してほしい点承認フローの宛先が分かりにくい。全体的にUIが悪く、「何がどこに」存在するのか探すのに一苦労する点。楽楽精算導入で得られた効果・メリット今までは申請フローを回すのが面倒で、申請を忘れてしまうこともしばしばあったものの、楽楽精算を挿入してからは、すぐに申請フローを回すことができるため、申請漏れがなくなった。
787,2022/08/03,今までエクセルの専用フォーマットで作成、印刷して、領収書を紙に貼り付けて提出していた旅費交通費精算が、いつでもアプリ上で行えるようになったのは良いです。,旅費交通費精算をするときに明細を作成するのですが、各明細に領収書を一枚までしか添付出来ないため、一日に何枚も領収書がある場合に枚数ごとに明細を複製しないといけない点は改善してほしい。,旅費交通費の精算を紙で行っていた際は、上長が確認、ハンコを押して経理部門まで行き着かないと精算されなかったが、楽楽精算は提出後、処理がどこまで進んでいるか見える化されて便利になった。この口コミを詳しく見る,セルの専用フォーマットで作成、印刷して、領収書を紙に貼り付けて提出していた旅費交通費精算が、いつでもアプリ上で行えるようになったのは良いです。楽楽精算の改善してほしい点旅費交通費精算をするときに明細を作成するのですが、各明細に領収書を一枚までしか添付出来ないため、一日に何枚も領収書がある場合に枚数ごとに明細を複製しないといけない点は改善してほしい。楽楽精算導入で得られた効果・メリット旅費交通費の精算を紙で行っていた際は、上長が確認、ハンコを押して経理部門まで行き着かないと精算されなかったが、楽楽精算は提出後、処理がどこまで進んでいるか見える化されて便利になった。
788,2022/08/03,経費の精算がスマホアプリで写真を撮るだけで利用できる点が便利です。個人で経費の申請が出来ますので経費の立て替えの期間も少なくなりました。,レシートをスキャンする際に違った情報を読み取ってしまう点を改善してほしいです。また、複数のレシートをまとめてスキャンできるようにしてほしいです。システムの不具合がありましたか？大きなトラブルはありません。,今までは事務の方に頼んでいた為、負担が大きかったが個人で写真を撮って経費申請ができるようになり事務さんの業務の削減につながりました。,社員が多い会社には特にお勧めです。
789,2022/08/03,職種柄、車での得意先まわりが多く、駐車場の利用をする度にレシートを溜めていました。精算が事務所にいる時しか出来なくて、忙しい時は数週間レシートを溜めていましたが、楽楽精算は空いた時間に使えるので便利です。,「この得意先に行った時は、この駐車場」という具合にある程度決まっているので、行き先を入力する際に候補が出てくると嬉しい。システムの不具合がありましたか？特になし。,数週間前の精算となると、過去の日報を見直して何処に行ったかを調べて精算をしていましたが、楽楽精算は空いた時間にどこでも出来るので、記憶が新しいうちに精算をする事により見直しのムダな時間がなくなった。,精算のスリム化が出来て良いと思います。
790,2022/08/03,クラウドソーシングの請負業務契約の際、企業側からの報酬支払いが「楽楽精算」です。フォーマットへ実績等の必要事項を入力し送信するだけで、後は自動的に報酬の受け取りを待つだけなので、非常に楽だと感じました。,必要事項等の入力や手順など、慣れるまでは分からない部分もあり、企業側担当者へ聞きながら行いました。もう少し直感的に分かりやすくなるといいですね。先にマニュアル等、支払い側の説明があれば問題ないです。システムの不具合がありましたか？特になし。,当初、リモートワークの経験がなく、またリモートカメラがないのでお互いの顔が見えない中で不安もありました。仕事はしたが報酬がきちんと支払われるのか。しかし、楽楽精算では実績を自己申告で、やり取りの証拠も残るので安心して取り引きできました。今後、このシステム導入企業との仕事でしたら安心して取り組めそうです。,ソフトをメール添付し、ソフト上での操作なので複雑ではないです。リモートの場合、分からない部分はメールやチャットでやり取りすればよいです。
791,2022/08/03,サイトのデザイン性が優れており、直感的に操作することが出来ます。色・アイコン等が的確に使われており、すぐに操作に慣れることができました。,サポート体制も整っているため、個人的に困ったことはありませんが、強いてあげるとすると、ITリテラシーに疎い方は導入初期は少し苦労されるかもしれません。ただ、使い始めればすぐに便利さに気づくと思います。,リモートでの勤務に適しています。精算のためだけにわざわざ出社する必要がなくなりました。社員の通勤費という観点でコストカットにもつながっていると思います。この口コミを詳しく見る,ザイン性が優れており、直感的に操作することが出来ます。色・アイコン等が的確に使われており、すぐに操作に慣れることができました。楽楽精算の改善してほしい点サポート体制も整っているため、個人的に困ったことはありませんが、強いてあげるとすると、ITリテラシーに疎い方は導入初期は少し苦労されるかもしれません。ただ、使い始めればすぐに便利さに気づくと思います。楽楽精算導入で得られた効果・メリットリモートでの勤務に適しています。精算のためだけにわざわざ出社する必要がなくなりました。社員の通勤費という観点でコストカットにもつながっていると思います。
792,2022/08/03,今まではエクセルで日常交通費を月末にまとめて処理していて時間を要していましたが、このシステムの導入により、スムーズに精算処理を行うことができてとても楽です。おかげで作業時間を短縮できました。,端末の問題であるかもしれませんが、一度開いていたブラウザが突然閉じてしまい、一からやり直しになりました。microsoftのように自動的に適宜保存してくれる機能があるとバックアップとして助かります。システムの不具合がありましたか？特にはありませんでした。,ipadやパソコン一つあれば外出先でも手の空いた時間に効率良く申請できるので良いです。一度にまとめてやらなくてもその都度清算申請できるのもありがたいです。この口コミを詳しく見る,クセルで日常交通費を月末にまとめて処理していて時間を要していましたが、このシステムの導入により、スムーズに精算処理を行うことができてとても楽です。おかげで作業時間を短縮できました。楽楽精算の改善してほしい点端末の問題であるかもしれませんが、一度開いていたブラウザが突然閉じてしまい、一からやり直しになりました。microsoftのように自動的に適宜保存してくれる機能があるとバックアップとして助かります。システムの不具合がありましたか？特にはありませんでした。楽楽精算導入で得られた効果・メリットipadやパソコン一つあれば外出先でも手の空いた時間に効率良く申請できるので良いです。一度にまとめてやらなくてもその都度清算申請できるのもありがたいです。
793,2022/08/03,これまで手作業で行っていた代金の請求書作成と請求書発送の自動化が出来る点。アプリで簡単にレシートのアップロードが出来る点。,電子領収書の処理がわからない点。複数の交通費申請明細を作った時の順番の並び替えの手段がない点。添付ファイルがPDFしかない点。,スマホでいつでもどこでもすぐに入力出来る。交通乗り換えサービスと連動しているため、経路調査の時間が大幅に短縮された。この口コミを詳しく見る,作業で行っていた代金の請求書作成と請求書発送の自動化が出来る点。アプリで簡単にレシートのアップロードが出来る点。楽楽精算の改善してほしい点電子領収書の処理がわからない点。複数の交通費申請明細を作った時の順番の並び替えの手段がない点。添付ファイルがPDFしかない点。楽楽精算導入で得られた効果・メリットスマホでいつでもどこでもすぐに入力出来る。交通乗り換えサービスと連動しているため、経路調査の時間が大幅に短縮された。
794,2022/08/02,今まで紙ベースでの精算をしていました。正直この時代に電子化されていない精算手続きは面倒でしたがこちらのソフトで煩わしさが一掃されました。,使い勝手がシンプルではない為、少し覚えるまでに手こずる人が多い気がします。慣れればですが、さらにシンプルな表記にしてもらえると助かります。ミスも減ると思います。,処理時間の短縮は抜群です。申請部門も経理も非常に作業時間の削減にも繋がっていますし、まず、ミスが減りました。ここは大きいです。この口コミを詳しく見る,ースでの精算をしていました。正直この時代に電子化されていない精算手続きは面倒でしたがこちらのソフトで煩わしさが一掃されました。楽楽精算の改善してほしい点使い勝手がシンプルではない為、少し覚えるまでに手こずる人が多い気がします。慣れればですが、さらにシンプルな表記にしてもらえると助かります。ミスも減ると思います。楽楽精算導入で得られた効果・メリット処理時間の短縮は抜群です。申請部門も経理も非常に作業時間の削減にも繋がっていますし、まず、ミスが減りました。ここは大きいです。
795,2022/08/02,会社で使用していますが、出発場所と到着場所を入力すると自動的にルートを検索し交通費を算出してくれるのでとても便利です。,総移動距離を一々他のMAPアプリを使用して調べるのが面倒。総移動距離も出発先と到着先から自動的に算出してほしい。システムの不具合がありましたか？特にありません。,自分で一々バス・電車・新幹線の料金を調べ計算する必要がなくなるので、時短につながる。新幹線に関しては往復割引や自由席料金・指定席料金も選択して自動で料金を出してくれるので、とても楽だし交通費精算の時間が短くなる。,交通費の精算がとても楽になる・時短に繋がる！
796,2022/08/02,出張旅費精算は鉄道の時刻表と連動しているため、申請入力が非常に簡単です。入力箇所もタブから選択するものが多く非常に使いやすい。,日付入力の画面が小さいため、選択する際に入力ミスをしてしまう事がある。設定で各項目の画面サイズを選択できるようになると嬉しい。システムの不具合がありましたか？目立った不具合やトラブルは今のところ特になし,楽楽精算を導入したことで、小口伝票を削減し社内のペーパーレス化を推し進める事ができた。また、提出履歴もデータで保存されているので、確認する際にもストレスなく探すことができる。,申請する側も承認する側も作業効率UPに繋がること間違いなしです
797,2022/08/02,これまでは、会社の財務にメールし領収書の原本を都度送り、承認を得てから必要な部門への支払いでした。WEBでのやり取りに変わり不要な手間が省けました。,これと云って目立った改善点はありませんが、導入時に説明するフローチャートの様な物を頂ければと思う次第です。,店舗数が多い小売業の為、申請してくる店舗が多く対応に追われていました。確認する項目が減ったため、スタッフの残業時間が減りました。,小売業ならお勧めの精算ソフトです。
798,2022/08/02,今までは小口精算など、紙ベースで申請書を作成し、上長、経理担当に承認印を貰うという手間があったが、基本システム上で処理が完結し、要らぬ手間が省けている。,一般利用者の立場で言うと、特に不便を感じることはない。自分が承認をする立場に立った時、感じることが出てくる可能性はある。,上長が忙しく、席にいないことが多いので、いちいち在籍を確認する手間が省ける。直接指定の口座に振り込まれるので、会社として小口現金を減らすことが出来た。この口コミを詳しく見る,口精算など、紙ベースで申請書を作成し、上長、経理担当に承認印を貰うという手間があったが、基本システム上で処理が完結し、要らぬ手間が省けている。楽楽精算の改善してほしい点一般利用者の立場で言うと、特に不便を感じることはない。自分が承認をする立場に立った時、感じることが出てくる可能性はある。楽楽精算導入で得られた効果・メリット上長が忙しく、席にいないことが多いので、いちいち在籍を確認する手間が省ける。直接指定の口座に振り込まれるので、会社として小口現金を減らすことが出来た。
799,2022/08/02,導入前は手書きの精算書類を書かされていたので、オンラインで処理作業自体が格段に早くなり、また楽になった。,これはこちらの設定の問題かもしれませんが、交際費を選択しているのに「飲食代が一人あたり〇〇円を超える場合は交際費を選択してください」の様なアラートが出る時がありました。アラートが出るパターンが事前にわかれば助かるかなと思いました。,緊急事態宣言で在宅勤務になった際に、スマホから領収書の写真を撮り、全てオンラインで精算処理ができたので助かった。この口コミを詳しく見る,書きの精算書類を書かされていたので、オンラインで処理作業自体が格段に早くなり、また楽になった。楽楽精算の改善してほしい点これはこちらの設定の問題かもしれませんが、交際費を選択しているのに「飲食代が一人あたり〇〇円を超える場合は交際費を選択してください」の様なアラートが出る時がありました。アラートが出るパターンが事前にわかれば助かるかなと思いました。楽楽精算導入で得られた効果・メリット緊急事態宣言で在宅勤務になった際に、スマホから領収書の写真を撮り、全てオンラインで精算処理ができたので助かった。
800,2022/08/02,電子帳簿保存法に対応しており、ペーパーレス化を進めることができるところ。キャッシュレス化で小口払い現金の取り扱いをやめれるところ。,モバイルSuicaへの対応を実装してほしい。領収書のPDF添付の際の遅延をなるべく早くしてほしい。システムの不具合がありましたか？ユーザー側としては特にないです,キャッシュレス化が進む事、ペーパーレス化が進む事。副効果として社内でのWF承認に対する考え方等が良い意味で変化し、DX化が進む。この口コミを詳しく見る,存法に対応しており、ペーパーレス化を進めることができるところ。キャッシュレス化で小口払い現金の取り扱いをやめれるところ。楽楽精算の改善してほしい点モバイルSuicaへの対応を実装してほしい。領収書のPDF添付の際の遅延をなるべく早くしてほしい。システムの不具合がありましたか？ユーザー側としては特にないです楽楽精算導入で得られた効果・メリットキャッシュレス化が進む事、ペーパーレス化が進む事。副効果として社内でのWF承認に対する考え方等が良い意味で変化し、DX化が進む。
801,2022/08/02,WEBだけでなく、スマホアプリにも対応していて、乗換案内連動で運賃も自動で取り込めるので、経費精算が楽ですね。,スマホからだと見にくい部分(乗換案内のエリアマップがとくに)があるのでもっと見やすくなるとよいです。エリアマップも関東以外もあると嬉しい。,交通費の精算がかなり楽になりました。今までは紙ベースで印刷して承認印をもらって提出して経理部門が処理していましたが、サイトから登録するだけでよくなりタイムラグも短くなりました。この口コミを詳しく見る,でなく、スマホアプリにも対応していて、乗換案内連動で運賃も自動で取り込めるので、経費精算が楽ですね。楽楽精算の改善してほしい点スマホからだと見にくい部分(乗換案内のエリアマップがとくに)があるのでもっと見やすくなるとよいです。エリアマップも関東以外もあると嬉しい。楽楽精算導入で得られた効果・メリット交通費の精算がかなり楽になりました。今までは紙ベースで印刷して承認印をもらって提出して経理部門が処理していましたが、サイトから登録するだけでよくなりタイムラグも短くなりました。
802,2022/08/02,今までは紙の精算書を作成して、上長が在籍時を見計らってハンコをもらい提出するという作業を行なっていたが、それが全てクラウド内で完結することが効率的で素晴らしい。,PDFを貼り付ける時などが一度登録が必要だが、形式が固定化されており登録できない形式があったのが面倒だったので改善してほしい。,いつでもどこでも経費の精算をできる点がメリットである。例えば出張帰りの電車内で精算申請を上げるなど失念することなく生産を進めることができ、また紙資源を使わないことで経費削減やエコにも繋がっている。この口コミを詳しく見る,の精算書を作成して、上長が在籍時を見計らってハンコをもらい提出するという作業を行なっていたが、それが全てクラウド内で完結することが効率的で素晴らしい。楽楽精算の改善してほしい点PDFを貼り付ける時などが一度登録が必要だが、形式が固定化されており登録できない形式があったのが面倒だったので改善してほしい。楽楽精算導入で得られた効果・メリットいつでもどこでも経費の精算をできる点がメリットである。例えば出張帰りの電車内で精算申請を上げるなど失念することなく生産を進めることができ、また紙資源を使わないことで経費削減やエコにも繋がっている。
803,2022/08/01,紙の伝票よりもスピード感がありデータ整理も進むので、おすすめできます。入力確認・承認作業・見直し業務もでき安心感があります。,できれば楽楽精算については、交通費の精算も駅名入力等の機能アップがあると良い。また、もう少し運賃のデータベース化が進めば、おかしな処理も気づき間違いが減ると思いました。,精算の見える化・業務の短縮化・データ化が行える。ハンコだらけの伝票処理ではない時間短縮ができる感じが、とても良い。この口コミを詳しく見る,りもスピード感がありデータ整理も進むので、おすすめできます。入力確認・承認作業・見直し業務もでき安心感があります。楽楽精算の改善してほしい点できれば楽楽精算については、交通費の精算も駅名入力等の機能アップがあると良い。また、もう少し運賃のデータベース化が進めば、おかしな処理も気づき間違いが減ると思いました。楽楽精算導入で得られた効果・メリット精算の見える化・業務の短縮化・データ化が行える。ハンコだらけの伝票処理ではない時間短縮ができる感じが、とても良い。
804,2022/07/30,これまでの交通費精算はExcel管理。出張は領収書を印刷し、ハンコを押して提出していました。本社じゃないと精算できないなど込みでとても手間がかかっていましたが、楽楽精算に代わってからはすべてWEBで行えるようになったし、事前申請もこちらで管理できるので負担が格段に減りました。,普段使う電車の経路など、固定で登録できるようにしてほしい。毎回入力したり選択するのが手間。また領収書を事前にアップするのが手間なので、その場でアップできるようにしてほしい。,新幹線や宿泊費の領収書はWEBページから落として、そのままPDFで登録できるところが大きい。紙ベースで印刷するものが一つもなくなったところにメリットを感じています。この口コミを詳しく見る,交通費精算はExcel管理。出張は領収書を印刷し、ハンコを押して提出していました。本社じゃないと精算できないなど込みでとても手間がかかっていましたが、楽楽精算に代わってからはすべてWEBで行えるようになったし、事前申請もこちらで管理できるので負担が格段に減りました。楽楽精算の改善してほしい点普段使う電車の経路など、固定で登録できるようにしてほしい。毎回入力したり選択するのが手間。また領収書を事前にアップするのが手間なので、その場でアップできるようにしてほしい。楽楽精算導入で得られた効果・メリット新幹線や宿泊費の領収書はWEBページから落として、そのままPDFで登録できるところが大きい。紙ベースで印刷するものが一つもなくなったところにメリットを感じています。
805,2022/07/30,交通費の精算はいつも手間でありました、しかしこのツールを導入してから精算の手間が削減されました。特にICカードの情報を取り込んでデータ化される機能が素晴らしいです。ないとは思いますが、ICカードの公私混同を防ぐ役割にもなります。,領収書の読み取り機能がうまくいかない時があるので、そこが改善されると嬉しいです。しかし、どのOCRも似たりよったりですので大きく問題はないです。,やはり、交通費の精算が圧倒的に楽になりました。ICカードの履歴など、毎回券売機にて発行するのが手間だったので非常に助かっています。また、取り込んだデータから自動的に仕訳がされるので、帳簿の記帳も楽になりました。会計ソフトとの連動もしているので、本当に経費の管理が楽になりました。,経費の管理が大変な方はぜひ利用してみてください
806,2022/07/27,これまでは「申請は電子・証憑は紙提出」となっており、証憑への押印や提出などの申請側負担と、そのチェック及び保管までを行う経理側の負担があった。楽楽精算の導入により全てが電子化した為、大きく工数減となった。紙資料のｐｄｆ化が新たな作業として増えたが、社会全体として請求書や領収書の電子化が進むことを考えると、業務改善に大きく前進できたと考える。,どちらかというと立替経費の精算をメインに据えているように感じる。支払依頼（請求書払い）に関わる部分について、もう少し手厚くしてもらえるとありがたい（支払先登録の非表示フラグや有効期限・住所登録などが出来ると尚良い）。データ集計表（伝票データ出力）では支払金額ベースとなるが、税別金額が表示できると業績管理に役立てる。ポータルサイトにもっと詳しい内容を載せて欲しい、担当者に問い合わせを入れるのが面倒。,スマホアプリにより出張先からの精算が容易になった。社内の紙資料が大幅に減少した。支払状況や証票の内容が瞬時にわかる。「楽楽精算」導入の決め手価格・見やすさ・カスタマイズが容易なところ以前利用していた製品の解約理由ユーザーインターフエースが見にくい（直感的に使用しづらい）,紙帳票で経費精算・支払依頼をしている会社については大変オススメできると思います。
807,2022/07/26,新規導入ですが、まとめて申請することが可能で効率性が向上しました。紙でのやり取りが無くなった為、環境にも良いと感じました。,領収書の原紙を写真を撮り添付するのだが、なかなか面倒なのと、単価が違うと次に進められないのでなぜ違うのかの備考欄を作って欲しい。,出張が多く、新幹線や健康診断は前払いで実費なのだが、一括でまとめて保存も可能なので、非常に便利で使いやすい。この口コミを詳しく見る,すが、まとめて申請することが可能で効率性が向上しました。紙でのやり取りが無くなった為、環境にも良いと感じました。楽楽精算の改善してほしい点領収書の原紙を写真を撮り添付するのだが、なかなか面倒なのと、単価が違うと次に進められないのでなぜ違うのかの備考欄を作って欲しい。楽楽精算導入で得られた効果・メリット出張が多く、新幹線や健康診断は前払いで実費なのだが、一括でまとめて保存も可能なので、非常に便利で使いやすい。
808,2022/07/24,紙ベースでの経費精算の際は、書き損じや計算のミスがありました。ですがクラウド上で記入から提出まで出来るので、計算もPCでしたものを入れられます。また、せっかく書いたのに最後の項目で漢字を間違えてすべて書き直しということもなくなりました。,申請のフォーマットは会社が独自にカスタマイズできると、以前、精算業務担当の方に聞いたことがあります。そのフォーマット自体が優れていないと申請がしづらいです。「よい精算フォーマットとは」など学習の機会やテンプレがあってもいいと思います。,とにかく請求の工数が減りました。また、字が汚くて読めなかったらどうしようという不安もなくなりました。個人的には紙媒体だった頃にミス指摘や再提出の連絡が来るのがイライラしていたのですが、楽楽精算なら修正があってもすぐに対応できるので、気持ちが楽になりました。この口コミを詳しく見る,の経費精算の際は、書き損じや計算のミスがありました。ですがクラウド上で記入から提出まで出来るので、計算もPCでしたものを入れられます。また、せっかく書いたのに最後の項目で漢字を間違えてすべて書き直しということもなくなりました。楽楽精算の改善してほしい点申請のフォーマットは会社が独自にカスタマイズできると、以前、精算業務担当の方に聞いたことがあります。そのフォーマット自体が優れていないと申請がしづらいです。「よい精算フォーマットとは」など学習の機会やテンプレがあってもいいと思います。楽楽精算導入で得られた効果・メリットとにかく請求の工数が減りました。また、字が汚くて読めなかったらどうしようという不安もなくなりました。個人的には紙媒体だった頃にミス指摘や再提出の連絡が来るのがイライラしていたのですが、楽楽精算なら修正があってもすぐに対応できるので、気持ちが楽になりました。
809,2022/07/22,電子帳簿保存法対応でのペーパーレス化を達成可能。UIもわかりやすくユーザーからの評価も上々。クラウド経費精算システムに期待する標準的な機能を備えている。,後払いの交通系ICカードとのデータ連携。スマホ決済とのデータ連携。ICカード読み取りアプリの自動読み取り誤作動の防止。,ペーパーレス化を達成することができた。またモバイル端末利用や紙証憑の郵送によるタイムラグがなくなり個人への精算スピードが向上した。以前利用していた製品の解約理由ペーパーレス対応,クラウドでの経費精算システムとして標準的な機能は網羅している。スタンダードなシステムだと思う。
810,2022/07/22,以前の紙での経費等の精算では不備などがあると書類を各拠点へ返送するなど非効率な業務が発生していました。同じようなことがまったくなくなったわけではありませんが、大幅に改善されました。インターネットバンキングを使っての振込処理も業務量が大きく削減できました。,レイアウトをもう少し自由に変更できるようにしてほしい。レイアウトの変更作業がもう少し直感的にわかりやすくなると助かる。精算を申請する人から作業手順に関する問い合わせが多いので、それを低減できるような機能があれば助かる。システムの不具合がありましたか？特にありませんでした。,札幌の本部で北海道内と東北の営業所や店舗と精算書類等のやり取りを行っています。そのやり取りの回数が減ったり、精算完了までのスピードも速くなる、精算担当部署、精算を申請する人双方にメリットがありました。「楽楽精算」導入の決め手価格が安い,価格が安いことと、大幅な作業減が期待できます
811,2022/07/21,PC版もスマートフォン版もUIが分かり易くて直感的に使いこなせます。機能も豊富で、複数部門に所属している場合にも対応可能。所属部門を切り替えたり、申請ルートを選択することが出来たりと、色々な要件を満たすことが出来ます。また主要ないくつかのサービスとSAML認証連携が可能でユーザー情報などを同期することもできます。,個人的な好みの問題かもしれませんが、PC版でたまに見づらいと感じることがありので、フォントやアイコン、画面デザインをすっきりしたものにして欲しいと思います。また領収書などのデータをOCR機能で取り込めると良いです。,外出先・移動中などに経費精算業務を行いたいという要望があり、クラウドサービスを検討しました。この製品はスマートフォンからも利用可能であり、どこからでもいつでも経費精算業務が可能となり、経費精算の為にわざわざ出社する必要もなくなり、業務の効率化につながりました。テレワークが定着した今、さらにこのサービスの必要性を感じています。以前利用していた製品の解約理由クラウドサービスでなかった為、どこからでも使用できなかった,導入のハードルは低いかと思います
812,2022/07/21,領収書の原本保管が必要がなくなったので、テレワークにより、遠隔からでも申請がスムーズにできるようになりました。,一回の申請でたくさんの領収書の添付があるときにすべてまとめて開くことができないため、まとめて開く機能が欲しい。,以前は、承認者が不在の時は承認が止まっていましたが、出張中でも承認作業ができ、スピーディーに決済ができます。「楽楽精算」導入の決め手電子帳簿保存対応この口コミを詳しく見る,本保管が必要がなくなったので、テレワークにより、遠隔からでも申請がスムーズにできるようになりました。楽楽精算の改善してほしい点一回の申請でたくさんの領収書の添付があるときにすべてまとめて開くことができないため、まとめて開く機能が欲しい。楽楽精算導入で得られた効果・メリット以前は、承認者が不在の時は承認が止まっていましたが、出張中でも承認作業ができ、スピーディーに決済ができます。「楽楽精算」導入の決め手電子帳簿保存対応
813,2022/07/21,今まではエクセルを使い帳票を作成し、書類で処理をしていたため、非常に手間であり時間が掛かっていました。楽楽精算であれば、手持ちのPCやスマホで簡単に処理することができるので楽楽になりました。また精算金額処理のバラつきやミスもなくなりました。,満足して利用しているので特に困ったことはないのですが、PC版画面で出来る処理と、スマホ版画面で出来る処理が異なるので、スマホ版画面でもすべての処理が出来るようになってほしいです。,利用者側の精算処理スピードアップ。処理側での処理スピードアップ並びにミス減少。会計システムとの連携もできるので、２重入力がなくなった。この口コミを詳しく見る,クセルを使い帳票を作成し、書類で処理をしていたため、非常に手間であり時間が掛かっていました。楽楽精算であれば、手持ちのPCやスマホで簡単に処理することができるので楽楽になりました。また精算金額処理のバラつきやミスもなくなりました。楽楽精算の改善してほしい点満足して利用しているので特に困ったことはないのですが、PC版画面で出来る処理と、スマホ版画面で出来る処理が異なるので、スマホ版画面でもすべての処理が出来るようになってほしいです。楽楽精算導入で得られた効果・メリット利用者側の精算処理スピードアップ。処理側での処理スピードアップ並びにミス減少。会計システムとの連携もできるので、２重入力がなくなった。
814,2022/07/21,以前は検索や通勤定期区間内等の確認に、申請者および承認者それぞれが時間を取られていましたが、この作業が減り作業時間が減りました。,極稀に乗換案内が異なった結果を出すことがあり、申請者より連絡を受け確認しましたが、乗車通りの結果にはなりませんでした。問い合わせを行いましたが、ラクスさん側でも不明との事でした。システムの不具合がありましたか？不明な点はサポートより対応策の回答を得られているので、特にありません。,自分は設定者側のため設定には苦労したが、申請者側からすると最初は不慣れで抵抗を感じられたが、慣れると以前のシステムより申請時間が減り、楽になったと感じる。また申請者から交通費についてはとても楽になったと感想を得られたことが良かった。,使用者が20人以上で、交通費および交際費が多い企業であれば採用した方が、業務効率化へ繋がると思います。
815,2022/07/21,最初は使用方法に戸惑う声も多かったが、領収書の写真を撮って使用できるなど、慣れてくれば使い勝手は良い方だと思います。,CSV出力する時など項目を詳しく設定する際にマクロのようなものを管理者側で組まなくてはならないことがあり、マクロの知識がなかったのでサポートの方とやり取りをしてなんとか設定することができた。マクロを組んだことがない人にそれを強いるのは無理があるように感じます。,以前は毎回、電車代など交通費をインターネットで調べて経費精算書を作成していたが、楽楽精算の中で完結できるようになったので、余計な手間を減らすことができた。この口コミを詳しく見る,方法に戸惑う声も多かったが、領収書の写真を撮って使用できるなど、慣れてくれば使い勝手は良い方だと思います。楽楽精算の改善してほしい点CSV出力する時など項目を詳しく設定する際にマクロのようなものを管理者側で組まなくてはならないことがあり、マクロの知識がなかったのでサポートの方とやり取りをしてなんとか設定することができた。マクロを組んだことがない人にそれを強いるのは無理があるように感じます。楽楽精算導入で得られた効果・メリット以前は毎回、電車代など交通費をインターネットで調べて経費精算書を作成していたが、楽楽精算の中で完結できるようになったので、余計な手間を減らすことができた。
816,2022/07/21,電帳法対応のため、乗り換え先を検討しておりました。アプリなど画面も見やすく、管理もしやすい製品だと思います。,承認フローなど一部自由度が低い点がありますが、他の方法で回避できました。全体的には使いやすく、制限もかけやすいので満足です。,営業社員が多いため、外出先でも申請・承認ができるものを探していました。現在では特段不便なく利用できています。,高機能までは求めていない会社であれば、大満足できると思います。
817,2022/07/17,一利用者(経費精算をする側)としても、特に利用するにあたってストレスを感じることなく、操作方法もシンプルで簡単。使いやすい。,正直、特段思いつく点はない。ただ、強いて言うのであれば、過去に申請した情報をそのまま流用できる仕様があると、なお利便性が高くなる。,経費精算をする側として一番のメリットは、出社をせずに経費精算が出来ること。書類の提出等が特に必要なくオンラインで完結できるのはありがたい。現在は在宅勤務メインの働き方になっているため、そことの親和性も非常に高い。,経費精算する側にとってはユーザビリティの点でも優れているサービスなので、DX化があまり進んでないがゆえに経費精算を処理する側の人の負担が大きい企業は、積極的に導入を検討して良いと感じます。
818,2022/07/13,これまでは交通費精算に関しては交通移動履歴の印刷をして申請書に添付し、自分の押印したものを、上長→管理責任者→社長と回覧します。不備があれば再度回収して、訂正印を押して最初から回覧するという事をしていました。当然時間はかかり、清算が完了するまでの時間は２週間後などという状況でした。それが全てウェブ上で済ますことができ、紙の節約・押印の煩わしさ・精算までの時間などすべて問題解決しました。,全社員に使用方法など周知するのに時間がかかりました。特にイレギュラーなケースについては都度担当者が個別対応して大変そうです。ある程度のITリテラシーが求められるのと、マニュアルをみても解らないこともありました。ヘルプのチャット機能などあれば、シニア世代でも理解しやすいのではないかと思いました。システムの不具合がありましたか？ありません。,世界的にデジタルトランスフォーメーション化が喫緊の課題となっているなかで、昔ながらの紙ベースで業務を行う事を心苦しくおもっていました。特に社内業務にコストや時間を割くほど惜しいことはありません。弊社でも徐々に業務の効率化を進めている中で、楽楽精算の導入はすべての社員にメリットがあり、もっと早く導入すべきであったと猛省する次第でございます。この口コミを詳しく見る,交通費精算に関しては交通移動履歴の印刷をして申請書に添付し、自分の押印したものを、上長→管理責任者→社長と回覧します。不備があれば再度回収して、訂正印を押して最初から回覧するという事をしていました。当然時間はかかり、清算が完了するまでの時間は２週間後などという状況でした。それが全てウェブ上で済ますことができ、紙の節約・押印の煩わしさ・精算までの時間などすべて問題解決しました。楽楽精算の改善してほしい点全社員に使用方法など周知するのに時間がかかりました。特にイレギュラーなケースについては都度担当者が個別対応して大変そうです。ある程度のITリテラシーが求められるのと、マニュアルをみても解らないこともありました。ヘルプのチャット機能などあれば、シニア世代でも理解しやすいのではないかと思いました。システムの不具合がありましたか？ありません。楽楽精算導入で得られた効果・メリット世界的にデジタルトランスフォーメーション化が喫緊の課題となっているなかで、昔ながらの紙ベースで業務を行う事を心苦しくおもっていました。特に社内業務にコストや時間を割くほど惜しいことはありません。弊社でも徐々に業務の効率化を進めている中で、楽楽精算の導入はすべての社員にメリットがあり、もっと早く導入すべきであったと猛省する次第でございます。
819,2022/07/12,紙で申請をあげてエクセルで集計していたものが不要となり、業務の手間が大幅に削減されました。社内の電子化に対する社員の意識の醸成にも繋がっています。,我々のような中小企業は人数が限られているため、初期設定に大変手間取りました。サポート体制の充実をお願いします。,経費精算、交通費精算が社内に戻らずに外出先からでも手続きできるため、精算までのサイクルが短くなりました。また、請求忘れ等もなくなった。この口コミを詳しく見る,あげてエクセルで集計していたものが不要となり、業務の手間が大幅に削減されました。社内の電子化に対する社員の意識の醸成にも繋がっています。楽楽精算の改善してほしい点我々のような中小企業は人数が限られているため、初期設定に大変手間取りました。サポート体制の充実をお願いします。楽楽精算導入で得られた効果・メリット経費精算、交通費精算が社内に戻らずに外出先からでも手続きできるため、精算までのサイクルが短くなりました。また、請求忘れ等もなくなった。
820,2022/07/08,これまで出張精算などは手書きで社内の請求伝票を書いて、領収書をつけて回覧を回してましたが、請求伝票の作成・申請から承認まで、全てWeb上で完結する為、手間がかからずスピーディーになりました。,クレジットカードを使用した経費利用の場合、カード会社からの利用明細書が発信されないと申請が出来ない為、従来のように即日請求が出来ない。システムの不具合がありましたか？特にありません。,手書きで作成していた請求伝票がWeb入力で済む事と、スマホ版のアプリを使用すれば、領収書をカメラで撮影するだけで金額などは自動入力される為、伝票作成の手間は非常に削減された。,経費精算が簡潔にスピーディーになります。
821,2022/07/05,顧客訪問時の移動費用の計算がアプリ内ででき、非常に重宝しています。電車利用時に出発点&目的地入力のみで運賃や経路を出してくれるため、自分で調べなくてもよいです。,ウインドウが複数開かれるため、ごちゃごちゃするのとたまに誤って消してしまったりするので、改善されるといいなと思います。,経費精算がとても楽&時間短縮になりました。特に領収書等を写真添付するだけでよいので、以前のように紙の領収書で財布がパンパンということがなくなりました。この口コミを詳しく見る,の移動費用の計算がアプリ内ででき、非常に重宝しています。電車利用時に出発点&目的地入力のみで運賃や経路を出してくれるため、自分で調べなくてもよいです。楽楽精算の改善してほしい点ウインドウが複数開かれるため、ごちゃごちゃするのとたまに誤って消してしまったりするので、改善されるといいなと思います。楽楽精算導入で得られた効果・メリット経費精算がとても楽&時間短縮になりました。特に領収書等を写真添付するだけでよいので、以前のように紙の領収書で財布がパンパンということがなくなりました。
822,2022/07/05,会社で普及されている法人クレジットカードと決済データが連動しているので、ボタンひとつで精算が可能。もちろん現金立替した経費も手入力ができるので必要充分の機能が備わっていると思います。,会社側での運用の問題なのかもしれませんが、楽楽精算にて申請後に出力する台紙に、領収書を添付する作業が手間です。領収書を紙で保管したり貼り付けしたりする手間は省けないものかどうか。,一従業員として毎月経費精算をしているが、法人クレジットカードと連動していれため、精算処理は5分程度で終わるイメージです。非常に楽になりました。この口コミを詳しく見る,されている法人クレジットカードと決済データが連動しているので、ボタンひとつで精算が可能。もちろん現金立替した経費も手入力ができるので必要充分の機能が備わっていると思います。楽楽精算の改善してほしい点会社側での運用の問題なのかもしれませんが、楽楽精算にて申請後に出力する台紙に、領収書を添付する作業が手間です。領収書を紙で保管したり貼り付けしたりする手間は省けないものかどうか。楽楽精算導入で得られた効果・メリット一従業員として毎月経費精算をしているが、法人クレジットカードと連動していれため、精算処理は5分程度で終わるイメージです。非常に楽になりました。
823,2022/07/05,社内の経費精算に使用しています。細かい区分分けや電車の料金の自動入力など紙で行っていた煩雑な作業がほとんどなくなりました。,仮払申請が出張用と経費用の二種類があり初めて使用するユーザには分かりにくいと感じました。使い分け方例が載っていると良かったです。システムの不具合がありましたか？現時点ではない,とにかく紙が減りました。今ではレシートや請求書で紙でいちいち精算をしていてごちゃごちゃだったのでデスク周りもスッキリしました。,経費精算を自分で行っている人は為して欲しい
824,2022/07/05,精算系のツールはこれしか使ったことがありませんが、「リプレイスしたい」と思うことが全くないほど、操作性にストレスを感じません。,特にありませんが、UXは問題ないので、UIの部分を改善することで、より直感的に操作できる気がしております。システムの不具合がありましたか？過去一度もありませんでした。,操作性が良いため、「忘れてた…」ということがなくなり、溜めてやるのではなく、発生すればすぐ申請するというクセがついています。よって社内全体がwinーwinになります。,使いやすさがあるため、現場のPCリテラシーがない方でも導入できると思います。
825,2022/07/04,弊社では一部他の製品と組み合わせて使っていますが、これまで手作業で行っていた代金の請求書作成と請求書発送業務の自動化を進めることができます。,現時点では改善必須ということは特にありませんが、欲を言えばもう少し利用料金が下がってくれればとは思います。,弊社ではBPRの一環として、全国にある支店の業務の一部を本社が担うようにしましたが、その一環としてこのサービスを導入しました。人の手でやるといくら時間があっても足りない作業ですが、このサービスのおかげでなんとかBPRを予定通りすすめることができそうです。この口コミを詳しく見る,部他の製品と組み合わせて使っていますが、これまで手作業で行っていた代金の請求書作成と請求書発送業務の自動化を進めることができます。楽楽精算の改善してほしい点現時点では改善必須ということは特にありませんが、欲を言えばもう少し利用料金が下がってくれればとは思います。楽楽精算導入で得られた効果・メリット弊社ではBPRの一環として、全国にある支店の業務の一部を本社が担うようにしましたが、その一環としてこのサービスを導入しました。人の手でやるといくら時間があっても足りない作業ですが、このサービスのおかげでなんとかBPRを予定通りすすめることができそうです。
826,2022/07/04,出張費、旅費の精算に利用していますが、必要な情報を入力、またはプルダウンで選択するだけで簡単に申請できるので業務効率が上がりました。乗換案内で簡単に経路検索でき、自動入力されるのも良い。,過去に申請した出張費を一覧で見れるのは便利ですが、申請別の料金が表示されるのが月別、年別の合計額も表示されるようになればもっと嬉しいです。システムの不具合がありましたか？不具合、トラブル特になく、利用できています。,今まで日帰りではない出張費はシステムで申請出来ず、Excelや個別見積もりを取っての作業が必要だったが、製品導入後は全てシステムで申請可能となり業務の手間が減った。,旅費の申請がとても楽になります。
827,2022/07/04,今までエクセルなどで集計していましたが、アプリで簡単にレシートのアップロードや入力ができるので手間が減りました。,レシートがアップされるまでに少し時間がかかるので、もう少しスピードアップされるとうれしいですが、概ね満足しています。,海外出張など、経費が嵩み、後から詳細を思い出すのが難しいシチュエーションでも、アプリがあれば都度更新できるので、精算漏れや帰国後の手間が省ける。この口コミを詳しく見る,セルなどで集計していましたが、アプリで簡単にレシートのアップロードや入力ができるので手間が減りました。楽楽精算の改善してほしい点レシートがアップされるまでに少し時間がかかるので、もう少しスピードアップされるとうれしいですが、概ね満足しています。楽楽精算導入で得られた効果・メリット海外出張など、経費が嵩み、後から詳細を思い出すのが難しいシチュエーションでも、アプリがあれば都度更新できるので、精算漏れや帰国後の手間が省ける。
828,2022/07/03,2ヶ月前から使用を始めた。領収書を写真で収め、承認フローへ移行することもでき使いやすい。携帯からもアクセス出来るのでどこに居ても処理することができる。また、とてもシンプルなので使い方も分かり易い。,PCから写真を貼れず、やり方がわからなかった。Amazon等で電子領収書を手に入れた際に困る。その他は特に無し。,今までのツールでは、使用した目的や内容を記載(記載事項は楽楽精算とほぼ同じ)した後紙で印刷し、該当の領収書を貼り付けて提出を行っていた。在宅が増え出社が減っても処理するために出社していたが、導入することで無駄な出社の減少と紙削減、処理作業の簡略化を行う事ができた,とにかくシンプルで使いやすい
829,2022/07/03,システムの導入にあたって、思っていたよりも費用がかからなかった点は嬉しいですね。(初期費用の他、当然、サービス利用のための月額はかかります。)クラウドサービスなので、自社で新規でサーバーを準備したり、管理体制を整える必要もないですし。,改善して欲しい点といいますか、領収書などをスマートフォンで撮影して読み取る機能、作業があるのですが、それがなかなか手間がかかるなと思いました。とはいっても、トータルでは経理業務が楽にはなっているので満足しています。,楽楽精算を導入してからは、トータル的には経理担当の仕事が大幅に軽減されることになりました。それに伴い、今まで精算の仕事に充てていた時間を他の業務に充てることができるようになり、更なる会社の利益を生むことに繋がったと考えています。この口コミを詳しく見る,導入にあたって、思っていたよりも費用がかからなかった点は嬉しいですね。(初期費用の他、当然、サービス利用のための月額はかかります。)クラウドサービスなので、自社で新規でサーバーを準備したり、管理体制を整える必要もないですし。楽楽精算の改善してほしい点改善して欲しい点といいますか、領収書などをスマートフォンで撮影して読み取る機能、作業があるのですが、それがなかなか手間がかかるなと思いました。とはいっても、トータルでは経理業務が楽にはなっているので満足しています。楽楽精算導入で得られた効果・メリット楽楽精算を導入してからは、トータル的には経理担当の仕事が大幅に軽減されることになりました。それに伴い、今まで精算の仕事に充てていた時間を他の業務に充てることができるようになり、更なる会社の利益を生むことに繋がったと考えています。
830,2022/07/03,領収書は撮影してデータを作ることができるので、手入力作業が少ないのは助かります。ICカードのデータを利用できるため、電車代の申請はほぼ入力なしで申請ができるのはすごく便利。,何度かあるんですけど承認者が休みや不在の処理が滞ってしまうので、代理承認者を設定出来ればもっといいと思いました。,経費申請作業がペーパーレス化により、効率よく申請出来るのがよい。今まで紙の領収書を保管して申請あげて問題なければ領収書の提出…と時間がかかっていたし、領収書の保管が大変でした。この口コミを詳しく見る,影してデータを作ることができるので、手入力作業が少ないのは助かります。ICカードのデータを利用できるため、電車代の申請はほぼ入力なしで申請ができるのはすごく便利。楽楽精算の改善してほしい点何度かあるんですけど承認者が休みや不在の処理が滞ってしまうので、代理承認者を設定出来ればもっといいと思いました。楽楽精算導入で得られた効果・メリット経費申請作業がペーパーレス化により、効率よく申請出来るのがよい。今まで紙の領収書を保管して申請あげて問題なければ領収書の提出…と時間がかかっていたし、領収書の保管が大変でした。
831,2022/07/03,SuicaやPASMOに記録された情報を専用のリーダーで読み取り、交通費精算明細の自動作成〜伝票起票が自動化されるため、電卓による検算作業や伝票入力作業が大幅に軽減された。,交通系ICカード自体に履歴保持件数が少ないのでこまめに精算する必要があるが、別の方法などで改善できればありがたい。,交通系ICカードをリーダーにかざすだけで簡単に交通費精算ができるようになった。自動起票されるため、経理部門においても業務が軽減された。この口コミを詳しく見る,やPASMOに記録された情報を専用のリーダーで読み取り、交通費精算明細の自動作成〜伝票起票が自動化されるため、電卓による検算作業や伝票入力作業が大幅に軽減された。楽楽精算の改善してほしい点交通系ICカード自体に履歴保持件数が少ないのでこまめに精算する必要があるが、別の方法などで改善できればありがたい。楽楽精算導入で得られた効果・メリット交通系ICカードをリーダーにかざすだけで簡単に交通費精算ができるようになった。自動起票されるため、経理部門においても業務が軽減された。
832,2022/07/03,紙での経費精算作業が不要のため、リモート中心の時代に最適である。電車で駅名を入れれば路線も出てくるので便利。,バス停ではたまに出てこない場合がある。また、レシートを添付して、精算申請するまでの過程が慣れるまでは難しく煩雑。,手間が省けている。具体的には、会社で印鑑を押して、紙にパソコンで自分で電車のルートを乗り換え案内で検索することがなくなった。この口コミを詳しく見る,精算作業が不要のため、リモート中心の時代に最適である。電車で駅名を入れれば路線も出てくるので便利。楽楽精算の改善してほしい点バス停ではたまに出てこない場合がある。また、レシートを添付して、精算申請するまでの過程が慣れるまでは難しく煩雑。楽楽精算導入で得られた効果・メリット手間が省けている。具体的には、会社で印鑑を押して、紙にパソコンで自分で電車のルートを乗り換え案内で検索することがなくなった。
833,2022/07/03,新型コロナウイルスで遠隔でも精算業務を行う必要がありました。これは紙媒体で実施していた精算をすべてweb上で行うことができます。入力後の計算、確認をすべて自動でできるので、ミスが減りました。,営業のような一箇所に行って順番に客先を回る仕事内容だと精算も楽になりますが、色々な所を行ったり来た入りする業務の場合、入力が複雑になり社員の負担になっています。,新型コロナウイルスでリモートワークとなり、紙媒体で精算業務ができなくなりました。遠隔でも精算業務が通常通り実施できるのが、メリットです。月末の確認作業の負担も減り、業務の効率化ができました。この口コミを詳しく見る,ウイルスで遠隔でも精算業務を行う必要がありました。これは紙媒体で実施していた精算をすべてweb上で行うことができます。入力後の計算、確認をすべて自動でできるので、ミスが減りました。楽楽精算の改善してほしい点営業のような一箇所に行って順番に客先を回る仕事内容だと精算も楽になりますが、色々な所を行ったり来た入りする業務の場合、入力が複雑になり社員の負担になっています。楽楽精算導入で得られた効果・メリット新型コロナウイルスでリモートワークとなり、紙媒体で精算業務ができなくなりました。遠隔でも精算業務が通常通り実施できるのが、メリットです。月末の確認作業の負担も減り、業務の効率化ができました。
834,2022/07/03,経費精算はそれ自体が価値を生む業務ではないため、限りなく省力化したいものです。本サービスでは、ほとんど不満のないシステムを提供頂けると思います。,2点あります。スマホアプリの入力が煩雑で、領収証の撮影くらいにしか使用していません。UIがもっと洗練されると良いと思います。また、交通費の精算において、指定席の利用や紙切符orICカードどちらで精算するかは会社のポリシーで決まっていますので、初期設定で選択できると尚良いと思います。,交通費、会議費、交際費の精算に使用しています。これまでエクセルシートで精算し、管理者がルートや支出先などの妥当性をいちいちチェックしていました。とくに交通費精算においては頻出するルートの登録や、システム上で最安・最短ルートを使用したことがひと目でわかるので、管理者の立場でも労力削減の効果を実感できました。この口コミを詳しく見る,それ自体が価値を生む業務ではないため、限りなく省力化したいものです。本サービスでは、ほとんど不満のないシステムを提供頂けると思います。楽楽精算の改善してほしい点2点あります。スマホアプリの入力が煩雑で、領収証の撮影くらいにしか使用していません。UIがもっと洗練されると良いと思います。また、交通費の精算において、指定席の利用や紙切符orICカードどちらで精算するかは会社のポリシーで決まっていますので、初期設定で選択できると尚良いと思います。楽楽精算導入で得られた効果・メリット交通費、会議費、交際費の精算に使用しています。これまでエクセルシートで精算し、管理者がルートや支出先などの妥当性をいちいちチェックしていました。とくに交通費精算においては頻出するルートの登録や、システム上で最安・最短ルートを使用したことがひと目でわかるので、管理者の立場でも労力削減の効果を実感できました。
835,2022/07/03,エンドユーザーの立場からすると特に使いやすい点がある訳ではないが、逆を言えば大きな不満がないというのは、システムを利用する上でメリット。,一時保存した経費申請のメールでのリマインド機能があると嬉しい。また、複数の交通費申請明細を作った際に順番を並び替えられると嬉しい。システムの不具合がありましたか？今のところ無し。,JCBの法人カードと提携しているため、法人カードの利用履歴から経費申請を作れるのがありがたい。経理からしても虚偽の申請防止とかにもなるのではないだろうか。この口コミを詳しく見る,ザーの立場からすると特に使いやすい点がある訳ではないが、逆を言えば大きな不満がないというのは、システムを利用する上でメリット。楽楽精算の改善してほしい点一時保存した経費申請のメールでのリマインド機能があると嬉しい。また、複数の交通費申請明細を作った際に順番を並び替えられると嬉しい。システムの不具合がありましたか？今のところ無し。楽楽精算導入で得られた効果・メリットJCBの法人カードと提携しているため、法人カードの利用履歴から経費申請を作れるのがありがたい。経理からしても虚偽の申請防止とかにもなるのではないだろうか。
836,2022/07/03,領収書の管理が写真登録でできる点。私は申請する側であり、これまで領収書の送付が必要であったが、この製品は登録ができる為申請管理が便利。,領収書登録について、PDFでしか登録ができない点。.imgで登録できれば便利には感じる。ただ、管理者が不便を被る可能性もあるので希望程度。システムの不具合がありましたか？特にありません。,以前利用していた精算方法だと、領収書の経理部への送付、修正必要な場合は再度送付、とかなり手間だった。この製品によって全てペーパーレス、オンライン上のやりとりで送付が必要ないため迅速な対応が可能になった。以前利用していた製品の解約理由以前利用製品は領収書の一括管理ができず不便だった。,ペーパーレスにする事でセキュリティ上も強化されると思うので一石二鳥、三鳥です。
837,2022/07/03,タイトルに記載をしましたが、写真撮影からの自動認識機能（支払先・日付・金額）の精度がよく、不満な点は少ないです。,一方で、精度が100%とはいかない点と、添付ファイルの形式がpdfのみなのが、すこし面倒くださいです。専用アプリの使用もセキュリティ面の観点で、事前準備が必要です。システムの不具合がありましたか？写真形式（jpegなど）が不可で、pdfのみなのが面倒です。,領収書精算が圧倒的に楽になりました。これだけで十分です。後は慣れで解決するレベルなので、実用面も十分だと思います。以前利用していた製品の解約理由会社都合です。,効率化・領収書精算の効率化
838,2022/07/03,まずは、直感的に使いやすいユーザーインターフェイスがすごく精算に使いやすいポイントです。マニュアルを見なくても操作できます。,全てのユーザーが共通の仕様となっているところがあり、個別の仕様に対して使いにくい部分があります。(選択する必要のないところで仕様的に選択するなど)システムの不具合がありましたか？今のところありません。,これまでは旅費精算を1度紙で印刷して上司に申請する必要があったが、本製品を使用することで、それがなくなり、手間が省けました。以前利用していた製品の解約理由契約満期,使いやすいユーザーインターフェイスと業務効率改善のツールとしておすすめです。
839,2022/07/03,ようやく領収書を写真データで保存出来るようになり、ペーパーレス化が進んだ。今までは備考欄に該当する領収書番号を入荷しなければならなかったので便利になった。,経費項目がプルダウンで選択するのではなく、番号などで該当する項目を楽に入力できるようになってほしい。システムの不具合がありましたか？特になし。,スマートフォンからいつでもどこでもすぐに入力出来る。ただ、スマートフォンからはコピー機能が使用出来ないのが残念。この口コミを詳しく見る,収書を写真データで保存出来るようになり、ペーパーレス化が進んだ。今までは備考欄に該当する領収書番号を入荷しなければならなかったので便利になった。楽楽精算の改善してほしい点経費項目がプルダウンで選択するのではなく、番号などで該当する項目を楽に入力できるようになってほしい。システムの不具合がありましたか？特になし。楽楽精算導入で得られた効果・メリットスマートフォンからいつでもどこでもすぐに入力出来る。ただ、スマートフォンからはコピー機能が使用出来ないのが残念。
840,2022/07/02,出張が多くデスクに居ない私にって、社内のデスクのみならずアクセス権が付与されたタブレット、スマホからもアクセスできるため、時短効果が絶大で自分の本業に当てる時間を増やすことができた。,何件がまとめて申請しようとすると、フリーズすることがままあります。社内のサーバーの問題かもしれませんが、他のシステムではフリーズすることは無かったので‥システムの不具合がありましたか？改善点の項に記載,導入前は経理担当や上司の都合に合わせて経費処理をする必要がありましたが、導入後は締め日だけを気にすれば良くなり、私の残業時間の削減につながりました,サポートセンターが秀逸で、些細な事でも丁寧かつ迅速に対応してくれる点
841,2022/07/02,オンラインなので領収書が手元にあれば、いつでもどこでも申請が可能。出張中など出先からも可能なので申請忘れが防げる。,申請履歴一覧に商品名や申請者名等申請番号以外の項目も表示されれば目的の項目を検索しやすくなり便利だと感じます。,精算に現金が要らなくなるので、申請者も精算係もお互いに手間が省ける。金庫に常備しておく硬貨や紙幣の数も減らせる。,クラウド管理
842,2022/07/02,何も意識せず通勤交通費精算が行えます。経路金額なども検索、選択できるので不便なし。マニュアルなど読まなくても操作できる操作性が良い点です。,画面構成が横長な点です。もっとコンパクトなブラウザサイズでも操作できる画面構成だとなおよいです。PC使用ですがスマホ用の画面構成が求められます。システムの不具合がありましたか？特にありません,いちいち別の交通費検索ツールで調べる必要がなくなり、また定期経路を考慮しなくとも自動で判定してもらえる点はかなり楽です。この口コミを詳しく見る,ず通勤交通費精算が行えます。経路金額なども検索、選択できるので不便なし。マニュアルなど読まなくても操作できる操作性が良い点です。楽楽精算の改善してほしい点画面構成が横長な点です。もっとコンパクトなブラウザサイズでも操作できる画面構成だとなおよいです。PC使用ですがスマホ用の画面構成が求められます。システムの不具合がありましたか？特にありません楽楽精算導入で得られた効果・メリットいちいち別の交通費検索ツールで調べる必要がなくなり、また定期経路を考慮しなくとも自動で判定してもらえる点はかなり楽です。
843,2022/07/02,これまでは営業がワードなどに記載して、経理に提出していた。会社に出社しなければいけないし、不備などがあると書面でのやりとりなどが発生し、手間がかかった。しかし、現在はデータ上でやりとりができるし、不備があっても差し戻しも簡単で営業と経理の負荷がぐっと減った。,領収書の読み取りやSUICAの利用履歴（仕事用）の確認など、読み取り機能はあるが、それでもやや手間がかかってしまう。わがままかもしれないが、もっとどうにかならないかと思う。システムの不具合がありましたか？特にない。,コロナ禍になり在宅日が増えたが、問題なく経理業務が進んでいる。以前は金額が合わないなどのやりとりで期末は大変だったが、トラブルは少なくなった。,営業の効率化には必ず必要。
844,2022/07/02,交通系ICカードで読み込むのはもちろん、直接入力するのも、経路検索を反映させるのも全て簡単で本当に楽になりました。,全ての交通系ICカードを読み込めるようにして欲しい。読み込んだ乗車履歴を削除できるようにして欲しい。私用で使った履歴まで会社に見られてしまうシステムの不具合がありましたか？特にありません,交通費の精算をするのに、以前は乗車した経路を全て手書きかエクセルで提出していましたので、ICカードの読み込むだけで相当時間短縮できました。また交通費以外の経費精算もコーポレートカードと連携させて、精算を忘れていても催促のメールがくるなど精算の漏れがなくなり助かります。この口コミを詳しく見る,カードで読み込むのはもちろん、直接入力するのも、経路検索を反映させるのも全て簡単で本当に楽になりました。楽楽精算の改善してほしい点全ての交通系ICカードを読み込めるようにして欲しい。読み込んだ乗車履歴を削除できるようにして欲しい。私用で使った履歴まで会社に見られてしまうシステムの不具合がありましたか？特にありません楽楽精算導入で得られた効果・メリット交通費の精算をするのに、以前は乗車した経路を全て手書きかエクセルで提出していましたので、ICカードの読み込むだけで相当時間短縮できました。また交通費以外の経費精算もコーポレートカードと連携させて、精算を忘れていても催促のメールがくるなど精算の漏れがなくなり助かります。
845,2022/07/01,領収書精算では領収書、精算記録紙、小銭と細かな物の管理が沢山ありましたが今では全て不用！領収書も精算記録もパソコンの中。小銭は銀行から直接口座へ。素晴らしい。,画面が少し見辛いところがあってこれが好みになれば言うことなしです。サービス面ではマニュアルがあっても探しづらいのでPC上でリモートで教えてもらえると助かります。,担当者のストレスが減った。仕事の工数も減った。しまうものが少なくなったのでキャビネットの空きが増えた。この口コミを詳しく見る,では領収書、精算記録紙、小銭と細かな物の管理が沢山ありましたが今では全て不用！領収書も精算記録もパソコンの中。小銭は銀行から直接口座へ。素晴らしい。楽楽精算の改善してほしい点画面が少し見辛いところがあってこれが好みになれば言うことなしです。サービス面ではマニュアルがあっても探しづらいのでPC上でリモートで教えてもらえると助かります。楽楽精算導入で得られた効果・メリット担当者のストレスが減った。仕事の工数も減った。しまうものが少なくなったのでキャビネットの空きが増えた。
846,2022/07/01,今までは書類を印刷して所属長に提出してから本部事務局へ届くまでに時間がかかり、処理が遅かったのですが、印刷と共に申請が送れるようになったのでスムーズになりました。,そこまで困っていたことはありません。使用している途中で、電子印の印刷も可能になったのでとても便利でした。,部門間での書類のやり取りが減り、業務が軽減されたと思います。また、立替払いが現金から給与と共に振り込まれる形に変わったのもよかったと思います。この口コミを詳しく見る,類を印刷して所属長に提出してから本部事務局へ届くまでに時間がかかり、処理が遅かったのですが、印刷と共に申請が送れるようになったのでスムーズになりました。楽楽精算の改善してほしい点そこまで困っていたことはありません。使用している途中で、電子印の印刷も可能になったのでとても便利でした。楽楽精算導入で得られた効果・メリット部門間での書類のやり取りが減り、業務が軽減されたと思います。また、立替払いが現金から給与と共に振り込まれる形に変わったのもよかったと思います。
847,2022/07/01,会計ソフトとの連動が可能なので、連動できれば経理の負担が軽くなる。もし連動せず、単体で使っても、機能がわかりやすいので使いやすい。,今のところ特になし。利用している社員から使い方がわからないなどの質問もないので、誰でも使いやすいのだと思う。システムの不具合がありましたか？特になし。,導入前は紙で手書きだったので、精算書を提出する時間が大幅に削減された。書式がある分チェックもしやすく、見やすい。また費用が手頃で続けやすい。,機能、費用ともに満足できる
848,2022/06/26,日帰りや出張の旅費申請をweb上で完結することができる。また、紙なども一切使わない為、会社のペーパーレスの方針にも合っている。,一時保存した際、どこから一時保存したものを編集できるのか困ったことがあった。一覧ボタンを大きくするか、名前を分かりやすくしてほしい。,楽楽精算があることで、申請手続きが楽になり、時間短縮に繋がっていると考える。また、精神的にも申請手続きをする面倒さをあまり感じずにできる。この口コミを詳しく見る,張の旅費申請をweb上で完結することができる。また、紙なども一切使わない為、会社のペーパーレスの方針にも合っている。楽楽精算の改善してほしい点一時保存した際、どこから一時保存したものを編集できるのか困ったことがあった。一覧ボタンを大きくするか、名前を分かりやすくしてほしい。楽楽精算導入で得られた効果・メリット楽楽精算があることで、申請手続きが楽になり、時間短縮に繋がっていると考える。また、精神的にも申請手続きをする面倒さをあまり感じずにできる。
849,2022/06/25,出張など移動経路を指定すると乗り換え検索機能があり便利。一度使った経路選択は次回以降も履歴を参照して入力できるため繰り返し同じ場所に行く予定がある際などは特に使いやすさを感じます。,社内の既存の稟議決裁と楽楽精算が連動してしまっている場合があり、一部申請は2重申請する必要ができたことです。社内事情のため、サービス利用上の不便な点は特にないです。,繰り返し同じ場所に往訪する際は過去の履歴から同じ申請をできるため時間短縮になります。スマートフォンでも利用できるので空いた時間で申請できるのも便利です。この口コミを詳しく見る,動経路を指定すると乗り換え検索機能があり便利。一度使った経路選択は次回以降も履歴を参照して入力できるため繰り返し同じ場所に行く予定がある際などは特に使いやすさを感じます。楽楽精算の改善してほしい点社内の既存の稟議決裁と楽楽精算が連動してしまっている場合があり、一部申請は2重申請する必要ができたことです。社内事情のため、サービス利用上の不便な点は特にないです。楽楽精算導入で得られた効果・メリット繰り返し同じ場所に往訪する際は過去の履歴から同じ申請をできるため時間短縮になります。スマートフォンでも利用できるので空いた時間で申請できるのも便利です。
850,2022/06/21,出張精算の際に、交通費の経路案内と料金が出てきて便利。また、料金に関しては、IC料金と現金での両方が出てくるので使いやすい。,交際費、セミナー費用や購入費等の精算に関して、添付書類として、それらの領収書が添付できるようになればさらに便利になる。システムの不具合がありましたか？特になし。,過去に精算したリストも出てくるので、二重に精算したりするミスを事前に防ぐことが出来ている。いつも確認をしています。,精算のソフトとして、大変便利。
851,2022/06/21,これまで月末領収書の原本を提出する為だけに出社することがありましたが今はありません。サービスの中身としても使いやすくとくに公共交通機関に対してルートと金額が簡単に選べるのが便利。精算する側以上に経理部の業務がかなり削減されたと思う。,領収書を撮影しアップロードするまでに2段階踏まなければいけないので、撮影後そのまま精算できれば良い。,領収書が発生した時点での精算処理が可能。精算する為の出社がなくなり業務不可の軽減。経理処理側の業務不可の軽減で導入したことによりかなり業務軽減になっていると思う。,経理部門の業務軽減にかなり貢献すると思います。
852,2022/06/21,1ユーザーとして利用しておりますが、製品名の通り、毎月末の忙しい時期に経理処理が非常に楽です。特に、レシートや領収書などを写真で取り込んで、内容情報を正確に自動認識してくれる機能があり便利です。,操作中（申請登録作業中）に急務の離席で一定時間放置した場合、一時保存を押下しないとデータが消えてしまうので、自動保存機能などがあれば嬉しいです。システムの不具合がありましたか？特にありません。,職務上外回りの多いが多いため、経費や交通費処理が非常に多いのですが交通乗り換え案内サービスと連動しているため、経路調査などの時間が短縮されて効率的に処理ができております。以前利用していた製品の解約理由別システムを利用していたが、作業効率化のために変更この口コミを詳しく見る,として利用しておりますが、製品名の通り、毎月末の忙しい時期に経理処理が非常に楽です。特に、レシートや領収書などを写真で取り込んで、内容情報を正確に自動認識してくれる機能があり便利です。楽楽精算の改善してほしい点操作中（申請登録作業中）に急務の離席で一定時間放置した場合、一時保存を押下しないとデータが消えてしまうので、自動保存機能などがあれば嬉しいです。システムの不具合がありましたか？特にありません。楽楽精算導入で得られた効果・メリット職務上外回りの多いが多いため、経費や交通費処理が非常に多いのですが交通乗り換え案内サービスと連動しているため、経路調査などの時間が短縮されて効率的に処理ができております。以前利用していた製品の解約理由別システムを利用していたが、作業効率化のために変更
853,2022/06/21,各社に合わせた設定もそれなりに柔軟にできるようです。承認者としても、未承認のものはすぐに確認できますし、承認漏れもなく便利です。,毎月締めで申請するので、常に一次保存状態としているのですが、そのまま申請を忘れてしまいそうになることが過去に数回ありました。締め日を設定するなどで、保存状態になるものがあればリマインドしてくれる機能があると嬉しいです。領収書を写真やデータでも添付できるようになると便利になると思います。,クラウド管理なので、多くの申請の管理がとても楽になります。承認漏れもなくなり、確実な申請承認処理ができるようになると思います。この口コミを詳しく見る,せた設定もそれなりに柔軟にできるようです。承認者としても、未承認のものはすぐに確認できますし、承認漏れもなく便利です。楽楽精算の改善してほしい点毎月締めで申請するので、常に一次保存状態としているのですが、そのまま申請を忘れてしまいそうになることが過去に数回ありました。締め日を設定するなどで、保存状態になるものがあればリマインドしてくれる機能があると嬉しいです。領収書を写真やデータでも添付できるようになると便利になると思います。楽楽精算導入で得られた効果・メリットクラウド管理なので、多くの申請の管理がとても楽になります。承認漏れもなくなり、確実な申請承認処理ができるようになると思います。
854,2022/06/21,エクセルで精算表を作成し、印刷出力後に捺印して回付していましたが、出張申請から精算までが入力だけで済み、尚且つ承認進捗も見える点が良い。,クレジットカードからのデータインポートが日数を要す。（カード会社の問題）領収書のPDF添付のボタンが小さい。システムの不具合がありましたか？特になし。,法人カード、交通系ICとの連携で、私物のカードで立て替える必要がなくなり、私事と仕事の区別がしやすくなった。,DXにまず取り組みやすいところだと思います。
855,2022/06/21,過去に作成した伝票や承認した伝票が閲覧できるので、いつの時点でどのような経費精算等を実施したかが容易に把握できるのがありがたい。,普段使用しない機能などを使用する際に、ナビ機能などで使用方法を示してもらえると、詳しい同僚などを煩わすことなく利用できるので、より効率的になると思われる。システムの不具合がありましたか？現在のところ特にありません。,テレワークが導入されて事務所以外での利用機会も増加したが、問題なく対応できるので締め処理などの遅れることなく精算できる。,中堅規模以下の企業には、コストパフォーマンス的におすすめです。
856,2022/06/19,それまでは手書きの支払い証でしたが、こちらが導入されてから効率化されました。支払先が登録できるのもいい。,利用開始時は使い方が分かるまで多少時間が要ります。簡易マニュアルとかがあるとgoodだと思います（既にあるのかもしれませんが）。,手書きに比べて圧倒的に簡単です。また、ネットさえあれば場所を選ばす精算に対応できるので出張先などでも利用可能です。この口コミを詳しく見る,手書きの支払い証でしたが、こちらが導入されてから効率化されました。支払先が登録できるのもいい。楽楽精算の改善してほしい点利用開始時は使い方が分かるまで多少時間が要ります。簡易マニュアルとかがあるとgoodだと思います（既にあるのかもしれませんが）。楽楽精算導入で得られた効果・メリット手書きに比べて圧倒的に簡単です。また、ネットさえあれば場所を選ばす精算に対応できるので出張先などでも利用可能です。
857,2022/06/19,この製品の良い点は経費精算がスムーズにできるようになったという点です。いちいち紙媒体でやりとりすることなく、しかも社員はスマホで領収書などを撮影するだけですので、手続きの時間短縮につながります。,改善して欲しい点については今のところ特にありません。非常に優れた機能を持っていますので、満足して使用しています。システムの不具合がありましたか？特にありません。,テレワークでも対応可能という点がメリットです。申請のためにいちいち出社する必要がなく、自宅からでも申請ができますので、在宅勤務を推奨する我が社にとって、これは大きなメリットです。この口コミを詳しく見る,良い点は経費精算がスムーズにできるようになったという点です。いちいち紙媒体でやりとりすることなく、しかも社員はスマホで領収書などを撮影するだけですので、手続きの時間短縮につながります。楽楽精算の改善してほしい点改善して欲しい点については今のところ特にありません。非常に優れた機能を持っていますので、満足して使用しています。システムの不具合がありましたか？特にありません。楽楽精算導入で得られた効果・メリットテレワークでも対応可能という点がメリットです。申請のためにいちいち出社する必要がなく、自宅からでも申請ができますので、在宅勤務を推奨する我が社にとって、これは大きなメリットです。
858,2022/06/16,PCにより管理が容易になった。領収書も電子版を容易に活用ができるので、非常に便利になった。その後の確認もすぐにできる。,自分にとっては特にはないが、年配者の利用時などに若干の慣れが必要に思う。そのあたりはPC等のデジタルへの慣れが少しは必要か。,社内での統一管理が可能になっており、これまであいまいだった請求書、領収書の共通した認識も可能になっている。電子化によるスピードも改善。この口コミを詳しく見る,管理が容易になった。領収書も電子版を容易に活用ができるので、非常に便利になった。その後の確認もすぐにできる。楽楽精算の改善してほしい点自分にとっては特にはないが、年配者の利用時などに若干の慣れが必要に思う。そのあたりはPC等のデジタルへの慣れが少しは必要か。楽楽精算導入で得られた効果・メリット社内での統一管理が可能になっており、これまであいまいだった請求書、領収書の共通した認識も可能になっている。電子化によるスピードも改善。
859,2022/06/11,オンライン上で、全ての精算を完了することができる。それは社内精算だけでなく、社外へ社内の別部署より精算請求することもできる。,パソコンだけでなく、スマホにも対応して欲しい。レシートの添付もスマホで写真を撮ることで完了するなどメリットは多い。システムの不具合がありましたか？現在まで数年利用しているが、不具合はなかった。,新規の取引先に仕事を依頼した際に、口座がなかったことから楽楽精算が役に立った。精算部署に支払い依頼をすることで完了することができた。以前利用していた製品の解約理由急タイプの精算システム利用しており、記入する箇所が非常に多かった,オンライン上でデータを残せるなど紙を使用する機会が減り、全体の労務負担の軽減に繋がります。
860,2022/06/11,今までエクセルで集計していたものを楽楽精算をつかったら、エクセルが苦手で作業が遅かった私でも、楽に計算できた。またスマートフォン向けアプリがあるのもいい点です。,初期設定がやや複雑になっており、ITツールの操作が苦手な私では、初期設定を設定するのにとても時間と労力がかかっており、初期設定をもっと簡単にしてほしい。システムの不具合がありましたか？OCR入力に失敗することがあります。,楽楽精算を導入することで、経費精算業務の負担軽減、コストカットを行うことができた。また時間を節約できた。,エクセルが苦手な方におすすめ
861,2022/06/11,領収証のpdfファイルをアップロードすると、利用日や利用金額、使ったお店などを読み込んで自動的にシステムに反映してくれる点がとても便利です。,領収証のpdfファイルの容量制限がシビアで、スキャナの設定が高解像度になっているとアップロードができない点。そういう時は自分でpdfファイルのサイズを圧縮しないといけない点が不便に感じます。,手書きの経費精算書類から解放されますし、稟議機能もついているため上司の押印をもらう手間も省けます。自分の業務に専念する時間が増えました。以前利用していた製品の解約理由情シスの判断につき不明ですこの口コミを詳しく見る,dfファイルをアップロードすると、利用日や利用金額、使ったお店などを読み込んで自動的にシステムに反映してくれる点がとても便利です。楽楽精算の改善してほしい点領収証のpdfファイルの容量制限がシビアで、スキャナの設定が高解像度になっているとアップロードができない点。そういう時は自分でpdfファイルのサイズを圧縮しないといけない点が不便に感じます。楽楽精算導入で得られた効果・メリット手書きの経費精算書類から解放されますし、稟議機能もついているため上司の押印をもらう手間も省けます。自分の業務に専念する時間が増えました。以前利用していた製品の解約理由情シスの判断につき不明です
862,2022/06/11,撮影した写真に写っているレシートから、日付や金額を自動で読み込んで反映してくれるため入力する手間がなくなったこと。,PCからデータ領収書データ画像を読み込む際、jpgが利用できない。わざわざPDFにしなければならないので面倒。,上司の意見では紙での回覧がなくなったため、判子を押さなくてすむので教務が減ったと言っていた。しかし、一般社員は結局、紙ベースを財務課にださなければならず作業量的にはたいして減っていない。この口コミを詳しく見る,真に写っているレシートから、日付や金額を自動で読み込んで反映してくれるため入力する手間がなくなったこと。楽楽精算の改善してほしい点PCからデータ領収書データ画像を読み込む際、jpgが利用できない。わざわざPDFにしなければならないので面倒。楽楽精算導入で得られた効果・メリット上司の意見では紙での回覧がなくなったため、判子を押さなくてすむので教務が減ったと言っていた。しかし、一般社員は結局、紙ベースを財務課にださなければならず作業量的にはたいして減っていない。
863,2022/06/11,以前は紙ベースで領収書の貼り付け・スキャン・本社郵送等を行っていましたが、楽楽精算でデジタル化して貼り付けや郵送の手間がなくなりました。また乗換案内で電車だけでなくバス運賃にも対応している点が良いです。,自身は申請する側で承認をする事はないのですが、承認側で申請が漏れる事があり、申請が来たことが少し気づきにくいのかなと思います。,出張や移動が多いため以前は領収書の保存や申請が手間でしたが、楽楽精算でデジタル化して領収書はカメラで保存、申請もweb完結で面倒な経費申請時間が短縮できます。,外出する営業職が多い企業にはおすすめです。
864,2022/06/10,私は経費精算するユーザー側ですが、精算するユーザーではなく総務部等の管理者側が一元管理するのに適したサービスだと感じる。,細かい機能が多いため、会社の入力ルールも細かく指定されており、マニュアルを見ながら入力することが多々ある。,細かい機能が多いが故に、感覚的に入力しても会社指定の入力ルールと異なっており管理者から差戻しを受けることが多々ある。以前利用していた製品の解約理由会社方針で変更この口コミを詳しく見る,算するユーザー側ですが、精算するユーザーではなく総務部等の管理者側が一元管理するのに適したサービスだと感じる。楽楽精算の改善してほしい点細かい機能が多いため、会社の入力ルールも細かく指定されており、マニュアルを見ながら入力することが多々ある。楽楽精算導入で得られた効果・メリット細かい機能が多いが故に、感覚的に入力しても会社指定の入力ルールと異なっており管理者から差戻しを受けることが多々ある。以前利用していた製品の解約理由会社方針で変更
865,2022/06/09,経費だったり、出張申請が簡単に出来ます。サイト自体がとてもシンプルなので迷うことなく使えると思います。,サイトがシンプルという点の裏返しにはなるのですが、サイトのデザインがあまり良くないです。そのため使っていて安っぽさを感じる時があります。,社員の経費や交通費などを一括で管理することが出来る点が良いです。Web上で情報を入力することで、自動で紙に出力してくれる機能があるため、紙ベースで管理している企業にもピッタリです。この口コミを詳しく見る,り、出張申請が簡単に出来ます。サイト自体がとてもシンプルなので迷うことなく使えると思います。楽楽精算の改善してほしい点サイトがシンプルという点の裏返しにはなるのですが、サイトのデザインがあまり良くないです。そのため使っていて安っぽさを感じる時があります。楽楽精算導入で得られた効果・メリット社員の経費や交通費などを一括で管理することが出来る点が良いです。Web上で情報を入力することで、自動で紙に出力してくれる機能があるため、紙ベースで管理している企業にもピッタリです。
866,2022/06/09,経費精算の際に利用しています。わかりやすく、履歴も残るので良いです。控えが印刷できるところもポイントが高いです。,あまりないのですが、費用の明細などを入力するところが少しわかりにくいです。いつもマニュアルを見ながらなので、もう少し簡潔になるといいなと思います。,経費精算のスピードが格段に上がりました。また、履歴もしっかり残って、本社からの振込が間違ってないか確認もできるのでありがたいです。この口コミを詳しく見る,際に利用しています。わかりやすく、履歴も残るので良いです。控えが印刷できるところもポイントが高いです。楽楽精算の改善してほしい点あまりないのですが、費用の明細などを入力するところが少しわかりにくいです。いつもマニュアルを見ながらなので、もう少し簡潔になるといいなと思います。楽楽精算導入で得られた効果・メリット経費精算のスピードが格段に上がりました。また、履歴もしっかり残って、本社からの振込が間違ってないか確認もできるのでありがたいです。
867,2022/06/09,ルートを検索すれば運賃が出てくるので、最新の運賃を調べなくても良いのは便利だと感じる。また、ある程度の入力ミスは指摘してくれるので、ミスをしにくいというのもある。,ルート検索の際に全国の路線で検索するため、同じ名称の駅やバス停が検索時にヒットしてしまい、選択しづらいので、ルート検索前に地域（東京都など）の選択をできるとある程度は駅名を絞れるのではと感じた。システムの不具合がありましたか？特になかった。,過去には金額をネットで検索して、エクセルで計算していたが、ミスが多く、この製品は運賃の入力や定期区分の反映や計算を自動でしてくれるので、計算ミスの防止に役だっている。,スマートフォンでも利用可能な点
868,2022/06/08,これまでは紙での精算だったのが行き帰りの駅を入力して検索するだけで経路から料金まで全て自動入力シてくれるようになり、楽になりました。定期経路を登録しておけば最寄り駅から入力しても自動でその分の金額をひいてくれるのもうれしい点です。,交通費の経路を自動で検索してくれるのはいいのですが、ゴールデンウィークなどの特別料金が反映されないことがあります。,在宅勤務が増えているので紙で申請しなくてもフローチャートで申請が承認されるため、経理部からすぐお金が振り込まれるようになりました。,初めて経費精算システムを導入するのであればとっつきやすくていいシステムかと思います。
869,2022/06/08,社員がたくさんいる会社で外回りなどの交通費の精算が大変だったので、このソフトの導入により月一の作業がかなり楽になった。,次の画面に遷移するためのボタンが多いような気がするので、そのあたりのインターフェイスを考えてほしい。各会社によってSEをつけるなりして、パッケージをアレンジできるような体制が望ましい。システムの不具合がありましたか？特になし。,社員個人個人の交通費を一元管理できるようになったため、いちいち手作業でエクセル管理していたものがこのソフトに置き換わり、大変管理が楽になった。,経費の精算に困っているなら導入してみるのも手である。
870,2022/06/08,経費精算の際に毎回領収書を保管しておく手間、また本社が遠方なのですがそこへ領収書をまとめて糊で紙に貼り付けて本社へ郵送する手間が省けるようになりました。,領収書を写メで読み込めるのですが、その際に少しでも写りが悪いと差し戻しをされる点です。またPCへスキャンで読み込んだ際も申請までの入力が若干手間です。,領収書を糊で紙に貼り付けて遠方の本社へ郵送する手間が省けるようになりました。また領収書を保管しておくリスクも軽減されるようになりました。この口コミを詳しく見る,際に毎回領収書を保管しておく手間、また本社が遠方なのですがそこへ領収書をまとめて糊で紙に貼り付けて本社へ郵送する手間が省けるようになりました。楽楽精算の改善してほしい点領収書を写メで読み込めるのですが、その際に少しでも写りが悪いと差し戻しをされる点です。またPCへスキャンで読み込んだ際も申請までの入力が若干手間です。楽楽精算導入で得られた効果・メリット領収書を糊で紙に貼り付けて遠方の本社へ郵送する手間が省けるようになりました。また領収書を保管しておくリスクも軽減されるようになりました。
871,2022/06/08,これまで紙ベースで領収書や伝票を管理していましたが、電子化で保管の手間やミスが減り、効率的になりました。,1人のユーザーとしては入力の手間が増えた面もあるのですが、バックオフィスの業務がかなり削減できるメリットがあるので、やむを得ないと思っています。,会社全体で見ると経費精算にかけるリソースがかなり削減できるので、その分本業に集中できるようになりました。この口コミを詳しく見る,ベースで領収書や伝票を管理していましたが、電子化で保管の手間やミスが減り、効率的になりました。楽楽精算の改善してほしい点1人のユーザーとしては入力の手間が増えた面もあるのですが、バックオフィスの業務がかなり削減できるメリットがあるので、やむを得ないと思っています。楽楽精算導入で得られた効果・メリット会社全体で見ると経費精算にかけるリソースがかなり削減できるので、その分本業に集中できるようになりました。
872,2022/06/07,移動経路や費用を正確に記述し費用申請する必要がありましたが、スマホで簡単かつ正確に費用申請できるようになりました。,領収書の読み取り精度がいまいちなのでOCRの精度をあげてもらいたいと思います。クレジットカードの利用明細を取り込む際にも初期設定が大変面倒で改善の余地はあると思います。所属部署に合わせていろいろカスタマイズができるので、その内容や運用ルールを決めるのが面倒でした。ルールが浸透できていないと間違いも発生しました。,申請、承認、経理部での経理処理の一連の工程を電子化することができ、これまでの紙ベースの業務環境が一新され、効率が上がりました。また、自動仕訳・会計ソフト連携など、様々な機能で業務効率の向上や、人的ミスの防止を実現できています。,上手く使いこなせればとても有益なツールです。カスタマイズ地獄に陥らないように！
873,2022/06/07,会社で導入されており、入社時から3年弱利用しております。会社ごとにワークフロー等を用意できるようで、自社なりの言葉でわかりやすい説明が付けられる点で機能面は良いと思います。交通費など申請時のUIがイマイチですが、以前より改善アップデートによって多少使いやすくなっています。ユーザー目線では概ね満足しています。,交通費申請時のUI。マイパターンから申請する際に、申請理由等が記録されていないのが使いづらい。また、できればスケジューリング（曜日別の設定）などができると嬉しい。システムの不具合がありましたか？不具合やトラブルについては知っている限りありません。安定していると思います。,交通費のみに限らず、メーリングリストの申請や家賃補助の契約書アップロード等申請まわりのフローを一元化することができています。どこで何をすれば良いかわからないと言ったユーザーのトラブルはかなり減っていると思います。この口コミを詳しく見る,されており、入社時から3年弱利用しております。会社ごとにワークフロー等を用意できるようで、自社なりの言葉でわかりやすい説明が付けられる点で機能面は良いと思います。交通費など申請時のUIがイマイチですが、以前より改善アップデートによって多少使いやすくなっています。ユーザー目線では概ね満足しています。楽楽精算の改善してほしい点交通費申請時のUI。マイパターンから申請する際に、申請理由等が記録されていないのが使いづらい。また、できればスケジューリング（曜日別の設定）などができると嬉しい。システムの不具合がありましたか？不具合やトラブルについては知っている限りありません。安定していると思います。楽楽精算導入で得られた効果・メリット交通費のみに限らず、メーリングリストの申請や家賃補助の契約書アップロード等申請まわりのフローを一元化することができています。どこで何をすれば良いかわからないと言ったユーザーのトラブルはかなり減っていると思います。
874,2022/06/07,これまでは事務所に出社し、経費申請書に領収書を張り付けて提出していましたが、楽楽精算を使用すれば外出先で携帯からでも申請できるので、かなり時間削減になった。,領収書を読み取る際、支払先や取引日、支払額などを自動で読み取ってくれるが、その精度がもう少し改善されると嬉しい。システムの不具合がありましたか？特になし。,出張が続いた際、立替金が何十万円にも膨れ上がったことがあった。その際に出張の都度外出先から経費精算できたため、大変助かった。,リモートワークが進んでいる会社に特におすすめ！
875,2022/06/07,これまで自社で作成したエクセルのフォーマットを利用しており、人によって記入方法がバラバラでしたが、楽楽精算を導入してから統一化でき管理が楽になりました。,使用するブラウザによるかもしれませんが、プルダウンで選択する方式の場合動きが悪くなるときがあります。改善されるとさらによくなるかと思います。システムの不具合がありましたか？時折動作が重くなるときがあります。使用するブラウザによって差はあるかとは思います。,これまではエクセルにて入力し印刷して提出。ミスがあれば棄却され再度印刷するという手間がありましたが、楽楽精算導入後は印刷前に承認ルートを通すため二度手間がなくなりました。この口コミを詳しく見る,社で作成したエクセルのフォーマットを利用しており、人によって記入方法がバラバラでしたが、楽楽精算を導入してから統一化でき管理が楽になりました。楽楽精算の改善してほしい点使用するブラウザによるかもしれませんが、プルダウンで選択する方式の場合動きが悪くなるときがあります。改善されるとさらによくなるかと思います。システムの不具合がありましたか？時折動作が重くなるときがあります。使用するブラウザによって差はあるかとは思います。楽楽精算導入で得られた効果・メリットこれまではエクセルにて入力し印刷して提出。ミスがあれば棄却され再度印刷するという手間がありましたが、楽楽精算導入後は印刷前に承認ルートを通すため二度手間がなくなりました。
876,2022/06/06,これまで面倒だった経費の申請も、専用スマホアプリで有料道路の通行代も駐車料金も写真をとって必要事項を選ぶだけになりました。,ICカードリーダのアプリと楽楽精算の本体アプリが別々になっているところ。おかげで２つのアプリのインストールが必要。統合してほしい。システムの不具合がありましたか？楽楽精算のアプリで写真撮影による自動で入力される金額が桁違いで異なるときがある。,楽楽精算のアプリで領収書をとるだけで、その金額とタイトルが自動で入力されていることが、面倒や手間が減り、その分本業に専念することができる。,本業の時間をもっと有効的に増やしたい方にお勧め。
877,2022/06/06,ユーザーとしての感想になります。文字入力と原本保管の手間、チェック時の承認の手間が省けた。紙の節約。業務としては簡素化。,薄い字の領収書の写真を撮る際は手間がかかった。行政が領収書の書式を統一化してくれたらよいのに、と思う。システムの不具合がありましたか？文字入力が省ける分、自動入力のため入力ミスのチェックは必須。パソコン画面でのチェックが目に辛い。,紙ベースからデータ化により用紙、原本郵送コスト削減につながる。簡単作業のため、引継ぎが楽。誰にでもできる。過去の勘定科目がデータとして見れる。,作業としては簡単。精算後振込までのスピードアップにつながる。
878,2022/06/06,会社で総務を担当していますが、このソフト導入前までは旅費の精算の際にそれぞれからレシートをいただきこちらで入力が必要でした。まとめてできるのでとても助かります。,説明書が文書で長いため読むのが大変でした。練習モードなどでとにかく触って覚えられるモードがあれば助かります。,エクセルでの旅費精算では金額が合わないことが多く時間がかかっていました。ソフト導入により旅費精算が迅速になり残業が減りました。,エクセルを使って精算作業している方にはとてもおすすめ
879,2022/06/06,今までは交通費や物品購入費を紙ベースで精算していたのですが、パソコン1つで精算作業ができ、紙のコスト削減に繋がりました。,例えば部下が交通費を楽楽精算で請求した際、メールで通知がくるのですが、1度開いて急な用事ができ、パソコンに戻ってきたら再通知がなく請求確認を忘れることがある。システムの不具合がありましたか？今のところ時にありません。,紙精算をなくすことにより、紙の紛失がなくなりました。また、データで残り、過去の精算記録の確認ができます。,作業効率が上がりますので、会社としての利益に繋がると思います。
880,2022/06/05,レシートやコインパーキングの領収書を写真撮影したら、金額を自動で読み込んでくれる。そのままデータ入力出来て便利。,システム上では特に問題点なし。弊社の問題点だが、撮影したレシートなどをいまだに申請書類と回すのでそれが面倒。システムの不具合がありましたか？現状不具合やトラブルには遭遇していない。,自分の字が汚く、書くのも面倒だった領収書などが勝手に読み込まれ、必要な情報もパソコンやスマートフォンの入力で良くなった。,このシステム導入をきっかけに、本格的に社内のペーパーレス化を進めてはどうだろう？
881,2022/06/05,ユーザーインターフェースがシンプルなつくりなので、操作しやすい。また私の会社だけかもしれないが、マニュアルもわかりやすいので出張精算が簡単,上長の承認がストップしていると気づいているのか不安になる。承認側の画面については知らないが、上長へのリマインド機能があると嬉しい。,以前の入力情報も記憶しているので、一度行ったことのある出張先に行くと、スムーズに出張精算できるのが良かった。以前利用していた製品の解約理由導入者ではないので知らないこの口コミを詳しく見る,ンターフェースがシンプルなつくりなので、操作しやすい。また私の会社だけかもしれないが、マニュアルもわかりやすいので出張精算が簡単楽楽精算の改善してほしい点上長の承認がストップしていると気づいているのか不安になる。承認側の画面については知らないが、上長へのリマインド機能があると嬉しい。楽楽精算導入で得られた効果・メリット以前の入力情報も記憶しているので、一度行ったことのある出張先に行くと、スムーズに出張精算できるのが良かった。以前利用していた製品の解約理由導入者ではないので知らない
882,2022/06/05,領収証や伝票を紙で回付しなくても精算処理ができ、スマートフォンで外出先からも操作できるので、間違いなくスピーディー。,精算を申請する処理時間がかかるところ。従来の紙での回付にはなかった領収証の撮影などの手間が増え、作業時間がふえたところ。システムの不具合がありましたか？これまでのところ、特にありません。,精算業務の処理完了スピードがアップしました。これまで決裁者が出張等で不在の場合、処理が止まっていました。この口コミを詳しく見る,票を紙で回付しなくても精算処理ができ、スマートフォンで外出先からも操作できるので、間違いなくスピーディー。楽楽精算の改善してほしい点精算を申請する処理時間がかかるところ。従来の紙での回付にはなかった領収証の撮影などの手間が増え、作業時間がふえたところ。システムの不具合がありましたか？これまでのところ、特にありません。楽楽精算導入で得られた効果・メリット精算業務の処理完了スピードがアップしました。これまで決裁者が出張等で不在の場合、処理が止まっていました。
883,2022/06/05,経費精算や日当申請がめちゃくちゃ楽ちんです。よく、日当申請をしますが、指定項目と日付を入力するだけで、クラウド上で経費・交通費など、あらゆる精算業務を効率よく、処理できます。申請処理がクラウドなので、不要な手書きや印刷処理がいらない！判子対応もないので、便利だし、ペーパーレスにもなってます,使いやすいし、とくに不満はないですね。経費精算や日当申請がめちゃくちゃしやすいのでオススメですし。クラウド上のサービスなので、システムが繋がりにくいときがたまにあるので、そこを改善してほしいシステムの不具合がありましたか？なし,他社では違うシステムを使っておりましたが、いちいち印刷や判子対応が必要で大変でした。楽楽精算は、ペーパーレスになるし、クラウド上の処理だけで完結するため、判子対応もなく使いやすくて助かってます。,めちゃくちゃ使いやすくて助かってます
884,2022/06/04,ペーパーレスで経費精算ができます。携帯にアプリを入れておくと、外出先からも経費精算ができるので大変便利です。交通費の精算をする際に、乗車駅、降車駅を入力すると自動で電車運賃が入力されるので、自分で料金を検索して入力する必要がないのが楽だと思いました。,感覚的に使用できるUIではないので、慣れるまではしばらくマニュアルを見ながらでないと使用できなかったです。もっとわかりやすいUIになること期待しております。,営業職のため、外出先からスマホを利用して経費精算できるのが便利だと感じています。電車での移動中に経費精算ができるので、外勤の多い職種の方は効率化につながるのではないでしょうか。この口コミを詳しく見る,スで経費精算ができます。携帯にアプリを入れておくと、外出先からも経費精算ができるので大変便利です。交通費の精算をする際に、乗車駅、降車駅を入力すると自動で電車運賃が入力されるので、自分で料金を検索して入力する必要がないのが楽だと思いました。楽楽精算の改善してほしい点感覚的に使用できるUIではないので、慣れるまではしばらくマニュアルを見ながらでないと使用できなかったです。もっとわかりやすいUIになること期待しております。楽楽精算導入で得られた効果・メリット営業職のため、外出先からスマホを利用して経費精算できるのが便利だと感じています。電車での移動中に経費精算ができるので、外勤の多い職種の方は効率化につながるのではないでしょうか。
885,2022/06/04,領収書をアプリで読み込むだけで日付、支払い先、金額を自動で読み起こしてくれるので、非常に楽に領収書精算できます,パソコンから返金申請できるが、携帯アプリから返金申請できないのが残念。領収書を読み込んで登録→立替経費精算なので、立替経費精算内で領収書精算できるようにしてほしいシステムの不具合がありましたか？特にございません,兎に角領収書を紙で提出する必要はなくなったことで、領収書精算の手間が格段に楽になった。また電車移動の交通費精算も簡単なので、移動しながら携帯アプリで登録できるので週一回まとめてやる手間も無くなりました。,領収書精算の手間をこれ一つで解決してくれます
886,2022/06/04,何といっても公共交通機関の検索の豊富さやスピードは本当に素晴らしい。定期券を登録してあるとそれを考慮した料金が反映されるので、それも使い勝手がいい。,経路登録による交通費登録と、日当の登録をバラバラに登録しなければならないのはちょっと面倒。一回の登録で出来るといいと思う。システムの不具合がありましたか？特になし。,コロナ禍でテレワークが主流となり、ノートパソコンが貸与されたことにより、会社外でも交通費の精算等が出来るようになったことが効率UPにつながっていると思う。,精算をスピーディーに行いたい企業には最適
887,2022/06/04,今までは物理的な紙で外出届や出張申請をしていたので私や上長がテレワークの際など承認が遅くなる傾向だったが、楽楽精算を導入してからは承認がスピーディーになった。,直感的に使うのに限界があり、慣れるまではマニュアルを見ながらとなるので効率が悪いように感じる。もっと直感的に使えると有難い。システムの不具合がありましたか？今のところありません。,メリットとしては申請者や承認者が在宅勤務中でも、申請や承認が出来る事で業務の効率化に寄与出来る部分だと感じた。,テレワークに最適、記録もデータで残るので安心。
888,2022/06/04,もう以前の処理が思い出せないくらい使用してます。最近領収書も写真で取り込めるようになり更に楽になりました。以前は提出する前に紛失することが多かったので助かります！,同じ場所に行くときは、前回と同じ経路・交通手段・交通費を学習して自動で出てくるようにしてほしいです。,請求する人、精算する人共にかなりの効率化が図れると思います。また、今後、電子帳簿保存法も考えたらこのようなシステムは必需品となるのではと思います。この口コミを詳しく見る,処理が思い出せないくらい使用してます。最近領収書も写真で取り込めるようになり更に楽になりました。以前は提出する前に紛失することが多かったので助かります！楽楽精算の改善してほしい点同じ場所に行くときは、前回と同じ経路・交通手段・交通費を学習して自動で出てくるようにしてほしいです。楽楽精算導入で得られた効果・メリット請求する人、精算する人共にかなりの効率化が図れると思います。また、今後、電子帳簿保存法も考えたらこのようなシステムは必需品となるのではと思います。
889,2022/06/03,これまでは、領収書を発行してもらい、総務に申請するのに、移動方法等もすべて手書して、領収書を添付等、煩わしい作業から解放された。,特に不便はない。可能であれば、給与に精算金が振り込まれる形なので、現金で給付することが選択できるシステムになればよいのですが。システムの不具合がありましたか？特にありません。,時間の節約、精算作業効率の改善につきると思う。また、データを保存していれば、領収書がなくなるのを心配しなくてよくなったこと。,総務部で経費管理の部門に従事している方
890,2022/06/03,外出するたびに手打ちしていた、どこからどこまでの電車代という入力が、Suicaのタッチだけで解決するのがとても良いです。,稟議書を書いて購入した製品で、カード決済のポイント還元をしている社員としていない社員がいます。この部分を反映させられればいいのに、と思います。システムの不具合がありましたか？読み取りには付きものですが、領収書読み取りで誤字が出て手作業で修正したことがありました。,帰って来た後の精算作業が大幅に簡略化されます。毎日出ている人なら毎日のことなので、かなりコスト削減になるのではないでしょうか。,交通費を含み、外で会社のお金を使う社員が多いなら導入するべきだと思います。
891,2022/06/03,申請するのがとにかく簡単。主に外出した時の交通費申請で使用してますが、まず自分の持っている定期の区間を登録し、その後外出した時の区間を登録すると、定期分が反映されて、ちゃんと自分のかかった費用が自動的に出てくれます。,改善点は今のところございません。サイト内も見やすいし、使い勝手も良い。他の製品に比べて登録も簡単だし完璧に高いと思います。システムの不具合がありましたか？特にございません。,勤務中、忙しい時間の中でも簡単に申請できる為、仕事の効率化に貢献していただいております。以前でしたら、交通費を自分で計算しなければいけなかった為、申請するのに時間がかかっておりましたが、こちらの製品のおかげでその時間が短縮されました。以前利用していた製品の解約理由申請の仕方がやりづらいからこの口コミを詳しく見る,がとにかく簡単。主に外出した時の交通費申請で使用してますが、まず自分の持っている定期の区間を登録し、その後外出した時の区間を登録すると、定期分が反映されて、ちゃんと自分のかかった費用が自動的に出てくれます。楽楽精算の改善してほしい点改善点は今のところございません。サイト内も見やすいし、使い勝手も良い。他の製品に比べて登録も簡単だし完璧に高いと思います。システムの不具合がありましたか？特にございません。楽楽精算導入で得られた効果・メリット勤務中、忙しい時間の中でも簡単に申請できる為、仕事の効率化に貢献していただいております。以前でしたら、交通費を自分で計算しなければいけなかった為、申請するのに時間がかかっておりましたが、こちらの製品のおかげでその時間が短縮されました。以前利用していた製品の解約理由申請の仕方がやりづらいから
892,2022/06/02,見た目がスッキリしており、ログインしたらすぐにどこに何のデータを入力すればいいかがすぐに分かります。マニュアルもありますが、インターネットができれば誰でもすぐに操作可能です。,各路線の運賃を入力するのですが、少し字が小さいため、見にくいなと思うことがありました。しばらく使わなくなると別の利用者にアカウントが移動するのでログインできなくなります。その時は管理部に言ってアカウントの移動を申請するのが面倒だなと思います。システムの不具合がありましたか？東京に4年間単身赴任していた時は毎週のように入力していましたが、一度もトラブルはありませんでした。動作が遅くなるようなこともなく、安心して使えると思います。,毎週のように出張していますが、以前は精算をするのに紙の書類を使っていましたが楽楽精算を導入したことで朝の精算処理にかかる時間が格段に削減できました。月曜日の朝に精算をしますが、いつもバスや鉄道、新幹線の各運賃を書いたりするのが面倒でしたが、楽楽精算はすべて一画面ででき、かかる時間も入力〜申請までで5分程度で完了できます。以前は15分以上かかっていたので、時間的にもストレス的にも大きく軽減できました。,ITリテラシーが低くてもすぐに操作できるよう簡単に設計されています。精算にかかる時間や労力が軽減されるため、社員の生産性も向上します。
893,2022/06/02,私は中小企業へ当サービスの導入を提案する業務を行なっております。導入後のお客様からは、自動で仕分けできるので紙ベースの帳簿やExcelで地道な作業をする必要がなくなったと好評です。,中小企業の経理担当の多くは、やや年配の方が多いのですが、少し画面が見づらいという意見はいただいております。システムの不具合がありましたか？特になし。,導入コストが安いことに加え、経費精算にともなう作業がかなり効率化されたため、人件費の圧縮をする事ができ、利益を改善する事ができた。,経理担当の人手が不足している企業にお薦めです。
894,2022/06/02,領収書の写真添付が可能となり申請書の記入、送信、配送などが簡素化され携帯だけで完結することが大変便利です。,経費申請から精算申し込みまでが毎回分かりにくく手間もかかるので、申請から精算申し込みまでをもっとわかりやすくして欲しい。,紙ベースや印鑑、はてはFAX、メール送信していたアナログな精算業務を刷新してくれて、無駄な業務改善につながっていると思います。この口コミを詳しく見る,真添付が可能となり申請書の記入、送信、配送などが簡素化され携帯だけで完結することが大変便利です。楽楽精算の改善してほしい点経費申請から精算申し込みまでが毎回分かりにくく手間もかかるので、申請から精算申し込みまでをもっとわかりやすくして欲しい。楽楽精算導入で得られた効果・メリット紙ベースや印鑑、はてはFAX、メール送信していたアナログな精算業務を刷新してくれて、無駄な業務改善につながっていると思います。
895,2022/06/01,経費精算がペーパーレスになり隙間時間で精算申請できるので、無駄な時間が大幅に削減されました。領収書を撮影したら入力される点も便利です。,特にありませんが、手書きの領収書を読み込む場合に認識の精度が落ちる為、修正が必要になる点が少し不便だと感じました。,出社しなくても自宅にいながら経費の精算申請ができるようになりました。進捗状況が一目で確認できる点もありがたいポイントです。この口コミを詳しく見る,ペーパーレスになり隙間時間で精算申請できるので、無駄な時間が大幅に削減されました。領収書を撮影したら入力される点も便利です。楽楽精算の改善してほしい点特にありませんが、手書きの領収書を読み込む場合に認識の精度が落ちる為、修正が必要になる点が少し不便だと感じました。楽楽精算導入で得られた効果・メリット出社しなくても自宅にいながら経費の精算申請ができるようになりました。進捗状況が一目で確認できる点もありがたいポイントです。
896,2022/06/01,シンプルな見た目でとにかく使いやすいです。システムやパソコンがあまり得意でない方からすると、どこに何を。が分かりやすく良いです,痒いところに手が届かないことが多いです。例えば乗り換え案内で経路設定するにも、定期区間が設定されていると自由席と指定席が混在していると分けないと入力できないです,今まで経費を、申請用紙の内容をエクセル入力→各個人の経費データ作成としていましたが、CSVで出力できることで大幅に処理が減りましたこの口コミを詳しく見る,見た目でとにかく使いやすいです。システムやパソコンがあまり得意でない方からすると、どこに何を。が分かりやすく良いです楽楽精算の改善してほしい点痒いところに手が届かないことが多いです。例えば乗り換え案内で経路設定するにも、定期区間が設定されていると自由席と指定席が混在していると分けないと入力できないです楽楽精算導入で得られた効果・メリット今まで経費を、申請用紙の内容をエクセル入力→各個人の経費データ作成としていましたが、CSVで出力できることで大幅に処理が減りました
897,2022/05/31,画面レイアウトや入力制御などをユーザ側で設定できるのがよかった。経費精算のルールは会社ごとに異なるが、柔軟に対応できた。,サービス停止を伴うメンテナンスの頻度を減らしてほしい。定期的にメンテナンス（サービス停止無し）を行っているが、たまにサービス停止を伴うメンテナンスがある。楽楽精算の仕訳を他システムの経理システムへ夜間処理で連携しているのでサービス停止があると他システムの夜間処理を止めたり、メンテナンス後にリカバリしたりと大変。（製品自体には満足しています）システムの不具合がありましたか？特に無く、スムーズに導入でき、安定稼働しております。,スマートフォンでも利用できるので、営業が外出先で経費を使った際に、そのまま領収書を写真にとって精算処理できるのがよいと聞いております。以前利用していた製品の解約理由会計システムの１機能として経費精算機能を構築して使用していたが、電子帳簿保存法への対応を考慮して乗り換えを行った。,短期で導入できます。
898,2022/05/24,レシートを画像読み込みでき、入力作業の簡略化が出来ます。企業毎に必要な書式を作成出来るので各企業に合った精算システムを構築出来ます。,サービス自体の改善点よりも、導入企業の考えで精算を行う人の作業は増えるという形です。弊社の例ですと現状の制度下では紙ベースのでの領収証原本の保存が必要な為、せっかく画像を取り込んで精算しても、紙ベースで印刷し領収証を貼り付けて保存しており二度手間になっています。経費の精算等は基本的に精算を行う日よりも過去の日付の領収証なのですが、精算の入力を行うと、領収証の日付が「過去の物です。」と「！」マーク付きで警告が出るのは改善して欲しいです。システムの不具合がありましたか？システムの不具合は特にないです。システムの中身が会社の要望でかなり自由に設定出来る為、どこまで範囲で行うかしっかり決めていると,個々人が経費項目を振り分けてチェックを行い精算を行う為、経理部だけは振分け作業がかなり楽になると考えます。,経理部の作業は間違いなく楽にはなります。経費項目もかなり細かくオーダできるため、経費内訳をかなり詳細にしたい場合はオススメします。
899,2022/05/19,とにかく楽。移動経路を指定する際も乗り換え案内と連携しており、全てを打つ必要がない。いくつかの経路選択もできるため、通常経路と異なる際も選択できる。,片道、往復のラベルが小さく、まれに気づかず申請してしまうことがある。ラベルを大きくする、もしくは色を変更することですぐわかるようにしてほしい。,交通費申請を行う際の手間が省けた。交通費と経費の精算をまとめて行えたため、内容を確認しやすい。また、確認する時も一覧で表示され見やすい。この口コミを詳しく見る,。移動経路を指定する際も乗り換え案内と連携しており、全てを打つ必要がない。いくつかの経路選択もできるため、通常経路と異なる際も選択できる。楽楽精算の改善してほしい点片道、往復のラベルが小さく、まれに気づかず申請してしまうことがある。ラベルを大きくする、もしくは色を変更することですぐわかるようにしてほしい。楽楽精算導入で得られた効果・メリット交通費申請を行う際の手間が省けた。交通費と経費の精算をまとめて行えたため、内容を確認しやすい。また、確認する時も一覧で表示され見やすい。
900,2022/05/19,今まで紙の申請書に領収書を貼り、記入して社内承認を回す必要がありとても面倒だった。しかし、写真で取り込み登録するだけで社内決済が進むので利用者、経理と双方が楽になった。,承認ボタンの位置が分かりづらく毎回探してしまう。大きくわかりやすくしてもらえると助かります。よろしくお願いいたします。,今までは紙での精算だったので本社まで行かないといけなかったが、Webで申請できるので助かる。在宅勤務などリモートも増えているので助かる。,リモートワークを検討している人
901,2022/05/18,特に交通費に対しての精算が非常に楽になりました。また、スマホから申請できる点も優秀。さらにテレワークにも向いている。,個人的に領収書の読み取りが、想像より精度が良くなかったです。それが改善されたらもっといいと思います。,前に申請した内容を引っ張ってこれたりと、いろいろな便利機能のおかげで、精算にかかる時間が前より減りました。この口コミを詳しく見る,に対しての精算が非常に楽になりました。また、スマホから申請できる点も優秀。さらにテレワークにも向いている。楽楽精算の改善してほしい点個人的に領収書の読み取りが、想像より精度が良くなかったです。それが改善されたらもっといいと思います。楽楽精算導入で得られた効果・メリット前に申請した内容を引っ張ってこれたりと、いろいろな便利機能のおかげで、精算にかかる時間が前より減りました。
902,2022/05/17,外回り営業の立場からすると、交通費や駐車場代金の精算などの事務処理がその都度簡単に外出先から出来るのは、非常にありがたいことです。,ワークフローの提出、承認がPC画面からしか出来ないのが残念です。やはり外出先からスマホでチェック承認出来れば尚良いです。スマホからPC用URLでログインすれば良いのでしょうが、画面が小さくて使いにくいです。システムの不具合がありましたか？問題ありません。,以前は違う製品を使っていて、経費精算とワークフローが別々でしたが、同じシステムで出来るのは効率が良いと思います。以前利用していた製品の解約理由経理の簡素化のため,経費申請する側も、処理する側からみても価値あると思います。
903,2022/05/16,価格設定もお手頃で、機能も充実しているのでとても重宝しています。また、無料で追加できるオプションもあり、魅力的だと思います。とにかく、経費精算業務がラクになりました！,最初のころは「楽楽精算」を導入しつつ、紙媒体のやり取りも温存していたため、二重の業務が発生してしまうことがありました。でも、それは最初から徹底的に「楽楽精算」に移行できていなかった、こちら側の落ち度だと思います。,以前のやり方だといろいろとミスが発生し、困ることもありました。しかし、「楽楽精算」の自動仕訳や会計ソフトとの連携などのおかげで、人的なミスを防ぐことができています。また、導入することで経費精算業務にかかる時間とコストが明らかに少なくなりました。この口コミを詳しく見る,お手頃で、機能も充実しているのでとても重宝しています。また、無料で追加できるオプションもあり、魅力的だと思います。とにかく、経費精算業務がラクになりました！楽楽精算の改善してほしい点最初のころは「楽楽精算」を導入しつつ、紙媒体のやり取りも温存していたため、二重の業務が発生してしまうことがありました。でも、それは最初から徹底的に「楽楽精算」に移行できていなかった、こちら側の落ち度だと思います。楽楽精算導入で得られた効果・メリット以前のやり方だといろいろとミスが発生し、困ることもありました。しかし、「楽楽精算」の自動仕訳や会計ソフトとの連携などのおかげで、人的なミスを防ぐことができています。また、導入することで経費精算業務にかかる時間とコストが明らかに少なくなりました。
904,2022/05/12,目的・用途別に細かく分かれているので色々なシチュエーションに分けて精算の申請をすることができる。シンプルで使いやすい。,逆に、細かすぎてどれが今回の申請内容なのかわからなくなってしまう時がある。クリックボタン、記入項目が多すぎてわかりにくい。,全てオンライン上で完結(領収書もデータ提出でOK)、かつ申請内容は全て残っているので確認、修正もできるので一元管理が可能。すぐに手直しできる。この口コミを詳しく見る,別に細かく分かれているので色々なシチュエーションに分けて精算の申請をすることができる。シンプルで使いやすい。楽楽精算の改善してほしい点逆に、細かすぎてどれが今回の申請内容なのかわからなくなってしまう時がある。クリックボタン、記入項目が多すぎてわかりにくい。楽楽精算導入で得られた効果・メリット全てオンライン上で完結(領収書もデータ提出でOK)、かつ申請内容は全て残っているので確認、修正もできるので一元管理が可能。すぐに手直しできる。
905,2022/05/10,今までの経費精算までのプロセス、申請から上司の許可、経理の許可、などなどの流れをスムーズにできる。時間や紙の無駄がなくなり今までとは比べ物にならないくらい効率化,自動仕分けシステムはあるが、どうしても仕分けは我々サイドで勘定科目を設定する必要がる。同じ会社でも科目が違う場合は入力がうまくいかないので、改善されたらいいシステムの不具合がありましたか？読み込みがうまくいかなかった時があった,出張費の精算なども、出張先から領収書などを写真などで送ってくれたらすぐに処理にかかれる。精算する側とされる側の時間短縮、ストレス軽減につながった,今の時代はこのようなシステムがないと立ちいかない
906,2022/05/10,交通費の精算が一括で済む点です。また、ICカード関連の読み取りも可能となっているので電車などの精算も比較的簡単にできます。,パソコン版のユーザーインターフェイスがもう少し良くなると、感的に操作しやすくなり利便性が上がるかと思います。システムの不具合がありましたか？特にありません,有給申請や交通費などの申請を行う際に、一括で上長に承認依頼ができることでスムーズに事務処理をすることができるようになりました。,精算関連を一括で申請、処理できるシステム
907,2022/05/09,出発駅と到着駅を入れると候補が出るので、細かく途中の乗り換え駅の名前などを覚えてなくても精算できる。,バスなどは検索しにくい。長距離の乗り換えでは思った検索結果が出なくて、入力に時間がかかってしまうことがある。システムの不具合がありましたか？特になし,交通費の計算ミスが防げる。定期区間が登録できるので、自動で計算されるので、重複して後から経理に怒られなくて済む。,定期区間の自動計算は抜けやすいから、便利!
908,2022/05/09,これまではエクセルで記載していて入力間違いがわかりにくいが、このシステムを使うようになり間違い箇所がすぐわかるようになった,エラーが出ていてもどこがエラーかわからずマニュアルも扱っていない人にはわかりにくいため柔軟性がない。,交通費を自動で計算して、また精算項目もプルダウン方式でヒューマンエラーのミスを少なくできるので画期的であると思うこの口コミを詳しく見る,エクセルで記載していて入力間違いがわかりにくいが、このシステムを使うようになり間違い箇所がすぐわかるようになった楽楽精算の改善してほしい点エラーが出ていてもどこがエラーかわからずマニュアルも扱っていない人にはわかりにくいため柔軟性がない。楽楽精算導入で得られた効果・メリット交通費を自動で計算して、また精算項目もプルダウン方式でヒューマンエラーのミスを少なくできるので画期的であると思う
909,2022/05/09,こちらの製品を使うまでは、出張申請がいくつもの承認が必要で出張後の処理が面倒だなと思っていましたが、こちらに変わってから本当にあっという間に処理ができるので大変楽になりました。,まだまだ使いこなせていないのかもしれませんが、履歴からワンタッチで操作できるようになると嬉しいです。システムの不具合がありましたか？特にありません,以前のシステムの際は、課内でも「申請を忘れてた」という声が自身も含め多数上がっていたが、楽楽精算を導入してからそのような声が少なくなった。,金額がどれくらいかかるかは知りませんが、製品名の通り、楽楽精算です！
910,2022/05/08,請求書や領収書を読み込んで、その内容を自動で精算フォームに反映してくれるので、手入力する手間が省ける。,請求書や領収書を読み込む時たまに読み取りエラーで、誤った内容が入力されている時があるので、今後より正確なデータの読み込みができるよう期待してます。,領収書や請求書の原本を添付しなくて良くなったため、精算のために出社する必要がなくなり、在宅勤務の促進に繋がった。この口コミを詳しく見る,収書を読み込んで、その内容を自動で精算フォームに反映してくれるので、手入力する手間が省ける。楽楽精算の改善してほしい点請求書や領収書を読み込む時たまに読み取りエラーで、誤った内容が入力されている時があるので、今後より正確なデータの読み込みができるよう期待してます。楽楽精算導入で得られた効果・メリット領収書や請求書の原本を添付しなくて良くなったため、精算のために出社する必要がなくなり、在宅勤務の促進に繋がった。
911,2022/05/08,以前は交通費や経費をExcelに入力し、紙を出力して印鑑をもらって経理に提出、という古いワークフローで申請をしていたのですが、楽楽精算を導入して計算ミスも減り業務効率が大幅に上がった。,入力欄が小さくて見えにくいので、改善してほしいです。パスワードの変更期間が短いのはセキュリティ的に仕方がないと思いますが、忙しい時は少々面倒に感じます。,ペーパーレス化により押印が要らなくなるため、テレワーク時でも通常通り利用できる点が非常に便利だと思いました。この口コミを詳しく見る,費や経費をExcelに入力し、紙を出力して印鑑をもらって経理に提出、という古いワークフローで申請をしていたのですが、楽楽精算を導入して計算ミスも減り業務効率が大幅に上がった。楽楽精算の改善してほしい点入力欄が小さくて見えにくいので、改善してほしいです。パスワードの変更期間が短いのはセキュリティ的に仕方がないと思いますが、忙しい時は少々面倒に感じます。楽楽精算導入で得られた効果・メリットペーパーレス化により押印が要らなくなるため、テレワーク時でも通常通り利用できる点が非常に便利だと思いました。
912,2022/05/08,CMでもやっていますが、紙を書き起こさなくていいのはとっても助かります。会社にとっても経費節減になると思いますし、毎月のことだから、楽ちんなのがいいなと思います。,経路が載っていない場合があって、特に地方のバスだと経費精算ができなくて、しかたなく電車で行ったことにして経費精算をしました。金額がバスの方が高かったので損した気分になりました。,詳細を紙に書いて、上司に決裁をもらっていましたが、いちいち紙に書かなくても、ネットから一括で承認ももらえるし、時間の無駄が無くなったように思います。この口コミを詳しく見る,っていますが、紙を書き起こさなくていいのはとっても助かります。会社にとっても経費節減になると思いますし、毎月のことだから、楽ちんなのがいいなと思います。楽楽精算の改善してほしい点経路が載っていない場合があって、特に地方のバスだと経費精算ができなくて、しかたなく電車で行ったことにして経費精算をしました。金額がバスの方が高かったので損した気分になりました。楽楽精算導入で得られた効果・メリット詳細を紙に書いて、上司に決裁をもらっていましたが、いちいち紙に書かなくても、ネットから一括で承認ももらえるし、時間の無駄が無くなったように思います。
913,2022/05/07,交通費精算や備品申請など細々とした報告を紙では無く、都度ログインして入力するだけで上司や必要部署への申請が可能。不足項目があるとエラーで教えてくれるので、差し戻しが発生しません。,強く改善して欲しいと思う点は特にはありませんが、経費申請を行う際に、入力する項目がやや狭いと感じることがあります。,導入前は紙で交通費申請を行っていたので、連日異なる他部署へヘルプなどの際は、都度必要な紙を印刷・記入する手間が発生し、提出漏れなどもあったが、導入後はそのような事がなくなり、効率化した。,導入して損をする事はないので、無料お試しからでもはじめることを強くオススメします。
914,2022/05/07,ユーザー側ですが、精算業務が非常にスムーズでよいです。事前申請と精算の時の差分もわかって助かります。,印刷するときのレイアウトがたまにおかしくなることがあり、A4サイズで出力されないケースがあり、手動で直しているのが煩わしい。,事前にメールや口頭で許可を得ていた申請がシステムでできるようになったので、抜け漏れもなくなり非常に効率的になった。この口コミを詳しく見る,ですが、精算業務が非常にスムーズでよいです。事前申請と精算の時の差分もわかって助かります。楽楽精算の改善してほしい点印刷するときのレイアウトがたまにおかしくなることがあり、A4サイズで出力されないケースがあり、手動で直しているのが煩わしい。楽楽精算導入で得られた効果・メリット事前にメールや口頭で許可を得ていた申請がシステムでできるようになったので、抜け漏れもなくなり非常に効率的になった。
915,2022/05/07,このサービス導入前は、アナログ式で、紙の精算書を回しているような状況でした。外出や出張で上司が会社にいなくても承認してもらえるので、月末にバタバタしなくなりました。,運用側のルールにもよるかと思いますが、ユーザー側（申請を出す人）が不足する項目を増やせると良いと思っています。今は担当部署に対応を依頼する為、若干時間がかかっています。システムの不具合がありましたか？特にありません。,事務作業の手間が大幅に省けたと思います。数年前に海外出張した後に精算を行った際、いちいちレートを調べなくても良かったので、すごく時間短縮できて助かりました。,事務手続きの手間は、社員の残業にも繋がってくると思うので、企業にとってもメリットが大きいと思います！
916,2022/05/07,これまでは経費精算や交通費精算の処理をExcelとメールでしていたのですが、それが楽楽精算だけで完結するようになったのでわずらわしさがなくなった,申請前に入力して一時保存機能を使っていますが、たとえば28日に確認通知メールを自分宛に送信することができるなどのアラート機能を任意設定できるとよいと思います。システムの不具合がありましたか？特にありません,Excelとメールだと経理側でステータス管理に手間を食うため、正しく行っていても不備があっても連絡が遅くて困っていた。楽楽精算の導入でそれが可視化されたことで、正確性は担保されながらスピードが速くなった。,50人以上の中小規模で採用を望んでいる会社
917,2022/05/07,領収書や明細を取り込む作業はあるが、領収書を添付して取り込めば、自動的に金額が反映されるのはとても楽だな感じました。,人によって使い方がわからない方もいるため、もう少しわかりやすい画面がいいかと思います。特に使用者に向けてのヘルプ画面など、リンクをわかりやすくつけて頂けるとありがたいです。,紙運用の廃止、紙保管の廃止につなげることができた。承認者不在による精算業務停滞等も防ぐことができ、社内の業務プロセスを効率的に行うことが可能となった。この口コミを詳しく見る,細を取り込む作業はあるが、領収書を添付して取り込めば、自動的に金額が反映されるのはとても楽だな感じました。楽楽精算の改善してほしい点人によって使い方がわからない方もいるため、もう少しわかりやすい画面がいいかと思います。特に使用者に向けてのヘルプ画面など、リンクをわかりやすくつけて頂けるとありがたいです。楽楽精算導入で得られた効果・メリット紙運用の廃止、紙保管の廃止につなげることができた。承認者不在による精算業務停滞等も防ぐことができ、社内の業務プロセスを効率的に行うことが可能となった。
918,2022/05/06,主に交通費の精算をするのだが、新幹線やバスの利用などは出発点から到着場所を入力すればそこまでにかかる交通手段から金額まで出してくれるので、駅名を調べ直す手間や全て手入力する必要がなくなり時短につながっている。,現状の職場は精算の物理的量がそんなに多くないので問題なく使用できている。名刺のスキャンみたいに領収書を撮影したらAI機能で画像から必要な情報を文字起こししてくれるように設定できれば便利かもシステムの不具合がありましたか？現状特になし,現在は携帯で撮影した領収書をそのまま精算に利用できるようになり、使ったら撮影するといった方法が取れるので精算漏れがなくなり便利になっている。自腹を切ることも過去多々あったので、良い対策になっている。,エクセルなどを利用して手入力での精算管理をしている方におすすめします
919,2022/05/06,煩雑な経費計算、出張費の精算などが入力や取り込みで自動で仕分けしてくれるので、計算なども以前に比べて早く簡素化された。,スキャナーを使った取り込みなどでどうしても経費計上の項目が違って出る場合がある。支払先が同じでも違った経費項目などは都度修正が必要。システムの不具合がありましたか？とくにはない,今まで営業が持ってくる経費の精算、出張の精算など、領収書やカード明細をもとにやっていたが、一度入力してしまえばあとは随分楽になった。,使い方は簡単
920,2022/05/06,この商品の商品名通りとても簡単に精算申請が出きて、それを処理する側(経理部)も簡単に処理することができるため、会社全体の労働生産性の向上に大きく寄与しています。,領収証などの証書類が、写真や画像などで置き換えられると、便利さが上がると思います。現状は、別途証書の提出を求められるため、若干手間がかかります。システムの不具合がありましたか？上述の通り,従来の精算処理フローは、自社の帳票類に手書きで申請処理→上席承認(押印)→決済部署の承認(押印)→経理にて決済処理(申請者に現金手渡し)。承認及び決済者が在社していないと処理が進まななかったが、この製品を利用することで、在宅でも、出張時にもフローが進むようになりました。決済方法も、会社での現金手渡しの他、指定口座への振り込みを申請する側が選択できるため、便利になりました。,上記コメントを参照にして下さい。
921,2022/05/06,経理部から差戻しされた時に、コメント付きで返ってくるので、その都度電話して確認しなくていい利便性が良いところかと思います。,経費関連で経理部に申請する時に、該当する項目が少なく、その他として申請しなければならない点。例えば切手代はあるがレターパック代という項目が無いので、申請後に再度その他の内訳を説明しなければならない。システムの不具合がありましたか？特にありませんでした。,交通費の領収書を残しておかなくて良い点が業務効率化に役立っていると感じる。紙ベースで保管しておく手間も省け、駅名を検索すると自動的に金額が出るので、働きやすい。,システムのエラーがあまり起きないので、スムーズに作業できる
922,2022/05/05,電車移動の区間を入力すると、予め個人登録された定期区間を除外して自動計算してくれるので、都度計算する必要がなくなった。,あらかじめ設定した承認者を準に申請されていく為、修正、取り消しが発生すると、また最初からスタートする必要が出てくるため手間がかかる点。システムの不具合がありましたか？今の所、特にトラブルはありません。,支店間での経費申請、承認がスムーズにできるようになった。ペーパーレスの促進にもなり承認後のデータを経理で一括して取り込む事により、業務の効率化も図る事が可能となった。,PCとスマートホンの両方で確認、承認が可能な点
923,2022/05/05,出張申請、精算について、楽楽精算導入前は会社の専用用紙で処理していたため、書類での授受が必要でした。楽楽精算導入後はパソコンまたはスマホで申請できるため、出張先からでも精算手続きができるため、時間短縮につながっています。,過去に行った出張申請のデータを一括コピー出来るようになれば、便利になると思います。現在は一つずつ項目を貼り付けているため、項目が多いと手間です。システムの不具合がありましたか？特に不具合、トラブルはありませんでした。,出張申請に費やしていた時間が短縮することができて、他の業務に時間を割くことが出来るようになりました。また申請忘れや、申請遅れがなくなったことで、総務から無駄なフォローがなくなり、win-winとなっています。この口コミを詳しく見る,精算について、楽楽精算導入前は会社の専用用紙で処理していたため、書類での授受が必要でした。楽楽精算導入後はパソコンまたはスマホで申請できるため、出張先からでも精算手続きができるため、時間短縮につながっています。楽楽精算の改善してほしい点過去に行った出張申請のデータを一括コピー出来るようになれば、便利になると思います。現在は一つずつ項目を貼り付けているため、項目が多いと手間です。システムの不具合がありましたか？特に不具合、トラブルはありませんでした。楽楽精算導入で得られた効果・メリット出張申請に費やしていた時間が短縮することができて、他の業務に時間を割くことが出来るようになりました。また申請忘れや、申請遅れがなくなったことで、総務から無駄なフォローがなくなり、win-winとなっています。
924,2022/05/05,一度申請した内容は保存されていて、同じような申請をする時に、過去の内容ならコピーして作成できるのでとても便利です。,慣れるまでは項目や費目を選ぶのに少し手こずりました。わからない時に直ぐ質問できるチャットボットのようなものがあれば便利だなと思いました。,ペーパーレス化がとても進みました。申請や印刷のために会社に出社したりする必要がなくなったので、余計な手間がなくなりました。以前利用していた製品の解約理由紙メインのやり方からペーパーレス化を進めるため会社で新しく導入された。,同じような申請を毎月する方は過去の履歴から簡単に新しい申請ができるのでおすすめです。
925,2022/05/05,スマホでもパソコンでもどちらでも入力可能。駅名さえ覚えていれば、乗換案内で勝手に金額を教えてくれる。入力途中で保存せずやめてしまっても、次回ちゃんと途中から入力始められる。,利用していて困ったのは初めくらいですかね…。普通にググったのでは、ログインページが出てこないので。同僚からURLを送ってもらい、自分自身もそれを使う端末すべてに転送して使っていたので…。ググッても簡単にログインページが出てくると助かります！システムの不具合がありましたか？今のところ、不具合・トラブルはありません。,とにかく短時間でも入力が可能なので、申請遅れがなくなりました！スマホでもできるようにしておけば、移動中に入力できるのですごく便利です！,交通費を管理する方も、される方も申請遅れを催促するのもされるのも嫌な気持ちになると思います。こちらは、本当に簡単に入力できるので絶対申請遅れが減ります！
926,2022/05/05,これまで紙の資料としてまとめていた経費の一覧を、まとめてシステム上で管理・申請できるのがとても使いやすく便利で、かつSDGSの面でもペーパーレスにできて良い。,レシートや領収証を読み込んだ際に、税率の異なる金額(軽減税率対象商品か否か)を、読み込みからそのまま反映できる認知システムがあるとなお便利だと思います。システムの不具合がありましたか？現段階での不具合・トラブルはありません。,とにかくペーパーレスにできているため、紙でまとめていた時間的な短縮ができ、またレシートや領収証など細かな紙を長期に渡り補完している手間が省けた。また、金額を自動読み取りしてくれる機能のおかげで入力ミスを避けることができ、スムーズに申請から承認、確定へと進めることができる。,経理を助ける画期的なシステムである
927,2022/05/05,経費精算の報告が圧倒的に楽になりました。今までは紙に用途、行き先や費用を手書きでしたが、本ツールはパソコンで記入ができ、内容ごと番号がふってあるところや内容の記憶ができるのでそちらを使うことで、いちいち新規作成せずに経費精算報告ができるのでかなり効率がいいです。,経費精算報告はできるのですが、領収書を紙に貼り付けて提出しなければいけないので、こちらも画像添付等できればいいなと思いました。システムの不具合がありましたか？特にありません。,圧倒的に作業効率が向上しました。以前のように台帳に記入後、提出用のフォーマットに記入…といった手間がなくなり、webで完結するだけでなく、以前の内容から編集が可能なところや税率ごとの申請もできるのでかなり楽です。,内容を精査する経理部門の方も効率の良い業務ができると思います。
928,2022/05/04,操作画面がシンプルで、詳しい説明を聞かなくても簡単に入力することができる。交通費精算が自動で運賃を計算してくれるため特に便利だと思う。,一時保存のボタンが小さく、入力途中のものを誤って送信してしまうことがあったため、もっと大きくしてほしい。,これまで領収書の裏に使用用途を手書きしており、月末の精算にかなり時間を取られていたが、楽楽精算だと過去の履歴を遡ったりして迷わず記載できるため、時間短縮ができていると思う。この口コミを詳しく見る,シンプルで、詳しい説明を聞かなくても簡単に入力することができる。交通費精算が自動で運賃を計算してくれるため特に便利だと思う。楽楽精算の改善してほしい点一時保存のボタンが小さく、入力途中のものを誤って送信してしまうことがあったため、もっと大きくしてほしい。楽楽精算導入で得られた効果・メリットこれまで領収書の裏に使用用途を手書きしており、月末の精算にかなり時間を取られていたが、楽楽精算だと過去の履歴を遡ったりして迷わず記載できるため、時間短縮ができていると思う。
929,2022/05/04,楽楽精算の良い点は、領収書やレシートは写真を撮って明細に添付するだけなので、紙のやり取りが無くなることです。,スーパーのレシートは税抜き金額で書かれていて、最後に消費税が書かれていることが多いです。楽楽精算アプリでスーパーのレシートを読み取って、10％・8％それぞれの金額を取得すると、税抜き金額を取り込んでしまいます。また、手入力で金額を変更してもレシートの金額と合わないということでエラーになってしまいます。レシートの税抜き金額の問題だけ改善されれば、何も言うことがありません。,以前は会社PC上でしか経費精算の申請ができないという問題がありました。しかし、楽楽精算のアプリを利用することでいつでもどこでも経費精算の申請をすることができるようになりました。,経費精算の無駄を省きたい方におすすめです。
930,2022/05/04,ネットで簡単に経費の精算ができ、承認のスピードがかなり早く、使い勝手の良いシステムであると定評がある。,項目が多く、マニュアルが簡易的なものであるため、不明なことがたまに起きた時に解決スピードが見劣りすると感じる。,承認のスピードが速く、面倒な経費の精算が楽になっていると思う。また、簡単な入力項目であり、スムーズに精算ができる。この口コミを詳しく見る,単に経費の精算ができ、承認のスピードがかなり早く、使い勝手の良いシステムであると定評がある。楽楽精算の改善してほしい点項目が多く、マニュアルが簡易的なものであるため、不明なことがたまに起きた時に解決スピードが見劣りすると感じる。楽楽精算導入で得られた効果・メリット承認のスピードが速く、面倒な経費の精算が楽になっていると思う。また、簡単な入力項目であり、スムーズに精算ができる。
931,2022/05/03,経路を選ぶ際、駅名検索と連動しているので乗った駅と降りた駅を入力すれば自動で経路検索してくれる上に、経路も一般的な乗り換えアプリ同様複数経路を検索してくれるので、実際に自分が使った経路をすぐ選べて便利です。,経費申請するのはだいたい同じ区間なので、お気に入り区間登録のような形で過去申請したルートをすぐ呼び出せるような機能があると嬉しいです。システムの不具合がありましたか？3年使用していますが特にトラブルに遭ったことはありません。,システムで一元管理されているので、他の経費のように「領収書をもらう→総務に回す→内容の確認」といった手間がかからない。担当から承認者へオンラインですぐ申請でき、画面上で処理が完結するので無駄な手間が無い。,使用者として申請がとにかく楽です
932,2022/05/03,交通費や経費申請などの煩わしい申請作業がこのサービスを使うことでWeb上で簡単に申請、管理できて、時短に繋がります。,似たようなところに行くことが多いので、過去の申請をまるっとコピーして日付を変えて申請できると、より便利かと思います！,交通費や経費などの申請が以前よりだいぶ簡略化されたと思います。また、過去の分もWeb上で一元管理できるので、紙で取っておく必要もなく無駄が少ないです。この口コミを詳しく見る,費申請などの煩わしい申請作業がこのサービスを使うことでWeb上で簡単に申請、管理できて、時短に繋がります。楽楽精算の改善してほしい点似たようなところに行くことが多いので、過去の申請をまるっとコピーして日付を変えて申請できると、より便利かと思います！楽楽精算導入で得られた効果・メリット交通費や経費などの申請が以前よりだいぶ簡略化されたと思います。また、過去の分もWeb上で一元管理できるので、紙で取っておく必要もなく無駄が少ないです。
933,2022/05/03,乗換情報等を他のサービスと連携しているため、本サービス内で出張精算を済ませることができる。また、UIがすばらしい。,動作が早いとは言い難い。他サービスと連携していることが関係しているのからなのか、気になってしまうほど、動作が遅い時がある。,事務仕事に関係する従業員の精算処理の負荷を激減させることができた。通知などが全て自動で送ることができるので、テレワークが普及している環境にはベストマッチするだろう。この口コミを詳しく見る,を他のサービスと連携しているため、本サービス内で出張精算を済ませることができる。また、UIがすばらしい。楽楽精算の改善してほしい点動作が早いとは言い難い。他サービスと連携していることが関係しているのからなのか、気になってしまうほど、動作が遅い時がある。楽楽精算導入で得られた効果・メリット事務仕事に関係する従業員の精算処理の負荷を激減させることができた。通知などが全て自動で送ることができるので、テレワークが普及している環境にはベストマッチするだろう。
934,2022/05/03,昨年から使用しています。最初のうちは慣れなくて使いづらいな、と思っていましたが、慣れるとラクラクに個人精算を行うことができます。,精算を提出したあと、決まった経路で精算承認がされますが、上長がなかなか承認を行ってくれない時に、催促ツールがほしいです。システムの不具合がありましたか？ないです。,これまでは社内ではエクセル用紙を使った精算方法を取り入れていましたが、楽楽精算導入によりオンラインで完結するようになり便利になりました。,費用の詳細はわかりませんが、対効果はあると感じます。
935,2022/05/03,まだ使用期間が短いので、交通費しか使ったことがないのですが、乗換案内が出てきてとても便利だと思いました。,ホーム画面のことで、中央に寄っていて文字のリンクやボタンが小さめだと思います。なんの意図があって左右上下の余白があるのかなとは思いました。システムの不具合がありましたか？特にありません。,転職前は自分で交通費を調べて料金を金庫から出して封筒に入れて…という昔ながらの手法で経費精算を行っていたので、こんな便利なシステムを知って驚きました。ユーザーとしては電車経路など調べる手間がないのですぐ申請できる点がメリットです。この口コミを詳しく見る,間が短いので、交通費しか使ったことがないのですが、乗換案内が出てきてとても便利だと思いました。楽楽精算の改善してほしい点ホーム画面のことで、中央に寄っていて文字のリンクやボタンが小さめだと思います。なんの意図があって左右上下の余白があるのかなとは思いました。システムの不具合がありましたか？特にありません。楽楽精算導入で得られた効果・メリット転職前は自分で交通費を調べて料金を金庫から出して封筒に入れて…という昔ながらの手法で経費精算を行っていたので、こんな便利なシステムを知って驚きました。ユーザーとしては電車経路など調べる手間がないのですぐ申請できる点がメリットです。
936,2022/05/02,駅名検索がしやすい。乗車区間の料金検索が申請時に同時にできる。マイページのシートがあり、よく使う区間が登録できる。,入力画面が小さく見づらい。入力項目を並べ変えた方が打ちやすい。駅名検索に加えバス停検索も充実させてほしい。入力の際に、追加、の文字より、入力開始のほうがよいのでは。,申請側は入力画面が2画面で済むから打ちやすい。承認側も2画面で済むから、操作はしやすい。処理能力からすると、活用しやすい。以前利用していた製品の解約理由利便性,入力操作がすぐにマスターできる。
937,2022/05/02,今まで紙に記入をして交通費などの経費を精算していましたが時代遅れでした。時間もかかります。楽楽精算にして一挙に時間短縮となりました。,現時点では特にありませんが導入費用をもう少しお安くしていただけるとありがたいです。会社でのまとめて取引実績で割引してほしいです。システムの不具合がありましたか？特にありません。,紙の削減。利用者、管理者の時間短縮。など効率化に役立ちました。今どき紙での申告など時代遅れてです。変更して良かったです。,効率化に寄与できます。
938,2022/05/02,出張申請から出張精算までシステム化になりました。以前は紙で申請していたので、履歴を確認できるようになったので良かったです。,出張申請をしたあとに、その出張自体キャンセルとなり未実施だと、精算未のところに残ると思います。これを削除するには項目をただ消すのではなく、精算画面を開いて0円精算しなければいけないところです。システムの不具合がありましたか？特になかったかと思います,今までExcelシートで作成・申請していた出張申請から会社のペーパレス化や、処理部署の負担が大幅に削減できたと思います。,普通に使いやすいと思います
939,2022/05/01,領収書を読み取る機能があったり、ルートを選択するだけで交通費もわかるので、全体的にとても簡単で楽です。,料金が安いとは言えないので、もう少しお得になったら嬉しいです。また、動作が重い時がたまにあって不便に感じました。,ペーパーレスなのでテレワークに向いていて助かっています。また、交通費等の機能のおかげで入力時間が減り、心にも余裕がもてるようになりました。この口コミを詳しく見る,み取る機能があったり、ルートを選択するだけで交通費もわかるので、全体的にとても簡単で楽です。楽楽精算の改善してほしい点料金が安いとは言えないので、もう少しお得になったら嬉しいです。また、動作が重い時がたまにあって不便に感じました。楽楽精算導入で得られた効果・メリットペーパーレスなのでテレワークに向いていて助かっています。また、交通費等の機能のおかげで入力時間が減り、心にも余裕がもてるようになりました。
940,2022/05/01,携帯アプリから操作業出来るのは非常に便利だと思う。実際にはパソコン操作の方がやり易さはある。また、それぞれ項目毎に精算でき、また領収書の取り込みも簡単で紐付けしやすい。,領収書を取り込む際に入力しているコメントが、実際に精算申請する際にそのまま反映されると非常に便利だと思うシステムの不具合がありましたか？これまで1年3ヶ月使用した中では一度も不具合、トラブルに見舞われておりません。あえてあげるとすれば、クレジットカード精算も携帯で出来ると非常に助かる。,交際費申請をする際に実際に参加するメンバーが確定してない中で仮の申請を行ったが、精算する時は実際に参加したメンバーへの変更が簡単に行える点が良かった。,非常に管理しやすいシステムだと思いますし、使い慣れるのにも時間が掛からないので便利だと思います。
941,2022/04/27,UI/UX面で使い勝手が良い。顧客に楽楽精算を提案する立場ですが、わかりやすい操作画面なので顧客の理解も早く、使い始めてからも操作性がよく、特に困ることなく経費精算などの業務面で使い続けられているとお言葉をいただいています。,シンプルなことは良いことだが、少しむずかしい処理などをしようとすると用途に合わない場合がある。特殊な処理が多発する企業様には少し不向きなプロダクトだと思います。システムの不具合がありましたか？特になし、たまにトップ画面の戻ってしまうとお言葉いただいたことが何度かあります。,もともと経費精算などはエクセルなどで人力で行われていた企業様が、楽楽精算を導入することにより、今まで数時間以上かかっていた作業を2~3時間レベルまで大幅に時間を短縮することができています。,とにかくシンプルな精算ツールを使いたいならおすすめです
942,2022/04/26,領収書の読み取り機能がとても便利です。またペーパーレスなので印鑑がいらなかったり、テレワークもやりやすくていいです。,画面がわかりにくかったり一時保存がされなかったり、多少の不便さを感じました。機能はとてもいいのでもったいないと思います。,交通費精算が便利だったり様々な機能のおかげで、エクセルでやっていた時と比べて入力時間が減り、残業が少なくなりました。この口コミを詳しく見る,み取り機能がとても便利です。またペーパーレスなので印鑑がいらなかったり、テレワークもやりやすくていいです。楽楽精算の改善してほしい点画面がわかりにくかったり一時保存がされなかったり、多少の不便さを感じました。機能はとてもいいのでもったいないと思います。楽楽精算導入で得られた効果・メリット交通費精算が便利だったり様々な機能のおかげで、エクセルでやっていた時と比べて入力時間が減り、残業が少なくなりました。
943,2022/04/22,シンプルな作りでマニュアル見ずとも簡単に使いこなせます。出発と到着の駅を入れると自動で運賃計算してくれるところが便利です。,特に不便に感じることはないですが、目的地の記載欄のレイアウトが小さく、細かく行き先を書くので、全体が見にくいところはあります。システムの不具合がありましたか？特にありません。,以前はICカードの履歴出したり、エクセルに打ち込んで印鑑押してと、かなりアナログで面倒な作業でしたが、承認も電子なので、業務時間削減につながりました。,老若男女使えるシンプルさが良いです。
944,2022/04/21,この製品の良い点は残業が削減できたことです。自動入力機能などの機能を活用することで効率化が図られるので、従来よりも作業負担が軽減されました。,特にありませんが、強いていうならサポート体制を充実させて欲しいです。先日、使い方のことで問い合わせをしたら、担当者が忙しく、連絡がなかなかつきませんでした。サポートスタッフを多く配置していただくとありがたいです。システムの不具合がありましたか？トラブルなどはありません。,コロナ禍でも十分に対応できる点がメリットです。自宅にいながらでも精算手続きが可能となりますので、テレワークでも十分に対応可能という点がメリットです。この口コミを詳しく見る,良い点は残業が削減できたことです。自動入力機能などの機能を活用することで効率化が図られるので、従来よりも作業負担が軽減されました。楽楽精算の改善してほしい点特にありませんが、強いていうならサポート体制を充実させて欲しいです。先日、使い方のことで問い合わせをしたら、担当者が忙しく、連絡がなかなかつきませんでした。サポートスタッフを多く配置していただくとありがたいです。システムの不具合がありましたか？トラブルなどはありません。楽楽精算導入で得られた効果・メリットコロナ禍でも十分に対応できる点がメリットです。自宅にいながらでも精算手続きが可能となりますので、テレワークでも十分に対応可能という点がメリットです。
945,2022/04/21,タイトルと重複しますが、スマホからでも申請できるので出張中のホテルで、帰りの新幹線の中で等場所問わず利用できるのが非常に便利。運賃の計算なども自動でしてくれるのでとにかくラク。,システムについては改善して欲しい点はありませんが、費用面については大人数を優先しているきらいがるので（ユーザー数が増えると安くなる）そこが不満かな。,出張中に各種経費の申請ができるので、これまでかかっていた無駄時間の節約になって、その分を本来やるべき業務に回せることができた。また同じところに行く場合に過去履歴から申請できるので細かい金額ミスなどがなくなった。この口コミを詳しく見る,重複しますが、スマホからでも申請できるので出張中のホテルで、帰りの新幹線の中で等場所問わず利用できるのが非常に便利。運賃の計算なども自動でしてくれるのでとにかくラク。楽楽精算の改善してほしい点システムについては改善して欲しい点はありませんが、費用面については大人数を優先しているきらいがるので（ユーザー数が増えると安くなる）そこが不満かな。楽楽精算導入で得られた効果・メリット出張中に各種経費の申請ができるので、これまでかかっていた無駄時間の節約になって、その分を本来やるべき業務に回せることができた。また同じところに行く場合に過去履歴から申請できるので細かい金額ミスなどがなくなった。
946,2022/04/21,従来、出張する場合や交際費を使用する場合、申請と精算が別々で同じような情報入力を2度行っていましたが、導入により申請と精算が一気通貫なので精算時の入力作業がほぼ無しになりました。また、乗換案内サービスとの連携やSuicaなど交通系ICカードの読み取りにも対応するので運賃を調べる必要が無くなり、ユーザー側の精算にかかる工数が削減できています。,このサービスの問題ではなく会社側の運用面ですが、精算時に帳票を紙で回しているのでこの点は改善が必要と思います。ユーザーとしては今のところ、このサービスに対しての改善要望点はありません。システムの不具合がありましたか？ユーザー側として支障が出たトラブル等は今のところありません。,従来、経理部門では交通費精算時に経路の確認を全件行っていましたが、本サービス導入により、ほぼゼロになりました。また申請書との突き合わせの工数もかなり減りました。運用開始までと開始当初は経理部門は大変でしたが、落ち着いてきて精算業務に割く工数が減り、別の業務(海外業務対応など)に工数がかけられるようになりました。以前利用していた製品の解約理由乗換案内に連動しない。ワークフロー機能が貧弱。,本来業務とは関係ない精算にかかる工数が削減できます
947,2022/04/20,一回登録した経路をコピーできる点、最後に入力した日付を覚えてるので例えば４月に３月の精算入力を連続でする場合も入力都度、カレンダーを3月に切り替えて日付を選択することなく、3月のカレンダーから日付を選べるのが地味に使う側の事を考えてるとおもいます。あと、入力途中でブラウザがクラッシュしても直前まで入力していた内容が保存されていて再開できるのもありがたいです。,交通費入力の出発地と目的地をワンクリックで入れ替えする機能が欲しいです。せっかくコピーする機能があって、出発の経路を帰路で入力するためにコピーをするのですが、帰路は出発地と目的地が逆転するので。システムの不具合がありましたか？特段不具合に見舞われた事はありません。,PCでもスマートフォンでも経費精算処理が出来る事がメリットだと感じています。以前の経費精算処理は専用ソフトが入ったPCのみでしか処理できず、経費精算をする為だけに事務所に戻る必要があったので助かっています。以前利用していた製品の解約理由不明。バータで契約していたと思われる。,スマフォでも手軽に経費精算処理が出来る点、割と直感的に操作ができる点。
948,2022/04/19,経費精算や交通費精算時、紙での帳票出力が不要となった。コピー機能があるため、毎月決まった計上などがある場合は便利。,機能が多いことはとてもいいと思いますが、逆にわかりにくさもあるため、新人研修でのレクチャーに手間がかかる,在宅勤務が当たり前になってきた現在ですが、上司の承認がウェブで完結するため、押印のための出社が減りましたこの口コミを詳しく見る,交通費精算時、紙での帳票出力が不要となった。コピー機能があるため、毎月決まった計上などがある場合は便利。楽楽精算の改善してほしい点機能が多いことはとてもいいと思いますが、逆にわかりにくさもあるため、新人研修でのレクチャーに手間がかかる楽楽精算導入で得られた効果・メリット在宅勤務が当たり前になってきた現在ですが、上司の承認がウェブで完結するため、押印のための出社が減りました
949,2022/04/19,交通費の精算は、駅名を入れるとすぐに経路が出て検索も簡単で、定期券外の計算が出来るのも便利です。経費精算では、レシートのPDFを添付出来るので、原本の郵送などもなくなりかなりスムーズになりました。,バス停が出てこないことが多いので、バス利用の精算が苦戦しています。ピン打ち機能などあれば、もっと使い勝手が良くなると思います。,領収書原本の郵送やICカードの履歴などがなくても経費精算できるようになり、今では週単位で精算できています。立替の負担も減ったのが1番のメリットだと思います。この口コミを詳しく見る,算は、駅名を入れるとすぐに経路が出て検索も簡単で、定期券外の計算が出来るのも便利です。経費精算では、レシートのPDFを添付出来るので、原本の郵送などもなくなりかなりスムーズになりました。楽楽精算の改善してほしい点バス停が出てこないことが多いので、バス利用の精算が苦戦しています。ピン打ち機能などあれば、もっと使い勝手が良くなると思います。楽楽精算導入で得られた効果・メリット領収書原本の郵送やICカードの履歴などがなくても経費精算できるようになり、今では週単位で精算できています。立替の負担も減ったのが1番のメリットだと思います。
950,2022/04/19,今までは他社のシステムを使っておりましたが、毎回カードリーダーからのスイカ履歴の確認をしておりましたが、スマホ経由で確認ができるようになりました。,コロナ渦で交通費申請が少なくなってきたので、現在は経費精算がメインになりますが、申請者の設定が分かりにくい点があるので、UIを改善してほしいと感じております。,今までは経費精算の際にExcelで入力をしていましたが、ブラウザでできるようになり、非常にスムーズにできるようになりましたので、今後継続して使いたい製品です。以前利用していた製品の解約理由UIが分かりにくかったこの口コミを詳しく見る,社のシステムを使っておりましたが、毎回カードリーダーからのスイカ履歴の確認をしておりましたが、スマホ経由で確認ができるようになりました。楽楽精算の改善してほしい点コロナ渦で交通費申請が少なくなってきたので、現在は経費精算がメインになりますが、申請者の設定が分かりにくい点があるので、UIを改善してほしいと感じております。楽楽精算導入で得られた効果・メリット今までは経費精算の際にExcelで入力をしていましたが、ブラウザでできるようになり、非常にスムーズにできるようになりましたので、今後継続して使いたい製品です。以前利用していた製品の解約理由UIが分かりにくかった
951,2022/04/19,交通費精算時、経路が乗換案内と連携され金額、ルートを示してくれるので便利です。マイパターン（定期的に利用するルート）の登録、明細のコピー機能があり、まとめて申請する時は助かります。承認ルートの変更が出来、臨機応変な承認ルート変更ができるのはありがたい。,各種申請、参照が、いちいち子画面（子ウィンドウ）で表示されるので、画面が他の画面で見えなくなる時があり不憫に感じることがある。システムの不具合がありましたか？特にありません。,交通費精算が完全ペーパレスになり、承認待ち状態の時間削減された。交通費が乗換案内で掲示される為、金額の正当性確認がされるので経理の負担も減ったと思います。この口コミを詳しく見る,時、経路が乗換案内と連携され金額、ルートを示してくれるので便利です。マイパターン（定期的に利用するルート）の登録、明細のコピー機能があり、まとめて申請する時は助かります。承認ルートの変更が出来、臨機応変な承認ルート変更ができるのはありがたい。楽楽精算の改善してほしい点各種申請、参照が、いちいち子画面（子ウィンドウ）で表示されるので、画面が他の画面で見えなくなる時があり不憫に感じることがある。システムの不具合がありましたか？特にありません。楽楽精算導入で得られた効果・メリット交通費精算が完全ペーパレスになり、承認待ち状態の時間削減された。交通費が乗換案内で掲示される為、金額の正当性確認がされるので経理の負担も減ったと思います。
952,2022/04/19,旅費精算、通勤費精算の作業が非常に簡略化できました。また、旅費精算時に定期区間を自動控除してくれる機能があるので、チェック側はすごく助かります。,ロジックを組んで、金額を自動計算させる機能をユーザー側でできるのは非常にありがたいので、既存ユーザーに対するアフターフォローで「こんな使い方出来ますよ」ということを教えていただけると、より楽楽精算を使いこなせると思います。システムの不具合がありましたか？ありません。,旅費精算の従業員側の手間を1件あたり5分短縮できました。また、現金精算をいままでしていたため、通勤費などは多額の現金が出ていくため、資金管理が非常に楽になりました。,手軽に始められて、欲しい機能も網羅されているので不満はありません。
953,2022/04/19,わかりやすく利用出来る。データを落とせて加工出来る。利用料が安い。説明が最小限ですぐに使えるため、教育なし,特にないですが、引いて言えば入力の引き継ぎを自動に判断してもらうようなAI機能の向上で更に時間削減出来たら良いです。システムの不具合がありましたか？なし,誰でも自分で精算が出来る事で、ベテラン営業の代わりに入力する機会が減少しました。製品名もとても身近に感じられます。,とにかく安く、利用しやすい。コスパ最高。
954,2022/04/19,これまでは紙での申請で、経路、料金の確認をしたうえで上席の確認押印をもらうという非常に手間がかかっていたが、導入後は、課題であったペーパーレスとなり非常にスムーズに処理できるようになった。,従業員を数百名抱えている部署では、コストの関係で全員にIDを与えられない。代理申請を簡単にできるようになれば助かる。システムの不具合がありましたか？いまのところ特にない。,最初は少し混乱があったが、申請の手間が省けるようになった。また申請から処理完了（振込み）までのスピードが上がった。以前の申請履歴も簡単に確認できる。,ペーパーレスや効率化を推進するにはおすすめです。
955,2022/04/19,領収書、請求書、仮払い、その他もろもろ、いちいち書類で管理していたものが、データに残ってスッキリしました！,インターネット上からダウンロードしたPDFが、そのままではうまく読み込んでもらえず、保存しなおさないといけない現象がある。,何といってもペーパーレスと情報管理が簡単かつ整然とされます。会社にいなくても遠隔地から申請や承認も可能で、管理業務の簡素化に大いに役立っています！,各種清算業務もデータで簡単管理の時代です！
956,2022/04/19,これまでは精算内容をシステム入力しても、それを紙で印刷して領収書を貼り付ける必要があり、面倒でした。この楽楽精算は、システム上のファイル添付の機能があり、申請者はPDF画像や写真を貼付すればそれでOKです。紙の印刷自体が必要ありません。,旅費精算で出発地、目的地から交通費の参照機能があるのですが、たまに実際に使った公共交通機関でのルートがどうやってもヒットしない場合があり、そこは不満です。システムの不具合がありましたか？特にトラブルはありませんでした。,後で調べ物をしたり、監査をしたりするときに、伝票番号を調べた後に紙の帳票を探すという手間が省けて、非常に便利です。よく使う精算パターンは記憶させることも可能です。,精算を電帳法対応するのにおすすめです。
957,2022/04/18,ルートを選ぶだけで交通費が計算されるので、とても便利に思っています。出先から確認できたりペーパーレスなのもいい所です。,個人的に、文字が小さめで読みづらいと感じました。あと、領収書の読み取りの精度がもっと上がるといいです。,領収書を自動で読み取ってくれるのがとても便利で、入力の時間が格段に減りました。残業も少なくなりましたし、テレワークでもお世話になりました。この口コミを詳しく見る,ぶだけで交通費が計算されるので、とても便利に思っています。出先から確認できたりペーパーレスなのもいい所です。楽楽精算の改善してほしい点個人的に、文字が小さめで読みづらいと感じました。あと、領収書の読み取りの精度がもっと上がるといいです。楽楽精算導入で得られた効果・メリット領収書を自動で読み取ってくれるのがとても便利で、入力の時間が格段に減りました。残業も少なくなりましたし、テレワークでもお世話になりました。
958,2022/04/16,開いてすぐのメニューがシンプルになっていて分かりやすいので、説明がなくても感覚的に操作できるのが良い点です。,左下にある呼出ボタンやコピーのボタンが小さくて見にくい。最初どこにあるのか分からず困った。上の方に配置してくれると分かりやすいです,シンプルな作りになっているのでマニュアル等なくても操作しやすいのがメリット。従来までは交通機関等の入力も全て手入力だったのですが、ほとんどの欄が項目が用意されていてサクサクっと簡単に申請できるようになりました。この口コミを詳しく見る,のメニューがシンプルになっていて分かりやすいので、説明がなくても感覚的に操作できるのが良い点です。楽楽精算の改善してほしい点左下にある呼出ボタンやコピーのボタンが小さくて見にくい。最初どこにあるのか分からず困った。上の方に配置してくれると分かりやすいです楽楽精算導入で得られた効果・メリットシンプルな作りになっているのでマニュアル等なくても操作しやすいのがメリット。従来までは交通機関等の入力も全て手入力だったのですが、ほとんどの欄が項目が用意されていてサクサクっと簡単に申請できるようになりました。
959,2022/04/14,今まで紙の伝票で交通費精算をしていましたが、楽楽精算導入度は精算作業が楽になりました。領収書もスマホで撮影したものを添付すればいいので、溜めがちであった領収書の枚数が減りました。,慣れてしまったせいかもしれませんが、いまのところ利用者（精算者）としてはそれほど改善点はありません。,やはりメリットはスムーズな精算作業ですね。　パソコン、スマートフォンの両方で精算ができ、どこにいても作業ができるので、いちいち会社に帰社しなくてもよくなったので、時間効率が良くなりました。,紙での精算をしてるのであれば早くこのようなサービスを導入したほうが効率が上がると思います。
960,2022/04/10,毎月の経費精算や交通費精算について、これまでは書類の提出が必要だったが、毎月請求書をPDFにしたり、交通費を入力するだけで良くなった。,UIが少し古いので、直感的な操作がしづらいと思う。経理を知らない人でも間違えずに使えるようなインターフェイスなら良いと思う。,毎月月初の3営業日以内に経費精算をする必要があり、出社しないといけなかったが、コロナ禍でリモートワークが多くなった今、在宅でいながら経費精算できるようになった。この口コミを詳しく見る,精算や交通費精算について、これまでは書類の提出が必要だったが、毎月請求書をPDFにしたり、交通費を入力するだけで良くなった。楽楽精算の改善してほしい点UIが少し古いので、直感的な操作がしづらいと思う。経理を知らない人でも間違えずに使えるようなインターフェイスなら良いと思う。楽楽精算導入で得られた効果・メリット毎月月初の3営業日以内に経費精算をする必要があり、出社しないといけなかったが、コロナ禍でリモートワークが多くなった今、在宅でいながら経費精算できるようになった。
961,2022/04/10,交通費精算や接待交際費、その他の経費処理をWeb上で簡易的に処理可能にする事ができるソフト。伝票等の紙面ではなく、Web上でデータの作成・自動送付できるので時間短縮になる。,差し戻し、承認等の手順が少しわかりづらい。また、自身で発生しがちな費用計上の処理をテンプレとして登録することができるが、あらかじめ代表的なテンプレを部署ごとに共有、管理することができるとより良い。,従来までは各部署から紙面でまちまちな伝票が提出されていたが、このシステムが導入されることで、統一フォーマットでメール等で提出されるようになった。そのため、月末月初の会計担当者の負担が減った。この口コミを詳しく見る,や接待交際費、その他の経費処理をWeb上で簡易的に処理可能にする事ができるソフト。伝票等の紙面ではなく、Web上でデータの作成・自動送付できるので時間短縮になる。楽楽精算の改善してほしい点差し戻し、承認等の手順が少しわかりづらい。また、自身で発生しがちな費用計上の処理をテンプレとして登録することができるが、あらかじめ代表的なテンプレを部署ごとに共有、管理することができるとより良い。楽楽精算導入で得られた効果・メリット従来までは各部署から紙面でまちまちな伝票が提出されていたが、このシステムが導入されることで、統一フォーマットでメール等で提出されるようになった。そのため、月末月初の会計担当者の負担が減った。
962,2022/04/10,隙間時間で精算ができて、領収書などのアップロードも簡単。また安いため零細企業なんかでも採用できる。紙やエクセルを使わなくていいので新人も喜んでいる,初期設定がとてもめんどくさい。若手には使いやすいが年齢層が高い人間には使いづらい。もっと高年齢層でも使いやすくしてほしい。システムの不具合がありましたか？特になかった,経理上でややこしいものも対応できて、簡単に取り込むことができる。手作業でやらなくてすみ、無駄な書類が減ってかなり効率が良くなる,業務を迅速に行いたくて、なおかつ新人でも扱えるソフトがほしければおすすめです
963,2022/04/10,楽楽精算を使い始めてそれ程経ってはおりませんが、以前のサービスに比べて申請の仕方や利用方法が分かりやすくなりました。電子申請で済ませる部分も多く、使いやすいです。,利用方法は分かりやすいですが、電子申請と紙ベースでの申請を両方しなくてはならないケースもあり、少々手間取ってしまいます。,経理に関わるコストがかなり削減出来たという話を経理担当から聞きました。仕事も楽になったそうです。今まで時間のかかっていた経理の承認のかなり早くなりました。この口コミを詳しく見る,使い始めてそれ程経ってはおりませんが、以前のサービスに比べて申請の仕方や利用方法が分かりやすくなりました。電子申請で済ませる部分も多く、使いやすいです。楽楽精算の改善してほしい点利用方法は分かりやすいですが、電子申請と紙ベースでの申請を両方しなくてはならないケースもあり、少々手間取ってしまいます。楽楽精算導入で得られた効果・メリット経理に関わるコストがかなり削減出来たという話を経理担当から聞きました。仕事も楽になったそうです。今まで時間のかかっていた経理の承認のかなり早くなりました。
964,2022/04/10,これまではエクセルによる管理だったが、HP上で乗換案内等の検索から、様々な出張精算・交通費精算・経費精算に対応できるようになった。,レシート等からある程度精算申請までアウトソースできるような機能が追加されれば、申請処理なども軽減できるように感じる。システムの不具合がありましたか？特になし,出張が多く、出張申請・精算の手間はクラウド化されたことで効率化された。また近郊の交通費処理においても、定期券区間を自動処理してくれるので、個別に区間を絞らずに対応できるようになった。,出張・交通費処理をクラウド化する最初の一歩としてはおススメ
965,2022/04/09,場所やタイミングを選ばず経費精算が可能であるため、経費精算に係るストレスが大幅に減った。特に領収書を画像として添付して申請できるのがとても便利で、領収書が出たタイミングでスマホで撮影して明細に登録しておくことが出来るため、ペーパーレス化も実現できて業務効率の向上に繋がった。,交通費や消耗品の購入など定期的に同じような明細が発生するものについては、支払先や摘要を雛型としてお気に入り登録できると便利だと感じる。特に事業所間の移動ではルートも支払先も常に同じであるため、その度に選択・入力するのは煩わしい。せめて交通費だけでもこの機能を実装して欲しい。,経費精算のためだけに出社する、といった無駄が削減できた。特にリモートワークを行っている従業員は経費精算のためだけに月末に出社する必要があり、また経理部も月末に集中する精算作業に辟易していた。このシステムを導入してからは場所を選ばずに申請が可能になり、また申請のタイミングも都度で良いため、精算業務が月末に過度に集中することも避けられるようになった。この口コミを詳しく見る,ミングを選ばず経費精算が可能であるため、経費精算に係るストレスが大幅に減った。特に領収書を画像として添付して申請できるのがとても便利で、領収書が出たタイミングでスマホで撮影して明細に登録しておくことが出来るため、ペーパーレス化も実現できて業務効率の向上に繋がった。楽楽精算の改善してほしい点交通費や消耗品の購入など定期的に同じような明細が発生するものについては、支払先や摘要を雛型としてお気に入り登録できると便利だと感じる。特に事業所間の移動ではルートも支払先も常に同じであるため、その度に選択・入力するのは煩わしい。せめて交通費だけでもこの機能を実装して欲しい。楽楽精算導入で得られた効果・メリット経費精算のためだけに出社する、といった無駄が削減できた。特にリモートワークを行っている従業員は経費精算のためだけに月末に出社する必要があり、また経理部も月末に集中する精算作業に辟易していた。このシステムを導入してからは場所を選ばずに申請が可能になり、また申請のタイミングも都度で良いため、精算業務が月末に過度に集中することも避けられるようになった。
966,2022/04/09,以前使用していた製品は、モバイルアプリなどなく、領収書やチケットの半券をスキャンして添付していました。こちらの製品はモバイルアプリから写真でそのまま添付できるため、かなり手間が削減されます。,領収書の取り込みをもっともっとシンプルにしてほしい。今はわざわざ領収書の取り込みボタンを押し、別ウィンドウから入力するようになっている。,領収書をスマホで撮影添付できるので、わざわざ会社に行って提出する手間が全て削減された。特にリモートワークでは効果が絶大になっている。以前利用していた製品の解約理由使いにくいこの口コミを詳しく見る,ていた製品は、モバイルアプリなどなく、領収書やチケットの半券をスキャンして添付していました。こちらの製品はモバイルアプリから写真でそのまま添付できるため、かなり手間が削減されます。楽楽精算の改善してほしい点領収書の取り込みをもっともっとシンプルにしてほしい。今はわざわざ領収書の取り込みボタンを押し、別ウィンドウから入力するようになっている。楽楽精算導入で得られた効果・メリット領収書をスマホで撮影添付できるので、わざわざ会社に行って提出する手間が全て削減された。特にリモートワークでは効果が絶大になっている。以前利用していた製品の解約理由使いにくい
967,2022/04/09,コストカットを行える製品で、データを手入力していたことによる計算ミスや記入漏れを防ぎやすくなり、生産性向上にもつながりました！,期設定がやや複雑である点を改善できたらより良いと感じた．全従業員のユーザー登録や、マニュアルを参照しながら設定しなければならないのは少し面倒．システムの不具合がありましたか？今のところありません。,クラウドサービスを採用しており、パソコンやハードディスクにデータを保存する必要がないのと、楽楽精算側のサーバーで管理されているため、自社でのメンテナンスが不要なのがメリットです。さらに、税制改正にも対応し、いつでも最新の状態で経理業務を行える部分も同様にメリットだと感じました。この口コミを詳しく見る,トを行える製品で、データを手入力していたことによる計算ミスや記入漏れを防ぎやすくなり、生産性向上にもつながりました！楽楽精算の改善してほしい点期設定がやや複雑である点を改善できたらより良いと感じた．全従業員のユーザー登録や、マニュアルを参照しながら設定しなければならないのは少し面倒．システムの不具合がありましたか？今のところありません。楽楽精算導入で得られた効果・メリットクラウドサービスを採用しており、パソコンやハードディスクにデータを保存する必要がないのと、楽楽精算側のサーバーで管理されているため、自社でのメンテナンスが不要なのがメリットです。さらに、税制改正にも対応し、いつでも最新の状態で経理業務を行える部分も同様にメリットだと感じました。
968,2022/04/08,今までは紙による出張の稟議申請だったが、WEB上で出来るうえに進捗確認も自身で出来るので確認の手間が省けます。また、マイパターンを登録することで簡単に申請出来るので効率的です。,必要のない項目でも全て入力する必要がある点を自動で入力不要にして頂くだけで、効率が上がると思います。,社内全体で申請ナンバーを管理しているため、精算しているかどうかの管理を一括出来る。また、報告書の提出の有無なども確認できる為、出張内容を社内で共有できる。この口コミを詳しく見る,による出張の稟議申請だったが、WEB上で出来るうえに進捗確認も自身で出来るので確認の手間が省けます。また、マイパターンを登録することで簡単に申請出来るので効率的です。楽楽精算の改善してほしい点必要のない項目でも全て入力する必要がある点を自動で入力不要にして頂くだけで、効率が上がると思います。楽楽精算導入で得られた効果・メリット社内全体で申請ナンバーを管理しているため、精算しているかどうかの管理を一括出来る。また、報告書の提出の有無なども確認できる為、出張内容を社内で共有できる。
969,2022/04/07,出先での細々とした費用負担を、わざわざ紙のレシートを保管・提出処理をしなくとも会社に申請を行うことができるようになった。,同じ内容を繰り返し申請する際に、過去に入力した内容をコピーして、入力時に候補にでてくるような機能を実装してほしい。,元々、後で申請が必要なレシートを保管し、提出処理をすることがものすごくストレスだったため、そのストレスから解放され、より意欲的に業務に向き合えている。この口コミを詳しく見る,々とした費用負担を、わざわざ紙のレシートを保管・提出処理をしなくとも会社に申請を行うことができるようになった。楽楽精算の改善してほしい点同じ内容を繰り返し申請する際に、過去に入力した内容をコピーして、入力時に候補にでてくるような機能を実装してほしい。楽楽精算導入で得られた効果・メリット元々、後で申請が必要なレシートを保管し、提出処理をすることがものすごくストレスだったため、そのストレスから解放され、より意欲的に業務に向き合えている。
970,2022/04/07,特に交通費の申請では定期区間を登録しておけば、後は自動で発着駅の入力でルートを検索、提案してくれるので選ぶだけで簡単に使えます。慣れるとかなりサクサク進められるので便利だと思います。,予測変換や過去の入力からもっとラクに入力ができるようになればいいなと思います。件数が多い時にはコピペをうまく使うことでより手軽に使用ができると思います。システムの不具合がありましたか？現状ありません。,これまでは経路を自分で検索して交通費を入力していました。恐らく経理の方でも確認は自分で経路を調べて行っていたと思うので、手数が大幅に減り時間の短縮ができました。,実際に使用してみた観点からすると本当にラクなのでお勧めできると思います。
971,2022/04/07,経費申請〜承認の一連作業が全てできる点。必要最低限の機能が揃っているので不具合なく経費精算をするところができる点。,経費のエビデンスのレシートや領収書を添付する際、どこから添付するのかわかりにくかった。また添付できるのがpdfのみなので、imageファイルでも添付できると良い。,全てオンラインで完結するので無駄なやりとりが少なくなったし、書類管理の煩雑さがなくなったので時間と資源をカットできた。この口コミを詳しく見る,承認の一連作業が全てできる点。必要最低限の機能が揃っているので不具合なく経費精算をするところができる点。楽楽精算の改善してほしい点経費のエビデンスのレシートや領収書を添付する際、どこから添付するのかわかりにくかった。また添付できるのがpdfのみなので、imageファイルでも添付できると良い。楽楽精算導入で得られた効果・メリット全てオンラインで完結するので無駄なやりとりが少なくなったし、書類管理の煩雑さがなくなったので時間と資源をカットできた。
972,2022/04/07,出社しない社員が経費精算のために日にちを決めて、出社しなくても良くなりました。承認をどこでもできるので書類が溜まることがありません。集計をしなくても自動で集計してくれます。まだ、正式運用から1ヵ月なので「様子見」のところがありますが、これからもっと効果が実感できると思います。,①定期区間マスタは、CSVでの一斉取込が出来ない。②支払仕訳が終わると、訂正できない。どちらも出来るようになると嬉しいですが、特に①は、変更できるのではないでしょうか。,客先常駐メンバーの精算がスムーズにできた。承認漏れがなくななり、締めが早まった。集計が自動で行われる。全体的に精算業務が早まった。システムでは、締めが厳格に決まっていると、何度も伝えたら、締めを守る意識が生まれた。,CMで耳慣れているので、ITに不慣れな人でも始めやすいシステムです。
973,2022/04/07,交通費や領収書などをスキャン機能を活用して簡単に入力が出来、かついずれも正確な金額を申請でき、不正を防げる。,交通費精算時、ICカードのスキャン読み取りが直近10数件しか出来ず、結局手入力している。買い物等は予め件数カウントから除いて欲しい。,領収書やICカードの履歴を参照しながら移す手間が省け、かつ正確な金額内容で申請が出来る。また、承認ルートも分かりやすい。この口コミを詳しく見る,収書などをスキャン機能を活用して簡単に入力が出来、かついずれも正確な金額を申請でき、不正を防げる。楽楽精算の改善してほしい点交通費精算時、ICカードのスキャン読み取りが直近10数件しか出来ず、結局手入力している。買い物等は予め件数カウントから除いて欲しい。楽楽精算導入で得られた効果・メリット領収書やICカードの履歴を参照しながら移す手間が省け、かつ正確な金額内容で申請が出来る。また、承認ルートも分かりやすい。
974,2022/04/06,精算が簡単なのがプラス点です。新入社員にでも、軽く説明すればすぐに使えます。また、定期券区間の自動控除機能がとても便利です。,承認フローの設定が複雑です。また、部門に承認フローを設定できず、社員一人一人多数の承認フローを設定しなければならないです。とても時間かかるので、改善してほしいです。,経費や交通費が頻繁に発生するので、楽楽精算を使ったら簡単に申請・精算できて時間や手間を省くことができます。管理者からは、操作ログがあって、問題が発生するときに追跡もしやすいです。,どんな企業にでも不可欠、精算が簡単でらくらく
975,2022/04/06,購買発注の決済承認のためによく使用するが、入力する項目が分かりやすく、直感的に使えるようになっていると思います。上司やその上の決済者までの流れが設定されており、どこまで承認が進んでいるのか一目でわかります。,決済承認のために請求書などをPDFを添付するが、現状だと２つしか添付できないようになっていて、２つ以上添付したい場合に困っています。システムの不具合がありましたか？特にありません。,購買の申請など申請数が多いので、毎回上司や決済者にそれぞれ承認を取るとなるととても大変ですが、このシステムを使うと一度にそれが済むので効率的です。この口コミを詳しく見る,決済承認のためによく使用するが、入力する項目が分かりやすく、直感的に使えるようになっていると思います。上司やその上の決済者までの流れが設定されており、どこまで承認が進んでいるのか一目でわかります。楽楽精算の改善してほしい点決済承認のために請求書などをPDFを添付するが、現状だと２つしか添付できないようになっていて、２つ以上添付したい場合に困っています。システムの不具合がありましたか？特にありません。楽楽精算導入で得られた効果・メリット購買の申請など申請数が多いので、毎回上司や決済者にそれぞれ承認を取るとなるととても大変ですが、このシステムを使うと一度にそれが済むので効率的です。
976,2022/04/06,今までは他アプリで交通費を調べてから入力していましたが、乗換案内から検索ができるようになったため間違いも手間もなくなりました。,承認者が不在の場合急を要する承認ができないため、代理で承認者を立てることができたらより良くなると思う。,以前は紙ベースで印鑑を押し本社に送るという手間があったが、PCからでも携帯からでも簡単に入力ができるようになり手間や時間を削減できた。この口コミを詳しく見る,アプリで交通費を調べてから入力していましたが、乗換案内から検索ができるようになったため間違いも手間もなくなりました。楽楽精算の改善してほしい点承認者が不在の場合急を要する承認ができないため、代理で承認者を立てることができたらより良くなると思う。楽楽精算導入で得られた効果・メリット以前は紙ベースで印鑑を押し本社に送るという手間があったが、PCからでも携帯からでも簡単に入力ができるようになり手間や時間を削減できた。
977,2022/04/06,入力画面が利用者にとってわかりやすく、操作説明の手間が省ける。承認ルートの設定についても便利だと思います。,導入者の視点からすれば非常に使いやすいが、利用者としてはマイパターンがもう少し使いやすければ良いと思う。,紙のやりとりが激減したので、ペーパーレス化に役立っている。経理部門の作業量は減ったので、間接部門の人員削減にも役立つと思う。この口コミを詳しく見る,利用者にとってわかりやすく、操作説明の手間が省ける。承認ルートの設定についても便利だと思います。楽楽精算の改善してほしい点導入者の視点からすれば非常に使いやすいが、利用者としてはマイパターンがもう少し使いやすければ良いと思う。楽楽精算導入で得られた効果・メリット紙のやりとりが激減したので、ペーパーレス化に役立っている。経理部門の作業量は減ったので、間接部門の人員削減にも役立つと思う。
978,2022/04/05,今までは紙での支払い依頼や旅費交通費の精算などかなり手間でした。本社での承認が降りるまでも時間がかかっていましたが、楽楽精算にしてから時間や手間が減りました,一度承認が降りないと、再度承認を取り下げないといけないのが手間です。紙でなくパソコンが必要なので周りにパソコンがないと面倒かと思いました,とにかく支払い依頼や精算が簡単になりました。コピーができるので同じ取引先の精算などは一から作らなくて良いので楽です以前利用していた製品の解約理由紙で本社に送ってい手間だからこの口コミを詳しく見る,での支払い依頼や旅費交通費の精算などかなり手間でした。本社での承認が降りるまでも時間がかかっていましたが、楽楽精算にしてから時間や手間が減りました楽楽精算の改善してほしい点一度承認が降りないと、再度承認を取り下げないといけないのが手間です。紙でなくパソコンが必要なので周りにパソコンがないと面倒かと思いました楽楽精算導入で得られた効果・メリットとにかく支払い依頼や精算が簡単になりました。コピーができるので同じ取引先の精算などは一から作らなくて良いので楽です以前利用していた製品の解約理由紙で本社に送ってい手間だから
979,2022/04/05,前回のデータをコピーして使えること。乗り換え案内にすぐ飛べたり、定期区域の排除もしやすくなっていること。,使い初めは、一時保存したデータを探すのに時間がかかったので、そこだけもう少しわかりやすいと、なおありがたいです。,csvでのデータ取り込みもできるので、エクセル上に簡単にメモしておき、月初に一気にとりこむことで、時短になっています。この口コミを詳しく見る,タをコピーして使えること。乗り換え案内にすぐ飛べたり、定期区域の排除もしやすくなっていること。楽楽精算の改善してほしい点使い初めは、一時保存したデータを探すのに時間がかかったので、そこだけもう少しわかりやすいと、なおありがたいです。楽楽精算導入で得られた効果・メリットcsvでのデータ取り込みもできるので、エクセル上に簡単にメモしておき、月初に一気にとりこむことで、時短になっています。
980,2022/04/05,これまでは経理部門が準備したエクセル書式による手入力の経費精算を行っており、各月の経費精算にかなりの工数が掛かっていたが、楽楽精算の導入により、出張先で領収書をもらうたびに領収書を取り込み、経費精算の準備ができるので精算漏れが少なくなり、労力も大幅に軽減された。,領収書の金額そのものを請求できない項目や、領収書がもらえなかったりした時の請求金額へのエビデンス類の取り込み、添付もスマートフォンで対応可能になると使い勝手が良くなると思う。,経費精算は、毎月末やきりの良い時に複数月まとめて長時間掛けて作業することが多かったが、楽楽精算の導入により、外出先などで都度作業ができるため、請求漏れ、間違いが減らせ、効率が大幅に向上した。この口コミを詳しく見る,経理部門が準備したエクセル書式による手入力の経費精算を行っており、各月の経費精算にかなりの工数が掛かっていたが、楽楽精算の導入により、出張先で領収書をもらうたびに領収書を取り込み、経費精算の準備ができるので精算漏れが少なくなり、労力も大幅に軽減された。楽楽精算の改善してほしい点領収書の金額そのものを請求できない項目や、領収書がもらえなかったりした時の請求金額へのエビデンス類の取り込み、添付もスマートフォンで対応可能になると使い勝手が良くなると思う。楽楽精算導入で得られた効果・メリット経費精算は、毎月末やきりの良い時に複数月まとめて長時間掛けて作業することが多かったが、楽楽精算の導入により、外出先などで都度作業ができるため、請求漏れ、間違いが減らせ、効率が大幅に向上した。
981,2022/04/05,近頃ワークフロー機能が充実してきており、紙の稟議書も各職員の確認報告等テンプレートが20以上あり活用しています。,精算時に以前の出張をコピーして利用していますが、出張期間を書き換えするのを忘れるケースがあります。明細日程とチェックできませんか。乗り換え案内から時刻のコピーができませんか。システムの不具合がありましたか？特になし,同様な出張が多い為、精算時にコピー機能を使うことで楽が出来ている。また、稟議書の承認進捗がわかり、催促するのが簡単になった。,精算以外にもワークフローが以外と使えますよ。
982,2022/04/05,手当の金額を設定できるので、間違えることなく申請ができる。過去の申請を活用できるので、経費の作業が短くなった。,カスタマイズがし辛いので、細かく経費を管理することは難しい。検証環境を利用できる回数が制限されているので、利用し辛い。,以前は手当の金額を調べることが多く、確認作業を多く費やしていた。今は確認しなくて良くなったので、申請側、承認側ともに確認作業が減って作業時間が減っている。この口コミを詳しく見る,を設定できるので、間違えることなく申請ができる。過去の申請を活用できるので、経費の作業が短くなった。楽楽精算の改善してほしい点カスタマイズがし辛いので、細かく経費を管理することは難しい。検証環境を利用できる回数が制限されているので、利用し辛い。楽楽精算導入で得られた効果・メリット以前は手当の金額を調べることが多く、確認作業を多く費やしていた。今は確認しなくて良くなったので、申請側、承認側ともに確認作業が減って作業時間が減っている。
983,2022/04/05,経費精算は毎月の事なので、繰り返し業務にかかる手間を減らすことができます。例えばプルダウン式で選択し、そのまま上長への承認に移行できるなど。,併せて、領収書の添付と中身の自動読み取り機能があれば便利かなー、とは思いますが、シンプルさに勝るものはないと思います。,営業活動をしていると、交通費や物品の精算、ホテル宿泊、接待費など様々な経費精算機会がありますが、繰り返し業務の軽減が図れるのために、その労力を営業活動に変換することができます。この口コミを詳しく見る,毎月の事なので、繰り返し業務にかかる手間を減らすことができます。例えばプルダウン式で選択し、そのまま上長への承認に移行できるなど。楽楽精算の改善してほしい点併せて、領収書の添付と中身の自動読み取り機能があれば便利かなー、とは思いますが、シンプルさに勝るものはないと思います。楽楽精算導入で得られた効果・メリット営業活動をしていると、交通費や物品の精算、ホテル宿泊、接待費など様々な経費精算機会がありますが、繰り返し業務の軽減が図れるのために、その労力を営業活動に変換することができます。
984,2022/04/04,スマートフォンで簡単に操作が出来るので誰でも使える点、領収書やレシートを撮影するだけで使用金額、日付、店名が読み取れる事。,細かいところではあるが承認一覧画面で申請日しか表示されないが、申請日より利用日が表示されると、確認の優先度がわかりやすい。システムの不具合がありましたか？今のところない,電子帳簿保存法対応ができるのと、既存の会計ソフトへの連携や読み込みが簡単なので、入力の手間やミスが無くなる。「楽楽精算」導入の決め手電子帳簿保存法対応の為,圧倒的な識字率
985,2022/04/04,導入前にはエクセルを使い、かなりの時間がかかっていましたが楽楽精算を導入してからは約束7割ぐらいの時間が削減されました。,人によって使い方がわからない方もいるため、もう少しわかりやすい画面の方ががいいかと思います。それ以外では問題ありません。,交通費精算が完全ペーパレスになったため会社としての経費削減がかなり大きかったです。作業時間も短縮されました。この口コミを詳しく見る,エクセルを使い、かなりの時間がかかっていましたが楽楽精算を導入してからは約束7割ぐらいの時間が削減されました。楽楽精算の改善してほしい点人によって使い方がわからない方もいるため、もう少しわかりやすい画面の方ががいいかと思います。それ以外では問題ありません。楽楽精算導入で得られた効果・メリット交通費精算が完全ペーパレスになったため会社としての経費削減がかなり大きかったです。作業時間も短縮されました。
986,2022/04/04,今までは交通費精算の際に自分で経路や交通費を検索して記入する工程が必要でしたが、こちらは乗換案内と連動しており出発・到着地を入力しボタンをおすだけで経路や交通費が表示されるため便利です。,特に利用上で困ったことはありませんが、文字が小さく見辛いなと思ったことはあります。もう少し見やすいUIになれば更に良いです。,紙での申請ではなく、電子化したことで経費精算にかかる時間が短縮できました。在宅時にも領収書をスマホで撮影して申請ができるので、精算までのスピードが上がりました。この口コミを詳しく見る,通費精算の際に自分で経路や交通費を検索して記入する工程が必要でしたが、こちらは乗換案内と連動しており出発・到着地を入力しボタンをおすだけで経路や交通費が表示されるため便利です。楽楽精算の改善してほしい点特に利用上で困ったことはありませんが、文字が小さく見辛いなと思ったことはあります。もう少し見やすいUIになれば更に良いです。楽楽精算導入で得られた効果・メリット紙での申請ではなく、電子化したことで経費精算にかかる時間が短縮できました。在宅時にも領収書をスマホで撮影して申請ができるので、精算までのスピードが上がりました。
987,2022/04/04,アナログな経費精算を行っている会社は是非導入するべきサービス。経費精算は意外と時間が取られる業務なので本サービスを使うことで業務効率が向上する。,特に不満はないがUIをもっとシンプルにしても良いかなと思う。ユーザーサポートに関しては丁寧な回答で満足。,営業先での立替が多いが本サービスを利用したら経費精算が圧倒的に楽になった。特に駐車場、交通費精算が便利で助かっている。この口コミを詳しく見る,経費精算を行っている会社は是非導入するべきサービス。経費精算は意外と時間が取られる業務なので本サービスを使うことで業務効率が向上する。楽楽精算の改善してほしい点特に不満はないがUIをもっとシンプルにしても良いかなと思う。ユーザーサポートに関しては丁寧な回答で満足。楽楽精算導入で得られた効果・メリット営業先での立替が多いが本サービスを利用したら経費精算が圧倒的に楽になった。特に駐車場、交通費精算が便利で助かっている。
988,2022/04/04,特に交通費精算がやりやすい。承認ルートの設定ができ、管理側の通知も分かりやすい。リモート勤務においても相性がよく社内的にも導入メリットが非常にあったと感じる。,現在使っている感じでは不満は特にないが、UI的にはもう少しシンプルにしても良いかと思う。乗換案内は時刻表から情報を引っ張れるのはよいが、時刻も引っ張れた方が使い勝手が良い。,今まで経費精算に関しては別サービスを利用していたが、同サービスを使うようになったことで、紙のやりとりが激減したので業務効率化が圧倒的に進んだ。,営業担当が多い会社は必須。
989,2022/04/04,交通費を申請する際、路線検索から交通費を算出できるのが便利。ユーザーの定期情報も反映されるのも使いやすいです。,利用している際には特に悪いところは見つからないが、ページのデザインがスタイリッシュでなく少々わかりづらく慣れるまで戸惑うことが多かった。システムの不具合がありましたか？特になし,ネット上での申請だと仮に申請方法が誤っていた時も、総務に気づいてもらいやすいのがメリットだと思います。この口コミを詳しく見る,請する際、路線検索から交通費を算出できるのが便利。ユーザーの定期情報も反映されるのも使いやすいです。楽楽精算の改善してほしい点利用している際には特に悪いところは見つからないが、ページのデザインがスタイリッシュでなく少々わかりづらく慣れるまで戸惑うことが多かった。システムの不具合がありましたか？特になし楽楽精算導入で得られた効果・メリットネット上での申請だと仮に申請方法が誤っていた時も、総務に気づいてもらいやすいのがメリットだと思います。
