,投稿日,社名,業種,職種,従業員規模,立場,総合評価点,機能への満足,使いやすさ,サポート品質,価格
0,2024/06/08,非公開,その他製造,生産・製造,250名以上500名未満,ユーザー（利用者）,5,4,5,3,3
1,2024/06/02,イオンリテール株式会社,卸売・小売業・商業（商社含む）,一般事務,"5,000名以上",ユーザー（利用者）,5,5,4,4,4
2,2024/05/30,株式会社ホーク・ワン,不動産,財務・経理,250名以上500名未満,ユーザー（利用者）,5,4,4,3,3
3,2024/05/30,非公開,建設,一般事務,"1,000名以上5,000名未満",ユーザー（利用者）,5,5,5,5,5
4,2024/05/30,非公開,建設,一般事務,50名以上100名未満,ユーザー（利用者）,4,5,5,4,4
5,2024/05/28,非公開,食品、医薬、化粧品,総務・人事,500名以上750名未満,ユーザー（利用者）,5,4,4,4,4
6,2024/05/28,非公開,通信サービス,技術・設計,250名以上500名未満,ユーザー（利用者）,3,4,3,3,3
7,2024/05/28,非公開,その他製造,その他,250名以上500名未満,ユーザー（利用者）,4,4,4,3,3
8,2024/05/26,非公開,食品、医薬、化粧品,営業・販売,50名以上100名未満,ユーザー（利用者）,4,4,5,4,4
9,2024/05/24,株式会社オンワード樫山,その他,技術・設計,500名以上750名未満,ユーザー（利用者）,4,4,4,4,4
10,2024/05/22,非公開,放送・広告・出版・マスコミ,経営企画,100名以上250名未満,ユーザー（利用者）,5,5,4,4,5
11,2024/05/21,非公開,不動産,一般事務,10名以上50名未満,ユーザー（利用者）,4,4,4,5,4
12,2024/05/20,非公開,通信サービス,その他,"750名以上1,000名未満",ユーザー（利用者）,4,4,3,3,4
13,2024/05/18,非公開,その他製造,研究・開発,100名以上250名未満,ユーザー（利用者）,5,5,5,5,5
14,2024/05/15,非公開,飲食店・宿泊,その他,250名以上500名未満,ユーザー（利用者）,4,4,5,4,3
15,2024/05/15,非公開,人材サービス,その他,"1,000名以上5,000名未満",ユーザー（利用者）,5,5,5,5,4
16,2024/05/14,非公開,建設,財務・経理,100名以上250名未満,ユーザー（利用者）,4,5,4,4,4
17,2024/05/09,非公開,人材サービス,企画・調査・マーケティング,100名以上250名未満,ユーザー（利用者）,4,4,4,3,4
18,2024/05/09,非公開,運輸,情報処理・情報システム,250名以上500名未満,ユーザー（利用者）,5,5,5,3,3
19,2024/05/07,非公開,卸売・小売業・商業（商社含む）,営業・販売,500名以上750名未満,ユーザー（利用者）,3,4,2,3,3
20,2024/05/05,非公開,情報処理、ＳＩ、ソフトウェア,情報処理・情報システム,"1,000名以上5,000名未満",ユーザー（利用者）,5,3,4,4,4
21,2024/05/04,非公開,自動車、輸送機器,営業・販売,250名以上500名未満,ユーザー（利用者）,5,5,5,5,5
22,2024/05/02,非公開,自動車、輸送機器,営業・販売,"1,000名以上5,000名未満",ユーザー（利用者）,5,3,5,5,3
23,2024/04/29,非公開,その他,財務・経理,"750名以上1,000名未満",ユーザー（利用者）,3,4,3,3,3
24,2024/04/24,非公開,卸売・小売業・商業（商社含む）,営業・販売,"750名以上1,000名未満",ユーザー（利用者）,5,5,5,5,5
25,2024/04/21,非公開,卸売・小売業・商業（商社含む）,企画・調査・マーケティング,500名以上750名未満,ユーザー（利用者）,3,3,3,3,3
26,2024/04/15,非公開,自動車、輸送機器,技術・設計,"1,000名以上5,000名未満",ユーザー（利用者）,3,3,3,2,3
27,2024/04/13,非公開,不動産,営業・販売,250名以上500名未満,ユーザー（利用者）,5,5,5,5,5
28,2024/04/11,非公開,金融・証券・保険,情報処理・情報システム,"1,000名以上5,000名未満",ユーザー（利用者）,4,5,4,4,4
29,2024/04/11,非公開,電気、電子機器,一般事務,"1,000名以上5,000名未満",ユーザー（利用者）,3,3,3,3,3
30,2024/04/11,非公開,自動車、輸送機器,一般事務,10名以上50名未満,ユーザー（利用者）,3,3,3,3,2
31,2024/04/11,非公開,不動産,一般事務,250名以上500名未満,ユーザー（利用者）,2,2,3,2,2
32,2024/04/09,非公開,運輸,営業・販売,"5,000名以上",ユーザー（利用者）,4,4,4,2,3
33,2024/04/09,非公開,機械、重電,経営企画,"1,000名以上5,000名未満",ユーザー（利用者）,4,4,4,3,3
34,2024/04/09,非公開,その他製造,営業・販売,"1,000名以上5,000名未満",ユーザー（利用者）,4,4,4,3,3
35,2024/04/09,非公開,その他,その他,"5,000名以上",ユーザー（利用者）,3,3,2,2,5
36,2024/04/07,非公開,教育・教育学習支援関係,専門職（教育関連）,250名以上500名未満,ユーザー（利用者）,5,4,5,4,4
37,2024/04/04,非公開,卸売・小売業・商業（商社含む）,財務・経理,10名以上50名未満,ユーザー（利用者）,5,3,5,4,4
38,2024/04/02,非公開,情報処理、ＳＩ、ソフトウェア,情報処理・情報システム,"1,000名以上5,000名未満",ユーザー（利用者）,4,4,4,4,4
39,2024/04/01,非公開,電気、電子機器,その他,250名以上500名未満,ユーザー（利用者）,4,4,2,3,5
40,2024/03/29,非公開,卸売・小売業・商業（商社含む）,総務・人事,100名以上250名未満,ユーザー（利用者）,5,5,4,4,4
41,2024/03/27,非公開,通信サービス,総務・人事,250名以上500名未満,ユーザー（利用者）,4,5,4,4,5
42,2024/03/27,非公開,卸売・小売業・商業（商社含む）,営業・販売,"5,000名以上",ユーザー（利用者）,4,4,4,4,4
43,2024/03/27,非公開,電気、電子機器,営業・販売,"5,000名以上",IT管理者,5,5,4,5,5
44,2024/03/26,非公開,情報処理、ＳＩ、ソフトウェア,情報処理・情報システム,100名以上250名未満,ユーザー（利用者）,3,2,3,3,2
45,2024/03/24,非公開,電気、電子機器,研究・開発,250名以上500名未満,ユーザー（利用者）,3,4,3,3,3
46,2024/03/24,非公開,その他製造,営業・販売,"750名以上1,000名未満",ユーザー（利用者）,4,5,4,3,4
47,2024/03/24,非公開,飲食店・宿泊,財務・経理,500名以上750名未満,ユーザー（利用者）,4,5,3,2,4
48,2024/03/23,非公開,卸売・小売業・商業（商社含む）,営業・販売,"1,000名以上5,000名未満",ユーザー（利用者）,4,3,5,3,4
49,2024/03/23,非公開,人材サービス,一般事務,500名以上750名未満,ユーザー（利用者）,4,3,2,5,5
50,2024/03/23,非公開,卸売・小売業・商業（商社含む）,営業・販売,100名以上250名未満,ユーザー（利用者）,4,4,3,4,4
51,2024/03/23,非公開,飲食店・宿泊,営業・販売,100名以上250名未満,ユーザー（利用者）,5,5,4,4,4
52,2024/03/22,非公開,卸売・小売業・商業（商社含む）,営業・販売,"1,000名以上5,000名未満",ユーザー（利用者）,3,3,2,4,3
53,2024/03/21,非公開,卸売・小売業・商業（商社含む）,企画・調査・マーケティング,500名以上750名未満,ユーザー（利用者）,3,3,2,3,2
54,2024/03/20,非公開,飲食店・宿泊,企画・調査・マーケティング,"5,000名以上",ユーザー（利用者）,3,4,3,3,3
55,2024/03/19,非公開,食品、医薬、化粧品,営業・販売,250名以上500名未満,ユーザー（利用者）,3,3,3,3,4
56,2024/03/18,非公開,金融・証券・保険,企画・調査・マーケティング,500名以上750名未満,ユーザー（利用者）,3,3,3,3,3
57,2024/03/17,非公開,食品、医薬、化粧品,営業・販売,"1,000名以上5,000名未満",ユーザー（利用者）,5,5,5,3,5
58,2024/03/10,非公開,電気、電子機器,営業・販売,50名以上100名未満,ユーザー（利用者）,5,5,4,5,5
59,2024/03/10,非公開,運輸,配送・物流,250名以上500名未満,ユーザー（利用者）,5,5,5,5,5
60,2024/03/09,非公開,医療,営業・販売,"1,000名以上5,000名未満",ユーザー（利用者）,5,4,4,4,4
61,2024/03/06,非公開,飲食店・宿泊,その他,500名以上750名未満,ユーザー（利用者）,5,4,5,4,4
62,2024/03/05,非公開,その他,財務・経理,"1,000名以上5,000名未満",ユーザー（利用者）,5,5,5,5,5
63,2024/03/05,非公開,介護・福祉,一般事務,500名以上750名未満,ユーザー（利用者）,5,5,5,5,5
64,2024/03/05,非公開,建設,一般事務,"750名以上1,000名未満",ユーザー（利用者）,5,5,5,3,5
65,2024/03/04,非公開,エネルギー,経営企画,100名以上250名未満,ユーザー（利用者）,5,4,5,4,3
66,2024/03/02,非公開,素材,技術・設計,500名以上750名未満,ユーザー（利用者）,4,4,3,4,4
67,2024/02/26,非公開,コンサル・会計・法律関連,専門職（教育関連）,10名以上50名未満,ユーザー（利用者）,4,5,4,5,4
68,2024/02/25,非公開,機械、重電,営業・販売,100名以上250名未満,ユーザー（利用者）,3,3,2,4,3
69,2024/02/23,非公開,その他製造,営業・販売,250名以上500名未満,ユーザー（利用者）,5,5,5,5,5
70,2024/02/17,非公開,不動産,営業・販売,"1,000名以上5,000名未満",ユーザー（利用者）,5,5,5,5,5
71,2024/02/14,非公開,その他,財務・経理,100名以上250名未満,ユーザー（利用者）,5,3,4,4,4
72,2024/02/14,非公開,電気、電子機器,営業・販売,"750名以上1,000名未満",ユーザー（利用者）,4,4,4,3,3
73,2024/02/12,非公開,金融・証券・保険,営業・販売,"5,000名以上",ユーザー（利用者）,5,4,4,3,5
74,2024/02/11,非公開,運輸,一般事務,"5,000名以上",ユーザー（利用者）,3,3,3,3,3
75,2024/02/11,非公開,金融・証券・保険,営業・販売,250名以上500名未満,ユーザー（利用者）,5,5,5,5,5
76,2024/02/10,非公開,不動産,営業・販売,"750名以上1,000名未満",ユーザー（利用者）,4,4,4,5,4
77,2024/02/07,非公開,建設,専門職（建築・土木関連）,250名以上500名未満,ユーザー（利用者）,4,4,3,2,3
78,2024/02/06,能美防災株式会社,建設,一般事務,"1,000名以上5,000名未満",ユーザー（利用者）,4,4,4,4,3
79,2024/02/05,非公開,金融・証券・保険,営業・販売,250名以上500名未満,ユーザー（利用者）,5,5,5,5,5
80,2024/02/03,非公開,食品、医薬、化粧品,一般事務,250名以上500名未満,ユーザー（利用者）,5,5,5,5,5
81,2024/02/03,非公開,金融・証券・保険,営業・販売,"5,000名以上",ユーザー（利用者）,5,5,5,5,5
82,2024/02/01,非公開,不動産,その他,"1,000名以上5,000名未満",ユーザー（利用者）,4,4,3,4,4
83,2024/02/01,非公開,電気、電子機器,情報処理・情報システム,"750名以上1,000名未満",ユーザー（利用者）,5,4,4,4,5
84,2024/01/31,非公開,電気、電子機器,財務・経理,100名以上250名未満,ユーザー（利用者）,5,5,5,5,5
85,2024/01/31,非公開,その他,情報処理・情報システム,250名以上500名未満,ユーザー（利用者）,5,4,4,3,3
86,2024/01/31,非公開,その他,営業・販売,"1,000名以上5,000名未満",ユーザー（利用者）,5,4,4,3,5
87,2024/01/30,非公開,自動車、輸送機器,生産・製造,"5,000名以上",ユーザー（利用者）,5,5,5,5,5
88,2024/01/30,非公開,不動産,財務・経理,50名以上100名未満,ユーザー（利用者）,3,4,3,4,3
89,2024/01/28,非公開,通信サービス,情報処理・情報システム,10名未満,ユーザー（利用者）,4,4,4,3,4
90,2024/01/27,非公開,情報処理、ＳＩ、ソフトウェア,営業・販売,50名以上100名未満,ユーザー（利用者）,4,4,4,3,3
91,2024/01/27,非公開,情報処理、ＳＩ、ソフトウェア,一般事務,250名以上500名未満,ユーザー（利用者）,5,5,5,5,5
92,2024/01/27,非公開,通信サービス,企画・調査・マーケティング,250名以上500名未満,ユーザー（利用者）,4,4,4,4,4
93,2024/01/25,非公開,不動産,営業・販売,250名以上500名未満,ユーザー（利用者）,5,5,5,5,5
94,2024/01/24,非公開,機械、重電,総務・人事,500名以上750名未満,ユーザー（利用者）,3,3,3,4,2
95,2024/01/24,非公開,放送・広告・出版・マスコミ,広報・宣伝,250名以上500名未満,ユーザー（利用者）,5,5,5,5,3
96,2024/01/21,非公開,その他,総務・人事,"5,000名以上",ユーザー（利用者）,5,5,5,2,3
97,2024/01/21,非公開,人材サービス,営業・販売,"1,000名以上5,000名未満",ユーザー（利用者）,4,4,5,4,3
98,2024/01/20,非公開,その他製造,総務・人事,250名以上500名未満,ユーザー（利用者）,5,5,5,5,4
99,2024/01/17,非公開,自動車、輸送機器,技術・設計,250名以上500名未満,ユーザー（利用者）,1,1,1,1,1
100,2024/01/12,非公開,金融・証券・保険,一般事務,250名以上500名未満,ユーザー（利用者）,5,5,5,4,3
101,2024/01/09,非公開,金融・証券・保険,情報処理・情報システム,"5,000名以上",ユーザー（利用者）,4,3,3,3,3
102,2024/01/07,非公開,卸売・小売業・商業（商社含む）,一般事務,10名以上50名未満,ユーザー（利用者）,4,4,4,4,3
103,2024/01/04,非公開,不動産,営業・販売,100名以上250名未満,ユーザー（利用者）,3,3,3,3,3
104,2023/12/29,非公開,情報処理、ＳＩ、ソフトウェア,情報処理・情報システム,500名以上750名未満,ユーザー（利用者）,5,4,4,4,3
105,2023/12/21,非公開,通信サービス,営業・販売,250名以上500名未満,ユーザー（利用者）,3,3,3,2,3
106,2023/12/20,非公開,情報処理、ＳＩ、ソフトウェア,技術・設計,100名以上250名未満,ユーザー（利用者）,5,5,5,5,5
107,2023/12/18,非公開,卸売・小売業・商業（商社含む）,企画・調査・マーケティング,500名以上750名未満,ユーザー（利用者）,3,3,2,3,3
108,2023/12/17,非公開,情報処理、ＳＩ、ソフトウェア,情報処理・情報システム,100名以上250名未満,ユーザー（利用者）,4,4,4,4,4
109,2023/12/16,非公開,金融・証券・保険,企画・調査・マーケティング,500名以上750名未満,ユーザー（利用者）,3,3,3,3,3
110,2023/12/16,非公開,人材サービス,その他,"750名以上1,000名未満",ユーザー（利用者）,5,5,5,3,3
111,2023/12/12,非公開,不動産,一般事務,"5,000名以上",ユーザー（利用者）,5,4,4,4,3
112,2023/12/06,非公開,その他製造,一般事務,"1,000名以上5,000名未満",ユーザー（利用者）,3,3,3,3,3
113,2023/12/05,非公開,卸売・小売業・商業（商社含む）,企画・調査・マーケティング,"1,000名以上5,000名未満",ユーザー（利用者）,3,4,3,2,3
114,2023/12/04,非公開,建設,技術・設計,100名以上250名未満,ユーザー（利用者）,5,5,5,5,5
115,2023/11/30,非公開,自動車、輸送機器,総務・人事,"1,000名以上5,000名未満",ユーザー（利用者）,4,4,4,4,4
116,2023/11/27,非公開,その他,総務・人事,50名以上100名未満,ユーザー（利用者）,3,3,4,3,3
117,2023/11/26,非公開,教育・教育学習支援関係,専門職（教育関連）,"1,000名以上5,000名未満",ユーザー（利用者）,3,3,3,2,2
118,2023/11/25,非公開,食品、医薬、化粧品,企画・調査・マーケティング,250名以上500名未満,ユーザー（利用者）,4,4,4,4,4
119,2023/11/22,非公開,通信サービス,一般事務,100名以上250名未満,ユーザー（利用者）,2,2,2,2,2
120,2023/11/20,非公開,卸売・小売業・商業（商社含む）,その他,250名以上500名未満,ユーザー（利用者）,4,3,3,2,3
121,2023/11/19,非公開,その他,営業・販売,"1,000名以上5,000名未満",ユーザー（利用者）,5,5,4,3,5
122,2023/11/18,非公開,放送・広告・出版・マスコミ,情報処理・情報システム,"1,000名以上5,000名未満",ユーザー（利用者）,5,5,5,5,5
123,2023/11/16,非公開,不動産,営業・販売,500名以上750名未満,ユーザー（利用者）,5,4,4,5,5
124,2023/11/16,非公開,食品、医薬、化粧品,一般事務,100名以上250名未満,ユーザー（利用者）,4,3,3,3,3
125,2023/11/15,非公開,機械、重電,研究・開発,"1,000名以上5,000名未満",ユーザー（利用者）,1,1,1,3,1
126,2023/11/14,非公開,公務員（教員を除く）,一般事務,"5,000名以上",ユーザー（利用者）,4,4,4,4,4
127,2023/11/12,非公開,情報処理、ＳＩ、ソフトウェア,総務・人事,"1,000名以上5,000名未満",ユーザー（利用者）,4,4,4,3,3
128,2023/11/08,非公開,運輸,一般事務,"5,000名以上",ユーザー（利用者）,4,3,3,3,3
129,2023/11/06,非公開,その他,情報処理・情報システム,"1,000名以上5,000名未満",ユーザー（利用者）,4,4,4,4,4
130,2023/11/03,非公開,食品、医薬、化粧品,生産・製造,100名以上250名未満,ユーザー（利用者）,4,4,3,3,3
131,2023/11/03,非公開,情報処理、ＳＩ、ソフトウェア,経営者・役員,250名以上500名未満,ユーザー（利用者）,5,5,5,5,5
132,2023/11/03,非公開,食品、医薬、化粧品,生産・製造,"1,000名以上5,000名未満",ユーザー（利用者）,4,4,3,3,3
133,2023/11/01,非公開,不動産,一般事務,50名以上100名未満,ユーザー（利用者）,3,1,1,1,1
134,2023/10/31,非公開,金融・証券・保険,企画・調査・マーケティング,"1,000名以上5,000名未満",ユーザー（利用者）,5,5,5,5,5
135,2023/10/30,非公開,建設,一般事務,250名以上500名未満,ユーザー（利用者）,4,4,5,4,4
136,2023/10/22,非公開,放送・広告・出版・マスコミ,情報処理・情報システム,50名以上100名未満,ユーザー（利用者）,4,4,4,4,4
137,2023/10/22,非公開,その他,その他,"1,000名以上5,000名未満",ユーザー（利用者）,3,3,3,3,3
138,2023/10/21,非公開,医療,財務・経理,250名以上500名未満,ユーザー（利用者）,5,5,5,4,4
139,2023/10/21,非公開,卸売・小売業・商業（商社含む）,企画・調査・マーケティング,"1,000名以上5,000名未満",ユーザー（利用者）,4,4,4,4,3
140,2023/10/21,非公開,情報処理、ＳＩ、ソフトウェア,情報処理・情報システム,250名以上500名未満,ユーザー（利用者）,5,4,4,4,4
141,2023/10/21,非公開,旅行,広報・宣伝,500名以上750名未満,ユーザー（利用者）,3,4,4,4,3
142,2023/10/21,非公開,卸売・小売業・商業（商社含む）,企画・調査・マーケティング,"750名以上1,000名未満",ユーザー（利用者）,4,3,3,3,4
143,2023/10/17,非公開,放送・広告・出版・マスコミ,編集・編成・制作,10名以上50名未満,ユーザー（利用者）,5,5,5,5,5
144,2023/10/15,非公開,情報処理、ＳＩ、ソフトウェア,その他,"1,000名以上5,000名未満",ユーザー（利用者）,4,5,5,4,4
145,2023/10/10,非公開,コンサル・会計・法律関連,経営者・役員,10名未満,ユーザー（利用者）,5,5,5,5,5
146,2023/10/09,非公開,情報処理、ＳＩ、ソフトウェア,営業・販売,500名以上750名未満,ユーザー（利用者）,4,3,4,4,3
147,2023/10/09,非公開,不動産,営業・販売,10名以上50名未満,ユーザー（利用者）,5,5,5,5,3
148,2023/10/08,非公開,建設,営業・販売,50名以上100名未満,ユーザー（利用者）,3,3,3,3,3
149,2023/10/05,非公開,卸売・小売業・商業（商社含む）,一般事務,500名以上750名未満,ユーザー（利用者）,5,5,5,3,4
150,2023/10/03,非公開,情報処理、ＳＩ、ソフトウェア,営業・販売,10名未満,ユーザー（利用者）,4,4,4,3,3
151,2023/10/02,非公開,通信サービス,営業・販売,"1,000名以上5,000名未満",ユーザー（利用者）,3,3,3,4,3
152,2023/10/01,非公開,教育・教育学習支援関係,専門職（教育関連）,50名以上100名未満,ユーザー（利用者）,5,5,5,3,3
153,2023/10/01,非公開,介護・福祉,財務・経理,250名以上500名未満,ユーザー（利用者）,5,5,5,5,5
154,2023/10/01,非公開,自動車、輸送機器,総務・人事,"1,000名以上5,000名未満",ユーザー（利用者）,4,4,4,3,3
155,2023/10/01,非公開,情報処理、ＳＩ、ソフトウェア,情報処理・情報システム,"1,000名以上5,000名未満",ユーザー（利用者）,4,4,4,3,3
156,2023/10/01,非公開,その他製造,営業・販売,250名以上500名未満,ユーザー（利用者）,5,5,4,4,4
157,2023/10/01,非公開,放送・広告・出版・マスコミ,営業・販売,250名以上500名未満,ユーザー（利用者）,5,5,4,5,4
158,2023/10/01,非公開,その他,その他,10名以上50名未満,ユーザー（利用者）,4,4,4,4,4
159,2023/10/01,非公開,コンサル・会計・法律関連,総務・人事,100名以上250名未満,IT管理者,4,5,4,2,3
160,2023/10/01,非公開,卸売・小売業・商業（商社含む）,営業・販売,100名以上250名未満,ユーザー（利用者）,4,5,4,3,4
161,2023/10/01,非公開,金融・証券・保険,営業・販売,"1,000名以上5,000名未満",ユーザー（利用者）,4,4,4,4,4
162,2023/09/30,非公開,不動産,財務・経理,50名以上100名未満,ユーザー（利用者）,5,4,5,4,4
163,2023/09/30,非公開,情報処理、ＳＩ、ソフトウェア,情報処理・情報システム,"1,000名以上5,000名未満",ユーザー（利用者）,4,4,4,3,3
164,2023/09/29,非公開,情報処理、ＳＩ、ソフトウェア,営業・販売,100名以上250名未満,ユーザー（利用者）,2,3,1,3,2
165,2023/09/29,非公開,不動産,営業・販売,"1,000名以上5,000名未満",ユーザー（利用者）,5,5,5,4,4
166,2023/09/29,非公開,人材サービス,営業・販売,50名以上100名未満,ユーザー（利用者）,4,4,3,3,3
167,2023/09/29,非公開,医療,企画・調査・マーケティング,"750名以上1,000名未満",ユーザー（利用者）,1,1,1,1,1
168,2023/09/29,非公開,人材サービス,一般事務,"1,000名以上5,000名未満",ユーザー（利用者）,5,4,4,5,3
169,2023/09/29,非公開,放送・広告・出版・マスコミ,企画・調査・マーケティング,50名以上100名未満,ユーザー（利用者）,4,5,4,4,4
170,2023/09/29,非公開,電気、電子機器,技術・設計,"1,000名以上5,000名未満",ユーザー（利用者）,4,4,4,4,4
171,2023/09/28,非公開,放送・広告・出版・マスコミ,技術・設計,250名以上500名未満,ユーザー（利用者）,4,3,4,3,3
172,2023/09/28,非公開,食品、医薬、化粧品,営業・販売,"5,000名以上",ユーザー（利用者）,5,3,5,4,4
173,2023/09/27,非公開,機械、重電,財務・経理,10名以上50名未満,ユーザー（利用者）,4,4,4,4,3
174,2023/09/26,非公開,情報処理、ＳＩ、ソフトウェア,情報処理・情報システム,"1,000名以上5,000名未満",ユーザー（利用者）,5,5,5,5,5
175,2023/09/26,非公開,情報処理、ＳＩ、ソフトウェア,情報処理・情報システム,100名以上250名未満,ユーザー（利用者）,4,4,4,3,3
176,2023/09/26,非公開,その他,営業・販売,10名以上50名未満,ユーザー（利用者）,5,5,5,5,4
177,2023/09/25,非公開,その他,その他,10名以上50名未満,ユーザー（利用者）,4,3,3,4,3
178,2023/09/25,非公開,飲食店・宿泊,その他,100名以上250名未満,ユーザー（利用者）,4,4,5,3,3
179,2023/09/25,非公開,その他製造,営業・販売,100名以上250名未満,ユーザー（利用者）,4,4,5,3,4
180,2023/09/24,非公開,卸売・小売業・商業（商社含む）,企画・調査・マーケティング,500名以上750名未満,ユーザー（利用者）,3,4,2,2,4
181,2023/09/24,非公開,電気、電子機器,資材・購買,250名以上500名未満,ユーザー（利用者）,5,5,5,5,3
182,2023/09/24,非公開,建設,専門職（建築・土木関連）,250名以上500名未満,ユーザー（利用者）,4,4,2,3,3
183,2023/09/23,非公開,電気、電子機器,営業・販売,500名以上750名未満,ユーザー（利用者）,5,4,3,4,4
184,2023/09/23,非公開,情報処理、ＳＩ、ソフトウェア,営業・販売,100名以上250名未満,ユーザー（利用者）,4,4,4,4,4
185,2023/09/23,非公開,通信サービス,企画・調査・マーケティング,"1,000名以上5,000名未満",ユーザー（利用者）,4,4,4,4,3
186,2023/09/23,非公開,建設,一般事務,250名以上500名未満,ユーザー（利用者）,4,4,4,4,3
187,2023/09/23,非公開,食品、医薬、化粧品,営業・販売,50名以上100名未満,ユーザー（利用者）,4,4,4,4,4
188,2023/09/22,非公開,卸売・小売業・商業（商社含む）,営業・販売,"5,000名以上",ユーザー（利用者）,5,5,5,4,5
189,2023/09/22,非公開,情報処理、ＳＩ、ソフトウェア,情報処理・情報システム,"750名以上1,000名未満",ユーザー（利用者）,5,5,5,5,5
190,2023/09/22,非公開,その他製造,企画・調査・マーケティング,100名以上250名未満,ユーザー（利用者）,4,4,4,2,2
191,2023/09/22,非公開,自動車、輸送機器,一般事務,500名以上750名未満,ユーザー（利用者）,4,4,4,3,3
192,2023/09/22,非公開,電気、電子機器,生産・製造,"750名以上1,000名未満",ユーザー（利用者）,5,4,3,5,4
193,2023/09/22,非公開,金融・証券・保険,営業・販売,250名以上500名未満,ユーザー（利用者）,5,5,5,5,3
194,2023/09/22,非公開,建設,情報処理・情報システム,"1,000名以上5,000名未満",ユーザー（利用者）,4,4,5,3,4
195,2023/09/22,非公開,卸売・小売業・商業（商社含む）,財務・経理,500名以上750名未満,ユーザー（利用者）,4,3,4,4,4
196,2023/09/21,非公開,飲食店・宿泊,その他,50名以上100名未満,ユーザー（利用者）,4,4,3,5,2
197,2023/09/21,非公開,電気、電子機器,一般事務,500名以上750名未満,ユーザー（利用者）,2,2,2,3,3
198,2023/09/21,非公開,電気、電子機器,一般事務,"1,000名以上5,000名未満",ユーザー（利用者）,5,4,5,3,3
199,2023/09/21,非公開,金融・証券・保険,情報処理・情報システム,250名以上500名未満,ユーザー（利用者）,4,4,4,3,4
200,2023/09/20,非公開,卸売・小売業・商業（商社含む）,営業・販売,"1,000名以上5,000名未満",ユーザー（利用者）,4,4,4,3,4
201,2023/09/20,非公開,機械、重電,営業・販売,"1,000名以上5,000名未満",ユーザー（利用者）,2,3,2,3,3
202,2023/09/20,非公開,建設,営業・販売,50名以上100名未満,ユーザー（利用者）,4,4,5,3,4
203,2023/09/20,非公開,情報処理、ＳＩ、ソフトウェア,情報処理・情報システム,250名以上500名未満,ユーザー（利用者）,3,4,3,3,2
204,2023/09/20,非公開,電気、電子機器,技術・設計,"1,000名以上5,000名未満",ユーザー（利用者）,4,4,3,4,4
205,2023/09/19,非公開,食品、医薬、化粧品,営業・販売,100名以上250名未満,ユーザー（利用者）,4,4,4,2,2
206,2023/09/19,非公開,その他,営業・販売,100名以上250名未満,ユーザー（利用者）,5,5,5,5,5
207,2023/09/19,非公開,卸売・小売業・商業（商社含む）,企画・調査・マーケティング,10名以上50名未満,ユーザー（利用者）,5,5,4,3,3
208,2023/09/18,非公開,電気、電子機器,一般事務,100名以上250名未満,ユーザー（利用者）,4,4,4,3,4
209,2023/09/18,非公開,素材,財務・経理,250名以上500名未満,ユーザー（利用者）,5,4,5,4,4
210,2023/09/18,非公開,放送・広告・出版・マスコミ,営業・販売,10名以上50名未満,ユーザー（利用者）,5,5,4,3,4
211,2023/09/18,非公開,卸売・小売業・商業（商社含む）,資材・購買,"1,000名以上5,000名未満",ユーザー（利用者）,4,4,4,2,4
212,2023/09/17,非公開,卸売・小売業・商業（商社含む）,財務・経理,250名以上500名未満,ユーザー（利用者）,4,4,5,3,2
213,2023/09/17,非公開,人材サービス,総務・人事,"1,000名以上5,000名未満",ユーザー（利用者）,4,4,4,4,4
214,2023/09/17,非公開,情報処理、ＳＩ、ソフトウェア,営業・販売,500名以上750名未満,ユーザー（利用者）,2,4,3,3,1
215,2023/09/17,非公開,卸売・小売業・商業（商社含む）,一般事務,"1,000名以上5,000名未満",ユーザー（利用者）,5,5,5,5,5
216,2023/09/17,非公開,介護・福祉,一般事務,500名以上750名未満,ユーザー（利用者）,5,4,3,4,4
217,2023/09/16,非公開,人材サービス,営業・販売,"1,000名以上5,000名未満",ユーザー（利用者）,5,5,5,4,5
218,2023/09/16,非公開,金融・証券・保険,営業・販売,"5,000名以上",ユーザー（利用者）,5,5,5,5,4
219,2023/09/16,非公開,電気、電子機器,一般事務,"1,000名以上5,000名未満",ユーザー（利用者）,5,5,5,3,3
220,2023/09/13,非公開,通信サービス,総務・人事,"5,000名以上",ユーザー（利用者）,4,4,4,2,5
221,2023/09/13,非公開,建設,一般事務,100名以上250名未満,ユーザー（利用者）,4,4,5,3,3
222,2023/09/13,非公開,金融・証券・保険,企画・調査・マーケティング,"1,000名以上5,000名未満",ユーザー（利用者）,4,5,5,3,3
223,2023/09/13,非公開,建設,営業・販売,"1,000名以上5,000名未満",ユーザー（利用者）,3,3,3,3,3
224,2023/09/13,非公開,コンサル・会計・法律関連,企画・調査・マーケティング,"1,000名以上5,000名未満",ユーザー（利用者）,5,3,5,4,5
225,2023/09/12,非公開,情報処理、ＳＩ、ソフトウェア,営業・販売,100名以上250名未満,ユーザー（利用者）,4,3,5,3,3
226,2023/09/12,非公開,卸売・小売業・商業（商社含む）,専門職（医療関連）,50名以上100名未満,ユーザー（利用者）,4,3,3,3,3
227,2023/09/11,非公開,食品、医薬、化粧品,企画・調査・マーケティング,"1,000名以上5,000名未満",ユーザー（利用者）,5,5,5,5,5
228,2023/09/11,非公開,エネルギー,一般事務,100名以上250名未満,ユーザー（利用者）,5,5,5,3,3
229,2023/09/11,非公開,その他,一般事務,100名以上250名未満,ユーザー（利用者）,5,5,5,5,5
230,2023/09/10,非公開,医療,総務・人事,"750名以上1,000名未満",ユーザー（利用者）,3,5,5,5,2
231,2023/09/10,非公開,飲食店・宿泊,総務・人事,500名以上750名未満,ユーザー（利用者）,3,3,3,3,4
232,2023/09/10,非公開,放送・広告・出版・マスコミ,一般事務,250名以上500名未満,ユーザー（利用者）,4,4,5,4,3
233,2023/09/09,非公開,旅行,その他,100名以上250名未満,ユーザー（利用者）,5,5,5,5,5
234,2023/09/09,非公開,不動産,営業・販売,10名未満,ユーザー（利用者）,4,4,5,4,4
235,2023/09/08,非公開,情報処理、ＳＩ、ソフトウェア,情報処理・情報システム,250名以上500名未満,ユーザー（利用者）,5,5,5,3,3
236,2023/09/08,非公開,卸売・小売業・商業（商社含む）,一般事務,10名未満,ユーザー（利用者）,4,4,5,4,3
237,2023/09/06,非公開,金融・証券・保険,一般事務,"1,000名以上5,000名未満",ユーザー（利用者）,4,3,4,4,4
238,2023/09/06,非公開,運輸,財務・経理,250名以上500名未満,ユーザー（利用者）,5,4,5,4,4
239,2023/09/06,非公開,建設,その他,50名以上100名未満,ユーザー（利用者）,4,4,3,4,2
240,2023/09/06,非公開,教育・教育学習支援関係,専門職（教育関連）,"750名以上1,000名未満",ユーザー（利用者）,4,3,3,3,3
241,2023/09/05,非公開,卸売・小売業・商業（商社含む）,営業・販売,100名以上250名未満,ユーザー（利用者）,4,5,5,3,3
242,2023/09/05,非公開,教育・教育学習支援関係,専門職（教育関連）,100名以上250名未満,ユーザー（利用者）,5,4,5,4,4
243,2023/09/05,夢計画株式会社,通信サービス,一般事務,50名以上100名未満,ユーザー（利用者）,4,4,5,3,5
244,2023/09/03,非公開,その他製造,営業・販売,100名以上250名未満,ユーザー（利用者）,5,4,4,2,2
245,2023/09/02,非公開,情報処理、ＳＩ、ソフトウェア,営業・販売,"1,000名以上5,000名未満",ビジネスパートナー（販売代理店など）,4,4,4,4,4
246,2023/09/02,非公開,その他製造,その他,250名以上500名未満,ユーザー（利用者）,4,3,3,3,3
247,2023/09/02,非公開,放送・広告・出版・マスコミ,情報処理・情報システム,100名以上250名未満,ユーザー（利用者）,5,5,5,5,5
248,2023/09/01,非公開,建設,営業・販売,100名以上250名未満,ユーザー（利用者）,4,5,4,2,2
249,2023/09/01,非公開,卸売・小売業・商業（商社含む）,総務・人事,100名以上250名未満,ユーザー（利用者）,4,4,4,4,4
250,2023/09/01,非公開,放送・広告・出版・マスコミ,編集・編成・制作,100名以上250名未満,ユーザー（利用者）,3,3,4,1,3
251,2023/08/30,非公開,教育・教育学習支援関係,営業・販売,250名以上500名未満,ユーザー（利用者）,4,4,4,4,4
252,2023/08/30,非公開,不動産,営業・販売,"1,000名以上5,000名未満",ユーザー（利用者）,5,5,5,5,5
253,2023/08/27,非公開,食品、医薬、化粧品,総務・人事,"5,000名以上",ユーザー（利用者）,5,5,5,5,5
254,2023/08/27,非公開,金融・証券・保険,企画・調査・マーケティング,"1,000名以上5,000名未満",ユーザー（利用者）,4,3,4,3,4
255,2023/08/26,非公開,介護・福祉,一般事務,250名以上500名未満,ユーザー（利用者）,5,4,5,4,5
256,2023/08/26,非公開,食品、医薬、化粧品,研究・開発,"750名以上1,000名未満",ユーザー（利用者）,5,4,5,4,3
257,2023/08/25,非公開,情報処理、ＳＩ、ソフトウェア,技術・設計,100名以上250名未満,ユーザー（利用者）,3,3,2,3,2
258,2023/08/24,非公開,卸売・小売業・商業（商社含む）,営業・販売,100名以上250名未満,ユーザー（利用者）,4,5,4,3,3
259,2023/08/24,非公開,情報処理、ＳＩ、ソフトウェア,情報処理・情報システム,250名以上500名未満,IT管理者,4,4,4,4,3
260,2023/08/23,株式会社ネオキャリア,人材サービス,企画・調査・マーケティング,"1,000名以上5,000名未満",ユーザー（利用者）,4,4,4,4,4
261,2023/08/23,非公開,その他製造,生産・製造,10名未満,ユーザー（利用者）,4,4,4,3,3
262,2023/08/23,非公開,その他,企画・調査・マーケティング,500名以上750名未満,ユーザー（利用者）,3,2,3,3,3
263,2023/08/22,非公開,医療,営業・販売,"5,000名以上",ユーザー（利用者）,4,4,4,3,3
264,2023/08/21,非公開,放送・広告・出版・マスコミ,編集・編成・制作,250名以上500名未満,ユーザー（利用者）,5,5,5,5,5
265,2023/08/21,非公開,建設,営業・販売,"1,000名以上5,000名未満",ユーザー（利用者）,5,5,5,5,5
266,2023/08/21,非公開,食品、医薬、化粧品,企画・調査・マーケティング,50名以上100名未満,ユーザー（利用者）,4,3,4,4,4
267,2023/08/19,非公開,情報処理、ＳＩ、ソフトウェア,情報処理・情報システム,50名以上100名未満,ユーザー（利用者）,4,5,5,5,4
268,2023/08/19,非公開,卸売・小売業・商業（商社含む）,財務・経理,"1,000名以上5,000名未満",ユーザー（利用者）,5,4,5,4,4
269,2023/08/19,非公開,食品、医薬、化粧品,営業・販売,"1,000名以上5,000名未満",ユーザー（利用者）,5,4,4,4,3
270,2023/08/19,非公開,建設,専門職（建築・土木関連）,"1,000名以上5,000名未満",ユーザー（利用者）,5,3,5,3,3
271,2023/08/17,株式会社たけびし,卸売・小売業・商業（商社含む）,企画・調査・マーケティング,"750名以上1,000名未満",ユーザー（利用者）,5,3,2,3,3
272,2023/08/17,非公開,その他,営業・販売,100名以上250名未満,ユーザー（利用者）,4,4,4,3,3
273,2023/08/16,非公開,不動産,営業・販売,50名以上100名未満,ユーザー（利用者）,4,4,5,3,3
274,2023/08/16,非公開,建設,財務・経理,100名以上250名未満,ユーザー（利用者）,3,3,3,3,3
275,2023/08/16,非公開,情報処理、ＳＩ、ソフトウェア,技術・設計,"750名以上1,000名未満",ユーザー（利用者）,5,4,3,4,4
276,2023/08/15,株式会社Meisin,卸売・小売業・商業（商社含む）,営業・販売,100名以上250名未満,ユーザー（利用者）,4,4,5,3,3
277,2023/08/15,非公開,情報処理、ＳＩ、ソフトウェア,情報処理・情報システム,50名以上100名未満,ユーザー（利用者）,5,5,5,5,5
278,2023/08/15,非公開,人材サービス,営業・販売,100名以上250名未満,ユーザー（利用者）,4,4,4,4,3
279,2023/08/15,非公開,情報処理、ＳＩ、ソフトウェア,生産・製造,100名以上250名未満,ユーザー（利用者）,3,3,2,3,3
280,2023/08/15,非公開,情報処理、ＳＩ、ソフトウェア,情報処理・情報システム,100名以上250名未満,ユーザー（利用者）,5,3,3,4,5
281,2023/08/15,非公開,食品、医薬、化粧品,営業・販売,250名以上500名未満,ユーザー（利用者）,5,5,5,4,4
282,2023/08/14,非公開,金融・証券・保険,営業・販売,"5,000名以上",ユーザー（利用者）,5,5,5,4,3
283,2023/08/14,非公開,不動産,技術・設計,250名以上500名未満,ユーザー（利用者）,3,4,2,3,3
284,2023/08/14,非公開,医療,営業・販売,100名以上250名未満,ユーザー（利用者）,3,5,3,3,3
285,2023/08/14,非公開,金融・証券・保険,総務・人事,500名以上750名未満,ユーザー（利用者）,3,2,2,1,1
286,2023/08/14,非公開,エネルギー,技術・設計,250名以上500名未満,ユーザー（利用者）,5,4,4,4,5
287,2023/08/14,非公開,情報処理、ＳＩ、ソフトウェア,営業・販売,10名以上50名未満,ユーザー（利用者）,3,4,3,3,3
288,2023/08/14,非公開,食品、医薬、化粧品,研究・開発,"1,000名以上5,000名未満",ユーザー（利用者）,5,4,5,5,5
289,2023/08/14,株式会社スヴェンソン,その他,その他,"750名以上1,000名未満",ユーザー（利用者）,5,4,4,4,4
290,2023/08/14,非公開,その他製造,一般事務,"1,000名以上5,000名未満",ユーザー（利用者）,4,4,4,4,4
291,2023/08/14,非公開,放送・広告・出版・マスコミ,その他,250名以上500名未満,ユーザー（利用者）,4,3,3,3,3
292,2023/08/14,非公開,電気、電子機器,技術・設計,"5,000名以上",ユーザー（利用者）,5,5,5,5,5
293,2023/08/14,非公開,通信サービス,一般事務,500名以上750名未満,ユーザー（利用者）,4,4,4,4,2
294,2023/08/14,非公開,人材サービス,一般事務,"5,000名以上",ユーザー（利用者）,4,4,4,4,3
295,2023/08/14,非公開,食品、医薬、化粧品,研究・開発,100名以上250名未満,ユーザー（利用者）,3,3,2,3,3
296,2023/08/13,非公開,機械、重電,一般事務,"1,000名以上5,000名未満",ユーザー（利用者）,4,3,4,3,3
297,2023/08/13,非公開,医療,総務・人事,500名以上750名未満,ユーザー（利用者）,4,4,5,4,3
298,2023/08/13,非公開,その他製造,一般事務,10名以上50名未満,ユーザー（利用者）,5,4,3,4,4
299,2023/08/13,非公開,その他製造,財務・経理,"1,000名以上5,000名未満",IT管理者,4,4,4,4,4
300,2023/08/13,非公開,卸売・小売業・商業（商社含む）,営業・販売,250名以上500名未満,ユーザー（利用者）,3,3,3,3,2
301,2023/08/13,非公開,機械、重電,総務・人事,100名以上250名未満,ユーザー（利用者）,3,3,3,3,3
302,2023/08/13,非公開,旅行,一般事務,"1,000名以上5,000名未満",ユーザー（利用者）,3,4,3,3,2
303,2023/08/12,非公開,不動産,財務・経理,100名以上250名未満,IT管理者,4,4,4,3,4
304,2023/08/12,非公開,不動産,一般事務,250名以上500名未満,ユーザー（利用者）,5,5,5,5,5
305,2023/08/11,非公開,人材サービス,一般事務,"1,000名以上5,000名未満",ユーザー（利用者）,5,5,5,5,4
306,2023/08/11,非公開,通信サービス,情報処理・情報システム,"750名以上1,000名未満",ユーザー（利用者）,4,5,5,5,4
307,2023/08/10,非公開,医療,専門職（医療関連）,100名以上250名未満,ユーザー（利用者）,4,4,4,3,3
308,2023/08/09,非公開,建設,技術・設計,"1,000名以上5,000名未満",ユーザー（利用者）,5,4,4,3,3
309,2023/08/09,非公開,情報処理、ＳＩ、ソフトウェア,情報処理・情報システム,500名以上750名未満,ユーザー（利用者）,5,5,4,4,3
310,2023/08/08,非公開,素材,財務・経理,"1,000名以上5,000名未満",ユーザー（利用者）,5,4,5,4,4
311,2023/08/08,非公開,情報処理、ＳＩ、ソフトウェア,情報処理・情報システム,50名以上100名未満,ユーザー（利用者）,4,3,5,3,3
312,2023/08/07,非公開,卸売・小売業・商業（商社含む）,営業・販売,100名以上250名未満,ユーザー（利用者）,4,5,5,3,3
313,2023/08/06,非公開,電気、電子機器,経営企画,"750名以上1,000名未満",ユーザー（利用者）,5,5,3,5,4
314,2023/08/04,非公開,不動産,技術・設計,100名以上250名未満,ユーザー（利用者）,5,4,5,4,4
315,2023/08/04,非公開,卸売・小売業・商業（商社含む）,企画・調査・マーケティング,250名以上500名未満,ユーザー（利用者）,5,4,4,4,5
316,2023/08/03,非公開,情報処理、ＳＩ、ソフトウェア,情報処理・情報システム,50名以上100名未満,ユーザー（利用者）,3,3,3,4,3
317,2023/08/02,非公開,機械、重電,営業・販売,100名以上250名未満,ユーザー（利用者）,4,4,4,4,4
318,2023/08/02,非公開,情報処理、ＳＩ、ソフトウェア,情報処理・情報システム,50名以上100名未満,ユーザー（利用者）,4,3,4,3,3
319,2023/08/02,非公開,電気、電子機器,技術・設計,"1,000名以上5,000名未満",ユーザー（利用者）,5,5,5,4,3
320,2023/08/02,非公開,人材サービス,一般事務,"1,000名以上5,000名未満",ユーザー（利用者）,4,4,4,4,4
321,2023/08/02,非公開,情報処理、ＳＩ、ソフトウェア,情報処理・情報システム,"5,000名以上",ユーザー（利用者）,4,3,3,3,4
322,2023/08/01,非公開,放送・広告・出版・マスコミ,技術・設計,"1,000名以上5,000名未満",ユーザー（利用者）,4,4,4,4,4
323,2023/07/31,非公開,情報処理、ＳＩ、ソフトウェア,情報処理・情報システム,"1,000名以上5,000名未満",ユーザー（利用者）,4,4,4,3,3
324,2023/07/30,非公開,介護・福祉,専門職（教育関連）,500名以上750名未満,ユーザー（利用者）,4,5,4,3,3
325,2023/07/29,非公開,機械、重電,営業・販売,"750名以上1,000名未満",ユーザー（利用者）,4,4,4,4,4
326,2023/07/29,非公開,情報処理、ＳＩ、ソフトウェア,情報処理・情報システム,50名以上100名未満,ユーザー（利用者）,4,4,4,4,4
327,2023/07/29,非公開,情報処理、ＳＩ、ソフトウェア,情報処理・情報システム,"1,000名以上5,000名未満",ユーザー（利用者）,4,4,4,3,3
328,2023/07/28,非公開,情報処理、ＳＩ、ソフトウェア,情報処理・情報システム,"5,000名以上",ユーザー（利用者）,5,4,5,3,3
329,2023/07/28,非公開,通信サービス,技術・設計,100名以上250名未満,ユーザー（利用者）,5,3,3,3,3
330,2023/07/26,非公開,情報処理、ＳＩ、ソフトウェア,情報処理・情報システム,"1,000名以上5,000名未満",ユーザー（利用者）,5,5,4,3,3
331,2023/07/26,非公開,情報処理、ＳＩ、ソフトウェア,情報処理・情報システム,"1,000名以上5,000名未満",ユーザー（利用者）,4,4,4,3,3
332,2023/07/25,非公開,情報処理、ＳＩ、ソフトウェア,情報処理・情報システム,"1,000名以上5,000名未満",ユーザー（利用者）,4,3,4,3,3
333,2023/07/25,非公開,コンサル・会計・法律関連,その他,250名以上500名未満,ユーザー（利用者）,4,4,4,3,3
334,2023/07/25,非公開,不動産,経営企画,100名以上250名未満,導入決定者,4,4,4,3,4
335,2023/07/25,非公開,情報処理、ＳＩ、ソフトウェア,情報処理・情報システム,"1,000名以上5,000名未満",ユーザー（利用者）,5,4,5,3,3
336,2023/07/25,非公開,食品、医薬、化粧品,研究・開発,"1,000名以上5,000名未満",ユーザー（利用者）,5,4,4,5,3
337,2023/07/25,非公開,情報処理、ＳＩ、ソフトウェア,情報処理・情報システム,"1,000名以上5,000名未満",ユーザー（利用者）,4,4,4,3,3
338,2023/07/25,非公開,建設,営業・販売,250名以上500名未満,ユーザー（利用者）,4,4,4,3,4
339,2023/07/24,非公開,その他製造,総務・人事,"5,000名以上",ユーザー（利用者）,4,4,5,3,4
340,2023/07/23,非公開,卸売・小売業・商業（商社含む）,企画・調査・マーケティング,250名以上500名未満,ユーザー（利用者）,5,5,5,3,3
341,2023/07/23,非公開,情報処理、ＳＩ、ソフトウェア,営業・販売,250名以上500名未満,ユーザー（利用者）,5,5,5,4,5
342,2023/07/23,非公開,その他,営業・販売,"5,000名以上",ユーザー（利用者）,5,5,5,5,5
343,2023/07/23,非公開,卸売・小売業・商業（商社含む）,経営企画,500名以上750名未満,ユーザー（利用者）,4,5,4,4,4
344,2023/07/23,非公開,機械、重電,営業・販売,"1,000名以上5,000名未満",ユーザー（利用者）,4,4,4,4,3
345,2023/07/23,非公開,建設,技術・設計,"1,000名以上5,000名未満",ユーザー（利用者）,4,4,4,3,3
346,2023/07/23,非公開,飲食店・宿泊,企画・調査・マーケティング,"5,000名以上",ユーザー（利用者）,5,5,5,5,5
347,2023/07/22,非公開,情報処理、ＳＩ、ソフトウェア,営業・販売,250名以上500名未満,ユーザー（利用者）,4,4,4,5,5
348,2023/07/22,非公開,卸売・小売業・商業（商社含む）,企画・調査・マーケティング,250名以上500名未満,ユーザー（利用者）,3,3,4,3,3
349,2023/07/22,非公開,情報処理、ＳＩ、ソフトウェア,情報処理・情報システム,"1,000名以上5,000名未満",ユーザー（利用者）,4,3,4,3,3
350,2023/07/22,非公開,不動産,財務・経理,100名以上250名未満,IT管理者,4,4,4,3,4
351,2023/07/20,非公開,情報処理、ＳＩ、ソフトウェア,研究・開発,50名以上100名未満,ユーザー（利用者）,4,4,4,3,3
352,2023/07/20,非公開,電気、電子機器,一般事務,500名以上750名未満,ユーザー（利用者）,4,3,3,4,4
353,2023/07/19,非公開,卸売・小売業・商業（商社含む）,総務・人事,100名以上250名未満,ユーザー（利用者）,5,4,5,3,3
354,2023/07/18,非公開,自動車、輸送機器,営業・販売,"5,000名以上",ユーザー（利用者）,4,4,3,1,1
355,2023/07/17,非公開,医療,専門職（医療関連）,100名以上250名未満,ユーザー（利用者）,3,3,2,4,3
356,2023/07/17,非公開,電気、電子機器,営業・販売,"5,000名以上",ユーザー（利用者）,4,4,4,3,4
357,2023/07/16,非公開,運輸,経営企画,"5,000名以上",ユーザー（利用者）,4,4,3,4,3
358,2023/07/15,非公開,卸売・小売業・商業（商社含む）,営業・販売,500名以上750名未満,ユーザー（利用者）,4,4,4,3,4
359,2023/07/15,非公開,情報処理、ＳＩ、ソフトウェア,情報処理・情報システム,"5,000名以上",ユーザー（利用者）,4,4,4,3,3
360,2023/07/13,TISソリューションリンク,情報処理、ＳＩ、ソフトウェア,情報処理・情報システム,"1,000名以上5,000名未満",ユーザー（利用者）,4,4,5,4,4
361,2023/07/11,非公開,その他,情報処理・情報システム,250名以上500名未満,ユーザー（利用者）,4,4,4,4,3
362,2023/07/09,非公開,情報処理、ＳＩ、ソフトウェア,情報処理・情報システム,"1,000名以上5,000名未満",ユーザー（利用者）,4,4,4,3,3
363,2023/07/08,非公開,情報処理、ＳＩ、ソフトウェア,情報処理・情報システム,"5,000名以上",ユーザー（利用者）,5,5,5,3,3
364,2023/07/07,非公開,情報処理、ＳＩ、ソフトウェア,情報処理・情報システム,"1,000名以上5,000名未満",ユーザー（利用者）,4,4,4,3,3
365,2023/07/06,非公開,その他,生産・製造,50名以上100名未満,ユーザー（利用者）,5,5,5,4,4
366,2023/07/06,非公開,情報処理、ＳＩ、ソフトウェア,情報処理・情報システム,"1,000名以上5,000名未満",ユーザー（利用者）,4,4,5,3,3
367,2023/07/05,非公開,食品、医薬、化粧品,企画・調査・マーケティング,250名以上500名未満,ユーザー（利用者）,4,4,4,2,2
368,2023/07/02,非公開,情報処理、ＳＩ、ソフトウェア,情報処理・情報システム,"1,000名以上5,000名未満",ユーザー（利用者）,4,4,5,3,3
369,2023/07/01,非公開,情報処理、ＳＩ、ソフトウェア,情報処理・情報システム,"1,000名以上5,000名未満",ユーザー（利用者）,4,4,4,3,3
370,2023/07/01,非公開,情報処理、ＳＩ、ソフトウェア,情報処理・情報システム,"5,000名以上",ユーザー（利用者）,4,4,5,3,3
371,2023/06/30,非公開,情報処理、ＳＩ、ソフトウェア,情報処理・情報システム,"5,000名以上",ユーザー（利用者）,4,4,4,3,3
372,2023/06/28,非公開,情報処理、ＳＩ、ソフトウェア,情報処理・情報システム,"5,000名以上",ユーザー（利用者）,4,4,5,3,3
373,2023/06/27,非公開,情報処理、ＳＩ、ソフトウェア,情報処理・情報システム,"5,000名以上",ユーザー（利用者）,4,4,5,3,3
374,2023/06/25,非公開,情報処理、ＳＩ、ソフトウェア,情報処理・情報システム,"1,000名以上5,000名未満",ユーザー（利用者）,4,4,4,3,3
375,2023/06/25,非公開,情報処理、ＳＩ、ソフトウェア,情報処理・情報システム,"5,000名以上",ユーザー（利用者）,4,4,4,3,4
376,2023/06/24,非公開,人材サービス,総務・人事,250名以上500名未満,ユーザー（利用者）,4,4,4,4,4
377,2023/06/21,非公開,建設,営業・販売,"1,000名以上5,000名未満",ユーザー（利用者）,4,4,3,3,3
378,2023/06/19,非公開,教育・教育学習支援関係,営業・販売,"5,000名以上",ユーザー（利用者）,4,4,3,4,4
379,2023/06/19,非公開,情報処理、ＳＩ、ソフトウェア,総務・人事,50名以上100名未満,ユーザー（利用者）,4,4,4,4,5
380,2023/06/17,非公開,卸売・小売業・商業（商社含む）,その他,500名以上750名未満,ユーザー（利用者）,4,4,3,5,5
381,2023/06/15,非公開,情報処理、ＳＩ、ソフトウェア,情報処理・情報システム,"1,000名以上5,000名未満",ユーザー（利用者）,4,4,4,3,3
382,2023/06/14,非公開,介護・福祉,経営企画,500名以上750名未満,ユーザー（利用者）,4,5,4,4,4
383,2023/06/12,非公開,公務員（教員を除く）,総務・人事,50名以上100名未満,ユーザー（利用者）,5,5,4,5,5
384,2023/06/10,非公開,自動車、輸送機器,総務・人事,100名以上250名未満,ユーザー（利用者）,5,5,5,5,5
385,2023/06/10,非公開,金融・証券・保険,一般事務,"1,000名以上5,000名未満",ユーザー（利用者）,5,5,5,5,5
386,2023/06/09,非公開,不動産,営業・販売,"1,000名以上5,000名未満",ユーザー（利用者）,5,4,4,5,5
387,2023/06/08,非公開,情報処理、ＳＩ、ソフトウェア,情報処理・情報システム,"5,000名以上",ユーザー（利用者）,4,4,5,3,3
388,2023/06/08,非公開,食品、医薬、化粧品,技術・設計,"1,000名以上5,000名未満",ユーザー（利用者）,4,4,4,3,3
389,2023/06/07,非公開,自動車、輸送機器,情報処理・情報システム,"5,000名以上",ユーザー（利用者）,5,5,5,4,4
390,2023/06/05,非公開,人材サービス,営業・販売,250名以上500名未満,ユーザー（利用者）,4,5,4,3,3
391,2023/06/04,非公開,金融・証券・保険,営業・販売,"1,000名以上5,000名未満",ユーザー（利用者）,5,5,4,5,4
392,2023/06/03,非公開,その他,生産・製造,100名以上250名未満,ユーザー（利用者）,4,3,3,4,3
393,2023/06/03,非公開,情報処理、ＳＩ、ソフトウェア,情報処理・情報システム,"1,000名以上5,000名未満",ユーザー（利用者）,4,4,4,3,3
394,2023/06/02,非公開,その他,経営者・役員,50名以上100名未満,導入決定者,4,4,3,5,4
395,2023/05/31,非公開,卸売・小売業・商業（商社含む）,営業・販売,100名以上250名未満,ユーザー（利用者）,4,4,5,3,4
396,2023/05/27,非公開,情報処理、ＳＩ、ソフトウェア,情報処理・情報システム,"5,000名以上",ユーザー（利用者）,4,4,4,3,3
397,2023/05/21,非公開,情報処理、ＳＩ、ソフトウェア,情報処理・情報システム,"1,000名以上5,000名未満",ユーザー（利用者）,5,4,5,3,3
398,2023/05/18,非公開,情報処理、ＳＩ、ソフトウェア,情報処理・情報システム,"5,000名以上",ユーザー（利用者）,4,4,4,3,3
399,2023/05/18,非公開,食品、医薬、化粧品,総務・人事,250名以上500名未満,ユーザー（利用者）,5,5,5,5,5
400,2023/05/18,非公開,その他製造,総務・人事,250名以上500名未満,ユーザー（利用者）,4,4,4,5,5
401,2023/05/18,非公開,医療,営業・販売,100名以上250名未満,ユーザー（利用者）,3,3,3,3,3
402,2023/05/17,非公開,卸売・小売業・商業（商社含む）,総務・人事,100名以上250名未満,ユーザー（利用者）,3,3,2,3,3
403,2023/05/17,非公開,機械、重電,技術・設計,"5,000名以上",ユーザー（利用者）,3,3,4,3,3
404,2023/05/17,非公開,人材サービス,営業・販売,"5,000名以上",ユーザー（利用者）,5,5,5,5,5
405,2023/05/17,非公開,放送・広告・出版・マスコミ,営業・販売,50名以上100名未満,ユーザー（利用者）,4,4,4,5,4
406,2023/05/17,非公開,卸売・小売業・商業（商社含む）,経営企画,10名以上50名未満,ユーザー（利用者）,5,5,5,4,5
407,2023/05/17,非公開,情報処理、ＳＩ、ソフトウェア,企画・調査・マーケティング,"1,000名以上5,000名未満",ユーザー（利用者）,4,4,4,3,3
408,2023/05/16,非公開,卸売・小売業・商業（商社含む）,営業・販売,500名以上750名未満,ユーザー（利用者）,4,4,4,4,4
409,2023/05/16,非公開,情報処理、ＳＩ、ソフトウェア,経営企画,100名以上250名未満,ユーザー（利用者）,4,4,3,3,3
410,2023/05/16,非公開,医療,企画・調査・マーケティング,"1,000名以上5,000名未満",ユーザー（利用者）,5,4,4,4,4
411,2023/05/16,非公開,放送・広告・出版・マスコミ,営業・販売,50名以上100名未満,ユーザー（利用者）,5,5,5,5,5
412,2023/05/15,非公開,情報処理、ＳＩ、ソフトウェア,技術・設計,"5,000名以上",ユーザー（利用者）,3,3,2,3,3
413,2023/05/15,非公開,卸売・小売業・商業（商社含む）,経営者・役員,100名以上250名未満,ユーザー（利用者）,5,5,5,5,5
414,2023/05/15,非公開,情報処理、ＳＩ、ソフトウェア,情報処理・情報システム,"5,000名以上",ユーザー（利用者）,4,4,4,3,3
415,2023/05/12,非公開,卸売・小売業・商業（商社含む）,営業・販売,"1,000名以上5,000名未満",ユーザー（利用者）,4,4,4,4,4
416,2023/05/08,非公開,その他製造,財務・経理,"5,000名以上",ユーザー（利用者）,5,4,5,4,4
417,2023/05/07,非公開,金融・証券・保険,情報処理・情報システム,"1,000名以上5,000名未満",ユーザー（利用者）,4,4,4,3,3
418,2023/05/07,非公開,建設,企画・調査・マーケティング,250名以上500名未満,ユーザー（利用者）,5,4,5,4,3
419,2023/05/07,非公開,情報処理、ＳＩ、ソフトウェア,財務・経理,100名以上250名未満,導入決定者,4,4,4,4,4
420,2023/05/07,非公開,その他製造,生産・製造,"1,000名以上5,000名未満",ユーザー（利用者）,4,4,4,4,5
421,2023/05/07,非公開,不動産,営業・販売,100名以上250名未満,ユーザー（利用者）,4,4,4,3,4
422,2023/05/06,非公開,情報処理、ＳＩ、ソフトウェア,技術・設計,"1,000名以上5,000名未満",ユーザー（利用者）,4,4,4,3,3
423,2023/05/06,非公開,素材,一般事務,"1,000名以上5,000名未満",ユーザー（利用者）,4,4,3,4,4
424,2023/05/06,非公開,旅行,その他,100名以上250名未満,ユーザー（利用者）,4,4,5,3,3
425,2023/05/06,非公開,コンサル・会計・法律関連,研究・開発,50名以上100名未満,ユーザー（利用者）,3,3,3,3,3
426,2023/05/06,非公開,農林水産・鉱業,情報処理・情報システム,250名以上500名未満,ユーザー（利用者）,4,4,5,4,5
427,2023/05/05,非公開,食品、医薬、化粧品,研究・開発,100名以上250名未満,ユーザー（利用者）,5,4,4,4,3
428,2023/05/05,非公開,その他製造,財務・経理,10名以上50名未満,ユーザー（利用者）,5,4,4,3,5
429,2023/05/05,非公開,情報処理、ＳＩ、ソフトウェア,情報処理・情報システム,"5,000名以上",ユーザー（利用者）,4,4,4,3,3
430,2023/05/04,非公開,情報処理、ＳＩ、ソフトウェア,情報処理・情報システム,"5,000名以上",ユーザー（利用者）,4,4,4,3,3
431,2023/05/04,非公開,電気、電子機器,生産・製造,"750名以上1,000名未満",ユーザー（利用者）,5,5,4,3,3
432,2023/05/04,非公開,食品、医薬、化粧品,財務・経理,"1,000名以上5,000名未満",ユーザー（利用者）,5,5,5,5,5
433,2023/05/04,非公開,情報処理、ＳＩ、ソフトウェア,情報処理・情報システム,"5,000名以上",ユーザー（利用者）,5,4,4,3,3
434,2023/05/04,非公開,金融・証券・保険,経営者・役員,50名以上100名未満,ユーザー（利用者）,4,4,5,4,4
435,2023/05/03,非公開,情報処理、ＳＩ、ソフトウェア,営業・販売,100名以上250名未満,ユーザー（利用者）,4,4,3,3,3
436,2023/05/02,非公開,人材サービス,情報処理・情報システム,"1,000名以上5,000名未満",ユーザー（利用者）,4,4,4,3,3
437,2023/05/02,非公開,通信サービス,営業・販売,250名以上500名未満,ユーザー（利用者）,2,3,3,3,3
438,2023/05/02,非公開,その他,営業・販売,"750名以上1,000名未満",ユーザー（利用者）,4,4,3,3,4
439,2023/05/02,非公開,機械、重電,技術・設計,"1,000名以上5,000名未満",ユーザー（利用者）,4,3,3,3,3
440,2023/05/02,非公開,情報処理、ＳＩ、ソフトウェア,情報処理・情報システム,"1,000名以上5,000名未満",ユーザー（利用者）,4,4,4,3,3
441,2023/05/02,非公開,金融・証券・保険,一般事務,"750名以上1,000名未満",ユーザー（利用者）,5,5,5,3,4
442,2023/05/02,非公開,卸売・小売業・商業（商社含む）,営業・販売,"750名以上1,000名未満",ユーザー（利用者）,5,5,5,5,5
443,2023/05/01,非公開,金融・証券・保険,財務・経理,100名以上250名未満,ユーザー（利用者）,5,4,4,3,5
444,2023/05/01,非公開,情報処理、ＳＩ、ソフトウェア,情報処理・情報システム,"5,000名以上",ユーザー（利用者）,4,4,4,3,3
445,2023/05/01,非公開,金融・証券・保険,経営企画,10名未満,ユーザー（利用者）,5,4,5,5,4
446,2023/05/01,非公開,金融・証券・保険,営業・販売,"5,000名以上",ビジネスパートナー（販売代理店など）,5,5,5,5,4
447,2023/04/30,非公開,情報処理、ＳＩ、ソフトウェア,情報処理・情報システム,"5,000名以上",ユーザー（利用者）,4,4,4,3,3
448,2023/04/28,非公開,情報処理、ＳＩ、ソフトウェア,情報処理・情報システム,"5,000名以上",ユーザー（利用者）,4,4,4,3,3
449,2023/04/25,非公開,情報処理、ＳＩ、ソフトウェア,研究・開発,250名以上500名未満,ユーザー（利用者）,5,5,5,4,4
450,2023/04/25,非公開,不動産,編集・編成・制作,"750名以上1,000名未満",ユーザー（利用者）,2,1,2,3,3
451,2023/04/24,非公開,通信サービス,一般事務,10名以上50名未満,ユーザー（利用者）,4,3,2,5,3
452,2023/04/23,非公開,コンサル・会計・法律関連,情報処理・情報システム,"5,000名以上",ユーザー（利用者）,4,4,4,3,3
453,2023/04/21,非公開,卸売・小売業・商業（商社含む）,財務・経理,10名以上50名未満,ユーザー（利用者）,3,3,3,3,2
454,2023/04/21,非公開,放送・広告・出版・マスコミ,一般事務,100名以上250名未満,ユーザー（利用者）,5,4,4,3,3
455,2023/04/21,非公開,卸売・小売業・商業（商社含む）,営業・販売,"750名以上1,000名未満",ユーザー（利用者）,4,4,4,3,4
456,2023/04/21,非公開,運輸,営業・販売,250名以上500名未満,ユーザー（利用者）,5,5,4,5,4
457,2023/04/21,非公開,電気、電子機器,生産・製造,500名以上750名未満,ユーザー（利用者）,5,5,5,3,3
458,2023/04/20,非公開,その他,企画・調査・マーケティング,100名以上250名未満,ユーザー（利用者）,4,4,4,3,4
459,2023/04/19,非公開,卸売・小売業・商業（商社含む）,営業・販売,100名以上250名未満,ユーザー（利用者）,5,4,4,4,3
460,2023/04/19,非公開,その他,その他,"5,000名以上",ユーザー（利用者）,3,4,3,4,3
461,2023/04/19,非公開,金融・証券・保険,営業・販売,"1,000名以上5,000名未満",ユーザー（利用者）,5,5,5,4,5
462,2023/04/18,非公開,通信サービス,営業・販売,250名以上500名未満,ユーザー（利用者）,4,3,4,3,3
463,2023/04/17,非公開,金融・証券・保険,その他,10名未満,ユーザー（利用者）,5,5,5,5,5
464,2023/04/16,非公開,卸売・小売業・商業（商社含む）,営業・販売,100名以上250名未満,ユーザー（利用者）,4,3,4,4,3
465,2023/04/16,非公開,コンサル・会計・法律関連,情報処理・情報システム,"1,000名以上5,000名未満",ユーザー（利用者）,4,4,4,3,3
466,2023/04/15,非公開,通信サービス,営業・販売,"1,000名以上5,000名未満",ユーザー（利用者）,5,5,5,4,4
467,2023/04/15,非公開,建設,情報処理・情報システム,250名以上500名未満,ユーザー（利用者）,5,5,4,5,5
468,2023/04/15,非公開,情報処理、ＳＩ、ソフトウェア,営業・販売,"1,000名以上5,000名未満",ユーザー（利用者）,4,4,5,3,3
469,2023/04/15,非公開,人材サービス,総務・人事,"1,000名以上5,000名未満",ユーザー（利用者）,4,4,4,4,3
470,2023/04/14,非公開,その他,総務・人事,"1,000名以上5,000名未満",ユーザー（利用者）,3,3,3,3,3
471,2023/04/14,非公開,金融・証券・保険,財務・経理,100名以上250名未満,ユーザー（利用者）,5,5,5,4,4
472,2023/04/13,非公開,不動産,営業・販売,"750名以上1,000名未満",ユーザー（利用者）,3,3,3,3,3
473,2023/04/11,非公開,建設,専門職（建築・土木関連）,500名以上750名未満,ユーザー（利用者）,5,5,4,4,4
474,2023/04/10,非公開,卸売・小売業・商業（商社含む）,営業・販売,"1,000名以上5,000名未満",ユーザー（利用者）,5,5,5,5,5
475,2023/04/10,非公開,人材サービス,営業・販売,100名以上250名未満,ユーザー（利用者）,4,4,4,2,3
476,2023/04/09,非公開,卸売・小売業・商業（商社含む）,営業・販売,100名以上250名未満,ユーザー（利用者）,3,3,3,3,3
477,2023/04/08,株式会社ニフコ　名古屋工場,自動車、輸送機器,経営者・役員,"1,000名以上5,000名未満",IT管理者,4,5,4,4,3
478,2023/04/08,非公開,食品、医薬、化粧品,企画・調査・マーケティング,10名以上50名未満,ユーザー（利用者）,4,4,4,4,3
479,2023/04/08,非公開,情報処理、ＳＩ、ソフトウェア,情報処理・情報システム,"5,000名以上",ユーザー（利用者）,4,4,4,3,3
480,2023/04/07,非公開,その他,総務・人事,10名未満,ユーザー（利用者）,5,5,4,5,3
481,2023/04/07,非公開,金融・証券・保険,経営企画,250名以上500名未満,ユーザー（利用者）,4,4,5,4,3
482,2023/04/07,非公開,卸売・小売業・商業（商社含む）,財務・経理,50名以上100名未満,導入決定者,5,4,4,5,4
483,2023/04/07,非公開,情報処理、ＳＩ、ソフトウェア,一般事務,"1,000名以上5,000名未満",ユーザー（利用者）,5,4,4,4,4
484,2023/04/05,非公開,通信サービス,財務・経理,100名以上250名未満,ユーザー（利用者）,4,3,3,3,1
485,2023/04/05,非公開,電気、電子機器,一般事務,"1,000名以上5,000名未満",ユーザー（利用者）,4,4,5,5,4
486,2023/04/04,非公開,自動車、輸送機器,企画・調査・マーケティング,100名以上250名未満,ユーザー（利用者）,5,5,5,5,5
487,2023/04/03,非公開,飲食店・宿泊,その他,100名以上250名未満,ユーザー（利用者）,3,3,2,4,4
488,2023/04/02,非公開,不動産,財務・経理,10名以上50名未満,ユーザー（利用者）,4,4,5,4,4
489,2023/04/02,非公開,金融・証券・保険,営業・販売,250名以上500名未満,ユーザー（利用者）,5,4,5,4,5
490,2023/04/02,非公開,その他,その他,100名以上250名未満,ユーザー（利用者）,5,5,5,5,5
491,2023/04/01,非公開,情報処理、ＳＩ、ソフトウェア,情報処理・情報システム,"5,000名以上",ユーザー（利用者）,4,4,4,3,3
492,2023/03/28,非公開,放送・広告・出版・マスコミ,情報処理・情報システム,"5,000名以上",ユーザー（利用者）,4,4,4,3,3
493,2023/03/28,非公開,情報処理、ＳＩ、ソフトウェア,企画・調査・マーケティング,100名以上250名未満,ユーザー（利用者）,5,5,5,5,5
494,2023/03/27,非公開,情報処理、ＳＩ、ソフトウェア,情報処理・情報システム,"1,000名以上5,000名未満",ユーザー（利用者）,4,4,4,3,3
495,2023/03/26,非公開,卸売・小売業・商業（商社含む）,営業・販売,50名以上100名未満,ユーザー（利用者）,4,4,4,2,3
496,2023/03/23,非公開,建設,一般事務,100名以上250名未満,ユーザー（利用者）,5,5,5,5,5
497,2023/03/22,非公開,建設,営業・販売,"1,000名以上5,000名未満",ユーザー（利用者）,4,4,4,3,3
498,2023/03/20,非公開,その他,営業・販売,500名以上750名未満,ユーザー（利用者）,5,5,5,2,3
499,2023/03/19,非公開,運輸,財務・経理,"5,000名以上",ユーザー（利用者）,4,4,4,3,4
500,2023/03/19,非公開,卸売・小売業・商業（商社含む）,企画・調査・マーケティング,250名以上500名未満,ユーザー（利用者）,5,5,4,5,4
501,2023/03/19,非公開,卸売・小売業・商業（商社含む）,営業・販売,"750名以上1,000名未満",ユーザー（利用者）,5,5,5,5,5
502,2023/03/18,非公開,金融・証券・保険,経営企画,"5,000名以上",ユーザー（利用者）,4,4,4,4,4
503,2023/03/18,非公開,金融・証券・保険,一般事務,"1,000名以上5,000名未満",ユーザー（利用者）,4,4,4,4,4
504,2023/03/15,非公開,介護・福祉,営業・販売,100名以上250名未満,ユーザー（利用者）,4,4,4,3,3
505,2023/03/11,非公開,卸売・小売業・商業（商社含む）,情報処理・情報システム,"1,000名以上5,000名未満",ユーザー（利用者）,5,5,5,5,5
506,2023/03/07,非公開,卸売・小売業・商業（商社含む）,営業・販売,250名以上500名未満,ユーザー（利用者）,4,4,4,3,3
507,2023/03/07,非公開,教育・教育学習支援関係,総務・人事,100名以上250名未満,ユーザー（利用者）,4,4,4,4,4
508,2023/03/07,非公開,食品、医薬、化粧品,営業・販売,100名以上250名未満,ユーザー（利用者）,4,4,4,4,4
509,2023/03/06,非公開,運輸,企画・調査・マーケティング,100名以上250名未満,ユーザー（利用者）,4,5,4,4,4
510,2023/03/06,非公開,食品、医薬、化粧品,財務・経理,"1,000名以上5,000名未満",ユーザー（利用者）,5,5,5,5,5
511,2023/03/03,非公開,食品、医薬、化粧品,営業・販売,250名以上500名未満,ユーザー（利用者）,2,3,2,3,3
512,2023/03/03,非公開,自動車、輸送機器,財務・経理,250名以上500名未満,ユーザー（利用者）,5,5,5,5,5
513,2023/03/03,非公開,卸売・小売業・商業（商社含む）,企画・調査・マーケティング,500名以上750名未満,ユーザー（利用者）,4,4,4,4,3
514,2023/03/03,非公開,不動産,その他,"1,000名以上5,000名未満",ユーザー（利用者）,4,5,5,3,3
515,2023/03/03,非公開,素材,技術・設計,"5,000名以上",ユーザー（利用者）,4,4,5,4,4
516,2023/03/01,非公開,人材サービス,一般事務,"1,000名以上5,000名未満",ユーザー（利用者）,5,5,5,5,5
517,2023/03/01,非公開,その他製造,情報処理・情報システム,10名以上50名未満,IT管理者,4,5,3,5,4
518,2023/02/25,非公開,その他,営業・販売,"1,000名以上5,000名未満",ユーザー（利用者）,4,4,4,3,3
519,2023/02/25,非公開,金融・証券・保険,経営企画,"5,000名以上",ユーザー（利用者）,4,4,4,4,4
520,2023/02/23,非公開,人材サービス,営業・販売,250名以上500名未満,ユーザー（利用者）,4,4,3,3,4
521,2023/02/18,非公開,自動車、輸送機器,財務・経理,"5,000名以上",ユーザー（利用者）,4,4,3,3,3
522,2023/02/18,非公開,情報処理、ＳＩ、ソフトウェア,情報処理・情報システム,250名以上500名未満,ユーザー（利用者）,4,4,3,3,3
523,2023/02/17,非公開,卸売・小売業・商業（商社含む）,一般事務,500名以上750名未満,ユーザー（利用者）,5,4,4,4,4
524,2023/02/16,非公開,コンサル・会計・法律関連,経営者・役員,10名未満,導入決定者,5,4,5,5,5
525,2023/02/15,非公開,人材サービス,営業・販売,"5,000名以上",ユーザー（利用者）,3,4,5,3,3
526,2023/02/14,非公開,卸売・小売業・商業（商社含む）,企画・調査・マーケティング,500名以上750名未満,ユーザー（利用者）,5,5,5,3,3
527,2023/02/14,非公開,金融・証券・保険,営業・販売,"5,000名以上",ユーザー（利用者）,4,4,5,4,4
528,2023/02/13,非公開,機械、重電,生産・製造,100名以上250名未満,ユーザー（利用者）,5,5,4,5,5
529,2023/02/13,非公開,運輸,財務・経理,"5,000名以上",ユーザー（利用者）,5,5,4,5,3
530,2023/02/12,非公開,卸売・小売業・商業（商社含む）,営業・販売,250名以上500名未満,ユーザー（利用者）,4,4,4,3,3
531,2023/02/12,非公開,金融・証券・保険,営業・販売,250名以上500名未満,ユーザー（利用者）,4,4,4,4,4
532,2023/02/12,非公開,金融・証券・保険,営業・販売,"1,000名以上5,000名未満",ビジネスパートナー（販売代理店など）,4,4,5,5,4
533,2023/02/11,非公開,食品、医薬、化粧品,企画・調査・マーケティング,50名以上100名未満,ユーザー（利用者）,5,4,3,5,5
534,2023/02/11,非公開,飲食店・宿泊,生産・製造,"1,000名以上5,000名未満",ユーザー（利用者）,5,5,5,5,5
535,2023/01/20,非公開,建設,技術・設計,250名以上500名未満,ユーザー（利用者）,3,3,2,3,3
536,2023/01/18,非公開,人材サービス,一般事務,"750名以上1,000名未満",ユーザー（利用者）,5,5,5,5,3
537,2023/01/18,非公開,その他製造,営業・販売,500名以上750名未満,ユーザー（利用者）,4,4,4,4,4
538,2023/01/17,非公開,その他製造,生産・製造,50名以上100名未満,ユーザー（利用者）,4,4,3,4,4
539,2023/01/17,非公開,建設,営業・販売,250名以上500名未満,ユーザー（利用者）,5,5,4,5,5
540,2023/01/17,非公開,通信サービス,その他,"1,000名以上5,000名未満",ユーザー（利用者）,4,4,5,4,4
541,2023/01/16,非公開,放送・広告・出版・マスコミ,広報・宣伝,50名以上100名未満,ユーザー（利用者）,5,5,5,3,3
542,2023/01/16,非公開,食品、医薬、化粧品,その他,"750名以上1,000名未満",ユーザー（利用者）,4,3,3,3,3
543,2023/01/16,非公開,建設,営業・販売,100名以上250名未満,ユーザー（利用者）,5,4,5,3,3
544,2023/01/16,非公開,電気、電子機器,技術・設計,"1,000名以上5,000名未満",ユーザー（利用者）,4,3,4,3,4
545,2023/01/15,非公開,卸売・小売業・商業（商社含む）,営業・販売,50名以上100名未満,ユーザー（利用者）,5,4,4,3,3
546,2023/01/15,非公開,建設,技術・設計,"1,000名以上5,000名未満",ユーザー（利用者）,5,5,5,4,5
547,2023/01/15,非公開,金融・証券・保険,経営企画,"1,000名以上5,000名未満",ユーザー（利用者）,4,4,5,3,3
548,2023/01/15,非公開,電気、電子機器,営業・販売,100名以上250名未満,ユーザー（利用者）,5,4,4,3,4
549,2023/01/14,非公開,運輸,一般事務,10名以上50名未満,ユーザー（利用者）,5,4,4,4,4
550,2023/01/14,非公開,素材,研究・開発,"750名以上1,000名未満",ユーザー（利用者）,3,3,4,4,3
551,2023/01/13,非公開,その他,営業・販売,50名以上100名未満,ユーザー（利用者）,3,3,4,3,3
552,2023/01/13,非公開,電気、電子機器,営業・販売,250名以上500名未満,ユーザー（利用者）,4,4,4,3,3
553,2023/01/12,非公開,その他,資材・購買,100名以上250名未満,ユーザー（利用者）,5,4,5,4,4
554,2023/01/12,非公開,機械、重電,営業・販売,"750名以上1,000名未満",ユーザー（利用者）,4,4,4,4,4
555,2023/01/11,非公開,放送・広告・出版・マスコミ,営業・販売,"750名以上1,000名未満",ユーザー（利用者）,5,4,5,4,5
556,2023/01/11,非公開,自動車、輸送機器,研究・開発,"5,000名以上",ユーザー（利用者）,5,4,4,3,5
557,2023/01/11,非公開,通信サービス,財務・経理,100名以上250名未満,ユーザー（利用者）,4,4,4,3,4
558,2023/01/10,非公開,金融・証券・保険,一般事務,"1,000名以上5,000名未満",ユーザー（利用者）,4,4,4,4,4
559,2023/01/10,非公開,情報処理、ＳＩ、ソフトウェア,一般事務,50名以上100名未満,ユーザー（利用者）,5,5,5,5,5
560,2023/01/10,非公開,情報処理、ＳＩ、ソフトウェア,情報処理・情報システム,250名以上500名未満,ユーザー（利用者）,5,5,5,5,5
561,2022/12/27,非公開,金融・証券・保険,営業・販売,250名以上500名未満,ユーザー（利用者）,4,3,4,2,3
562,2022/12/25,非公開,その他,企画・調査・マーケティング,"1,000名以上5,000名未満",ユーザー（利用者）,3,3,3,3,3
563,2022/12/23,非公開,運輸,配送・物流,"5,000名以上",ユーザー（利用者）,5,4,5,3,3
564,2022/12/22,非公開,電気、電子機器,一般事務,250名以上500名未満,ユーザー（利用者）,4,4,4,3,3
565,2022/12/21,非公開,卸売・小売業・商業（商社含む）,財務・経理,"1,000名以上5,000名未満",ユーザー（利用者）,5,4,5,5,4
566,2022/12/20,非公開,卸売・小売業・商業（商社含む）,編集・編成・制作,"5,000名以上",ユーザー（利用者）,3,3,3,3,3
567,2022/12/20,非公開,情報処理、ＳＩ、ソフトウェア,情報処理・情報システム,250名以上500名未満,ユーザー（利用者）,5,5,4,5,4
568,2022/12/19,非公開,建設,財務・経理,250名以上500名未満,ユーザー（利用者）,4,4,5,4,4
569,2022/12/18,非公開,人材サービス,編集・編成・制作,"750名以上1,000名未満",ユーザー（利用者）,3,3,3,2,3
570,2022/12/18,非公開,卸売・小売業・商業（商社含む）,営業・販売,"5,000名以上",ユーザー（利用者）,4,5,4,4,5
571,2022/12/18,非公開,情報処理、ＳＩ、ソフトウェア,総務・人事,10名以上50名未満,ユーザー（利用者）,4,4,3,3,3
572,2022/12/16,非公開,情報処理、ＳＩ、ソフトウェア,一般事務,50名以上100名未満,ユーザー（利用者）,3,3,3,3,3
573,2022/12/16,非公開,その他製造,営業・販売,"1,000名以上5,000名未満",ユーザー（利用者）,4,4,4,3,3
574,2022/12/15,非公開,卸売・小売業・商業（商社含む）,財務・経理,100名以上250名未満,ユーザー（利用者）,5,5,5,4,4
575,2022/12/13,非公開,情報処理、ＳＩ、ソフトウェア,総務・人事,10名以上50名未満,ユーザー（利用者）,4,4,4,3,3
576,2022/12/11,非公開,情報処理、ＳＩ、ソフトウェア,情報処理・情報システム,10名以上50名未満,ユーザー（利用者）,4,4,4,3,4
577,2022/12/10,非公開,自動車、輸送機器,営業・販売,"1,000名以上5,000名未満",ユーザー（利用者）,4,4,4,4,3
578,2022/12/10,非公開,金融・証券・保険,営業・販売,"5,000名以上",ユーザー（利用者）,5,5,4,4,2
579,2022/12/10,非公開,その他,生産・製造,100名以上250名未満,ユーザー（利用者）,3,3,3,3,3
580,2022/12/09,非公開,人材サービス,営業・販売,"750名以上1,000名未満",ユーザー（利用者）,5,4,4,4,3
581,2022/12/09,非公開,食品、医薬、化粧品,一般事務,250名以上500名未満,ユーザー（利用者）,5,4,5,4,5
582,2022/12/08,中部物産貿易株式会社,卸売・小売業・商業（商社含む）,財務・経理,50名以上100名未満,導入決定者,4,4,4,5,4
583,2022/12/06,非公開,食品、医薬、化粧品,営業・販売,"750名以上1,000名未満",ユーザー（利用者）,4,5,4,3,3
584,2022/12/06,非公開,旅行,一般事務,"1,000名以上5,000名未満",ユーザー（利用者）,4,4,4,4,4
585,2022/12/05,非公開,その他製造,財務・経理,100名以上250名未満,IT管理者,5,5,5,5,5
586,2022/12/05,非公開,その他,営業・販売,500名以上750名未満,ユーザー（利用者）,5,4,4,3,1
587,2022/12/05,非公開,人材サービス,営業・販売,"1,000名以上5,000名未満",ユーザー（利用者）,5,5,3,3,5
588,2022/12/05,非公開,卸売・小売業・商業（商社含む）,一般事務,10名以上50名未満,ユーザー（利用者）,4,4,5,4,4
589,2022/12/04,非公開,電気、電子機器,財務・経理,"750名以上1,000名未満",ユーザー（利用者）,3,3,4,3,3
590,2022/12/03,非公開,食品、医薬、化粧品,営業・販売,250名以上500名未満,ユーザー（利用者）,5,5,5,5,5
591,2022/12/01,非公開,卸売・小売業・商業（商社含む）,総務・人事,"1,000名以上5,000名未満",ユーザー（利用者）,3,4,3,4,4
592,2022/12/01,非公開,金融・証券・保険,営業・販売,"1,000名以上5,000名未満",ユーザー（利用者）,5,4,5,5,4
593,2022/11/30,非公開,情報処理、ＳＩ、ソフトウェア,営業・販売,10名以上50名未満,ユーザー（利用者）,3,3,4,3,2
594,2022/11/29,非公開,情報処理、ＳＩ、ソフトウェア,財務・経理,50名以上100名未満,ユーザー（利用者）,5,5,5,2,5
595,2022/11/26,非公開,情報処理、ＳＩ、ソフトウェア,研究・開発,"1,000名以上5,000名未満",ユーザー（利用者）,4,4,4,4,4
596,2022/11/23,非公開,その他製造,財務・経理,10名以上50名未満,導入決定者,2,3,4,2,3
597,2022/11/22,非公開,不動産,営業・販売,500名以上750名未満,ユーザー（利用者）,5,5,5,5,5
598,2022/11/21,非公開,卸売・小売業・商業（商社含む）,企画・調査・マーケティング,"1,000名以上5,000名未満",ユーザー（利用者）,4,4,4,2,3
599,2022/11/20,非公開,卸売・小売業・商業（商社含む）,財務・経理,100名以上250名未満,ユーザー（利用者）,4,4,4,3,3
600,2022/11/20,非公開,その他製造,経営企画,"1,000名以上5,000名未満",ユーザー（利用者）,4,4,4,5,5
601,2022/11/19,非公開,素材,企画・調査・マーケティング,250名以上500名未満,ユーザー（利用者）,4,3,5,3,4
602,2022/11/17,非公開,コンサル・会計・法律関連,財務・経理,100名以上250名未満,ユーザー（利用者）,4,4,3,4,4
603,2022/11/17,非公開,人材サービス,営業・販売,50名以上100名未満,ユーザー（利用者）,5,5,5,3,3
604,2022/11/17,非公開,金融・証券・保険,一般事務,100名以上250名未満,ユーザー（利用者）,4,4,4,3,4
605,2022/11/16,非公開,食品、医薬、化粧品,研究・開発,500名以上750名未満,ユーザー（利用者）,3,2,3,3,3
606,2022/11/16,非公開,その他,経営者・役員,10名以上50名未満,ユーザー（利用者）,5,5,5,5,5
607,2022/11/15,非公開,建設,経営者・役員,10名未満,ユーザー（利用者）,5,4,5,4,5
608,2022/11/15,非公開,建設,総務・人事,10名未満,ユーザー（利用者）,4,4,3,3,4
609,2022/11/14,非公開,食品、医薬、化粧品,生産・製造,500名以上750名未満,ユーザー（利用者）,4,4,4,5,5
610,2022/11/13,非公開,卸売・小売業・商業（商社含む）,営業・販売,50名以上100名未満,ユーザー（利用者）,4,4,4,3,3
611,2022/11/10,非公開,運輸,総務・人事,"1,000名以上5,000名未満",ユーザー（利用者）,4,3,3,4,4
612,2022/11/10,非公開,卸売・小売業・商業（商社含む）,営業・販売,50名以上100名未満,ユーザー（利用者）,5,4,3,3,3
613,2022/11/10,非公開,電気、電子機器,営業・販売,50名以上100名未満,ユーザー（利用者）,4,4,5,3,3
614,2022/11/08,非公開,通信サービス,営業・販売,"1,000名以上5,000名未満",ユーザー（利用者）,5,5,5,3,4
615,2022/11/06,非公開,卸売・小売業・商業（商社含む）,営業・販売,100名以上250名未満,ユーザー（利用者）,4,4,5,4,4
616,2022/11/06,非公開,食品、医薬、化粧品,営業・販売,"1,000名以上5,000名未満",ユーザー（利用者）,4,4,4,4,4
617,2022/11/06,非公開,放送・広告・出版・マスコミ,企画・調査・マーケティング,50名以上100名未満,ユーザー（利用者）,4,4,3,4,4
618,2022/11/04,非公開,旅行,研究・開発,500名以上750名未満,ユーザー（利用者）,1,2,1,1,3
619,2022/11/04,非公開,その他製造,一般事務,"750名以上1,000名未満",ユーザー（利用者）,4,4,4,4,4
620,2022/11/03,非公開,その他,情報処理・情報システム,"5,000名以上",ユーザー（利用者）,5,4,5,3,3
621,2022/11/02,非公開,食品、医薬、化粧品,その他,100名以上250名未満,ユーザー（利用者）,5,5,5,5,3
622,2022/10/30,非公開,電気、電子機器,営業・販売,100名以上250名未満,ユーザー（利用者）,4,4,3,4,4
623,2022/10/29,非公開,食品、医薬、化粧品,総務・人事,250名以上500名未満,IT管理者,4,4,4,4,3
624,2022/10/29,非公開,卸売・小売業・商業（商社含む）,情報処理・情報システム,250名以上500名未満,ユーザー（利用者）,5,5,5,4,4
625,2022/10/28,非公開,不動産,営業・販売,100名以上250名未満,ユーザー（利用者）,5,5,5,5,5
626,2022/10/25,非公開,卸売・小売業・商業（商社含む）,営業・販売,100名以上250名未満,ユーザー（利用者）,5,5,5,5,5
627,2022/10/24,タイムズモビリティ株式会社,その他,営業・販売,"5,000名以上",ユーザー（利用者）,2,3,3,3,3
628,2022/10/23,非公開,通信サービス,情報処理・情報システム,"5,000名以上",ユーザー（利用者）,3,3,3,2,4
629,2022/10/23,非公開,不動産,専門職（建築・土木関連）,"5,000名以上",ユーザー（利用者）,4,4,4,4,1
630,2022/10/22,非公開,その他,総務・人事,10名以上50名未満,ユーザー（利用者）,4,4,4,5,4
631,2022/10/22,非公開,卸売・小売業・商業（商社含む）,財務・経理,100名以上250名未満,ユーザー（利用者）,5,5,3,3,2
632,2022/10/21,非公開,情報処理、ＳＩ、ソフトウェア,企画・調査・マーケティング,"1,000名以上5,000名未満",ユーザー（利用者）,5,5,5,3,3
633,2022/10/20,非公開,卸売・小売業・商業（商社含む）,企画・調査・マーケティング,"1,000名以上5,000名未満",ユーザー（利用者）,5,4,4,3,3
634,2022/10/19,非公開,素材,財務・経理,"1,000名以上5,000名未満",ユーザー（利用者）,5,5,5,5,5
635,2022/10/19,非公開,その他,企画・調査・マーケティング,250名以上500名未満,ユーザー（利用者）,3,3,2,3,3
636,2022/10/18,非公開,放送・広告・出版・マスコミ,営業・販売,10名以上50名未満,ユーザー（利用者）,5,5,5,5,5
637,2022/10/18,非公開,コンサル・会計・法律関連,一般事務,"1,000名以上5,000名未満",ユーザー（利用者）,3,3,4,4,4
638,2022/10/18,非公開,情報処理、ＳＩ、ソフトウェア,営業・販売,250名以上500名未満,ユーザー（利用者）,4,4,3,5,3
639,2022/10/17,非公開,電気、電子機器,財務・経理,500名以上750名未満,導入決定者,4,4,4,4,5
640,2022/10/17,非公開,情報処理、ＳＩ、ソフトウェア,企画・調査・マーケティング,250名以上500名未満,ユーザー（利用者）,3,3,3,4,3
641,2022/10/17,竹田印刷株式会社,その他,編集・編成・制作,"750名以上1,000名未満",ユーザー（利用者）,5,5,5,4,3
642,2022/10/16,非公開,その他製造,資材・購買,"1,000名以上5,000名未満",ユーザー（利用者）,4,4,4,4,3
643,2022/10/16,非公開,建設,営業・販売,50名以上100名未満,ユーザー（利用者）,3,3,4,4,3
644,2022/10/15,非公開,建設,生産・製造,250名以上500名未満,ユーザー（利用者）,4,5,3,3,3
645,2022/10/15,非公開,情報処理、ＳＩ、ソフトウェア,企画・調査・マーケティング,250名以上500名未満,ユーザー（利用者）,5,5,5,5,5
646,2022/10/15,非公開,食品、医薬、化粧品,生産・製造,"5,000名以上",ユーザー（利用者）,4,3,4,3,3
647,2022/10/15,非公開,食品、医薬、化粧品,生産・製造,100名以上250名未満,ユーザー（利用者）,3,3,2,3,3
648,2022/10/15,非公開,情報処理、ＳＩ、ソフトウェア,営業・販売,100名以上250名未満,ユーザー（利用者）,4,4,4,3,3
649,2022/10/14,非公開,卸売・小売業・商業（商社含む）,営業・販売,100名以上250名未満,ユーザー（利用者）,4,5,4,3,4
650,2022/10/13,非公開,通信サービス,営業・販売,"1,000名以上5,000名未満",ユーザー（利用者）,2,2,2,3,2
651,2022/10/13,非公開,情報処理、ＳＩ、ソフトウェア,情報処理・情報システム,"1,000名以上5,000名未満",ユーザー（利用者）,4,4,4,4,4
652,2022/10/13,非公開,その他,経営企画,100名以上250名未満,ユーザー（利用者）,4,4,4,3,3
653,2022/10/12,非公開,機械、重電,情報処理・情報システム,100名以上250名未満,ユーザー（利用者）,4,4,4,5,4
654,2022/10/11,非公開,人材サービス,財務・経理,100名以上250名未満,ユーザー（利用者）,4,5,4,3,3
655,2022/10/11,非公開,飲食店・宿泊,情報処理・情報システム,100名以上250名未満,IT管理者,4,4,5,5,5
656,2022/10/09,株式会社ベガスベガス,その他,その他,"1,000名以上5,000名未満",ユーザー（利用者）,5,5,5,5,5
657,2022/10/09,非公開,その他製造,生産・製造,"750名以上1,000名未満",ユーザー（利用者）,5,5,5,5,5
658,2022/10/09,非公開,食品、医薬、化粧品,営業・販売,100名以上250名未満,ユーザー（利用者）,5,5,5,5,4
659,2022/10/09,非公開,教育・教育学習支援関係,専門職（教育関連）,"1,000名以上5,000名未満",ユーザー（利用者）,4,4,5,4,5
660,2022/10/08,非公開,卸売・小売業・商業（商社含む）,財務・経理,250名以上500名未満,ユーザー（利用者）,4,4,4,3,4
661,2022/10/08,非公開,食品、医薬、化粧品,財務・経理,100名以上250名未満,ユーザー（利用者）,5,5,5,5,5
662,2022/10/08,非公開,医療,一般事務,"1,000名以上5,000名未満",ユーザー（利用者）,5,5,5,4,4
663,2022/10/07,非公開,食品、医薬、化粧品,総務・人事,"1,000名以上5,000名未満",ユーザー（利用者）,4,4,3,4,4
664,2022/10/07,非公開,不動産,総務・人事,"1,000名以上5,000名未満",ユーザー（利用者）,4,4,4,4,4
665,2022/10/06,非公開,建設,専門職（建築・土木関連）,50名以上100名未満,ユーザー（利用者）,3,3,3,3,2
666,2022/10/06,非公開,食品、医薬、化粧品,研究・開発,250名以上500名未満,ユーザー（利用者）,4,4,3,3,3
667,2022/10/05,非公開,エネルギー,営業・販売,100名以上250名未満,ユーザー（利用者）,5,5,5,5,5
668,2022/10/04,非公開,不動産,企画・調査・マーケティング,250名以上500名未満,ユーザー（利用者）,5,5,5,4,4
669,2022/10/03,東急コミュニティー,不動産,営業・販売,"1,000名以上5,000名未満",ユーザー（利用者）,5,5,5,3,3
670,2022/10/03,非公開,人材サービス,営業・販売,100名以上250名未満,ユーザー（利用者）,5,5,5,5,3
671,2022/10/03,RIZAP株式会社,その他,営業・販売,"1,000名以上5,000名未満",ユーザー（利用者）,4,4,4,3,3
672,2022/10/03,非公開,素材,生産・製造,"1,000名以上5,000名未満",ユーザー（利用者）,4,4,3,4,4
673,2022/10/02,非公開,コンサル・会計・法律関連,総務・人事,100名以上250名未満,ユーザー（利用者）,5,4,5,3,5
674,2022/10/02,非公開,コンサル・会計・法律関連,一般事務,100名以上250名未満,ユーザー（利用者）,5,5,5,4,4
675,2022/10/01,非公開,エネルギー,一般事務,"1,000名以上5,000名未満",ユーザー（利用者）,5,2,3,4,4
676,2022/10/01,非公開,機械、重電,一般事務,"1,000名以上5,000名未満",ユーザー（利用者）,4,4,4,4,4
677,2022/09/30,非公開,機械、重電,営業・販売,250名以上500名未満,ユーザー（利用者）,4,5,3,3,4
678,2022/09/26,非公開,飲食店・宿泊,営業・販売,"1,000名以上5,000名未満",ユーザー（利用者）,5,5,5,5,5
679,2022/09/22,非公開,情報処理、ＳＩ、ソフトウェア,情報処理・情報システム,10名以上50名未満,ユーザー（利用者）,4,4,3,3,3
680,2022/09/21,非公開,卸売・小売業・商業（商社含む）,一般事務,10名以上50名未満,ユーザー（利用者）,4,4,4,4,3
681,2022/09/21,非公開,建設,営業・販売,100名以上250名未満,ユーザー（利用者）,4,4,4,3,2
682,2022/09/20,非公開,金融・証券・保険,一般事務,500名以上750名未満,ユーザー（利用者）,5,4,4,4,4
683,2022/09/20,非公開,金融・証券・保険,一般事務,"1,000名以上5,000名未満",ユーザー（利用者）,4,4,4,4,4
684,2022/09/20,非公開,情報処理、ＳＩ、ソフトウェア,情報処理・情報システム,"1,000名以上5,000名未満",ユーザー（利用者）,4,4,3,5,3
685,2022/09/20,非公開,情報処理、ＳＩ、ソフトウェア,総務・人事,250名以上500名未満,ユーザー（利用者）,5,5,5,3,4
686,2022/09/20,非公開,その他,配送・物流,250名以上500名未満,ビジネスパートナー（販売代理店など）,5,5,5,4,5
687,2022/09/20,非公開,放送・広告・出版・マスコミ,一般事務,10名以上50名未満,ユーザー（利用者）,4,4,4,3,3
688,2022/09/19,非公開,機械、重電,営業・販売,"1,000名以上5,000名未満",ユーザー（利用者）,3,4,3,3,3
689,2022/09/19,非公開,通信サービス,一般事務,250名以上500名未満,ユーザー（利用者）,5,5,5,4,3
690,2022/09/19,リコージャパン株式会社,卸売・小売業・商業（商社含む）,営業・販売,"1,000名以上5,000名未満",ビジネスパートナー（販売代理店など）,5,5,5,4,4
691,2022/09/19,非公開,卸売・小売業・商業（商社含む）,営業・販売,"1,000名以上5,000名未満",ユーザー（利用者）,5,5,5,3,3
692,2022/09/19,非公開,放送・広告・出版・マスコミ,企画・調査・マーケティング,100名以上250名未満,ユーザー（利用者）,4,3,3,3,3
693,2022/09/18,因幡電機産業,卸売・小売業・商業（商社含む）,営業・販売,"1,000名以上5,000名未満",ユーザー（利用者）,5,5,5,5,5
694,2022/09/18,非公開,不動産,営業・販売,100名以上250名未満,ユーザー（利用者）,3,3,3,3,4
695,2022/09/18,非公開,情報処理、ＳＩ、ソフトウェア,営業・販売,50名以上100名未満,ユーザー（利用者）,5,5,5,5,5
696,2022/09/18,非公開,自動車、輸送機器,一般事務,"5,000名以上",ユーザー（利用者）,5,5,4,4,5
697,2022/09/18,非公開,金融・証券・保険,営業・販売,250名以上500名未満,ユーザー（利用者）,5,5,5,5,5
698,2022/09/18,非公開,情報処理、ＳＩ、ソフトウェア,一般事務,250名以上500名未満,ユーザー（利用者）,5,5,5,4,4
699,2022/09/18,非公開,金融・証券・保険,情報処理・情報システム,"1,000名以上5,000名未満",ユーザー（利用者）,5,5,5,5,5
700,2022/09/18,非公開,電気、電子機器,研究・開発,"750名以上1,000名未満",ユーザー（利用者）,4,4,2,3,3
701,2022/09/17,非公開,卸売・小売業・商業（商社含む）,営業・販売,"1,000名以上5,000名未満",ユーザー（利用者）,4,4,4,4,4
702,2022/09/17,非公開,情報処理、ＳＩ、ソフトウェア,経営企画,100名以上250名未満,ユーザー（利用者）,5,5,4,3,3
703,2022/09/17,非公開,教育・教育学習支援関係,専門職（教育関連）,"1,000名以上5,000名未満",ユーザー（利用者）,4,4,5,3,3
704,2022/09/17,非公開,運輸,経営企画,"750名以上1,000名未満",ユーザー（利用者）,3,3,3,3,2
705,2022/09/17,非公開,電気、電子機器,営業・販売,50名以上100名未満,ユーザー（利用者）,4,4,5,3,3
706,2022/09/17,非公開,放送・広告・出版・マスコミ,その他,"1,000名以上5,000名未満",ユーザー（利用者）,5,5,4,3,3
707,2022/09/17,非公開,素材,財務・経理,100名以上250名未満,ユーザー（利用者）,5,5,5,5,5
708,2022/09/16,非公開,情報処理、ＳＩ、ソフトウェア,営業・販売,50名以上100名未満,ユーザー（利用者）,5,4,4,4,4
709,2022/09/16,非公開,情報処理、ＳＩ、ソフトウェア,情報処理・情報システム,250名以上500名未満,ユーザー（利用者）,5,5,5,5,5
710,2022/09/16,非公開,情報処理、ＳＩ、ソフトウェア,情報処理・情報システム,50名以上100名未満,ユーザー（利用者）,4,3,3,3,3
711,2022/09/15,株式会社タイセイハウジー,不動産,営業・販売,500名以上750名未満,ユーザー（利用者）,4,4,5,4,4
712,2022/09/15,非公開,その他,企画・調査・マーケティング,250名以上500名未満,ユーザー（利用者）,3,3,3,3,3
713,2022/09/13,非公開,情報処理、ＳＩ、ソフトウェア,情報処理・情報システム,100名以上250名未満,ユーザー（利用者）,3,3,3,3,5
714,2022/09/12,非公開,食品、医薬、化粧品,営業・販売,"5,000名以上",ユーザー（利用者）,4,3,4,3,4
715,2022/09/11,非公開,卸売・小売業・商業（商社含む）,財務・経理,100名以上250名未満,ユーザー（利用者）,4,4,4,3,5
716,2022/09/08,非公開,不動産,一般事務,"1,000名以上5,000名未満",ユーザー（利用者）,3,3,3,3,3
717,2022/09/08,非公開,食品、医薬、化粧品,情報処理・情報システム,250名以上500名未満,ユーザー（利用者）,4,4,4,3,4
718,2022/09/08,非公開,食品、医薬、化粧品,専門職（医療関連）,"5,000名以上",ユーザー（利用者）,4,3,4,3,3
719,2022/09/08,非公開,エネルギー,財務・経理,250名以上500名未満,ユーザー（利用者）,4,3,3,2,4
720,2022/09/08,非公開,建設,経営企画,"1,000名以上5,000名未満",ユーザー（利用者）,4,5,5,3,3
721,2022/09/08,非公開,その他,企画・調査・マーケティング,250名以上500名未満,ユーザー（利用者）,5,4,4,3,4
722,2022/09/08,非公開,金融・証券・保険,営業・販売,"5,000名以上",ユーザー（利用者）,5,5,5,3,3
723,2022/09/07,非公開,その他,一般事務,"1,000名以上5,000名未満",ユーザー（利用者）,5,5,5,5,5
724,2022/09/07,非公開,機械、重電,総務・人事,"1,000名以上5,000名未満",ユーザー（利用者）,3,3,2,4,3
725,2022/09/06,非公開,その他,経営企画,10名以上50名未満,ユーザー（利用者）,4,4,4,3,4
726,2022/09/06,非公開,電気、電子機器,一般事務,100名以上250名未満,ユーザー（利用者）,5,5,5,5,5
727,2022/09/06,非公開,人材サービス,その他,"5,000名以上",ユーザー（利用者）,4,4,4,4,4
728,2022/09/06,非公開,建設,研究・開発,100名以上250名未満,ユーザー（利用者）,2,2,2,2,2
729,2022/09/06,非公開,電気、電子機器,企画・調査・マーケティング,"750名以上1,000名未満",ユーザー（利用者）,5,5,5,4,3
730,2022/09/05,非公開,不動産,広報・宣伝,100名以上250名未満,ユーザー（利用者）,5,4,4,5,5
731,2022/09/05,非公開,不動産,営業・販売,250名以上500名未満,ユーザー（利用者）,5,5,5,5,5
732,2022/09/04,非公開,建設,営業・販売,"1,000名以上5,000名未満",ユーザー（利用者）,4,4,3,3,3
733,2022/09/04,非公開,情報処理、ＳＩ、ソフトウェア,情報処理・情報システム,250名以上500名未満,ユーザー（利用者）,3,3,3,3,3
734,2022/09/04,非公開,建設,一般事務,500名以上750名未満,ユーザー（利用者）,5,5,5,3,3
735,2022/09/04,非公開,人材サービス,営業・販売,250名以上500名未満,ユーザー（利用者）,5,5,5,5,3
736,2022/09/04,非公開,食品、医薬、化粧品,財務・経理,"1,000名以上5,000名未満",ユーザー（利用者）,5,5,5,5,5
737,2022/09/04,非公開,金融・証券・保険,営業・販売,500名以上750名未満,ユーザー（利用者）,4,4,4,3,3
738,2022/09/03,非公開,医療,営業・販売,100名以上250名未満,ユーザー（利用者）,5,5,5,5,5
739,2022/09/03,非公開,通信サービス,営業・販売,250名以上500名未満,ユーザー（利用者）,4,4,4,3,3
740,2022/09/03,非公開,通信サービス,企画・調査・マーケティング,10名以上50名未満,ユーザー（利用者）,3,4,3,3,3
741,2022/09/03,非公開,建設,技術・設計,"1,000名以上5,000名未満",ユーザー（利用者）,5,5,4,5,4
742,2022/09/03,非公開,機械、重電,専門職（建築・土木関連）,250名以上500名未満,ユーザー（利用者）,4,5,5,5,4
743,2022/09/02,非公開,卸売・小売業・商業（商社含む）,営業・販売,500名以上750名未満,ユーザー（利用者）,4,4,4,3,3
744,2022/09/02,非公開,自動車、輸送機器,研究・開発,"5,000名以上",ユーザー（利用者）,3,4,3,3,3
745,2022/09/01,非公開,情報処理、ＳＩ、ソフトウェア,財務・経理,100名以上250名未満,ユーザー（利用者）,3,4,4,3,4
746,2022/09/01,非公開,卸売・小売業・商業（商社含む）,営業・販売,250名以上500名未満,ユーザー（利用者）,3,3,3,3,3
747,2022/09/01,非公開,情報処理、ＳＩ、ソフトウェア,営業・販売,250名以上500名未満,ユーザー（利用者）,5,5,5,4,4
748,2022/09/01,非公開,その他製造,財務・経理,100名以上250名未満,ユーザー（利用者）,5,5,5,3,5
749,2022/09/01,非公開,卸売・小売業・商業（商社含む）,営業・販売,"750名以上1,000名未満",ユーザー（利用者）,5,4,5,5,4
750,2022/09/01,非公開,金融・証券・保険,一般事務,"5,000名以上",ユーザー（利用者）,2,2,1,2,2
751,2022/08/28,非公開,情報処理、ＳＩ、ソフトウェア,情報処理・情報システム,100名以上250名未満,ユーザー（利用者）,5,5,4,3,3
752,2022/08/27,非公開,その他,財務・経理,100名以上250名未満,ユーザー（利用者）,4,3,3,4,3
753,2022/08/25,非公開,人材サービス,その他,"1,000名以上5,000名未満",ユーザー（利用者）,3,2,2,3,3
754,2022/08/25,非公開,情報処理、ＳＩ、ソフトウェア,技術・設計,"750名以上1,000名未満",ユーザー（利用者）,4,3,3,3,3
755,2022/08/24,非公開,放送・広告・出版・マスコミ,広報・宣伝,50名以上100名未満,ユーザー（利用者）,4,4,4,3,3
756,2022/08/24,非公開,不動産,一般事務,500名以上750名未満,ユーザー（利用者）,5,4,5,4,4
757,2022/08/20,非公開,機械、重電,生産・製造,250名以上500名未満,ユーザー（利用者）,3,5,3,3,4
758,2022/08/20,非公開,電気、電子機器,生産・製造,100名以上250名未満,ユーザー（利用者）,5,5,5,5,5
759,2022/08/20,非公開,食品、医薬、化粧品,営業・販売,"750名以上1,000名未満",ユーザー（利用者）,4,5,5,4,3
760,2022/08/20,非公開,情報処理、ＳＩ、ソフトウェア,情報処理・情報システム,"1,000名以上5,000名未満",ユーザー（利用者）,4,4,4,3,3
761,2022/08/19,非公開,その他,一般事務,500名以上750名未満,ユーザー（利用者）,5,3,3,3,3
762,2022/08/18,非公開,教育・教育学習支援関係,財務・経理,"750名以上1,000名未満",ユーザー（利用者）,5,3,4,4,5
763,2022/08/18,非公開,情報処理、ＳＩ、ソフトウェア,情報処理・情報システム,"1,000名以上5,000名未満",ユーザー（利用者）,4,4,5,4,5
764,2022/08/17,非公開,情報処理、ＳＩ、ソフトウェア,営業・販売,100名以上250名未満,ユーザー（利用者）,4,4,5,4,4
765,2022/08/17,非公開,食品、医薬、化粧品,生産・製造,250名以上500名未満,ユーザー（利用者）,5,4,4,4,5
766,2022/08/17,非公開,その他,一般事務,250名以上500名未満,ユーザー（利用者）,4,4,4,3,3
767,2022/08/17,非公開,放送・広告・出版・マスコミ,営業・販売,250名以上500名未満,ユーザー（利用者）,5,4,4,5,5
768,2022/08/17,非公開,通信サービス,財務・経理,100名以上250名未満,ユーザー（利用者）,5,3,4,3,5
769,2022/08/16,非公開,その他,一般事務,100名以上250名未満,ユーザー（利用者）,5,4,4,4,4
770,2022/08/16,非公開,その他,財務・経理,"1,000名以上5,000名未満",ユーザー（利用者）,4,4,4,4,4
771,2022/08/16,非公開,金融・証券・保険,経営企画,"5,000名以上",ユーザー（利用者）,4,4,4,3,3
772,2022/08/15,非公開,不動産,財務・経理,"1,000名以上5,000名未満",ユーザー（利用者）,3,3,2,2,2
773,2022/08/13,非公開,金融・証券・保険,営業・販売,"1,000名以上5,000名未満",ユーザー（利用者）,3,3,3,3,3
774,2022/08/09,非公開,その他,企画・調査・マーケティング,250名以上500名未満,ユーザー（利用者）,5,5,5,3,5
775,2022/08/08,非公開,その他,編集・編成・制作,10名以上50名未満,ユーザー（利用者）,5,5,5,3,4
776,2022/08/07,非公開,その他,企画・調査・マーケティング,250名以上500名未満,ユーザー（利用者）,4,4,4,3,3
777,2022/08/07,非公開,情報処理、ＳＩ、ソフトウェア,営業・販売,"1,000名以上5,000名未満",ユーザー（利用者）,4,4,5,4,4
778,2022/08/06,非公開,人材サービス,一般事務,250名以上500名未満,ユーザー（利用者）,4,5,5,5,4
779,2022/08/06,非公開,飲食店・宿泊,営業・販売,"5,000名以上",ユーザー（利用者）,2,2,2,3,3
780,2022/08/05,非公開,金融・証券・保険,営業・販売,500名以上750名未満,ユーザー（利用者）,4,4,3,4,3
781,2022/08/05,非公開,不動産,財務・経理,100名以上250名未満,ユーザー（利用者）,4,4,4,4,4
782,2022/08/04,非公開,公務員（教員を除く）,一般事務,"5,000名以上",ユーザー（利用者）,4,3,3,3,3
783,2022/08/04,非公開,卸売・小売業・商業（商社含む）,財務・経理,"5,000名以上",導入決定者,4,5,5,5,5
784,2022/08/04,非公開,情報処理、ＳＩ、ソフトウェア,情報処理・情報システム,100名以上250名未満,ユーザー（利用者）,4,4,3,3,3
785,2022/08/04,非公開,卸売・小売業・商業（商社含む）,営業・販売,10名以上50名未満,ユーザー（利用者）,4,4,3,4,4
786,2022/08/03,非公開,情報処理、ＳＩ、ソフトウェア,情報処理・情報システム,500名以上750名未満,ユーザー（利用者）,3,4,3,3,3
787,2022/08/03,非公開,卸売・小売業・商業（商社含む）,営業・販売,100名以上250名未満,ユーザー（利用者）,3,3,3,3,3
788,2022/08/03,非公開,不動産,営業・販売,500名以上750名未満,ユーザー（利用者）,5,5,5,4,5
789,2022/08/03,非公開,その他製造,営業・販売,"750名以上1,000名未満",ユーザー（利用者）,3,4,4,2,3
790,2022/08/03,非公開,その他,その他,10名未満,ユーザー（利用者）,4,4,4,3,3
791,2022/08/03,非公開,運輸,経営企画,500名以上750名未満,ユーザー（利用者）,5,5,5,5,5
792,2022/08/03,非公開,運輸,配送・物流,"1,000名以上5,000名未満",ユーザー（利用者）,4,4,5,4,4
793,2022/08/03,非公開,自動車、輸送機器,営業・販売,"5,000名以上",ユーザー（利用者）,4,4,4,4,4
794,2022/08/02,非公開,その他製造,一般事務,"1,000名以上5,000名未満",ユーザー（利用者）,4,3,3,2,3
795,2022/08/02,非公開,卸売・小売業・商業（商社含む）,営業・販売,500名以上750名未満,ユーザー（利用者）,3,4,4,4,2
796,2022/08/02,非公開,卸売・小売業・商業（商社含む）,営業・販売,"750名以上1,000名未満",ユーザー（利用者）,4,4,5,4,3
797,2022/08/02,非公開,卸売・小売業・商業（商社含む）,営業・販売,"750名以上1,000名未満",ユーザー（利用者）,4,4,4,4,4
798,2022/08/02,非公開,運輸,総務・人事,"1,000名以上5,000名未満",ユーザー（利用者）,3,3,4,3,3
799,2022/08/02,非公開,情報処理、ＳＩ、ソフトウェア,技術・設計,100名以上250名未満,ユーザー（利用者）,4,4,4,4,3
800,2022/08/02,非公開,その他製造,総務・人事,"1,000名以上5,000名未満",ユーザー（利用者）,4,4,4,3,3
801,2022/08/02,非公開,通信サービス,情報処理・情報システム,"5,000名以上",ユーザー（利用者）,5,5,5,5,5
802,2022/08/02,非公開,旅行,営業・販売,"1,000名以上5,000名未満",ユーザー（利用者）,5,5,4,3,4
803,2022/08/01,非公開,素材,営業・販売,100名以上250名未満,ユーザー（利用者）,4,4,4,4,4
804,2022/07/30,非公開,その他,配送・物流,"1,000名以上5,000名未満",ユーザー（利用者）,4,4,4,3,3
805,2022/07/30,非公開,卸売・小売業・商業（商社含む）,営業・販売,10名未満,ユーザー（利用者）,4,4,5,3,4
806,2022/07/27,非公開,その他,財務・経理,100名以上250名未満,導入決定者,5,4,4,3,5
807,2022/07/26,非公開,電気、電子機器,営業・販売,10名以上50名未満,ユーザー（利用者）,5,5,5,5,4
808,2022/07/24,非公開,その他,企画・調査・マーケティング,250名以上500名未満,ユーザー（利用者）,4,4,4,3,3
809,2022/07/22,非公開,その他製造,経営企画,250名以上500名未満,ユーザー（利用者）,3,3,3,3,3
810,2022/07/22,非公開,卸売・小売業・商業（商社含む）,財務・経理,100名以上250名未満,導入決定者,3,3,4,4,4
811,2022/07/21,非公開,放送・広告・出版・マスコミ,情報処理・情報システム,50名以上100名未満,IT管理者,5,5,5,5,4
812,2022/07/21,非公開,情報処理、ＳＩ、ソフトウェア,財務・経理,100名以上250名未満,導入決定者,4,4,4,4,3
813,2022/07/21,非公開,機械、重電,研究・開発,100名以上250名未満,IT管理者,5,5,5,5,5
814,2022/07/21,非公開,卸売・小売業・商業（商社含む）,財務・経理,10名以上50名未満,ユーザー（利用者）,4,4,4,4,4
815,2022/07/21,非公開,情報処理、ＳＩ、ソフトウェア,総務・人事,50名以上100名未満,ユーザー（利用者）,4,3,3,4,3
816,2022/07/21,非公開,不動産,財務・経理,250名以上500名未満,ユーザー（利用者）,4,4,4,5,5
817,2022/07/17,非公開,人材サービス,企画・調査・マーケティング,"1,000名以上5,000名未満",ユーザー（利用者）,4,4,4,4,4
818,2022/07/13,非公開,不動産,財務・経理,100名以上250名未満,ユーザー（利用者）,5,5,5,5,5
819,2022/07/12,非公開,卸売・小売業・商業（商社含む）,経営者・役員,10名以上50名未満,導入決定者,2,2,2,2,2
820,2022/07/08,非公開,卸売・小売業・商業（商社含む）,営業・販売,250名以上500名未満,ユーザー（利用者）,4,4,4,4,4
821,2022/07/05,非公開,金融・証券・保険,営業・販売,"1,000名以上5,000名未満",ユーザー（利用者）,5,5,5,5,4
822,2022/07/05,非公開,金融・証券・保険,営業・販売,"1,000名以上5,000名未満",ユーザー（利用者）,4,4,2,3,4
823,2022/07/05,非公開,食品、医薬、化粧品,生産・製造,250名以上500名未満,ユーザー（利用者）,4,3,3,4,3
824,2022/07/05,非公開,人材サービス,営業・販売,"1,000名以上5,000名未満",ユーザー（利用者）,5,5,5,5,5
825,2022/07/04,非公開,機械、重電,財務・経理,"1,000名以上5,000名未満",ユーザー（利用者）,4,4,4,4,3
826,2022/07/04,非公開,情報処理、ＳＩ、ソフトウェア,研究・開発,"1,000名以上5,000名未満",ユーザー（利用者）,4,4,3,4,4
827,2022/07/04,非公開,卸売・小売業・商業（商社含む）,広報・宣伝,10名以上50名未満,ユーザー（利用者）,4,4,4,4,4
828,2022/07/03,非公開,食品、医薬、化粧品,資材・購買,"1,000名以上5,000名未満",ユーザー（利用者）,3,3,3,2,2
829,2022/07/03,非公開,その他製造,財務・経理,10名以上50名未満,ユーザー（利用者）,4,4,4,5,4
830,2022/07/03,非公開,建設,専門職（建築・土木関連）,10名未満,ユーザー（利用者）,5,5,5,5,5
831,2022/07/03,非公開,建設,財務・経理,"750名以上1,000名未満",ユーザー（利用者）,5,4,4,4,3
832,2022/07/03,非公開,金融・証券・保険,営業・販売,500名以上750名未満,ユーザー（利用者）,4,4,4,4,4
833,2022/07/03,非公開,その他製造,総務・人事,50名以上100名未満,ユーザー（利用者）,3,3,3,3,3
834,2022/07/03,鈴与商事株式会社,エネルギー,経営企画,500名以上750名未満,ユーザー（利用者）,5,4,3,4,3
835,2022/07/03,非公開,金融・証券・保険,情報処理・情報システム,"1,000名以上5,000名未満",ユーザー（利用者）,4,4,4,5,4
836,2022/07/03,非公開,食品、医薬、化粧品,営業・販売,500名以上750名未満,ユーザー（利用者）,4,5,5,5,4
837,2022/07/03,非公開,電気、電子機器,営業・販売,"5,000名以上",ユーザー（利用者）,4,4,4,4,4
838,2022/07/03,非公開,電気、電子機器,技術・設計,100名以上250名未満,ユーザー（利用者）,3,4,4,3,2
839,2022/07/03,非公開,卸売・小売業・商業（商社含む）,営業・販売,250名以上500名未満,ユーザー（利用者）,4,4,4,2,3
840,2022/07/02,非公開,その他,専門職（建築・土木関連）,"1,000名以上5,000名未満",ユーザー（利用者）,4,4,4,3,4
841,2022/07/02,非公開,その他製造,総務・人事,250名以上500名未満,ユーザー（利用者）,5,5,4,5,5
842,2022/07/02,非公開,その他,その他,500名以上750名未満,ユーザー（利用者）,4,4,4,4,4
843,2022/07/02,非公開,教育・教育学習支援関係,営業・販売,250名以上500名未満,ユーザー（利用者）,5,5,4,5,5
844,2022/07/02,非公開,放送・広告・出版・マスコミ,営業・販売,"1,000名以上5,000名未満",ユーザー（利用者）,5,4,5,5,5
845,2022/07/01,非公開,自動車、輸送機器,技術・設計,100名以上250名未満,ユーザー（利用者）,4,4,5,4,4
846,2022/07/01,非公開,教育・教育学習支援関係,専門職（教育関連）,100名以上250名未満,ユーザー（利用者）,5,4,4,4,4
847,2022/07/01,非公開,その他,財務・経理,50名以上100名未満,ユーザー（利用者）,3,3,3,3,4
848,2022/06/26,非公開,情報処理、ＳＩ、ソフトウェア,営業・販売,"1,000名以上5,000名未満",ユーザー（利用者）,4,4,4,4,3
849,2022/06/25,非公開,その他,企画・調査・マーケティング,500名以上750名未満,ユーザー（利用者）,4,4,5,4,4
850,2022/06/21,非公開,食品、医薬、化粧品,研究・開発,10名以上50名未満,ユーザー（利用者）,5,4,5,5,4
851,2022/06/21,非公開,放送・広告・出版・マスコミ,企画・調査・マーケティング,500名以上750名未満,ユーザー（利用者）,5,5,4,3,5
852,2022/06/21,非公開,情報処理、ＳＩ、ソフトウェア,営業・販売,"1,000名以上5,000名未満",ユーザー（利用者）,4,3,4,3,3
853,2022/06/21,非公開,情報処理、ＳＩ、ソフトウェア,その他,100名以上250名未満,ユーザー（利用者）,4,4,5,3,3
854,2022/06/21,非公開,その他製造,経営企画,100名以上250名未満,ユーザー（利用者）,3,4,2,3,3
855,2022/06/21,非公開,その他,経営者・役員,100名以上250名未満,ユーザー（利用者）,4,3,3,4,3
856,2022/06/19,非公開,食品、医薬、化粧品,研究・開発,"1,000名以上5,000名未満",ユーザー（利用者）,4,4,3,3,3
857,2022/06/19,非公開,エネルギー,財務・経理,"1,000名以上5,000名未満",ユーザー（利用者）,4,4,4,4,4
858,2022/06/16,非公開,その他,企画・調査・マーケティング,50名以上100名未満,ユーザー（利用者）,4,4,4,3,3
859,2022/06/11,非公開,電気、電子機器,営業・販売,500名以上750名未満,ユーザー（利用者）,4,3,3,4,3
860,2022/06/11,非公開,金融・証券・保険,営業・販売,500名以上750名未満,ユーザー（利用者）,5,4,4,5,5
861,2022/06/11,非公開,人材サービス,営業・販売,"750名以上1,000名未満",ユーザー（利用者）,4,4,4,3,5
862,2022/06/11,非公開,食品、医薬、化粧品,企画・調査・マーケティング,250名以上500名未満,ユーザー（利用者）,3,2,2,3,3
863,2022/06/11,非公開,情報処理、ＳＩ、ソフトウェア,営業・販売,100名以上250名未満,ユーザー（利用者）,5,5,5,4,4
864,2022/06/10,非公開,金融・証券・保険,その他,10名以上50名未満,ユーザー（利用者）,3,4,3,3,3
865,2022/06/09,非公開,卸売・小売業・商業（商社含む）,営業・販売,50名以上100名未満,ユーザー（利用者）,4,3,3,4,3
866,2022/06/09,非公開,卸売・小売業・商業（商社含む）,営業・販売,"750名以上1,000名未満",ユーザー（利用者）,5,5,5,5,5
867,2022/06/09,非公開,建設,技術・設計,100名以上250名未満,ユーザー（利用者）,3,3,3,3,3
868,2022/06/08,非公開,その他製造,情報処理・情報システム,500名以上750名未満,ユーザー（利用者）,4,4,3,3,3
869,2022/06/08,非公開,その他,財務・経理,250名以上500名未満,ユーザー（利用者）,4,3,3,4,3
870,2022/06/08,非公開,不動産,営業・販売,100名以上250名未満,ユーザー（利用者）,3,2,2,1,2
871,2022/06/08,非公開,コンサル・会計・法律関連,経営者・役員,10名以上50名未満,ユーザー（利用者）,4,4,4,3,3
872,2022/06/07,能美防災株式会社,電気、電子機器,一般事務,"1,000名以上5,000名未満",ユーザー（利用者）,4,4,4,3,4
873,2022/06/07,非公開,情報処理、ＳＩ、ソフトウェア,技術・設計,"750名以上1,000名未満",ユーザー（利用者）,3,4,2,4,4
874,2022/06/07,非公開,卸売・小売業・商業（商社含む）,営業・販売,100名以上250名未満,ユーザー（利用者）,4,4,4,4,3
875,2022/06/07,非公開,卸売・小売業・商業（商社含む）,営業・販売,100名以上250名未満,ユーザー（利用者）,4,4,4,3,4
876,2022/06/06,非公開,通信サービス,営業・販売,"1,000名以上5,000名未満",ユーザー（利用者）,5,5,5,4,4
877,2022/06/06,非公開,不動産,一般事務,500名以上750名未満,ユーザー（利用者）,5,5,3,3,5
878,2022/06/06,非公開,公務員（教員を除く）,総務・人事,50名以上100名未満,ユーザー（利用者）,4,4,4,3,3
879,2022/06/06,非公開,エネルギー,その他,100名以上250名未満,ユーザー（利用者）,3,3,3,3,3
880,2022/06/05,非公開,その他,営業・販売,50名以上100名未満,ユーザー（利用者）,5,5,4,3,3
881,2022/06/05,非公開,電気、電子機器,研究・開発,"1,000名以上5,000名未満",ユーザー（利用者）,4,4,4,4,4
882,2022/06/05,非公開,卸売・小売業・商業（商社含む）,営業・販売,50名以上100名未満,ユーザー（利用者）,3,4,2,3,3
883,2022/06/05,非公開,エネルギー,その他,100名以上250名未満,ユーザー（利用者）,5,5,5,5,5
884,2022/06/04,非公開,食品、医薬、化粧品,営業・販売,100名以上250名未満,ユーザー（利用者）,4,4,4,4,3
885,2022/06/04,非公開,卸売・小売業・商業（商社含む）,営業・販売,"1,000名以上5,000名未満",ユーザー（利用者）,5,5,5,5,5
886,2022/06/04,非公開,情報処理、ＳＩ、ソフトウェア,営業・販売,100名以上250名未満,ユーザー（利用者）,3,2,2,3,4
887,2022/06/04,非公開,電気、電子機器,営業・販売,100名以上250名未満,ユーザー（利用者）,4,4,4,3,3
888,2022/06/04,非公開,コンサル・会計・法律関連,専門職（会計関連）,"1,000名以上5,000名未満",ユーザー（利用者）,4,4,4,3,3
889,2022/06/03,非公開,金融・証券・保険,営業・販売,"1,000名以上5,000名未満",ユーザー（利用者）,4,4,4,4,3
890,2022/06/03,非公開,情報処理、ＳＩ、ソフトウェア,情報処理・情報システム,10名以上50名未満,ユーザー（利用者）,5,5,5,4,1
891,2022/06/03,非公開,不動産,一般事務,50名以上100名未満,ユーザー（利用者）,5,5,5,3,3
892,2022/06/02,非公開,その他,営業・販売,500名以上750名未満,ユーザー（利用者）,4,4,5,3,5
893,2022/06/02,非公開,金融・証券・保険,営業・販売,"1,000名以上5,000名未満",ビジネスパートナー（販売代理店など）,4,4,4,4,4
894,2022/06/02,非公開,卸売・小売業・商業（商社含む）,営業・販売,"1,000名以上5,000名未満",ユーザー（利用者）,4,4,4,4,4
895,2022/06/01,非公開,情報処理、ＳＩ、ソフトウェア,情報処理・情報システム,100名以上250名未満,ユーザー（利用者）,4,4,3,4,4
896,2022/06/01,非公開,医療,一般事務,50名以上100名未満,ユーザー（利用者）,4,4,5,4,4
897,2022/05/31,非公開,情報処理、ＳＩ、ソフトウェア,情報処理・情報システム,500名以上750名未満,ユーザー（利用者）,4,4,4,5,4
898,2022/05/24,非公開,卸売・小売業・商業（商社含む）,営業・販売,10名以上50名未満,ユーザー（利用者）,2,3,3,4,3
899,2022/05/19,非公開,人材サービス,営業・販売,250名以上500名未満,ユーザー（利用者）,5,4,5,3,4
900,2022/05/19,非公開,その他,その他,"1,000名以上5,000名未満",ユーザー（利用者）,4,4,4,4,4
901,2022/05/18,非公開,放送・広告・出版・マスコミ,営業・販売,10名以上50名未満,ユーザー（利用者）,5,5,5,4,4
902,2022/05/17,非公開,建設,営業・販売,100名以上250名未満,ユーザー（利用者）,5,4,4,5,5
903,2022/05/16,非公開,通信サービス,財務・経理,"5,000名以上",ユーザー（利用者）,5,4,4,4,5
904,2022/05/12,非公開,人材サービス,営業・販売,"1,000名以上5,000名未満",ユーザー（利用者）,4,5,4,4,3
905,2022/05/10,非公開,自動車、輸送機器,総務・人事,250名以上500名未満,ユーザー（利用者）,4,4,4,3,3
906,2022/05/10,非公開,放送・広告・出版・マスコミ,広報・宣伝,100名以上250名未満,ユーザー（利用者）,5,5,5,5,5
907,2022/05/09,非公開,通信サービス,営業・販売,10名以上50名未満,ユーザー（利用者）,5,5,5,3,3
908,2022/05/09,非公開,機械、重電,配送・物流,"750名以上1,000名未満",ユーザー（利用者）,3,3,3,3,3
909,2022/05/09,非公開,飲食店・宿泊,営業・販売,"1,000名以上5,000名未満",ユーザー（利用者）,5,4,5,3,3
910,2022/05/08,非公開,卸売・小売業・商業（商社含む）,一般事務,50名以上100名未満,ユーザー（利用者）,3,3,2,2,3
911,2022/05/08,非公開,人材サービス,一般事務,"5,000名以上",ユーザー（利用者）,5,4,4,3,4
912,2022/05/08,非公開,その他,その他,"5,000名以上",ユーザー（利用者）,4,4,4,4,3
913,2022/05/07,非公開,卸売・小売業・商業（商社含む）,営業・販売,"1,000名以上5,000名未満",ユーザー（利用者）,5,5,5,5,5
914,2022/05/07,非公開,情報処理、ＳＩ、ソフトウェア,営業・販売,250名以上500名未満,ユーザー（利用者）,4,4,4,1,4
915,2022/05/07,非公開,電気、電子機器,営業・販売,"1,000名以上5,000名未満",ユーザー（利用者）,5,4,4,3,3
916,2022/05/07,非公開,その他製造,営業・販売,100名以上250名未満,ユーザー（利用者）,5,5,5,3,3
917,2022/05/07,非公開,通信サービス,一般事務,"1,000名以上5,000名未満",ユーザー（利用者）,2,2,2,1,3
918,2022/05/06,非公開,卸売・小売業・商業（商社含む）,企画・調査・マーケティング,500名以上750名未満,ユーザー（利用者）,4,4,5,4,4
919,2022/05/06,非公開,不動産,営業・販売,50名以上100名未満,ユーザー（利用者）,4,3,4,3,3
920,2022/05/06,非公開,その他,その他,250名以上500名未満,ユーザー（利用者）,5,5,5,5,5
921,2022/05/06,非公開,人材サービス,営業・販売,"5,000名以上",ユーザー（利用者）,3,2,2,3,4
922,2022/05/05,非公開,建設,専門職（建築・土木関連）,50名以上100名未満,ユーザー（利用者）,2,2,2,3,2
923,2022/05/05,非公開,自動車、輸送機器,技術・設計,100名以上250名未満,ユーザー（利用者）,4,4,4,3,4
924,2022/05/05,非公開,自動車、輸送機器,一般事務,"1,000名以上5,000名未満",ユーザー（利用者）,3,3,3,2,3
925,2022/05/05,非公開,金融・証券・保険,営業・販売,"5,000名以上",ユーザー（利用者）,5,5,5,5,3
926,2022/05/05,非公開,その他,財務・経理,"1,000名以上5,000名未満",ユーザー（利用者）,5,5,3,5,3
927,2022/05/05,非公開,卸売・小売業・商業（商社含む）,営業・販売,250名以上500名未満,ユーザー（利用者）,4,5,4,5,4
928,2022/05/04,非公開,放送・広告・出版・マスコミ,編集・編成・制作,50名以上100名未満,ユーザー（利用者）,5,5,3,5,4
929,2022/05/04,非公開,卸売・小売業・商業（商社含む）,その他,500名以上750名未満,ユーザー（利用者）,4,4,5,3,4
930,2022/05/04,非公開,金融・証券・保険,営業・販売,"1,000名以上5,000名未満",ユーザー（利用者）,5,5,5,5,5
931,2022/05/03,非公開,金融・証券・保険,営業・販売,"1,000名以上5,000名未満",ユーザー（利用者）,5,4,5,3,3
932,2022/05/03,非公開,放送・広告・出版・マスコミ,営業・販売,"1,000名以上5,000名未満",ユーザー（利用者）,4,4,4,3,3
933,2022/05/03,非公開,電気、電子機器,情報処理・情報システム,100名以上250名未満,ユーザー（利用者）,4,4,5,4,3
934,2022/05/03,非公開,その他製造,一般事務,50名以上100名未満,ユーザー（利用者）,3,3,3,3,3
935,2022/05/03,非公開,情報処理、ＳＩ、ソフトウェア,情報処理・情報システム,"1,000名以上5,000名未満",ユーザー（利用者）,5,5,5,3,3
936,2022/05/02,非公開,金融・証券・保険,一般事務,"1,000名以上5,000名未満",ユーザー（利用者）,4,4,5,4,1
937,2022/05/02,非公開,金融・証券・保険,営業・販売,"1,000名以上5,000名未満",ユーザー（利用者）,4,4,5,4,4
938,2022/05/02,非公開,機械、重電,生産・製造,500名以上750名未満,ユーザー（利用者）,4,3,3,3,4
939,2022/05/01,非公開,コンサル・会計・法律関連,一般事務,10名以上50名未満,ユーザー（利用者）,4,4,5,4,4
940,2022/05/01,非公開,卸売・小売業・商業（商社含む）,営業・販売,10名以上50名未満,ユーザー（利用者）,3,3,4,2,2
941,2022/04/27,非公開,コンサル・会計・法律関連,経営者・役員,10名未満,ユーザー（利用者）,5,5,5,4,4
942,2022/04/26,非公開,建設,一般事務,100名以上250名未満,ユーザー（利用者）,4,4,5,4,4
943,2022/04/22,非公開,不動産,一般事務,"5,000名以上",ユーザー（利用者）,5,5,5,4,3
944,2022/04/21,非公開,運輸,財務・経理,"1,000名以上5,000名未満",ユーザー（利用者）,4,4,4,4,4
945,2022/04/21,非公開,卸売・小売業・商業（商社含む）,広報・宣伝,10名以上50名未満,ユーザー（利用者）,4,4,4,2,3
946,2022/04/21,非公開,卸売・小売業・商業（商社含む）,総務・人事,100名以上250名未満,ユーザー（利用者）,4,4,4,3,4
947,2022/04/20,非公開,医療,技術・設計,100名以上250名未満,ユーザー（利用者）,3,3,3,3,3
948,2022/04/19,非公開,人材サービス,営業・販売,"1,000名以上5,000名未満",ユーザー（利用者）,4,4,3,3,3
949,2022/04/19,非公開,人材サービス,営業・販売,"1,000名以上5,000名未満",ユーザー（利用者）,4,3,4,4,3
950,2022/04/19,株式会社パソナ,人材サービス,営業・販売,"5,000名以上",ユーザー（利用者）,5,4,4,4,3
951,2022/04/19,非公開,情報処理、ＳＩ、ソフトウェア,情報処理・情報システム,500名以上750名未満,ユーザー（利用者）,5,4,4,1,1
952,2022/04/19,非公開,電気、電子機器,総務・人事,50名以上100名未満,IT管理者,3,3,3,4,4
953,2022/04/19,非公開,電気、電子機器,財務・経理,500名以上750名未満,ユーザー（利用者）,4,3,4,3,5
954,2022/04/19,非公開,その他,研究・開発,"1,000名以上5,000名未満",ユーザー（利用者）,4,4,4,2,2
955,2022/04/19,非公開,飲食店・宿泊,広報・宣伝,250名以上500名未満,ユーザー（利用者）,5,4,3,4,4
956,2022/04/19,非公開,食品、医薬、化粧品,その他,"1,000名以上5,000名未満",ユーザー（利用者）,5,4,4,3,2
957,2022/04/18,非公開,不動産,一般事務,250名以上500名未満,ユーザー（利用者）,4,4,4,4,4
958,2022/04/16,非公開,金融・証券・保険,その他,250名以上500名未満,ユーザー（利用者）,4,5,5,4,5
959,2022/04/14,非公開,その他,技術・設計,250名以上500名未満,ユーザー（利用者）,3,3,3,3,3
960,2022/04/10,非公開,情報処理、ＳＩ、ソフトウェア,総務・人事,"1,000名以上5,000名未満",ユーザー（利用者）,5,5,5,5,5
961,2022/04/10,非公開,その他製造,一般事務,"5,000名以上",ユーザー（利用者）,4,3,3,3,4
962,2022/04/10,非公開,卸売・小売業・商業（商社含む）,財務・経理,250名以上500名未満,ユーザー（利用者）,5,5,5,5,5
963,2022/04/10,非公開,卸売・小売業・商業（商社含む）,一般事務,"750名以上1,000名未満",ユーザー（利用者）,3,3,4,4,4
964,2022/04/10,非公開,コンサル・会計・法律関連,企画・調査・マーケティング,10名以上50名未満,ユーザー（利用者）,3,4,3,3,3
965,2022/04/09,非公開,卸売・小売業・商業（商社含む）,総務・人事,"1,000名以上5,000名未満",ユーザー（利用者）,4,3,3,4,4
966,2022/04/09,非公開,情報処理、ＳＩ、ソフトウェア,情報処理・情報システム,"1,000名以上5,000名未満",ユーザー（利用者）,4,3,5,3,3
967,2022/04/09,非公開,食品、医薬、化粧品,一般事務,"1,000名以上5,000名未満",ユーザー（利用者）,5,4,4,4,5
968,2022/04/08,非公開,飲食店・宿泊,営業・販売,"1,000名以上5,000名未満",ユーザー（利用者）,5,5,5,5,3
969,2022/04/07,非公開,卸売・小売業・商業（商社含む）,営業・販売,"5,000名以上",ユーザー（利用者）,4,5,5,5,5
970,2022/04/07,非公開,卸売・小売業・商業（商社含む）,生産・製造,"1,000名以上5,000名未満",ユーザー（利用者）,4,4,4,3,3
971,2022/04/07,非公開,不動産,広報・宣伝,250名以上500名未満,ユーザー（利用者）,3,3,3,1,5
972,2022/04/07,非公開,機械、重電,情報処理・情報システム,250名以上500名未満,IT管理者,4,4,4,4,3
973,2022/04/07,非公開,不動産,企画・調査・マーケティング,100名以上250名未満,ユーザー（利用者）,4,3,3,3,3
974,2022/04/06,非公開,情報処理、ＳＩ、ソフトウェア,技術・設計,100名以上250名未満,ユーザー（利用者）,4,4,3,4,3
975,2022/04/06,非公開,放送・広告・出版・マスコミ,資材・購買,100名以上250名未満,ユーザー（利用者）,4,4,4,5,5
976,2022/04/06,非公開,情報処理、ＳＩ、ソフトウェア,一般事務,"1,000名以上5,000名未満",ユーザー（利用者）,4,4,4,4,4
977,2022/04/06,非公開,建設,技術・設計,"1,000名以上5,000名未満",ユーザー（利用者）,3,3,3,3,2
978,2022/04/05,非公開,医療,営業・販売,"1,000名以上5,000名未満",ユーザー（利用者）,5,4,5,4,4
979,2022/04/05,非公開,不動産,一般事務,50名以上100名未満,ユーザー（利用者）,3,3,3,3,3
980,2022/04/05,非公開,自動車、輸送機器,技術・設計,100名以上250名未満,ユーザー（利用者）,5,5,4,5,5
981,2022/04/05,非公開,情報処理、ＳＩ、ソフトウェア,営業・販売,50名以上100名未満,ユーザー（利用者）,4,4,4,3,4
982,2022/04/05,非公開,食品、医薬、化粧品,情報処理・情報システム,"1,000名以上5,000名未満",IT管理者,4,4,4,2,4
983,2022/04/05,非公開,その他製造,営業・販売,10名未満,ユーザー（利用者）,5,4,4,4,5
984,2022/04/04,非公開,建設,経営企画,50名以上100名未満,導入決定者,5,5,4,4,5
985,2022/04/04,非公開,放送・広告・出版・マスコミ,一般事務,"1,000名以上5,000名未満",ユーザー（利用者）,4,4,5,4,4
986,2022/04/04,非公開,人材サービス,一般事務,"1,000名以上5,000名未満",ユーザー（利用者）,5,4,4,4,4
987,2022/04/04,非公開,その他,営業・販売,250名以上500名未満,ユーザー（利用者）,5,5,5,5,5
988,2022/04/04,非公開,不動産,一般事務,50名以上100名未満,ユーザー（利用者）,5,5,4,5,5
989,2022/04/04,非公開,建設,一般事務,"1,000名以上5,000名未満",ユーザー（利用者）,4,4,5,3,3
990,2022/04/03,非公開,その他製造,研究・開発,"1,000名以上5,000名未満",ユーザー（利用者）,3,3,2,3,3
991,2022/04/03,非公開,その他製造,一般事務,500名以上750名未満,ユーザー（利用者）,4,4,4,3,4
992,2022/04/03,非公開,食品、医薬、化粧品,情報処理・情報システム,"1,000名以上5,000名未満",ユーザー（利用者）,4,4,3,3,4
993,2022/04/02,非公開,卸売・小売業・商業（商社含む）,財務・経理,50名以上100名未満,IT管理者,5,4,5,4,5
994,2022/04/02,非公開,情報処理、ＳＩ、ソフトウェア,情報処理・情報システム,250名以上500名未満,ユーザー（利用者）,5,5,5,4,5
995,2022/04/02,非公開,卸売・小売業・商業（商社含む）,営業・販売,50名以上100名未満,ユーザー（利用者）,5,5,5,4,4
996,2022/04/01,非公開,その他,広報・宣伝,50名以上100名未満,ユーザー（利用者）,4,4,4,3,3
997,2022/04/01,非公開,食品、医薬、化粧品,生産・製造,250名以上500名未満,ユーザー（利用者）,4,4,4,3,3
998,2022/04/01,非公開,卸売・小売業・商業（商社含む）,総務・人事,"1,000名以上5,000名未満",ユーザー（利用者）,5,4,5,4,4
999,2022/04/01,非公開,医療,営業・販売,50名以上100名未満,ユーザー（利用者）,5,4,3,3,3
1000,2022/03/31,非公開,食品、医薬、化粧品,配送・物流,10名以上50名未満,ユーザー（利用者）,3,4,4,3,3
1001,2022/03/31,非公開,その他,情報処理・情報システム,250名以上500名未満,IT管理者,5,5,5,5,5
1002,2022/03/27,非公開,不動産,一般事務,"750名以上1,000名未満",ユーザー（利用者）,5,5,5,1,1
1003,2022/03/26,非公開,情報処理、ＳＩ、ソフトウェア,情報処理・情報システム,100名以上250名未満,ユーザー（利用者）,3,3,2,5,3
1004,2022/03/25,非公開,卸売・小売業・商業（商社含む）,企画・調査・マーケティング,250名以上500名未満,ユーザー（利用者）,4,4,3,3,4
1005,2022/03/25,非公開,コンサル・会計・法律関連,情報処理・情報システム,100名以上250名未満,ユーザー（利用者）,3,3,3,3,3
1006,2022/03/25,非公開,卸売・小売業・商業（商社含む）,営業・販売,50名以上100名未満,ユーザー（利用者）,4,4,4,3,4
1007,2022/03/23,非公開,食品、医薬、化粧品,総務・人事,"5,000名以上",ユーザー（利用者）,3,4,4,3,3
1008,2022/03/23,非公開,卸売・小売業・商業（商社含む）,営業・販売,50名以上100名未満,ユーザー（利用者）,3,3,3,3,3
1009,2022/03/23,非公開,建設,財務・経理,100名以上250名未満,導入決定者,4,4,4,4,5
1010,2022/03/23,非公開,その他製造,財務・経理,500名以上750名未満,導入決定者,4,4,3,3,4
1011,2022/03/21,非公開,通信サービス,財務・経理,50名以上100名未満,ユーザー（利用者）,3,4,3,2,4
1012,2022/03/20,非公開,金融・証券・保険,営業・販売,"5,000名以上",ユーザー（利用者）,5,5,5,5,5
1013,2022/03/19,非公開,その他,その他,100名以上250名未満,ユーザー（利用者）,5,3,3,5,4
1014,2022/03/18,非公開,卸売・小売業・商業（商社含む）,営業・販売,50名以上100名未満,ユーザー（利用者）,4,4,4,3,3
1015,2022/03/17,非公開,情報処理、ＳＩ、ソフトウェア,情報処理・情報システム,100名以上250名未満,ユーザー（利用者）,4,4,3,3,3
1016,2022/03/15,非公開,食品、医薬、化粧品,研究・開発,"750名以上1,000名未満",ユーザー（利用者）,1,1,1,3,3
1017,2022/03/15,非公開,人材サービス,総務・人事,500名以上750名未満,ユーザー（利用者）,4,4,4,3,4
1018,2022/03/15,非公開,建設,財務・経理,50名以上100名未満,導入決定者,4,4,4,4,4
1019,2022/03/15,非公開,建設,経営者・役員,50名以上100名未満,ユーザー（利用者）,3,3,3,3,3
1020,2022/03/15,非公開,素材,財務・経理,100名以上250名未満,導入決定者,5,5,5,5,5
1021,2022/03/15,非公開,電気、電子機器,企画・調査・マーケティング,50名以上100名未満,ユーザー（利用者）,4,3,4,2,3
1022,2022/03/15,非公開,介護・福祉,その他,"1,000名以上5,000名未満",ユーザー（利用者）,5,5,5,3,3
1023,2022/03/15,非公開,人材サービス,営業・販売,100名以上250名未満,ユーザー（利用者）,4,4,3,3,3
1024,2022/03/14,非公開,卸売・小売業・商業（商社含む）,営業・販売,100名以上250名未満,ユーザー（利用者）,5,5,5,5,4
1025,2022/03/14,非公開,医療,営業・販売,100名以上250名未満,ユーザー（利用者）,5,4,5,4,4
1026,2022/03/14,非公開,その他,財務・経理,250名以上500名未満,ユーザー（利用者）,5,4,5,4,5
1027,2022/03/14,非公開,その他,経営企画,10名以上50名未満,IT管理者,4,4,5,3,3
1028,2022/03/14,株式会社ワイ・ディ・シー,情報処理、ＳＩ、ソフトウェア,営業・販売,250名以上500名未満,ユーザー（利用者）,5,5,5,4,5
1029,2022/03/14,非公開,建設,財務・経理,10名以上50名未満,ユーザー（利用者）,5,4,4,5,5
1030,2022/03/14,非公開,放送・広告・出版・マスコミ,財務・経理,500名以上750名未満,IT管理者,4,4,4,3,4
1031,2022/03/14,非公開,その他,財務・経理,100名以上250名未満,導入決定者,4,3,3,3,3
1032,2022/03/14,非公開,情報処理、ＳＩ、ソフトウェア,情報処理・情報システム,"750名以上1,000名未満",ユーザー（利用者）,4,4,4,4,4
1033,2022/03/14,非公開,食品、医薬、化粧品,財務・経理,100名以上250名未満,ユーザー（利用者）,5,5,5,5,4
1034,2022/03/14,非公開,卸売・小売業・商業（商社含む）,財務・経理,250名以上500名未満,導入決定者,4,3,3,3,5
1035,2022/03/14,非公開,機械、重電,生産・製造,"1,000名以上5,000名未満",ユーザー（利用者）,5,5,5,5,5
1036,2022/03/14,非公開,建設,情報処理・情報システム,250名以上500名未満,導入決定者,4,3,4,3,3
1037,2022/03/14,非公開,放送・広告・出版・マスコミ,財務・経理,50名以上100名未満,IT管理者,5,4,4,3,3
1038,2022/03/14,非公開,教育・教育学習支援関係,総務・人事,250名以上500名未満,IT管理者,4,4,4,3,4
1039,2022/03/14,非公開,運輸,総務・人事,10名以上50名未満,IT管理者,4,3,4,5,5
1040,2022/03/14,非公開,卸売・小売業・商業（商社含む）,財務・経理,10名以上50名未満,ユーザー（利用者）,4,4,5,4,4
1041,2022/03/14,非公開,電気、電子機器,情報処理・情報システム,100名以上250名未満,導入決定者,4,4,4,4,4
1042,2022/03/14,非公開,卸売・小売業・商業（商社含む）,財務・経理,100名以上250名未満,導入決定者,5,4,5,4,5
1043,2022/03/14,社会福祉法人兵庫県社会福祉協議会,介護・福祉,総務・人事,100名以上250名未満,IT管理者,5,5,5,5,5
1044,2022/03/14,非公開,その他,財務・経理,50名以上100名未満,ユーザー（利用者）,4,4,3,3,4
1045,2022/03/14,非公開,その他,一般事務,10名以上50名未満,IT管理者,3,3,3,3,4
1046,2022/03/14,非公開,通信サービス,財務・経理,10名未満,導入決定者,5,5,5,2,3
1047,2022/03/14,非公開,人材サービス,営業・販売,100名以上250名未満,ユーザー（利用者）,5,4,5,5,4
1048,2022/03/14,非公開,電気、電子機器,営業・販売,"1,000名以上5,000名未満",ユーザー（利用者）,4,3,3,3,3
1049,2022/03/14,非公開,その他,経営企画,"1,000名以上5,000名未満",ユーザー（利用者）,4,4,5,4,3
1050,2022/03/14,非公開,建設,営業・販売,250名以上500名未満,ユーザー（利用者）,3,3,3,3,3
1051,2022/03/14,非公開,その他,その他,10名以上50名未満,ユーザー（利用者）,4,3,3,3,3
1052,2022/03/14,非公開,情報処理、ＳＩ、ソフトウェア,情報処理・情報システム,50名以上100名未満,ユーザー（利用者）,4,4,4,4,3
1053,2022/03/14,非公開,情報処理、ＳＩ、ソフトウェア,営業・販売,100名以上250名未満,ユーザー（利用者）,4,4,4,4,4
1054,2022/03/13,非公開,放送・広告・出版・マスコミ,営業・販売,250名以上500名未満,ユーザー（利用者）,4,4,4,3,3
1055,2022/03/13,非公開,人材サービス,営業・販売,10名以上50名未満,ユーザー（利用者）,4,4,5,4,3
1056,2022/03/12,非公開,食品、医薬、化粧品,研究・開発,"1,000名以上5,000名未満",ユーザー（利用者）,5,5,5,4,5
1057,2022/03/12,非公開,建設,一般事務,250名以上500名未満,ユーザー（利用者）,4,4,4,4,4
1058,2022/03/11,非公開,飲食店・宿泊,広報・宣伝,250名以上500名未満,ユーザー（利用者）,5,5,5,5,3
1059,2022/03/11,非公開,不動産,専門職（建築・土木関連）,500名以上750名未満,ユーザー（利用者）,4,5,5,3,3
1060,2022/03/11,非公開,食品、医薬、化粧品,営業・販売,500名以上750名未満,ユーザー（利用者）,3,4,2,4,3
1061,2022/03/11,非公開,電気、電子機器,財務・経理,"5,000名以上",ユーザー（利用者）,4,5,4,3,4
1062,2022/03/11,非公開,通信サービス,情報処理・情報システム,"750名以上1,000名未満",ユーザー（利用者）,4,4,4,5,3
1063,2022/03/11,非公開,食品、医薬、化粧品,企画・調査・マーケティング,"1,000名以上5,000名未満",ユーザー（利用者）,3,3,3,2,3
1064,2022/03/11,非公開,その他製造,一般事務,250名以上500名未満,ユーザー（利用者）,4,3,4,4,1
1065,2022/03/10,非公開,素材,営業・販売,500名以上750名未満,ユーザー（利用者）,3,3,2,3,4
1066,2022/03/10,非公開,医療,専門職（医療関連）,"1,000名以上5,000名未満",ユーザー（利用者）,3,3,3,3,3
1067,2022/03/10,非公開,その他製造,総務・人事,100名以上250名未満,ユーザー（利用者）,4,4,4,3,3
1068,2022/03/10,非公開,卸売・小売業・商業（商社含む）,営業・販売,"5,000名以上",ユーザー（利用者）,4,3,3,3,5
1069,2022/03/10,非公開,機械、重電,専門職（法律関連）,250名以上500名未満,ユーザー（利用者）,3,3,3,3,3
1070,2022/03/10,非公開,卸売・小売業・商業（商社含む）,営業・販売,"5,000名以上",ユーザー（利用者）,4,4,4,4,4
1071,2022/03/09,非公開,卸売・小売業・商業（商社含む）,一般事務,"1,000名以上5,000名未満",ユーザー（利用者）,3,3,3,2,2
1072,2022/03/09,非公開,情報処理、ＳＩ、ソフトウェア,総務・人事,250名以上500名未満,ユーザー（利用者）,4,5,5,4,5
1073,2022/03/09,非公開,素材,研究・開発,"1,000名以上5,000名未満",ユーザー（利用者）,3,4,4,3,3
1074,2022/03/09,非公開,電気、電子機器,技術・設計,500名以上750名未満,ユーザー（利用者）,3,4,3,3,3
1075,2022/03/09,非公開,情報処理、ＳＩ、ソフトウェア,財務・経理,250名以上500名未満,導入決定者,4,4,4,5,4
1076,2022/03/08,非公開,不動産,財務・経理,250名以上500名未満,導入決定者,5,4,4,4,4
1077,2022/03/08,非公開,飲食店・宿泊,営業・販売,250名以上500名未満,ユーザー（利用者）,5,5,5,3,3
1078,2022/03/07,非公開,不動産,財務・経理,"1,000名以上5,000名未満",ユーザー（利用者）,2,3,2,2,3
1079,2022/03/07,非公開,その他,財務・経理,100名以上250名未満,ユーザー（利用者）,3,3,4,3,3
1080,2022/03/07,非公開,人材サービス,営業・販売,500名以上750名未満,ユーザー（利用者）,5,5,5,5,5
1081,2022/03/06,非公開,食品、医薬、化粧品,生産・製造,500名以上750名未満,ユーザー（利用者）,3,4,2,3,3
1082,2022/03/06,非公開,その他製造,財務・経理,100名以上250名未満,導入決定者,5,4,4,5,4
1083,2022/03/06,非公開,その他製造,営業・販売,"750名以上1,000名未満",ユーザー（利用者）,5,5,5,5,5
1084,2022/03/06,非公開,飲食店・宿泊,営業・販売,"1,000名以上5,000名未満",ユーザー（利用者）,5,5,4,5,4
1085,2022/03/06,非公開,食品、医薬、化粧品,企画・調査・マーケティング,"1,000名以上5,000名未満",ユーザー（利用者）,5,4,4,3,3
1086,2022/03/06,非公開,情報処理、ＳＩ、ソフトウェア,営業・販売,"1,000名以上5,000名未満",ビジネスパートナー（販売代理店など）,5,5,5,5,5
1087,2022/03/06,非公開,建設,技術・設計,250名以上500名未満,ユーザー（利用者）,5,4,4,3,4
1088,2022/03/05,非公開,医療,財務・経理,10名以上50名未満,ユーザー（利用者）,4,4,4,4,3
1089,2022/03/05,非公開,通信サービス,情報処理・情報システム,"1,000名以上5,000名未満",導入決定者,4,4,4,4,4
1090,2022/03/04,非公開,エネルギー,一般事務,250名以上500名未満,ユーザー（利用者）,4,3,4,3,3
1091,2022/03/04,非公開,情報処理、ＳＩ、ソフトウェア,営業・販売,100名以上250名未満,ユーザー（利用者）,3,4,3,3,3
1092,2022/03/03,非公開,機械、重電,営業・販売,"1,000名以上5,000名未満",ユーザー（利用者）,4,4,4,4,4
1093,2022/03/03,非公開,機械、重電,営業・販売,100名以上250名未満,ユーザー（利用者）,4,4,5,3,3
1094,2022/03/03,非公開,卸売・小売業・商業（商社含む）,営業・販売,100名以上250名未満,ユーザー（利用者）,3,3,3,3,3
1095,2022/03/02,非公開,建設,専門職（建築・土木関連）,100名以上250名未満,ユーザー（利用者）,4,3,3,4,3
1096,2022/03/02,非公開,食品、医薬、化粧品,財務・経理,100名以上250名未満,ユーザー（利用者）,4,4,4,4,3
1097,2022/03/02,非公開,電気、電子機器,生産・製造,"1,000名以上5,000名未満",ユーザー（利用者）,4,4,4,4,3
1098,2022/03/02,非公開,卸売・小売業・商業（商社含む）,営業・販売,"1,000名以上5,000名未満",ユーザー（利用者）,3,3,3,3,3
1099,2022/03/02,非公開,その他,営業・販売,"1,000名以上5,000名未満",ユーザー（利用者）,3,3,3,3,3
1100,2022/03/02,非公開,機械、重電,営業・販売,"1,000名以上5,000名未満",ユーザー（利用者）,4,4,4,3,3
1101,2022/03/02,非公開,卸売・小売業・商業（商社含む）,一般事務,100名以上250名未満,ユーザー（利用者）,5,5,5,5,5
1102,2022/03/02,非公開,その他,総務・人事,500名以上750名未満,ユーザー（利用者）,4,4,4,3,5
1103,2022/03/02,非公開,その他製造,営業・販売,50名以上100名未満,ユーザー（利用者）,5,4,4,4,4
1104,2022/03/01,非公開,不動産,その他,10名未満,ユーザー（利用者）,4,4,4,4,4
1105,2022/03/01,非公開,卸売・小売業・商業（商社含む）,技術・設計,10名以上50名未満,ユーザー（利用者）,5,5,5,3,3
1106,2022/03/01,非公開,医療,専門職（医療関連）,"5,000名以上",ユーザー（利用者）,5,5,5,5,5
1107,2022/02/28,非公開,情報処理、ＳＩ、ソフトウェア,営業・販売,500名以上750名未満,ユーザー（利用者）,5,4,4,4,4
1108,2022/02/28,非公開,自動車、輸送機器,技術・設計,"750名以上1,000名未満",ユーザー（利用者）,3,4,4,2,3
1109,2022/02/28,非公開,その他,編集・編成・制作,100名以上250名未満,ユーザー（利用者）,5,4,4,4,5
1110,2022/02/28,非公開,情報処理、ＳＩ、ソフトウェア,情報処理・情報システム,100名以上250名未満,ユーザー（利用者）,5,4,4,4,3
1111,2022/02/27,非公開,その他製造,財務・経理,100名以上250名未満,ユーザー（利用者）,4,4,5,3,4
1112,2022/02/27,非公開,人材サービス,一般事務,"1,000名以上5,000名未満",ユーザー（利用者）,5,5,5,3,3
1113,2022/02/27,非公開,通信サービス,編集・編成・制作,100名以上250名未満,ユーザー（利用者）,4,4,4,4,3
1114,2022/02/27,非公開,卸売・小売業・商業（商社含む）,研究・開発,50名以上100名未満,ユーザー（利用者）,3,3,4,3,3
1115,2022/02/27,非公開,公務員（教員を除く）,専門職（法律関連）,"1,000名以上5,000名未満",ユーザー（利用者）,4,4,4,4,4
1116,2022/02/27,非公開,その他製造,経営企画,100名以上250名未満,ユーザー（利用者）,3,3,2,4,3
1117,2022/02/27,非公開,介護・福祉,一般事務,"1,000名以上5,000名未満",ユーザー（利用者）,5,4,5,5,5
1118,2022/02/27,非公開,建設,営業・販売,50名以上100名未満,ユーザー（利用者）,3,3,3,1,4
1119,2022/02/27,非公開,その他,財務・経理,100名以上250名未満,ユーザー（利用者）,5,5,4,5,4
1120,2022/02/27,非公開,卸売・小売業・商業（商社含む）,営業・販売,100名以上250名未満,ユーザー（利用者）,5,5,5,5,5
1121,2022/02/26,非公開,情報処理、ＳＩ、ソフトウェア,営業・販売,250名以上500名未満,ユーザー（利用者）,5,5,5,5,5
1122,2022/02/26,非公開,情報処理、ＳＩ、ソフトウェア,技術・設計,100名以上250名未満,ユーザー（利用者）,4,4,4,4,3
1123,2022/02/26,非公開,教育・教育学習支援関係,技術・設計,"5,000名以上",ユーザー（利用者）,3,3,3,3,3
1124,2022/02/26,非公開,食品、医薬、化粧品,一般事務,"1,000名以上5,000名未満",ユーザー（利用者）,4,4,4,3,3
1125,2022/02/26,非公開,電気、電子機器,生産・製造,500名以上750名未満,ユーザー（利用者）,3,3,4,3,2
1126,2022/02/25,非公開,情報処理、ＳＩ、ソフトウェア,営業・販売,100名以上250名未満,ユーザー（利用者）,5,5,5,5,5
1127,2022/02/25,非公開,その他製造,経営者・役員,10名以上50名未満,ユーザー（利用者）,3,3,3,3,4
1128,2022/02/25,非公開,教育・教育学習支援関係,営業・販売,250名以上500名未満,ユーザー（利用者）,3,3,3,3,3
1129,2022/02/25,非公開,飲食店・宿泊,営業・販売,500名以上750名未満,ユーザー（利用者）,4,4,4,3,3
1130,2022/02/25,非公開,情報処理、ＳＩ、ソフトウェア,企画・調査・マーケティング,"750名以上1,000名未満",ユーザー（利用者）,4,4,4,4,4
1131,2022/02/25,非公開,情報処理、ＳＩ、ソフトウェア,情報処理・情報システム,100名以上250名未満,ユーザー（利用者）,2,2,1,2,2
1132,2022/02/25,非公開,その他,その他,100名以上250名未満,ユーザー（利用者）,3,3,3,2,3
1133,2022/02/24,非公開,金融・証券・保険,営業・販売,50名以上100名未満,ユーザー（利用者）,4,2,2,1,3
1134,2022/02/24,非公開,自動車、輸送機器,経営企画,"750名以上1,000名未満",ユーザー（利用者）,4,4,3,4,5
1135,2022/02/24,非公開,食品、医薬、化粧品,一般事務,"5,000名以上",ユーザー（利用者）,5,5,5,5,5
1136,2022/02/24,非公開,卸売・小売業・商業（商社含む）,営業・販売,"1,000名以上5,000名未満",ユーザー（利用者）,4,3,4,4,3
1137,2022/02/24,非公開,情報処理、ＳＩ、ソフトウェア,一般事務,50名以上100名未満,ユーザー（利用者）,3,3,3,3,4
1138,2022/02/24,非公開,その他,研究・開発,10名以上50名未満,IT管理者,5,4,5,3,3
1139,2022/02/24,非公開,卸売・小売業・商業（商社含む）,営業・販売,250名以上500名未満,ユーザー（利用者）,5,5,5,5,5
1140,2022/02/24,非公開,人材サービス,営業・販売,"1,000名以上5,000名未満",ユーザー（利用者）,5,5,5,5,3
1141,2022/02/23,非公開,卸売・小売業・商業（商社含む）,営業・販売,100名以上250名未満,ユーザー（利用者）,4,3,4,3,3
1142,2022/02/23,非公開,不動産,営業・販売,"1,000名以上5,000名未満",ユーザー（利用者）,4,5,3,4,3
1143,2022/02/23,非公開,卸売・小売業・商業（商社含む）,営業・販売,100名以上250名未満,ユーザー（利用者）,5,5,5,5,5
1144,2022/02/23,非公開,機械、重電,財務・経理,250名以上500名未満,ユーザー（利用者）,3,2,2,3,2
1145,2022/02/23,非公開,食品、医薬、化粧品,営業・販売,100名以上250名未満,ユーザー（利用者）,5,4,4,3,4
1146,2022/02/23,非公開,食品、医薬、化粧品,営業・販売,500名以上750名未満,ユーザー（利用者）,5,5,5,4,4
1147,2022/02/23,非公開,旅行,財務・経理,100名以上250名未満,導入決定者,4,4,4,5,4
1148,2022/02/23,WILLER株式会社,旅行,一般事務,"750名以上1,000名未満",ユーザー（利用者）,4,2,3,3,3
1149,2022/02/23,非公開,放送・広告・出版・マスコミ,企画・調査・マーケティング,100名以上250名未満,ユーザー（利用者）,4,4,3,1,3
1150,2022/02/23,非公開,その他製造,生産・製造,"1,000名以上5,000名未満",ユーザー（利用者）,4,4,5,3,5
1151,2022/02/23,非公開,その他,その他,"5,000名以上",ユーザー（利用者）,2,3,1,1,1
1152,2022/02/23,非公開,不動産,一般事務,10名以上50名未満,ユーザー（利用者）,1,1,1,1,1
1153,2022/02/22,ダイドードリンコ株式会社,食品、医薬、化粧品,営業・販売,"750名以上1,000名未満",ユーザー（利用者）,4,4,4,4,5
1154,2022/02/22,非公開,教育・教育学習支援関係,一般事務,10名未満,ユーザー（利用者）,3,3,4,4,3
1155,2022/02/22,非公開,その他,営業・販売,"1,000名以上5,000名未満",ユーザー（利用者）,5,5,5,5,5
1156,2022/02/22,非公開,建設,総務・人事,100名以上250名未満,ユーザー（利用者）,4,4,5,3,5
1157,2022/02/22,非公開,その他,その他,"1,000名以上5,000名未満",ユーザー（利用者）,4,4,4,4,1
1158,2022/02/22,非公開,情報処理、ＳＩ、ソフトウェア,一般事務,50名以上100名未満,ユーザー（利用者）,5,5,4,5,4
1159,2022/02/22,非公開,食品、医薬、化粧品,総務・人事,"1,000名以上5,000名未満",ユーザー（利用者）,5,4,3,4,4
1160,2022/02/22,非公開,機械、重電,経営企画,"1,000名以上5,000名未満",ユーザー（利用者）,3,3,3,3,3
1161,2022/02/22,非公開,人材サービス,一般事務,"5,000名以上",ユーザー（利用者）,4,4,3,3,4
1162,2022/02/22,非公開,食品、医薬、化粧品,営業・販売,500名以上750名未満,ユーザー（利用者）,3,3,3,3,3
1163,2022/02/21,非公開,介護・福祉,営業・販売,250名以上500名未満,ユーザー（利用者）,4,4,3,3,3
1164,2022/02/21,非公開,その他製造,営業・販売,100名以上250名未満,ユーザー（利用者）,4,4,4,3,3
1165,2022/02/21,非公開,自動車、輸送機器,一般事務,250名以上500名未満,ユーザー（利用者）,5,5,5,5,4
1166,2022/02/21,非公開,その他製造,研究・開発,500名以上750名未満,ユーザー（利用者）,4,4,5,3,3
1167,2022/02/21,非公開,情報処理、ＳＩ、ソフトウェア,営業・販売,100名以上250名未満,ユーザー（利用者）,4,3,3,3,3
1168,2022/02/21,非公開,卸売・小売業・商業（商社含む）,総務・人事,100名以上250名未満,ユーザー（利用者）,3,3,3,3,3
1169,2022/02/20,非公開,放送・広告・出版・マスコミ,その他,10名以上50名未満,ユーザー（利用者）,5,4,3,3,4
1170,2022/02/20,非公開,建設,専門職（建築・土木関連）,100名以上250名未満,ユーザー（利用者）,5,5,5,5,5
1171,2022/02/20,非公開,電気、電子機器,その他,"750名以上1,000名未満",ユーザー（利用者）,4,4,3,5,4
1172,2022/02/20,非公開,卸売・小売業・商業（商社含む）,総務・人事,"1,000名以上5,000名未満",ユーザー（利用者）,4,4,4,4,3
1173,2022/02/20,非公開,建設,総務・人事,"1,000名以上5,000名未満",ユーザー（利用者）,3,3,4,4,4
1174,2022/02/20,非公開,情報処理、ＳＩ、ソフトウェア,営業・販売,50名以上100名未満,ユーザー（利用者）,4,3,4,3,3
1175,2022/02/20,非公開,卸売・小売業・商業（商社含む）,広報・宣伝,"5,000名以上",ユーザー（利用者）,4,3,5,4,3
1176,2022/02/20,非公開,放送・広告・出版・マスコミ,企画・調査・マーケティング,10名未満,ユーザー（利用者）,3,3,3,3,2
1177,2022/02/20,非公開,卸売・小売業・商業（商社含む）,営業・販売,250名以上500名未満,ユーザー（利用者）,4,4,4,4,4
1178,2022/02/20,非公開,不動産,営業・販売,250名以上500名未満,ユーザー（利用者）,4,3,4,4,4
1179,2022/02/19,非公開,卸売・小売業・商業（商社含む）,営業・販売,100名以上250名未満,ユーザー（利用者）,4,4,4,3,3
1180,2022/02/19,非公開,卸売・小売業・商業（商社含む）,営業・販売,50名以上100名未満,ユーザー（利用者）,4,4,4,4,4
1181,2022/02/19,非公開,建設,財務・経理,100名以上250名未満,導入決定者,3,2,2,3,2
1182,2022/02/18,非公開,金融・証券・保険,経営企画,10名以上50名未満,ユーザー（利用者）,4,4,4,4,4
1183,2022/02/18,非公開,卸売・小売業・商業（商社含む）,一般事務,10名以上50名未満,ユーザー（利用者）,5,4,5,4,3
1184,2022/02/18,非公開,情報処理、ＳＩ、ソフトウェア,企画・調査・マーケティング,"1,000名以上5,000名未満",ユーザー（利用者）,4,4,4,3,3
1185,2022/02/18,非公開,情報処理、ＳＩ、ソフトウェア,技術・設計,250名以上500名未満,IT管理者,4,4,4,3,3
1186,2022/02/18,非公開,卸売・小売業・商業（商社含む）,営業・販売,250名以上500名未満,ユーザー（利用者）,3,2,1,4,4
1187,2022/02/18,非公開,その他,経営者・役員,10名未満,ユーザー（利用者）,5,5,5,5,5
1188,2022/02/17,非公開,不動産,営業・販売,"1,000名以上5,000名未満",ユーザー（利用者）,5,5,5,5,4
1189,2022/02/17,非公開,その他製造,営業・販売,50名以上100名未満,ユーザー（利用者）,4,4,3,5,5
1190,2022/02/17,非公開,その他製造,営業・販売,"5,000名以上",ユーザー（利用者）,4,4,4,5,4
1191,2022/02/17,非公開,その他,財務・経理,50名以上100名未満,ユーザー（利用者）,4,4,5,3,5
1192,2022/02/17,非公開,エネルギー,営業・販売,10名以上50名未満,ユーザー（利用者）,1,1,3,3,3
1193,2022/02/17,非公開,人材サービス,企画・調査・マーケティング,500名以上750名未満,ユーザー（利用者）,5,5,5,5,5
1194,2022/02/17,非公開,素材,広報・宣伝,"1,000名以上5,000名未満",ユーザー（利用者）,5,5,5,4,4
1195,2022/02/17,非公開,情報処理、ＳＩ、ソフトウェア,総務・人事,100名以上250名未満,ユーザー（利用者）,5,5,5,3,3
1196,2022/02/16,非公開,その他,総務・人事,500名以上750名未満,ユーザー（利用者）,4,4,3,3,3
1197,2022/02/16,非公開,情報処理、ＳＩ、ソフトウェア,情報処理・情報システム,250名以上500名未満,ユーザー（利用者）,4,4,4,4,4
1198,2022/02/16,非公開,卸売・小売業・商業（商社含む）,企画・調査・マーケティング,"1,000名以上5,000名未満",ユーザー（利用者）,4,4,5,4,4
1199,2022/02/16,非公開,その他製造,一般事務,250名以上500名未満,ユーザー（利用者）,4,4,4,4,5
1200,2022/02/16,非公開,その他,企画・調査・マーケティング,250名以上500名未満,ユーザー（利用者）,5,3,4,4,3
1201,2022/02/15,非公開,卸売・小売業・商業（商社含む）,営業・販売,250名以上500名未満,ユーザー（利用者）,5,5,5,3,3
1202,2022/02/15,非公開,卸売・小売業・商業（商社含む）,配送・物流,"5,000名以上",ユーザー（利用者）,4,4,4,4,4
1203,2022/02/15,非公開,電気、電子機器,技術・設計,"750名以上1,000名未満",ユーザー（利用者）,3,3,4,3,2
1204,2022/02/15,非公開,卸売・小売業・商業（商社含む）,情報処理・情報システム,"1,000名以上5,000名未満",ユーザー（利用者）,4,3,3,1,3
1205,2022/02/15,非公開,不動産,営業・販売,"1,000名以上5,000名未満",ユーザー（利用者）,3,4,3,3,1
1206,2022/02/15,非公開,通信サービス,営業・販売,"5,000名以上",ユーザー（利用者）,5,5,5,5,5
1207,2022/02/15,非公開,情報処理、ＳＩ、ソフトウェア,営業・販売,100名以上250名未満,ユーザー（利用者）,4,4,4,3,3
1208,2022/02/15,非公開,機械、重電,技術・設計,100名以上250名未満,ユーザー（利用者）,3,3,3,3,3
1209,2022/02/15,非公開,その他,専門職（法律関連）,10名以上50名未満,ユーザー（利用者）,3,3,3,2,1
1210,2022/02/15,非公開,情報処理、ＳＩ、ソフトウェア,情報処理・情報システム,250名以上500名未満,ユーザー（利用者）,5,4,3,5,5
1211,2022/02/15,非公開,食品、医薬、化粧品,企画・調査・マーケティング,"1,000名以上5,000名未満",ユーザー（利用者）,3,3,3,3,3
1212,2022/02/15,非公開,その他製造,企画・調査・マーケティング,250名以上500名未満,ユーザー（利用者）,3,3,4,3,2
1213,2022/02/15,非公開,その他,配送・物流,500名以上750名未満,ユーザー（利用者）,4,4,4,3,3
1214,2022/02/15,非公開,その他,その他,100名以上250名未満,ユーザー（利用者）,4,4,4,4,4
1215,2022/02/15,非公開,医療,専門職（医療関連）,"1,000名以上5,000名未満",ユーザー（利用者）,5,5,5,5,5
1216,2022/02/15,非公開,不動産,広報・宣伝,"1,000名以上5,000名未満",ユーザー（利用者）,5,4,5,4,1
1217,2022/02/14,非公開,卸売・小売業・商業（商社含む）,総務・人事,50名以上100名未満,ユーザー（利用者）,4,4,4,3,3
1218,2022/02/14,非公開,その他,企画・調査・マーケティング,100名以上250名未満,ユーザー（利用者）,4,4,4,4,4
1219,2022/02/14,非公開,卸売・小売業・商業（商社含む）,財務・経理,50名以上100名未満,ユーザー（利用者）,4,4,5,2,4
1220,2022/02/14,非公開,旅行,その他,50名以上100名未満,ユーザー（利用者）,4,4,4,4,4
1221,2022/02/14,非公開,その他,研究・開発,"5,000名以上",ユーザー（利用者）,5,5,5,3,3
1222,2022/02/14,非公開,卸売・小売業・商業（商社含む）,総務・人事,100名以上250名未満,IT管理者,5,4,5,3,4
1223,2022/02/14,非公開,教育・教育学習支援関係,専門職（教育関連）,250名以上500名未満,ユーザー（利用者）,5,4,4,4,3
1224,2022/02/14,非公開,運輸,一般事務,"5,000名以上",ユーザー（利用者）,4,4,4,3,4
1225,2022/02/14,非公開,介護・福祉,専門職（教育関連）,10名以上50名未満,ユーザー（利用者）,4,5,5,4,4
1226,2022/02/14,非公開,その他,財務・経理,250名以上500名未満,IT管理者,4,4,3,4,3
1227,2022/02/14,非公開,電気、電子機器,財務・経理,"5,000名以上",ユーザー（利用者）,3,2,3,2,2
1228,2022/02/13,非公開,金融・証券・保険,営業・販売,250名以上500名未満,ユーザー（利用者）,4,4,5,4,4
1229,2022/02/13,非公開,飲食店・宿泊,営業・販売,50名以上100名未満,ユーザー（利用者）,4,4,3,4,3
1230,2022/02/13,非公開,医療,専門職（医療関連）,10名以上50名未満,ユーザー（利用者）,3,3,3,3,2
1231,2022/02/13,非公開,放送・広告・出版・マスコミ,営業・販売,"1,000名以上5,000名未満",ユーザー（利用者）,4,2,3,3,3
1232,2022/02/13,非公開,その他,一般事務,"1,000名以上5,000名未満",ユーザー（利用者）,4,4,4,3,3
1233,2022/02/13,非公開,その他,営業・販売,"1,000名以上5,000名未満",ユーザー（利用者）,4,3,3,3,5
1234,2022/02/13,非公開,卸売・小売業・商業（商社含む）,営業・販売,"1,000名以上5,000名未満",ユーザー（利用者）,4,4,3,4,4
1235,2022/02/13,非公開,素材,研究・開発,500名以上750名未満,ユーザー（利用者）,4,4,4,3,3
1236,2022/02/13,非公開,卸売・小売業・商業（商社含む）,営業・販売,250名以上500名未満,ユーザー（利用者）,3,3,3,3,3
1237,2022/02/13,非公開,その他,営業・販売,"1,000名以上5,000名未満",ユーザー（利用者）,4,4,4,3,3
1238,2022/02/13,非公開,情報処理、ＳＩ、ソフトウェア,営業・販売,250名以上500名未満,ユーザー（利用者）,4,4,4,5,1
1239,2022/02/13,非公開,教育・教育学習支援関係,専門職（教育関連）,100名以上250名未満,ユーザー（利用者）,4,4,4,4,4
1240,2022/02/13,非公開,情報処理、ＳＩ、ソフトウェア,情報処理・情報システム,"1,000名以上5,000名未満",ユーザー（利用者）,3,3,3,2,2
1241,2022/02/13,非公開,その他製造,生産・製造,100名以上250名未満,ユーザー（利用者）,3,3,2,3,3
1242,2022/02/13,非公開,機械、重電,技術・設計,100名以上250名未満,ユーザー（利用者）,3,3,2,3,2
1243,2022/02/13,非公開,旅行,営業・販売,250名以上500名未満,ユーザー（利用者）,4,5,5,4,4
1244,2022/02/13,非公開,医療,その他,250名以上500名未満,ユーザー（利用者）,3,3,3,3,4
1245,2022/02/13,非公開,運輸,生産・製造,"1,000名以上5,000名未満",ユーザー（利用者）,3,3,3,4,3
1246,2022/02/13,非公開,素材,総務・人事,250名以上500名未満,ユーザー（利用者）,5,5,5,5,5
1247,2022/02/13,非公開,農林水産・鉱業,経営者・役員,100名以上250名未満,ユーザー（利用者）,3,3,4,3,3
1248,2022/02/13,非公開,その他,専門職（建築・土木関連）,100名以上250名未満,ユーザー（利用者）,3,3,2,2,3
1249,2022/02/13,非公開,情報処理、ＳＩ、ソフトウェア,情報処理・情報システム,250名以上500名未満,ユーザー（利用者）,5,5,4,3,3
1250,2022/02/13,非公開,情報処理、ＳＩ、ソフトウェア,情報処理・情報システム,250名以上500名未満,ユーザー（利用者）,5,5,5,5,5
1251,2022/02/13,非公開,機械、重電,技術・設計,"1,000名以上5,000名未満",ユーザー（利用者）,4,4,3,3,3
1252,2022/02/13,非公開,その他,一般事務,10名以上50名未満,ユーザー（利用者）,3,3,4,3,3
1253,2022/02/12,非公開,通信サービス,営業・販売,250名以上500名未満,ユーザー（利用者）,5,5,5,5,5
1254,2022/02/12,非公開,金融・証券・保険,企画・調査・マーケティング,"1,000名以上5,000名未満",ユーザー（利用者）,5,5,5,5,5
1255,2022/02/12,非公開,人材サービス,営業・販売,100名以上250名未満,ユーザー（利用者）,5,5,5,5,5
1256,2022/02/12,株式会社藤商事,電気、電子機器,研究・開発,250名以上500名未満,ユーザー（利用者）,3,4,2,3,3
1257,2022/02/12,非公開,教育・教育学習支援関係,情報処理・情報システム,10名以上50名未満,ユーザー（利用者）,4,3,3,3,3
1258,2022/02/12,非公開,建設,専門職（建築・土木関連）,"750名以上1,000名未満",ユーザー（利用者）,4,4,5,3,3
1259,2022/02/12,非公開,食品、医薬、化粧品,生産・製造,"1,000名以上5,000名未満",ユーザー（利用者）,4,4,5,4,4
1260,2022/02/12,非公開,医療,総務・人事,250名以上500名未満,ユーザー（利用者）,2,3,3,3,4
1261,2022/02/12,非公開,人材サービス,営業・販売,"750名以上1,000名未満",ユーザー（利用者）,4,3,4,3,2
1262,2022/02/11,非公開,飲食店・宿泊,営業・販売,"1,000名以上5,000名未満",ユーザー（利用者）,5,5,5,3,3
1263,2022/02/11,工藤電気,電気、電子機器,一般事務,10名未満,ユーザー（利用者）,3,3,3,3,3
1264,2022/02/11,非公開,建設,技術・設計,250名以上500名未満,ユーザー（利用者）,4,4,4,4,5
1265,2022/02/11,非公開,不動産,情報処理・情報システム,"1,000名以上5,000名未満",ユーザー（利用者）,3,3,3,3,3
1266,2022/02/11,非公開,電気、電子機器,一般事務,500名以上750名未満,ユーザー（利用者）,4,4,4,3,3
1267,2022/02/11,非公開,情報処理、ＳＩ、ソフトウェア,研究・開発,250名以上500名未満,ユーザー（利用者）,5,5,5,4,3
1268,2022/02/11,非公開,情報処理、ＳＩ、ソフトウェア,営業・販売,10名以上50名未満,ユーザー（利用者）,5,5,3,3,4
1269,2022/02/11,非公開,エネルギー,財務・経理,50名以上100名未満,ユーザー（利用者）,3,3,3,2,4
1270,2022/02/11,非公開,情報処理、ＳＩ、ソフトウェア,技術・設計,50名以上100名未満,ユーザー（利用者）,4,4,4,3,3
1271,2022/02/11,非公開,その他,営業・販売,250名以上500名未満,ユーザー（利用者）,5,4,5,3,3
1272,2022/02/11,非公開,情報処理、ＳＩ、ソフトウェア,企画・調査・マーケティング,100名以上250名未満,ユーザー（利用者）,5,5,5,5,5
1273,2022/02/11,非公開,エネルギー,財務・経理,100名以上250名未満,ユーザー（利用者）,4,3,4,2,3
1274,2022/02/11,非公開,運輸,配送・物流,"1,000名以上5,000名未満",ユーザー（利用者）,5,5,3,5,3
1275,2022/02/11,非公開,不動産,営業・販売,100名以上250名未満,ユーザー（利用者）,4,4,5,3,4
1276,2022/02/11,非公開,自動車、輸送機器,財務・経理,100名以上250名未満,導入決定者,4,3,3,5,4
1277,2022/02/10,非公開,不動産,営業・販売,"1,000名以上5,000名未満",ユーザー（利用者）,4,4,4,3,4
1278,2022/02/10,非公開,情報処理、ＳＩ、ソフトウェア,情報処理・情報システム,"1,000名以上5,000名未満",ユーザー（利用者）,4,4,3,4,4
1279,2022/02/10,非公開,その他製造,企画・調査・マーケティング,"1,000名以上5,000名未満",ユーザー（利用者）,4,5,5,3,3
1280,2022/02/10,非公開,旅行,その他,"1,000名以上5,000名未満",ユーザー（利用者）,4,3,4,3,3
1281,2022/02/10,非公開,不動産,営業・販売,"1,000名以上5,000名未満",ユーザー（利用者）,5,5,5,5,5
1282,2022/02/10,非公開,卸売・小売業・商業（商社含む）,総務・人事,"750名以上1,000名未満",ユーザー（利用者）,5,5,5,5,5
1283,2022/02/10,非公開,卸売・小売業・商業（商社含む）,営業・販売,100名以上250名未満,ユーザー（利用者）,3,3,4,3,4
1284,2022/02/10,非公開,卸売・小売業・商業（商社含む）,情報処理・情報システム,10名以上50名未満,IT管理者,4,4,4,4,3
1285,2022/02/10,非公開,卸売・小売業・商業（商社含む）,財務・経理,50名以上100名未満,ユーザー（利用者）,5,4,3,3,3
1286,2022/02/10,非公開,食品、医薬、化粧品,広報・宣伝,250名以上500名未満,ユーザー（利用者）,5,5,5,5,5
1287,2022/02/10,非公開,卸売・小売業・商業（商社含む）,営業・販売,10名以上50名未満,ユーザー（利用者）,5,3,5,5,5
1288,2022/02/09,非公開,通信サービス,営業・販売,"1,000名以上5,000名未満",ユーザー（利用者）,5,5,5,5,5
1289,2022/02/09,非公開,教育・教育学習支援関係,専門職（教育関連）,500名以上750名未満,ユーザー（利用者）,2,1,2,4,4
1290,2022/02/09,非公開,卸売・小売業・商業（商社含む）,財務・経理,"1,000名以上5,000名未満",ユーザー（利用者）,2,2,3,2,2
1291,2022/02/09,非公開,放送・広告・出版・マスコミ,企画・調査・マーケティング,10名未満,ユーザー（利用者）,4,4,4,4,4
1292,2022/02/09,非公開,食品、医薬、化粧品,企画・調査・マーケティング,10名以上50名未満,ユーザー（利用者）,3,4,3,3,3
1293,2022/02/09,非公開,その他製造,研究・開発,"1,000名以上5,000名未満",ユーザー（利用者）,4,3,5,3,3
1294,2022/02/09,非公開,素材,営業・販売,250名以上500名未満,ユーザー（利用者）,3,3,1,5,3
1295,2022/02/09,株式会社建通新聞社,放送・広告・出版・マスコミ,総務・人事,100名以上250名未満,ユーザー（利用者）,5,4,5,5,5
1296,2022/02/09,非公開,通信サービス,営業・販売,250名以上500名未満,ユーザー（利用者）,5,5,5,3,3
1297,2022/02/09,非公開,通信サービス,企画・調査・マーケティング,100名以上250名未満,ユーザー（利用者）,4,3,2,4,3
1298,2022/02/09,非公開,建設,専門職（建築・土木関連）,100名以上250名未満,ユーザー（利用者）,4,4,4,4,4
1299,2022/02/09,非公開,人材サービス,一般事務,500名以上750名未満,ユーザー（利用者）,4,4,4,4,4
1300,2022/02/09,非公開,情報処理、ＳＩ、ソフトウェア,情報処理・情報システム,250名以上500名未満,ユーザー（利用者）,3,3,3,3,3
1301,2022/02/09,シンクレイヤ株式会社,電気、電子機器,専門職（法律関連）,100名以上250名未満,ユーザー（利用者）,4,4,3,3,4
1302,2022/02/09,中央宣伝企画株式会社,その他,経営者・役員,10名以上50名未満,導入決定者,5,4,5,4,5
1303,2022/02/09,非公開,その他製造,情報処理・情報システム,250名以上500名未満,ユーザー（利用者）,4,3,3,3,3
1304,2022/02/09,非公開,その他,情報処理・情報システム,"1,000名以上5,000名未満",ユーザー（利用者）,4,4,4,3,4
1305,2022/02/09,非公開,機械、重電,生産・製造,500名以上750名未満,ユーザー（利用者）,4,4,4,4,3
1306,2022/02/09,非公開,人材サービス,財務・経理,10名以上50名未満,ユーザー（利用者）,4,4,4,4,4
1307,2022/02/09,株式会社エフエフ,放送・広告・出版・マスコミ,総務・人事,100名以上250名未満,ユーザー（利用者）,2,3,2,2,1
1308,2022/02/08,非公開,金融・証券・保険,一般事務,"1,000名以上5,000名未満",ユーザー（利用者）,3,3,3,3,3
1309,2022/02/08,非公開,通信サービス,営業・販売,"1,000名以上5,000名未満",ユーザー（利用者）,4,4,5,3,3
1310,2022/02/08,非公開,卸売・小売業・商業（商社含む）,営業・販売,250名以上500名未満,ユーザー（利用者）,5,4,4,3,3
1311,2022/02/08,非公開,不動産,営業・販売,100名以上250名未満,ユーザー（利用者）,3,3,4,3,3
1312,2022/02/08,非公開,運輸,情報処理・情報システム,250名以上500名未満,ユーザー（利用者）,4,4,4,3,4
1313,2022/02/08,非公開,コンサル・会計・法律関連,財務・経理,10名以上50名未満,導入決定者,3,3,2,2,3
1314,2022/02/08,非公開,金融・証券・保険,情報処理・情報システム,"1,000名以上5,000名未満",ユーザー（利用者）,3,4,3,3,3
1315,2022/02/08,非公開,食品、医薬、化粧品,生産・製造,"750名以上1,000名未満",ユーザー（利用者）,5,5,4,5,4
1316,2022/02/07,非公開,卸売・小売業・商業（商社含む）,営業・販売,250名以上500名未満,ユーザー（利用者）,4,4,5,4,3
1317,2022/02/07,非公開,その他,総務・人事,250名以上500名未満,ユーザー（利用者）,3,4,4,3,2
1318,2022/02/07,非公開,食品、医薬、化粧品,総務・人事,"5,000名以上",ユーザー（利用者）,3,5,4,5,4
1319,2022/02/07,非公開,その他,専門職（会計関連）,10名未満,ユーザー（利用者）,5,4,5,3,4
1320,2022/02/07,非公開,その他製造,総務・人事,"1,000名以上5,000名未満",ユーザー（利用者）,5,4,4,3,3
1321,2022/02/07,非公開,金融・証券・保険,営業・販売,"1,000名以上5,000名未満",ユーザー（利用者）,5,3,3,3,3
1322,2022/02/07,非公開,通信サービス,広報・宣伝,500名以上750名未満,ユーザー（利用者）,5,5,5,5,5
1323,2022/02/07,非公開,不動産,一般事務,"1,000名以上5,000名未満",ユーザー（利用者）,5,5,5,3,5
1324,2022/02/07,非公開,建設,一般事務,50名以上100名未満,ユーザー（利用者）,4,4,4,3,3
1325,2022/02/07,非公開,不動産,一般事務,500名以上750名未満,ユーザー（利用者）,5,5,5,3,3
1326,2022/02/07,非公開,その他,一般事務,500名以上750名未満,ユーザー（利用者）,5,4,5,3,3
1327,2022/02/07,非公開,金融・証券・保険,営業・販売,"5,000名以上",ユーザー（利用者）,2,2,3,1,1
1328,2022/02/07,非公開,情報処理、ＳＩ、ソフトウェア,企画・調査・マーケティング,100名以上250名未満,ユーザー（利用者）,4,4,4,4,4
1329,2022/02/07,非公開,不動産,総務・人事,250名以上500名未満,ユーザー（利用者）,4,4,4,4,3
1330,2022/02/07,非公開,素材,生産・製造,"5,000名以上",ユーザー（利用者）,4,4,4,4,4
1331,2022/02/07,非公開,その他,財務・経理,"750名以上1,000名未満",ユーザー（利用者）,5,4,5,3,5
1332,2022/02/07,非公開,卸売・小売業・商業（商社含む）,一般事務,"1,000名以上5,000名未満",ユーザー（利用者）,5,5,5,3,3
1333,2022/02/07,非公開,その他,一般事務,100名以上250名未満,ユーザー（利用者）,4,4,4,3,3
1334,2022/02/07,非公開,不動産,財務・経理,100名以上250名未満,ユーザー（利用者）,5,5,5,3,3
1335,2022/02/06,非公開,不動産,一般事務,250名以上500名未満,ユーザー（利用者）,2,2,2,2,2
1336,2022/02/06,非公開,金融・証券・保険,営業・販売,"1,000名以上5,000名未満",ユーザー（利用者）,5,4,5,3,5
1337,2022/02/06,非公開,卸売・小売業・商業（商社含む）,財務・経理,"1,000名以上5,000名未満",ユーザー（利用者）,4,4,4,4,4
1338,2022/02/06,非公開,電気、電子機器,生産・製造,250名以上500名未満,ユーザー（利用者）,5,5,3,5,3
1339,2022/02/06,非公開,教育・教育学習支援関係,一般事務,50名以上100名未満,ユーザー（利用者）,4,4,4,3,4
1340,2022/02/06,非公開,その他,営業・販売,50名以上100名未満,ユーザー（利用者）,5,5,5,5,4
1341,2022/02/06,非公開,情報処理、ＳＩ、ソフトウェア,情報処理・情報システム,250名以上500名未満,ユーザー（利用者）,4,4,4,3,3
1342,2022/02/06,非公開,卸売・小売業・商業（商社含む）,営業・販売,250名以上500名未満,ユーザー（利用者）,5,4,4,4,4
1343,2022/02/06,非公開,その他,営業・販売,"5,000名以上",ユーザー（利用者）,4,4,4,3,3
1344,2022/02/06,非公開,不動産,企画・調査・マーケティング,"5,000名以上",ユーザー（利用者）,5,5,5,3,3
1345,2022/02/06,非公開,卸売・小売業・商業（商社含む）,営業・販売,500名以上750名未満,ユーザー（利用者）,2,2,2,3,3
1346,2022/02/06,非公開,建設,営業・販売,"1,000名以上5,000名未満",ユーザー（利用者）,4,4,5,4,5
1347,2022/02/06,非公開,情報処理、ＳＩ、ソフトウェア,情報処理・情報システム,"1,000名以上5,000名未満",ユーザー（利用者）,4,4,4,3,4
1348,2022/02/06,非公開,人材サービス,営業・販売,"750名以上1,000名未満",ユーザー（利用者）,4,4,4,4,4
1349,2022/02/06,非公開,人材サービス,営業・販売,"1,000名以上5,000名未満",ユーザー（利用者）,3,3,2,5,3
1350,2022/02/06,非公開,その他,営業・販売,"5,000名以上",ユーザー（利用者）,5,5,5,5,4
1351,2022/02/06,非公開,建設,一般事務,500名以上750名未満,ユーザー（利用者）,5,5,5,5,5
1352,2022/02/06,非公開,機械、重電,営業・販売,250名以上500名未満,ユーザー（利用者）,5,4,4,4,4
1353,2022/02/06,非公開,素材,営業・販売,250名以上500名未満,ユーザー（利用者）,4,4,3,3,3
1354,2022/02/06,非公開,卸売・小売業・商業（商社含む）,企画・調査・マーケティング,250名以上500名未満,ユーザー（利用者）,4,2,3,3,3
1355,2022/02/06,非公開,人材サービス,その他,"750名以上1,000名未満",ユーザー（利用者）,4,4,3,2,4
1356,2022/02/06,非公開,食品、医薬、化粧品,営業・販売,250名以上500名未満,ユーザー（利用者）,4,4,3,3,3
1357,2022/02/06,非公開,放送・広告・出版・マスコミ,営業・販売,250名以上500名未満,ユーザー（利用者）,5,5,5,4,4
1358,2022/02/06,非公開,情報処理、ＳＩ、ソフトウェア,情報処理・情報システム,50名以上100名未満,ユーザー（利用者）,5,4,4,4,4
1359,2022/02/06,非公開,卸売・小売業・商業（商社含む）,財務・経理,50名以上100名未満,IT管理者,5,4,4,5,4
1360,2022/02/06,非公開,飲食店・宿泊,営業・販売,"1,000名以上5,000名未満",ユーザー（利用者）,4,4,4,5,5
1361,2022/02/06,非公開,建設,その他,"1,000名以上5,000名未満",ユーザー（利用者）,5,5,5,5,4
1362,2022/02/06,非公開,素材,総務・人事,250名以上500名未満,ユーザー（利用者）,5,5,5,4,5
1363,2022/02/06,非公開,飲食店・宿泊,経営者・役員,10名未満,導入決定者,5,5,5,5,5
1364,2022/02/05,非公開,不動産,企画・調査・マーケティング,"5,000名以上",ユーザー（利用者）,3,3,3,1,1
1365,2022/02/05,非公開,その他製造,一般事務,100名以上250名未満,ユーザー（利用者）,3,4,3,4,4
1366,2022/02/05,非公開,通信サービス,営業・販売,"1,000名以上5,000名未満",ユーザー（利用者）,4,4,5,4,4
1367,2022/02/05,非公開,金融・証券・保険,営業・販売,"5,000名以上",ユーザー（利用者）,2,3,2,3,3
1368,2022/02/05,非公開,情報処理、ＳＩ、ソフトウェア,情報処理・情報システム,"5,000名以上",ユーザー（利用者）,4,4,4,3,4
1369,2022/02/05,非公開,医療,総務・人事,"1,000名以上5,000名未満",ユーザー（利用者）,5,4,5,4,3
1370,2022/02/05,非公開,建設,総務・人事,500名以上750名未満,ユーザー（利用者）,4,4,4,3,3
1371,2022/02/05,非公開,人材サービス,経営者・役員,100名以上250名未満,ユーザー（利用者）,3,4,3,2,3
1372,2022/02/05,非公開,通信サービス,企画・調査・マーケティング,500名以上750名未満,ユーザー（利用者）,5,4,4,5,4
1373,2022/02/05,非公開,コンサル・会計・法律関連,経営企画,250名以上500名未満,ユーザー（利用者）,2,2,2,3,2
1374,2022/02/05,非公開,卸売・小売業・商業（商社含む）,財務・経理,"1,000名以上5,000名未満",ユーザー（利用者）,4,4,4,4,3
1375,2022/02/05,非公開,卸売・小売業・商業（商社含む）,営業・販売,100名以上250名未満,ユーザー（利用者）,4,4,4,3,3
1376,2022/02/05,非公開,エネルギー,一般事務,100名以上250名未満,ユーザー（利用者）,4,4,4,3,3
1377,2022/02/05,非公開,放送・広告・出版・マスコミ,企画・調査・マーケティング,100名以上250名未満,ユーザー（利用者）,5,4,5,1,1
1378,2022/02/05,非公開,不動産,一般事務,500名以上750名未満,ユーザー（利用者）,4,4,4,4,4
1379,2022/02/05,非公開,公務員（教員を除く）,その他,"1,000名以上5,000名未満",ユーザー（利用者）,4,4,4,3,3
1380,2022/02/05,非公開,情報処理、ＳＩ、ソフトウェア,技術・設計,500名以上750名未満,ユーザー（利用者）,4,4,4,3,3
1381,2022/02/05,非公開,建設,営業・販売,250名以上500名未満,ユーザー（利用者）,5,5,5,3,3
1382,2022/02/05,非公開,食品、医薬、化粧品,研究・開発,500名以上750名未満,ユーザー（利用者）,5,5,5,3,4
1383,2022/02/05,非公開,人材サービス,営業・販売,"1,000名以上5,000名未満",ユーザー（利用者）,5,5,5,5,5
1384,2022/02/05,非公開,介護・福祉,経営者・役員,10名未満,ユーザー（利用者）,5,2,5,5,5
1385,2022/02/05,非公開,教育・教育学習支援関係,営業・販売,"750名以上1,000名未満",ユーザー（利用者）,4,1,3,1,1
1386,2022/02/04,非公開,人材サービス,総務・人事,"5,000名以上",ユーザー（利用者）,5,4,4,3,3
1387,2022/02/04,非公開,金融・証券・保険,一般事務,250名以上500名未満,ユーザー（利用者）,5,5,5,5,5
1388,2022/02/04,非公開,エネルギー,一般事務,100名以上250名未満,ユーザー（利用者）,4,4,5,4,4
1389,2022/02/04,非公開,卸売・小売業・商業（商社含む）,一般事務,"5,000名以上",ユーザー（利用者）,3,3,4,3,2
1390,2022/02/04,非公開,その他製造,財務・経理,100名以上250名未満,導入決定者,4,4,4,4,4
1391,2022/02/04,非公開,その他製造,財務・経理,250名以上500名未満,導入決定者,4,4,4,5,5
1392,2022/02/04,非公開,その他,財務・経理,10名以上50名未満,ユーザー（利用者）,2,3,3,3,2
1393,2022/02/04,非公開,その他,技術・設計,"750名以上1,000名未満",ユーザー（利用者）,4,4,4,4,4
1394,2022/02/04,非公開,情報処理、ＳＩ、ソフトウェア,経営企画,100名以上250名未満,ユーザー（利用者）,4,4,2,1,3
1395,2022/02/04,非公開,建設,財務・経理,"1,000名以上5,000名未満",ユーザー（利用者）,3,3,3,4,3
1396,2022/02/04,非公開,医療,専門職（医療関連）,"750名以上1,000名未満",ユーザー（利用者）,4,4,5,5,5
1397,2022/02/04,非公開,人材サービス,一般事務,250名以上500名未満,ユーザー（利用者）,4,4,4,4,3
1398,2022/02/04,非公開,通信サービス,営業・販売,100名以上250名未満,ユーザー（利用者）,5,4,5,2,5
1399,2022/02/04,非公開,不動産,営業・販売,"1,000名以上5,000名未満",ユーザー（利用者）,5,4,4,4,3
1400,2022/02/04,非公開,医療,営業・販売,250名以上500名未満,ユーザー（利用者）,4,3,4,2,3
1401,2022/02/04,非公開,卸売・小売業・商業（商社含む）,総務・人事,100名以上250名未満,ユーザー（利用者）,4,4,4,4,4
1402,2022/02/04,非公開,不動産,一般事務,10名以上50名未満,ユーザー（利用者）,3,4,2,3,2
1403,2022/02/04,非公開,食品、医薬、化粧品,経営企画,50名以上100名未満,ユーザー（利用者）,4,4,5,3,4
1404,2022/02/04,非公開,建設,専門職（建築・土木関連）,100名以上250名未満,ユーザー（利用者）,5,4,4,4,5
1405,2022/02/03,非公開,その他製造,営業・販売,"1,000名以上5,000名未満",ユーザー（利用者）,4,4,4,4,4
1406,2022/02/03,非公開,旅行,営業・販売,250名以上500名未満,ユーザー（利用者）,4,4,4,4,4
1407,2022/02/03,非公開,卸売・小売業・商業（商社含む）,一般事務,250名以上500名未満,ユーザー（利用者）,4,4,5,4,3
1408,2022/02/03,非公開,自動車、輸送機器,営業・販売,100名以上250名未満,ユーザー（利用者）,4,5,4,4,5
1409,2022/02/03,非公開,その他製造,一般事務,"1,000名以上5,000名未満",ユーザー（利用者）,4,3,2,3,3
1410,2022/02/03,非公開,放送・広告・出版・マスコミ,企画・調査・マーケティング,100名以上250名未満,ユーザー（利用者）,4,5,5,4,5
1411,2022/02/03,非公開,情報処理、ＳＩ、ソフトウェア,情報処理・情報システム,"750名以上1,000名未満",ユーザー（利用者）,4,4,3,4,4
1412,2022/02/03,非公開,金融・証券・保険,一般事務,10名以上50名未満,ユーザー（利用者）,5,5,5,5,5
1413,2022/02/03,不二建設株式会社,建設,一般事務,250名以上500名未満,ユーザー（利用者）,5,5,3,3,3
1414,2022/02/03,非公開,食品、医薬、化粧品,専門職（医療関連）,100名以上250名未満,ユーザー（利用者）,5,3,4,4,4
1415,2022/02/03,非公開,金融・証券・保険,一般事務,50名以上100名未満,ユーザー（利用者）,3,3,3,3,3
1416,2022/02/03,非公開,医療,一般事務,10名以上50名未満,ユーザー（利用者）,4,4,4,3,3
1417,2022/02/03,非公開,食品、医薬、化粧品,専門職（医療関連）,"1,000名以上5,000名未満",ユーザー（利用者）,3,4,3,3,3
1418,2022/02/03,非公開,その他,財務・経理,10名以上50名未満,ユーザー（利用者）,3,3,3,3,3
1419,2022/02/03,非公開,放送・広告・出版・マスコミ,営業・販売,100名以上250名未満,ユーザー（利用者）,3,3,4,3,5
1420,2022/02/03,非公開,情報処理、ＳＩ、ソフトウェア,専門職（法律関連）,500名以上750名未満,ユーザー（利用者）,3,3,2,3,3
1421,2022/02/03,非公開,情報処理、ＳＩ、ソフトウェア,技術・設計,10名以上50名未満,ユーザー（利用者）,3,3,3,4,3
1422,2022/02/03,非公開,通信サービス,営業・販売,100名以上250名未満,ユーザー（利用者）,2,2,1,3,3
1423,2022/02/03,非公開,卸売・小売業・商業（商社含む）,営業・販売,500名以上750名未満,ユーザー（利用者）,5,5,5,5,3
1424,2022/02/03,非公開,通信サービス,情報処理・情報システム,500名以上750名未満,ユーザー（利用者）,4,4,3,4,3
1425,2022/02/03,非公開,エネルギー,営業・販売,250名以上500名未満,ユーザー（利用者）,5,5,5,5,5
1426,2022/02/03,非公開,放送・広告・出版・マスコミ,財務・経理,250名以上500名未満,ユーザー（利用者）,3,3,4,3,4
1427,2022/02/03,非公開,通信サービス,一般事務,"1,000名以上5,000名未満",ユーザー（利用者）,5,5,4,5,4
1428,2022/02/03,非公開,食品、医薬、化粧品,企画・調査・マーケティング,100名以上250名未満,ユーザー（利用者）,5,5,5,4,5
1429,2022/02/03,非公開,農林水産・鉱業,経営者・役員,10名未満,ユーザー（利用者）,5,4,4,3,1
1430,2022/02/01,非公開,通信サービス,営業・販売,"1,000名以上5,000名未満",ユーザー（利用者）,3,3,3,3,3
1431,2022/02/01,非公開,介護・福祉,経営企画,"5,000名以上",ユーザー（利用者）,5,5,4,5,5
1432,2022/01/31,非公開,介護・福祉,営業・販売,"1,000名以上5,000名未満",ユーザー（利用者）,5,4,4,3,1
1433,2022/01/31,非公開,放送・広告・出版・マスコミ,営業・販売,100名以上250名未満,ユーザー（利用者）,3,4,4,3,3
1434,2022/01/31,非公開,コンサル・会計・法律関連,営業・販売,"750名以上1,000名未満",ユーザー（利用者）,3,4,4,4,4
1435,2022/01/30,非公開,食品、医薬、化粧品,営業・販売,10名以上50名未満,ユーザー（利用者）,4,4,4,4,4
1436,2022/01/30,非公開,不動産,営業・販売,"750名以上1,000名未満",ユーザー（利用者）,3,3,2,3,3
1437,2022/01/30,非公開,コンサル・会計・法律関連,企画・調査・マーケティング,100名以上250名未満,ユーザー（利用者）,4,4,4,3,4
1438,2022/01/30,非公開,人材サービス,営業・販売,100名以上250名未満,ユーザー（利用者）,4,3,3,3,3
1439,2022/01/30,非公開,その他,営業・販売,"750名以上1,000名未満",ユーザー（利用者）,5,5,5,5,4
1440,2022/01/29,非公開,放送・広告・出版・マスコミ,営業・販売,500名以上750名未満,ユーザー（利用者）,1,1,1,1,1
1441,2022/01/29,非公開,通信サービス,営業・販売,"1,000名以上5,000名未満",ユーザー（利用者）,5,5,4,3,4
1442,2022/01/29,非公開,情報処理、ＳＩ、ソフトウェア,情報処理・情報システム,250名以上500名未満,ユーザー（利用者）,3,2,2,4,5
1443,2022/01/28,非公開,情報処理、ＳＩ、ソフトウェア,一般事務,"1,000名以上5,000名未満",ユーザー（利用者）,5,5,5,3,3
1444,2022/01/28,非公開,卸売・小売業・商業（商社含む）,一般事務,500名以上750名未満,ユーザー（利用者）,3,4,4,4,1
1445,2022/01/28,非公開,卸売・小売業・商業（商社含む）,財務・経理,100名以上250名未満,ユーザー（利用者）,3,3,3,1,1
1446,2022/01/28,非公開,卸売・小売業・商業（商社含む）,財務・経理,100名以上250名未満,ユーザー（利用者）,5,5,5,5,5
1447,2022/01/27,非公開,卸売・小売業・商業（商社含む）,営業・販売,50名以上100名未満,ユーザー（利用者）,4,4,3,4,3
1448,2022/01/27,非公開,その他,企画・調査・マーケティング,"1,000名以上5,000名未満",ユーザー（利用者）,4,4,3,3,3
1449,2022/01/27,非公開,コンサル・会計・法律関連,その他,500名以上750名未満,ユーザー（利用者）,4,4,4,4,3
1450,2022/01/27,非公開,不動産,企画・調査・マーケティング,100名以上250名未満,ユーザー（利用者）,3,3,2,3,3
1451,2022/01/27,非公開,放送・広告・出版・マスコミ,総務・人事,"1,000名以上5,000名未満",導入決定者,5,5,5,5,4
1452,2022/01/27,非公開,不動産,企画・調査・マーケティング,50名以上100名未満,ユーザー（利用者）,4,3,3,4,3
1453,2022/01/26,非公開,電気、電子機器,営業・販売,10名未満,ユーザー（利用者）,3,3,3,1,1
1454,2022/01/26,非公開,金融・証券・保険,営業・販売,"750名以上1,000名未満",ユーザー（利用者）,3,5,2,5,3
1455,2022/01/26,株式会社不動産ショップナカジツ,不動産,一般事務,100名以上250名未満,ユーザー（利用者）,5,5,5,4,4
1456,2022/01/26,非公開,通信サービス,情報処理・情報システム,100名以上250名未満,ユーザー（利用者）,5,4,5,5,4
1457,2022/01/26,非公開,建設,総務・人事,"1,000名以上5,000名未満",導入決定者,4,3,4,3,3
1458,2022/01/25,非公開,コンサル・会計・法律関連,その他,250名以上500名未満,ユーザー（利用者）,3,2,4,3,3
1459,2022/01/25,非公開,旅行,営業・販売,250名以上500名未満,ユーザー（利用者）,4,4,4,4,4
1460,2022/01/25,非公開,人材サービス,一般事務,250名以上500名未満,ユーザー（利用者）,5,4,4,3,3
1461,2022/01/25,非公開,建設,一般事務,100名以上250名未満,ユーザー（利用者）,5,5,5,4,5
1462,2022/01/25,非公開,食品、医薬、化粧品,生産・製造,"750名以上1,000名未満",ユーザー（利用者）,4,4,4,4,3
1463,2022/01/25,非公開,情報処理、ＳＩ、ソフトウェア,技術・設計,"1,000名以上5,000名未満",ユーザー（利用者）,5,4,4,4,4
1464,2022/01/24,非公開,建設,一般事務,250名以上500名未満,ユーザー（利用者）,4,4,4,4,4
1465,2022/01/24,非公開,不動産,財務・経理,10名未満,ユーザー（利用者）,3,2,3,3,1
1466,2022/01/23,非公開,情報処理、ＳＩ、ソフトウェア,営業・販売,250名以上500名未満,ユーザー（利用者）,4,4,5,3,4
1467,2022/01/23,非公開,人材サービス,一般事務,"750名以上1,000名未満",ユーザー（利用者）,3,4,4,3,3
1468,2022/01/23,非公開,放送・広告・出版・マスコミ,編集・編成・制作,10名以上50名未満,ユーザー（利用者）,4,3,3,1,1
1469,2022/01/23,非公開,コンサル・会計・法律関連,一般事務,100名以上250名未満,ユーザー（利用者）,5,5,5,4,4
1470,2022/01/22,非公開,介護・福祉,営業・販売,10名以上50名未満,ユーザー（利用者）,3,3,3,3,1
1471,2022/01/22,非公開,食品、医薬、化粧品,一般事務,10名以上50名未満,ユーザー（利用者）,5,5,5,3,5
1472,2022/01/22,非公開,食品、医薬、化粧品,専門職（医療関連）,"1,000名以上5,000名未満",ユーザー（利用者）,5,4,4,3,3
1473,2022/01/22,非公開,情報処理、ＳＩ、ソフトウェア,営業・販売,50名以上100名未満,ユーザー（利用者）,5,5,4,5,3
1474,2022/01/22,非公開,情報処理、ＳＩ、ソフトウェア,情報処理・情報システム,"1,000名以上5,000名未満",ユーザー（利用者）,5,5,5,5,5
1475,2022/01/21,非公開,放送・広告・出版・マスコミ,広報・宣伝,10名以上50名未満,ユーザー（利用者）,2,3,3,1,1
1476,2022/01/20,非公開,通信サービス,その他,500名以上750名未満,ユーザー（利用者）,5,5,5,3,3
1477,2022/01/20,非公開,人材サービス,一般事務,50名以上100名未満,ユーザー（利用者）,5,5,5,5,5
1478,2022/01/20,非公開,卸売・小売業・商業（商社含む）,資材・購買,100名以上250名未満,ユーザー（利用者）,4,4,4,4,4
1479,2022/01/20,非公開,その他,財務・経理,100名以上250名未満,導入決定者,5,5,5,4,5
1480,2022/01/20,非公開,情報処理、ＳＩ、ソフトウェア,企画・調査・マーケティング,250名以上500名未満,ユーザー（利用者）,3,3,3,4,4
1481,2022/01/20,非公開,機械、重電,技術・設計,"1,000名以上5,000名未満",ユーザー（利用者）,3,3,3,3,2
1482,2022/01/20,非公開,情報処理、ＳＩ、ソフトウェア,営業・販売,250名以上500名未満,ユーザー（利用者）,5,4,4,4,5
1483,2022/01/20,非公開,素材,研究・開発,"1,000名以上5,000名未満",ユーザー（利用者）,2,3,2,4,3
1484,2022/01/19,非公開,食品、医薬、化粧品,研究・開発,500名以上750名未満,ユーザー（利用者）,5,5,5,5,3
1485,2022/01/19,非公開,情報処理、ＳＩ、ソフトウェア,一般事務,50名以上100名未満,ユーザー（利用者）,4,4,4,3,3
1486,2022/01/19,第一生命保険株式会社,金融・証券・保険,一般事務,"5,000名以上",ユーザー（利用者）,5,4,5,3,4
1487,2022/01/19,非公開,卸売・小売業・商業（商社含む）,その他,10名以上50名未満,ユーザー（利用者）,4,4,4,3,3
1488,2022/01/18,非公開,教育・教育学習支援関係,一般事務,250名以上500名未満,ユーザー（利用者）,3,3,3,3,3
1489,2022/01/18,非公開,放送・広告・出版・マスコミ,営業・販売,250名以上500名未満,ユーザー（利用者）,4,4,4,3,3
1490,2022/01/17,非公開,電気、電子機器,その他,250名以上500名未満,ユーザー（利用者）,5,4,5,4,4
1491,2022/01/17,非公開,情報処理、ＳＩ、ソフトウェア,総務・人事,100名以上250名未満,ユーザー（利用者）,3,3,1,3,3
1492,2022/01/17,非公開,その他,一般事務,100名以上250名未満,ユーザー（利用者）,2,2,2,3,3
1493,2022/01/17,非公開,情報処理、ＳＩ、ソフトウェア,一般事務,250名以上500名未満,ユーザー（利用者）,4,5,5,4,2
1494,2022/01/17,非公開,教育・教育学習支援関係,専門職（教育関連）,"5,000名以上",ユーザー（利用者）,4,4,4,4,4
1495,2022/01/17,非公開,その他製造,財務・経理,100名以上250名未満,IT管理者,3,2,2,3,3
1496,2022/01/16,非公開,その他,編集・編成・制作,10名以上50名未満,ユーザー（利用者）,4,3,4,4,4
1497,2022/01/16,非公開,金融・証券・保険,生産・製造,"750名以上1,000名未満",ユーザー（利用者）,5,5,5,4,5
1498,2022/01/16,非公開,放送・広告・出版・マスコミ,財務・経理,50名以上100名未満,ユーザー（利用者）,3,3,3,3,3
1499,2022/01/15,非公開,通信サービス,経営者・役員,10名以上50名未満,ユーザー（利用者）,4,4,4,4,3
1500,2022/01/15,非公開,教育・教育学習支援関係,総務・人事,50名以上100名未満,ユーザー（利用者）,3,3,4,3,3
1501,2022/01/15,非公開,その他,一般事務,100名以上250名未満,ユーザー（利用者）,4,3,3,3,3
1502,2022/01/15,非公開,その他,財務・経理,250名以上500名未満,ユーザー（利用者）,3,1,3,3,3
1503,2022/01/14,非公開,食品、医薬、化粧品,営業・販売,"1,000名以上5,000名未満",ユーザー（利用者）,3,3,3,3,2
1504,2022/01/14,非公開,不動産,一般事務,50名以上100名未満,ユーザー（利用者）,3,3,1,2,2
1505,2022/01/13,非公開,放送・広告・出版・マスコミ,編集・編成・制作,"1,000名以上5,000名未満",ユーザー（利用者）,5,4,4,3,4
1506,2022/01/13,非公開,その他,総務・人事,"1,000名以上5,000名未満",ユーザー（利用者）,3,3,3,3,3
1507,2022/01/13,非公開,その他,その他,"1,000名以上5,000名未満",ユーザー（利用者）,5,5,5,3,3
1508,2022/01/12,非公開,情報処理、ＳＩ、ソフトウェア,情報処理・情報システム,100名以上250名未満,ユーザー（利用者）,4,3,2,3,3
1509,2022/01/12,非公開,建設,営業・販売,250名以上500名未満,ユーザー（利用者）,3,5,2,3,4
1510,2022/01/11,非公開,不動産,営業・販売,50名以上100名未満,ユーザー（利用者）,5,3,4,1,4
1511,2022/01/11,非公開,飲食店・宿泊,営業・販売,500名以上750名未満,ユーザー（利用者）,4,3,3,4,4
1512,2022/01/11,非公開,介護・福祉,財務・経理,"1,000名以上5,000名未満",ユーザー（利用者）,5,3,4,3,4
1513,2022/01/10,非公開,不動産,一般事務,"1,000名以上5,000名未満",ユーザー（利用者）,4,5,4,5,4
1514,2022/01/10,非公開,機械、重電,生産・製造,50名以上100名未満,ユーザー（利用者）,4,4,4,4,3
1515,2022/01/10,非公開,通信サービス,情報処理・情報システム,100名以上250名未満,IT管理者,4,3,3,4,4
1516,2022/01/09,非公開,介護・福祉,営業・販売,10名以上50名未満,ユーザー（利用者）,4,3,4,3,3
1517,2022/01/07,非公開,その他,営業・販売,"5,000名以上",ユーザー（利用者）,3,3,3,1,3
1518,2022/01/05,非公開,情報処理、ＳＩ、ソフトウェア,情報処理・情報システム,50名以上100名未満,ユーザー（利用者）,5,5,4,4,4
1519,2022/01/05,非公開,卸売・小売業・商業（商社含む）,営業・販売,"1,000名以上5,000名未満",ユーザー（利用者）,5,5,5,5,5
1520,2022/01/04,非公開,不動産,一般事務,10名以上50名未満,ユーザー（利用者）,4,4,4,4,4
1521,2022/01/04,非公開,食品、医薬、化粧品,営業・販売,"1,000名以上5,000名未満",ユーザー（利用者）,3,3,4,3,3
1522,2022/01/03,非公開,卸売・小売業・商業（商社含む）,営業・販売,"1,000名以上5,000名未満",ユーザー（利用者）,4,4,4,3,3
1523,2022/01/03,非公開,コンサル・会計・法律関連,経営者・役員,10名未満,ユーザー（利用者）,3,3,5,4,3
1524,2022/01/01,非公開,その他,企画・調査・マーケティング,50名以上100名未満,ユーザー（利用者）,5,5,4,4,4
1525,2022/01/01,非公開,機械、重電,営業・販売,"1,000名以上5,000名未満",ユーザー（利用者）,3,3,3,3,3
1526,2021/12/31,非公開,情報処理、ＳＩ、ソフトウェア,情報処理・情報システム,50名以上100名未満,ユーザー（利用者）,5,5,5,5,4
1527,2021/12/31,非公開,通信サービス,財務・経理,250名以上500名未満,ユーザー（利用者）,2,2,2,3,3
1528,2021/12/30,非公開,その他製造,総務・人事,250名以上500名未満,ユーザー（利用者）,3,4,3,3,3
1529,2021/12/29,非公開,農林水産・鉱業,財務・経理,100名以上250名未満,ユーザー（利用者）,3,3,3,4,4
1530,2021/12/29,非公開,教育・教育学習支援関係,その他,250名以上500名未満,ユーザー（利用者）,5,5,5,5,5
1531,2021/12/28,非公開,機械、重電,営業・販売,50名以上100名未満,ユーザー（利用者）,3,4,4,2,5
1532,2021/12/28,非公開,通信サービス,企画・調査・マーケティング,"1,000名以上5,000名未満",ユーザー（利用者）,3,3,2,3,3
1533,2021/12/27,非公開,旅行,営業・販売,250名以上500名未満,ユーザー（利用者）,5,4,4,4,4
1534,2021/12/27,非公開,不動産,営業・販売,10名以上50名未満,ユーザー（利用者）,4,4,4,3,3
1535,2021/12/26,非公開,通信サービス,営業・販売,"5,000名以上",ユーザー（利用者）,4,4,5,3,3
1536,2021/12/26,非公開,金融・証券・保険,営業・販売,"5,000名以上",ユーザー（利用者）,5,4,4,3,3
1537,2021/12/26,株式会社メトス,建設,営業・販売,50名以上100名未満,ユーザー（利用者）,5,4,4,4,4
1538,2021/12/26,非公開,その他,企画・調査・マーケティング,250名以上500名未満,ユーザー（利用者）,4,3,3,3,3
1539,2021/12/25,非公開,情報処理、ＳＩ、ソフトウェア,財務・経理,250名以上500名未満,ユーザー（利用者）,4,4,3,4,3
1540,2021/12/25,非公開,通信サービス,営業・販売,100名以上250名未満,ユーザー（利用者）,4,3,3,3,2
1541,2021/12/23,非公開,建設,営業・販売,50名以上100名未満,ユーザー（利用者）,4,4,4,4,3
1542,2021/12/23,非公開,その他,技術・設計,10名未満,ユーザー（利用者）,5,5,5,5,5
1543,2021/12/23,非公開,情報処理、ＳＩ、ソフトウェア,情報処理・情報システム,"1,000名以上5,000名未満",ユーザー（利用者）,5,5,3,3,3
1544,2021/12/23,非公開,情報処理、ＳＩ、ソフトウェア,その他,250名以上500名未満,ユーザー（利用者）,3,4,2,3,3
1545,2021/12/23,非公開,不動産,一般事務,"1,000名以上5,000名未満",ユーザー（利用者）,4,4,4,3,3
1546,2021/12/22,非公開,教育・教育学習支援関係,一般事務,500名以上750名未満,ユーザー（利用者）,5,5,5,5,5
1547,2021/12/22,非公開,電気、電子機器,営業・販売,"750名以上1,000名未満",ユーザー（利用者）,4,4,4,3,3
1548,2021/12/22,非公開,自動車、輸送機器,生産・製造,"5,000名以上",ユーザー（利用者）,4,4,4,4,3
1549,2021/12/22,非公開,通信サービス,情報処理・情報システム,"5,000名以上",ユーザー（利用者）,4,4,4,4,4
1550,2021/12/22,非公開,その他製造,財務・経理,50名以上100名未満,導入決定者,4,3,3,3,3
1551,2021/12/20,非公開,放送・広告・出版・マスコミ,営業・販売,"5,000名以上",ユーザー（利用者）,3,4,3,3,5
1552,2021/12/20,非公開,その他,財務・経理,500名以上750名未満,ユーザー（利用者）,5,5,5,5,5
1553,2021/12/20,非公開,情報処理、ＳＩ、ソフトウェア,情報処理・情報システム,"750名以上1,000名未満",ユーザー（利用者）,4,3,3,5,4
1554,2021/12/19,非公開,建設,営業・販売,500名以上750名未満,ユーザー（利用者）,4,4,4,4,3
1555,2021/12/19,非公開,建設,生産・製造,250名以上500名未満,ユーザー（利用者）,4,4,5,4,4
1556,2021/12/19,非公開,卸売・小売業・商業（商社含む）,営業・販売,100名以上250名未満,ユーザー（利用者）,5,4,4,5,4
1557,2021/12/19,非公開,卸売・小売業・商業（商社含む）,一般事務,500名以上750名未満,ユーザー（利用者）,4,4,3,3,4
1558,2021/12/18,非公開,通信サービス,企画・調査・マーケティング,50名以上100名未満,ユーザー（利用者）,4,4,3,3,3
1559,2021/12/18,非公開,食品、医薬、化粧品,財務・経理,"750名以上1,000名未満",ユーザー（利用者）,4,4,5,2,3
1560,2021/12/18,非公開,不動産,一般事務,500名以上750名未満,ユーザー（利用者）,4,3,3,3,3
1561,2021/12/18,非公開,その他,情報処理・情報システム,"1,000名以上5,000名未満",IT管理者,2,3,1,3,3
1562,2021/12/17,非公開,卸売・小売業・商業（商社含む）,一般事務,10名以上50名未満,ユーザー（利用者）,5,5,3,2,3
1563,2021/12/17,非公開,放送・広告・出版・マスコミ,企画・調査・マーケティング,100名以上250名未満,ユーザー（利用者）,4,1,4,5,5
1564,2021/12/17,非公開,飲食店・宿泊,総務・人事,250名以上500名未満,ユーザー（利用者）,4,5,5,4,4
1565,2021/12/17,非公開,その他製造,営業・販売,"1,000名以上5,000名未満",ユーザー（利用者）,3,3,3,3,3
1566,2021/12/17,非公開,人材サービス,その他,"1,000名以上5,000名未満",ユーザー（利用者）,4,4,4,5,4
1567,2021/12/16,非公開,素材,営業・販売,50名以上100名未満,ユーザー（利用者）,4,5,4,4,4
1568,2021/12/16,非公開,放送・広告・出版・マスコミ,財務・経理,10名以上50名未満,導入決定者,3,3,4,3,3
1569,2021/12/16,非公開,金融・証券・保険,営業・販売,"750名以上1,000名未満",ユーザー（利用者）,4,4,4,4,4
1570,2021/12/16,非公開,電気、電子機器,財務・経理,50名以上100名未満,ユーザー（利用者）,4,4,4,4,3
1571,2021/12/15,非公開,食品、医薬、化粧品,総務・人事,"750名以上1,000名未満",ユーザー（利用者）,4,4,3,3,3
1572,2021/12/14,非公開,食品、医薬、化粧品,財務・経理,100名以上250名未満,ユーザー（利用者）,4,3,4,3,4
1573,2021/12/14,非公開,情報処理、ＳＩ、ソフトウェア,企画・調査・マーケティング,500名以上750名未満,ユーザー（利用者）,2,2,1,4,2
1574,2021/12/14,非公開,人材サービス,その他,250名以上500名未満,ユーザー（利用者）,3,3,3,3,3
1575,2021/12/13,非公開,不動産,経営企画,10名未満,ユーザー（利用者）,5,5,5,5,5
1576,2021/12/12,非公開,金融・証券・保険,営業・販売,"750名以上1,000名未満",ユーザー（利用者）,3,2,2,2,3
1577,2021/12/12,株式会社ワオ・コーポレーション,教育・教育学習支援関係,財務・経理,"750名以上1,000名未満",ユーザー（利用者）,5,5,5,5,5
1578,2021/12/12,非公開,卸売・小売業・商業（商社含む）,総務・人事,100名以上250名未満,IT管理者,3,3,4,3,4
1579,2021/12/12,非公開,卸売・小売業・商業（商社含む）,営業・販売,"750名以上1,000名未満",ユーザー（利用者）,3,3,2,3,1
1580,2021/12/12,非公開,教育・教育学習支援関係,一般事務,10名以上50名未満,ユーザー（利用者）,4,4,2,2,3
1581,2021/12/12,非公開,通信サービス,企画・調査・マーケティング,250名以上500名未満,ユーザー（利用者）,5,5,4,3,3
1582,2021/12/12,非公開,その他,一般事務,100名以上250名未満,ユーザー（利用者）,3,3,3,3,3
1583,2021/12/12,非公開,人材サービス,営業・販売,250名以上500名未満,ユーザー（利用者）,5,5,5,3,4
1584,2021/12/12,非公開,不動産,営業・販売,"1,000名以上5,000名未満",ユーザー（利用者）,5,5,4,4,4
1585,2021/12/11,非公開,教育・教育学習支援関係,総務・人事,250名以上500名未満,ユーザー（利用者）,5,4,5,3,4
1586,2021/12/11,非公開,建設,専門職（建築・土木関連）,"1,000名以上5,000名未満",ユーザー（利用者）,4,4,3,3,3
1587,2021/12/11,非公開,情報処理、ＳＩ、ソフトウェア,情報処理・情報システム,100名以上250名未満,ユーザー（利用者）,3,3,3,3,3
1588,2021/12/11,非公開,卸売・小売業・商業（商社含む）,財務・経理,500名以上750名未満,ユーザー（利用者）,4,4,3,3,4
1589,2021/12/10,非公開,その他,経営企画,"750名以上1,000名未満",ユーザー（利用者）,4,4,3,5,4
1590,2021/12/10,非公開,教育・教育学習支援関係,専門職（教育関連）,"1,000名以上5,000名未満",ユーザー（利用者）,4,3,3,3,3
1591,2021/12/10,非公開,農林水産・鉱業,情報処理・情報システム,"5,000名以上",ユーザー（利用者）,5,5,5,2,4
1592,2021/12/09,非公開,情報処理、ＳＩ、ソフトウェア,情報処理・情報システム,100名以上250名未満,ユーザー（利用者）,5,5,5,3,5
1593,2021/12/09,非公開,教育・教育学習支援関係,営業・販売,50名以上100名未満,ユーザー（利用者）,4,5,4,3,4
1594,2021/12/09,非公開,その他,営業・販売,50名以上100名未満,ユーザー（利用者）,5,5,5,4,4
1595,2021/12/09,非公開,建設,財務・経理,10名以上50名未満,ユーザー（利用者）,4,4,4,3,4
1596,2021/12/09,非公開,電気、電子機器,企画・調査・マーケティング,"1,000名以上5,000名未満",ユーザー（利用者）,3,3,2,3,3
1597,2021/12/09,非公開,建設,技術・設計,500名以上750名未満,ユーザー（利用者）,5,5,5,3,3
1598,2021/12/08,非公開,通信サービス,営業・販売,250名以上500名未満,ユーザー（利用者）,5,4,4,4,4
1599,2021/12/08,非公開,その他,財務・経理,"5,000名以上",ユーザー（利用者）,4,5,4,4,3
1600,2021/12/08,非公開,その他製造,財務・経理,250名以上500名未満,IT管理者,3,3,3,5,4
1601,2021/12/08,非公開,その他製造,情報処理・情報システム,"1,000名以上5,000名未満",IT管理者,4,5,4,4,4
1602,2021/12/08,非公開,通信サービス,営業・販売,50名以上100名未満,ユーザー（利用者）,5,4,4,4,3
1603,2021/12/08,非公開,不動産,広報・宣伝,10名以上50名未満,ユーザー（利用者）,4,3,4,4,3
1604,2021/12/07,非公開,情報処理、ＳＩ、ソフトウェア,技術・設計,100名以上250名未満,ユーザー（利用者）,5,5,5,3,3
1605,2021/12/07,非公開,放送・広告・出版・マスコミ,企画・調査・マーケティング,10名以上50名未満,ユーザー（利用者）,3,2,2,1,1
1606,2021/12/07,非公開,建設,技術・設計,"1,000名以上5,000名未満",ユーザー（利用者）,4,4,4,3,3
1607,2021/12/07,非公開,情報処理、ＳＩ、ソフトウェア,企画・調査・マーケティング,"750名以上1,000名未満",ユーザー（利用者）,5,5,5,5,4
1608,2021/12/07,日本ソフト開発株式会社,情報処理、ＳＩ、ソフトウェア,情報処理・情報システム,100名以上250名未満,ユーザー（利用者）,4,4,4,3,3
1609,2021/12/07,非公開,その他,総務・人事,"1,000名以上5,000名未満",ユーザー（利用者）,4,4,3,3,3
1610,2021/12/07,非公開,卸売・小売業・商業（商社含む）,財務・経理,50名以上100名未満,ユーザー（利用者）,5,5,5,5,5
1611,2021/12/07,非公開,コンサル・会計・法律関連,経営者・役員,10名未満,ユーザー（利用者）,5,5,5,5,5
1612,2021/12/07,非公開,自動車、輸送機器,専門職（法律関連）,"1,000名以上5,000名未満",ユーザー（利用者）,4,4,4,3,3
1613,2021/12/07,非公開,情報処理、ＳＩ、ソフトウェア,営業・販売,50名以上100名未満,ユーザー（利用者）,4,4,4,4,4
1614,2021/12/07,非公開,情報処理、ＳＩ、ソフトウェア,広報・宣伝,250名以上500名未満,ユーザー（利用者）,5,4,4,3,4
1615,2021/12/07,非公開,建設,情報処理・情報システム,100名以上250名未満,導入決定者,2,3,3,2,3
1616,2021/12/07,非公開,飲食店・宿泊,一般事務,100名以上250名未満,ユーザー（利用者）,4,3,3,5,3
1617,2021/12/07,非公開,電気、電子機器,生産・製造,"1,000名以上5,000名未満",ユーザー（利用者）,4,4,4,3,3
1618,2021/12/07,非公開,不動産,一般事務,500名以上750名未満,ユーザー（利用者）,4,4,4,3,3
1619,2021/12/07,非公開,コンサル・会計・法律関連,その他,50名以上100名未満,ユーザー（利用者）,4,4,3,3,4
1620,2021/12/07,非公開,情報処理、ＳＩ、ソフトウェア,経営企画,100名以上250名未満,ユーザー（利用者）,4,4,4,3,3
1621,2021/12/07,非公開,その他製造,総務・人事,500名以上750名未満,ユーザー（利用者）,4,4,4,3,3
1622,2021/12/06,非公開,金融・証券・保険,営業・販売,250名以上500名未満,ユーザー（利用者）,4,4,4,4,4
1623,2021/12/05,非公開,卸売・小売業・商業（商社含む）,財務・経理,250名以上500名未満,ユーザー（利用者）,3,3,3,3,3
1624,2021/12/05,非公開,卸売・小売業・商業（商社含む）,営業・販売,250名以上500名未満,ユーザー（利用者）,3,3,3,3,4
1625,2021/12/05,非公開,情報処理、ＳＩ、ソフトウェア,情報処理・情報システム,"1,000名以上5,000名未満",ユーザー（利用者）,4,4,4,3,3
1626,2021/12/05,非公開,人材サービス,営業・販売,"1,000名以上5,000名未満",ユーザー（利用者）,4,4,4,4,3
1627,2021/12/03,非公開,金融・証券・保険,企画・調査・マーケティング,500名以上750名未満,ユーザー（利用者）,4,4,3,4,4
1628,2021/12/03,非公開,卸売・小売業・商業（商社含む）,企画・調査・マーケティング,"5,000名以上",ユーザー（利用者）,4,4,4,4,4
1629,2021/12/03,非公開,その他製造,生産・製造,50名以上100名未満,ユーザー（利用者）,4,4,4,4,4
1630,2021/12/02,非公開,素材,技術・設計,"1,000名以上5,000名未満",ユーザー（利用者）,5,5,4,3,3
1631,2021/12/02,非公開,食品、医薬、化粧品,一般事務,"1,000名以上5,000名未満",ユーザー（利用者）,4,3,3,3,3
1632,2021/12/02,非公開,食品、医薬、化粧品,情報処理・情報システム,"1,000名以上5,000名未満",ユーザー（利用者）,3,4,5,4,4
1633,2021/12/02,非公開,情報処理、ＳＩ、ソフトウェア,営業・販売,100名以上250名未満,ユーザー（利用者）,5,5,5,5,5
1634,2021/12/02,非公開,介護・福祉,営業・販売,"750名以上1,000名未満",ユーザー（利用者）,4,4,4,3,3
1635,2021/12/01,非公開,コンサル・会計・法律関連,企画・調査・マーケティング,10名以上50名未満,ユーザー（利用者）,5,5,5,5,5
1636,2021/12/01,非公開,不動産,財務・経理,"5,000名以上",ユーザー（利用者）,5,4,5,5,4
1637,2021/12/01,非公開,素材,財務・経理,"5,000名以上",ユーザー（利用者）,4,4,2,3,4
1638,2021/12/01,非公開,情報処理、ＳＩ、ソフトウェア,技術・設計,50名以上100名未満,ユーザー（利用者）,4,4,5,3,3
1639,2021/12/01,非公開,金融・証券・保険,情報処理・情報システム,"1,000名以上5,000名未満",ユーザー（利用者）,3,3,3,3,3
1640,2021/12/01,非公開,電気、電子機器,営業・販売,"5,000名以上",ユーザー（利用者）,4,4,5,4,3
1641,2021/11/30,非公開,その他,その他,100名以上250名未満,ユーザー（利用者）,5,5,5,5,5
1642,2021/11/29,非公開,卸売・小売業・商業（商社含む）,情報処理・情報システム,250名以上500名未満,IT管理者,5,5,5,5,5
1643,2021/11/29,非公開,旅行,営業・販売,250名以上500名未満,ユーザー（利用者）,5,5,5,5,3
1644,2021/11/29,非公開,その他,財務・経理,"1,000名以上5,000名未満",ユーザー（利用者）,4,4,4,3,3
1645,2021/11/29,非公開,医療,専門職（医療関連）,"1,000名以上5,000名未満",ユーザー（利用者）,3,3,4,3,3
1646,2021/11/29,非公開,金融・証券・保険,営業・販売,"5,000名以上",ユーザー（利用者）,4,5,5,4,4
1647,2021/11/29,非公開,情報処理、ＳＩ、ソフトウェア,編集・編成・制作,"750名以上1,000名未満",ユーザー（利用者）,5,5,5,5,3
1648,2021/11/29,非公開,建設,専門職（建築・土木関連）,500名以上750名未満,ユーザー（利用者）,5,3,4,4,5
1649,2021/11/28,非公開,卸売・小売業・商業（商社含む）,総務・人事,500名以上750名未満,ユーザー（利用者）,3,4,4,2,3
1650,2021/11/28,非公開,人材サービス,営業・販売,"5,000名以上",ユーザー（利用者）,4,3,4,5,3
1651,2021/11/28,非公開,素材,営業・販売,"750名以上1,000名未満",ユーザー（利用者）,4,4,4,4,5
1652,2021/11/28,非公開,建設,営業・販売,"1,000名以上5,000名未満",ユーザー（利用者）,5,5,5,4,3
1653,2021/11/28,非公開,不動産,営業・販売,250名以上500名未満,ユーザー（利用者）,4,3,3,3,3
1654,2021/11/28,非公開,不動産,一般事務,"1,000名以上5,000名未満",ユーザー（利用者）,4,3,4,3,2
1655,2021/11/28,非公開,建設,営業・販売,10名以上50名未満,ユーザー（利用者）,3,2,2,3,3
1656,2021/11/28,非公開,その他,一般事務,"1,000名以上5,000名未満",ユーザー（利用者）,5,4,5,4,5
1657,2021/11/28,非公開,情報処理、ＳＩ、ソフトウェア,財務・経理,100名以上250名未満,ユーザー（利用者）,3,3,3,4,3
1658,2021/11/28,非公開,電気、電子機器,財務・経理,250名以上500名未満,ユーザー（利用者）,4,4,5,4,4
1659,2021/11/28,非公開,不動産,営業・販売,"1,000名以上5,000名未満",ユーザー（利用者）,4,4,3,5,3
1660,2021/11/28,非公開,情報処理、ＳＩ、ソフトウェア,技術・設計,"1,000名以上5,000名未満",ユーザー（利用者）,4,4,4,4,3
1661,2021/11/28,非公開,卸売・小売業・商業（商社含む）,営業・販売,10名以上50名未満,ユーザー（利用者）,5,5,5,4,5
1662,2021/11/28,非公開,不動産,一般事務,250名以上500名未満,ユーザー（利用者）,5,5,5,5,5
1663,2021/11/28,非公開,運輸,経営企画,250名以上500名未満,ユーザー（利用者）,5,5,5,3,3
1664,2021/11/27,非公開,電気、電子機器,研究・開発,100名以上250名未満,ユーザー（利用者）,4,4,5,3,3
1665,2021/11/27,非公開,金融・証券・保険,営業・販売,"1,000名以上5,000名未満",ユーザー（利用者）,5,5,5,5,5
1666,2021/11/27,非公開,その他,総務・人事,100名以上250名未満,ユーザー（利用者）,5,5,5,4,3
1667,2021/11/27,非公開,食品、医薬、化粧品,財務・経理,10名以上50名未満,ユーザー（利用者）,4,4,4,5,4
1668,2021/11/27,非公開,情報処理、ＳＩ、ソフトウェア,営業・販売,"5,000名以上",ビジネスパートナー（販売代理店など）,5,5,4,4,4
1669,2021/11/27,非公開,通信サービス,一般事務,100名以上250名未満,ユーザー（利用者）,4,4,4,3,3
1670,2021/11/27,非公開,食品、医薬、化粧品,資材・購買,250名以上500名未満,ユーザー（利用者）,4,5,5,5,5
1671,2021/11/26,非公開,その他,企画・調査・マーケティング,100名以上250名未満,ユーザー（利用者）,5,5,4,5,4
1672,2021/11/26,非公開,通信サービス,営業・販売,10名以上50名未満,ユーザー（利用者）,5,5,5,4,4
1673,2021/11/26,非公開,その他製造,営業・販売,50名以上100名未満,ユーザー（利用者）,2,1,1,1,1
1674,2021/11/26,非公開,卸売・小売業・商業（商社含む）,情報処理・情報システム,"1,000名以上5,000名未満",IT管理者,4,4,4,4,4
1675,2021/11/26,非公開,情報処理、ＳＩ、ソフトウェア,情報処理・情報システム,"5,000名以上",ユーザー（利用者）,4,3,4,3,5
1676,2021/11/26,非公開,金融・証券・保険,財務・経理,50名以上100名未満,ユーザー（利用者）,4,4,4,5,4
1677,2021/11/26,非公開,情報処理、ＳＩ、ソフトウェア,財務・経理,250名以上500名未満,ユーザー（利用者）,4,4,4,4,4
1678,2021/11/26,非公開,金融・証券・保険,財務・経理,10名以上50名未満,ユーザー（利用者）,4,3,4,2,3
1679,2021/11/26,非公開,金融・証券・保険,営業・販売,"5,000名以上",ユーザー（利用者）,5,4,4,4,4
1680,2021/11/26,非公開,不動産,企画・調査・マーケティング,"1,000名以上5,000名未満",ユーザー（利用者）,3,3,3,3,3
1681,2021/11/25,非公開,電気、電子機器,営業・販売,"1,000名以上5,000名未満",ユーザー（利用者）,4,5,4,5,5
1682,2021/11/25,非公開,建設,総務・人事,50名以上100名未満,導入決定者,4,3,4,5,4
1683,2021/11/25,非公開,通信サービス,営業・販売,100名以上250名未満,ユーザー（利用者）,3,4,3,3,3
1684,2021/11/25,非公開,食品、医薬、化粧品,専門職（医療関連）,250名以上500名未満,ユーザー（利用者）,5,5,5,5,5
1685,2021/11/25,非公開,素材,経営企画,"1,000名以上5,000名未満",ユーザー（利用者）,4,3,5,3,3
1686,2021/11/25,非公開,金融・証券・保険,財務・経理,250名以上500名未満,導入決定者,4,4,4,4,4
1687,2021/11/25,非公開,電気、電子機器,情報処理・情報システム,50名以上100名未満,IT管理者,5,4,5,4,4
1688,2021/11/25,非公開,情報処理、ＳＩ、ソフトウェア,財務・経理,50名以上100名未満,導入決定者,4,4,4,2,3
1689,2021/11/25,非公開,建設,財務・経理,100名以上250名未満,導入決定者,5,5,5,3,5
1690,2021/11/25,非公開,自動車、輸送機器,情報処理・情報システム,250名以上500名未満,IT管理者,4,4,4,3,3
1691,2021/11/25,非公開,その他,財務・経理,250名以上500名未満,ユーザー（利用者）,5,5,4,3,5
1692,2021/11/25,非公開,情報処理、ＳＩ、ソフトウェア,財務・経理,100名以上250名未満,ユーザー（利用者）,4,4,4,4,4
1693,2021/11/25,非公開,情報処理、ＳＩ、ソフトウェア,情報処理・情報システム,250名以上500名未満,IT管理者,4,4,4,3,4
1694,2021/11/25,非公開,金融・証券・保険,営業・販売,"5,000名以上",ユーザー（利用者）,5,5,5,5,5
1695,2021/11/25,非公開,自動車、輸送機器,財務・経理,100名以上250名未満,ユーザー（利用者）,4,4,4,3,5
1696,2021/11/25,非公開,医療,専門職（医療関連）,"5,000名以上",ユーザー（利用者）,4,4,5,3,4
1697,2021/11/25,非公開,コンサル・会計・法律関連,財務・経理,100名以上250名未満,導入決定者,4,3,3,3,5
1698,2021/11/25,非公開,その他製造,情報処理・情報システム,100名以上250名未満,IT管理者,5,5,5,5,5
1699,2021/11/25,非公開,卸売・小売業・商業（商社含む）,総務・人事,50名以上100名未満,IT管理者,2,2,2,2,4
1700,2021/11/25,非公開,通信サービス,情報処理・情報システム,250名以上500名未満,ユーザー（利用者）,4,4,5,4,4
1701,2021/11/25,非公開,卸売・小売業・商業（商社含む）,財務・経理,50名以上100名未満,ユーザー（利用者）,5,3,4,4,5
1702,2021/11/25,非公開,介護・福祉,情報処理・情報システム,"1,000名以上5,000名未満",IT管理者,3,2,2,2,4
1703,2021/11/25,非公開,卸売・小売業・商業（商社含む）,財務・経理,250名以上500名未満,ユーザー（利用者）,5,5,5,5,5
1704,2021/11/25,非公開,情報処理、ＳＩ、ソフトウェア,財務・経理,100名以上250名未満,導入決定者,4,4,4,4,4
1705,2021/11/25,非公開,電気、電子機器,一般事務,10名以上50名未満,ユーザー（利用者）,3,4,3,3,3
1706,2021/11/25,非公開,情報処理、ＳＩ、ソフトウェア,情報処理・情報システム,"1,000名以上5,000名未満",ユーザー（利用者）,5,5,5,3,3
1707,2021/11/24,非公開,不動産,財務・経理,10名未満,導入決定者,4,4,4,4,4
1708,2021/11/24,非公開,機械、重電,情報処理・情報システム,"1,000名以上5,000名未満",ユーザー（利用者）,4,4,5,5,4
1709,2021/11/23,非公開,素材,生産・製造,"1,000名以上5,000名未満",ユーザー（利用者）,1,2,1,1,2
1710,2021/11/23,非公開,人材サービス,営業・販売,"1,000名以上5,000名未満",ユーザー（利用者）,5,5,4,5,5
1711,2021/11/23,非公開,金融・証券・保険,一般事務,"750名以上1,000名未満",ユーザー（利用者）,4,5,4,5,5
1712,2021/11/23,非公開,放送・広告・出版・マスコミ,営業・販売,100名以上250名未満,ユーザー（利用者）,3,5,3,2,3
1713,2021/11/23,非公開,金融・証券・保険,その他,100名以上250名未満,ユーザー（利用者）,2,2,2,3,3
1714,2021/11/22,非公開,コンサル・会計・法律関連,財務・経理,100名以上250名未満,ユーザー（利用者）,4,4,4,3,4
1715,2021/11/22,非公開,卸売・小売業・商業（商社含む）,営業・販売,100名以上250名未満,ユーザー（利用者）,4,5,5,4,3
1716,2021/11/21,非公開,人材サービス,営業・販売,"750名以上1,000名未満",ユーザー（利用者）,4,5,4,3,3
1717,2021/11/21,非公開,情報処理、ＳＩ、ソフトウェア,総務・人事,250名以上500名未満,ユーザー（利用者）,4,4,4,4,3
1718,2021/11/20,非公開,放送・広告・出版・マスコミ,企画・調査・マーケティング,100名以上250名未満,ユーザー（利用者）,5,5,5,5,5
1719,2021/11/20,非公開,建設,一般事務,500名以上750名未満,ユーザー（利用者）,3,3,3,3,3
1720,2021/11/20,非公開,情報処理、ＳＩ、ソフトウェア,情報処理・情報システム,10名以上50名未満,ユーザー（利用者）,4,4,5,3,3
1721,2021/11/20,非公開,建設,営業・販売,50名以上100名未満,ユーザー（利用者）,4,4,4,5,3
1722,2021/11/20,非公開,食品、医薬、化粧品,研究・開発,100名以上250名未満,ユーザー（利用者）,4,5,4,4,5
1723,2021/11/19,非公開,電気、電子機器,技術・設計,"5,000名以上",ユーザー（利用者）,4,4,4,4,3
1724,2021/11/18,非公開,人材サービス,営業・販売,"1,000名以上5,000名未満",ユーザー（利用者）,4,4,5,3,3
1725,2021/11/18,非公開,通信サービス,営業・販売,"5,000名以上",ユーザー（利用者）,5,5,5,4,5
1726,2021/11/18,非公開,卸売・小売業・商業（商社含む）,専門職（建築・土木関連）,250名以上500名未満,ユーザー（利用者）,3,4,5,5,3
1727,2021/11/17,非公開,情報処理、ＳＩ、ソフトウェア,情報処理・情報システム,"1,000名以上5,000名未満",ユーザー（利用者）,2,2,2,3,3
1728,2021/11/17,非公開,その他,広報・宣伝,10名以上50名未満,ユーザー（利用者）,5,5,5,5,3
1729,2021/11/17,非公開,不動産,財務・経理,"1,000名以上5,000名未満",ユーザー（利用者）,4,3,3,3,3
1730,2021/11/17,非公開,その他製造,営業・販売,100名以上250名未満,ユーザー（利用者）,4,4,4,4,3
1731,2021/11/16,非公開,機械、重電,技術・設計,250名以上500名未満,ユーザー（利用者）,5,5,5,5,5
1732,2021/11/16,非公開,通信サービス,企画・調査・マーケティング,50名以上100名未満,ユーザー（利用者）,4,4,4,4,4
1733,2021/11/16,非公開,電気、電子機器,一般事務,"750名以上1,000名未満",ユーザー（利用者）,5,5,5,5,5
1734,2021/11/16,非公開,コンサル・会計・法律関連,財務・経理,100名以上250名未満,導入決定者,4,4,4,4,5
1735,2021/11/16,非公開,卸売・小売業・商業（商社含む）,営業・販売,"1,000名以上5,000名未満",ユーザー（利用者）,4,5,4,5,4
1736,2021/11/16,非公開,運輸,経営企画,"5,000名以上",ユーザー（利用者）,4,3,3,3,3
1737,2021/11/16,非公開,機械、重電,研究・開発,250名以上500名未満,ユーザー（利用者）,4,5,5,4,4
1738,2021/11/15,非公開,食品、医薬、化粧品,営業・販売,"750名以上1,000名未満",ユーザー（利用者）,4,5,5,4,4
1739,2021/11/15,非公開,人材サービス,営業・販売,100名以上250名未満,ユーザー（利用者）,4,5,4,4,4
1740,2021/11/15,非公開,情報処理、ＳＩ、ソフトウェア,営業・販売,50名以上100名未満,ユーザー（利用者）,4,4,4,3,3
1741,2021/11/15,非公開,人材サービス,企画・調査・マーケティング,"750名以上1,000名未満",ユーザー（利用者）,5,5,5,4,4
1742,2021/11/15,非公開,人材サービス,営業・販売,100名以上250名未満,ユーザー（利用者）,5,5,5,4,5
1743,2021/11/15,非公開,食品、医薬、化粧品,企画・調査・マーケティング,250名以上500名未満,ユーザー（利用者）,4,4,3,4,3
1744,2021/11/15,非公開,医療,情報処理・情報システム,500名以上750名未満,ユーザー（利用者）,4,5,4,3,3
1745,2021/11/14,非公開,飲食店・宿泊,その他,"750名以上1,000名未満",ユーザー（利用者）,2,3,2,3,3
1746,2021/11/14,非公開,卸売・小売業・商業（商社含む）,一般事務,250名以上500名未満,ユーザー（利用者）,4,4,4,4,4
1747,2021/11/14,非公開,不動産,財務・経理,50名以上100名未満,ユーザー（利用者）,4,4,5,5,4
1748,2021/11/14,非公開,人材サービス,財務・経理,10名以上50名未満,ユーザー（利用者）,1,1,1,1,3
1749,2021/11/14,非公開,卸売・小売業・商業（商社含む）,その他,10名以上50名未満,ユーザー（利用者）,4,4,3,3,2
1750,2021/11/13,非公開,食品、医薬、化粧品,研究・開発,500名以上750名未満,ユーザー（利用者）,5,5,5,5,5
1751,2021/11/13,非公開,通信サービス,経営企画,10名以上50名未満,ユーザー（利用者）,3,3,3,2,1
1752,2021/11/12,非公開,情報処理、ＳＩ、ソフトウェア,情報処理・情報システム,"750名以上1,000名未満",ユーザー（利用者）,3,4,4,3,3
1753,2021/11/12,非公開,飲食店・宿泊,一般事務,"1,000名以上5,000名未満",ユーザー（利用者）,5,5,4,5,5
1754,2021/11/11,非公開,建設,営業・販売,500名以上750名未満,ユーザー（利用者）,3,3,3,3,3
1755,2021/11/11,非公開,その他,その他,250名以上500名未満,ユーザー（利用者）,5,4,3,3,5
1756,2021/11/11,非公開,情報処理、ＳＩ、ソフトウェア,情報処理・情報システム,250名以上500名未満,IT管理者,5,5,4,5,5
1757,2021/11/11,非公開,情報処理、ＳＩ、ソフトウェア,一般事務,100名以上250名未満,ユーザー（利用者）,5,5,5,3,3
1758,2021/11/10,非公開,放送・広告・出版・マスコミ,編集・編成・制作,100名以上250名未満,ユーザー（利用者）,3,3,3,3,3
1759,2021/11/10,非公開,卸売・小売業・商業（商社含む）,企画・調査・マーケティング,10名以上50名未満,ユーザー（利用者）,4,4,5,4,4
1760,2021/11/10,非公開,その他製造,一般事務,"1,000名以上5,000名未満",ユーザー（利用者）,5,5,5,4,4
1761,2021/11/10,非公開,その他製造,企画・調査・マーケティング,250名以上500名未満,ユーザー（利用者）,4,4,5,4,5
1762,2021/11/10,非公開,不動産,一般事務,"1,000名以上5,000名未満",ユーザー（利用者）,4,4,3,4,3
1763,2021/11/09,非公開,自動車、輸送機器,技術・設計,"5,000名以上",ユーザー（利用者）,4,4,4,3,3
1764,2021/11/09,非公開,建設,情報処理・情報システム,50名以上100名未満,IT管理者,2,5,5,5,1
1765,2021/11/09,非公開,その他製造,経営者・役員,250名以上500名未満,導入決定者,5,5,5,5,4
1766,2021/11/09,非公開,食品、医薬、化粧品,一般事務,"1,000名以上5,000名未満",ユーザー（利用者）,5,5,5,5,4
1767,2021/11/09,非公開,建設,財務・経理,50名以上100名未満,導入決定者,5,5,5,3,4
1768,2021/11/09,非公開,その他,情報処理・情報システム,250名以上500名未満,ユーザー（利用者）,4,4,4,4,3
1769,2021/11/09,非公開,卸売・小売業・商業（商社含む）,企画・調査・マーケティング,"750名以上1,000名未満",ユーザー（利用者）,5,5,5,5,4
1770,2021/11/09,非公開,その他,総務・人事,"750名以上1,000名未満",ユーザー（利用者）,3,2,2,2,2
1771,2021/11/09,非公開,金融・証券・保険,企画・調査・マーケティング,"5,000名以上",ユーザー（利用者）,4,4,4,4,4
1772,2021/11/09,非公開,その他製造,研究・開発,250名以上500名未満,ユーザー（利用者）,4,4,3,3,4
1773,2021/11/09,非公開,食品、医薬、化粧品,資材・購買,250名以上500名未満,ユーザー（利用者）,4,4,3,4,5
1774,2021/11/09,非公開,卸売・小売業・商業（商社含む）,営業・販売,"1,000名以上5,000名未満",ユーザー（利用者）,5,5,4,4,5
1775,2021/11/09,非公開,食品、医薬、化粧品,財務・経理,250名以上500名未満,ユーザー（利用者）,4,4,4,4,4
1776,2021/11/09,非公開,電気、電子機器,一般事務,"1,000名以上5,000名未満",ユーザー（利用者）,2,3,2,3,2
1777,2021/11/09,非公開,情報処理、ＳＩ、ソフトウェア,その他,50名以上100名未満,ユーザー（利用者）,5,5,2,5,5
1778,2021/11/09,非公開,放送・広告・出版・マスコミ,財務・経理,100名以上250名未満,ユーザー（利用者）,5,5,5,4,4
1779,2021/11/08,非公開,その他,企画・調査・マーケティング,10名以上50名未満,ユーザー（利用者）,5,5,4,4,5
1780,2021/11/07,非公開,電気、電子機器,その他,250名以上500名未満,ユーザー（利用者）,5,5,4,3,4
1781,2021/11/07,非公開,金融・証券・保険,一般事務,"1,000名以上5,000名未満",ユーザー（利用者）,4,4,4,4,4
1782,2021/11/06,非公開,卸売・小売業・商業（商社含む）,営業・販売,100名以上250名未満,ユーザー（利用者）,4,4,4,3,3
1783,2021/11/06,非公開,卸売・小売業・商業（商社含む）,総務・人事,"750名以上1,000名未満",ユーザー（利用者）,4,5,5,5,4
1784,2021/11/06,非公開,人材サービス,営業・販売,"1,000名以上5,000名未満",ユーザー（利用者）,5,5,5,5,5
1785,2021/11/06,非公開,医療,営業・販売,"1,000名以上5,000名未満",ユーザー（利用者）,4,4,4,4,3
1786,2021/11/06,非公開,電気、電子機器,営業・販売,"1,000名以上5,000名未満",ユーザー（利用者）,4,4,4,4,3
1787,2021/11/06,非公開,放送・広告・出版・マスコミ,営業・販売,250名以上500名未満,ユーザー（利用者）,4,4,4,3,3
1788,2021/11/05,非公開,食品、医薬、化粧品,一般事務,"5,000名以上",ユーザー（利用者）,4,3,4,3,3
1789,2021/11/05,非公開,不動産,その他,"1,000名以上5,000名未満",ユーザー（利用者）,4,4,5,4,4
1790,2021/11/03,非公開,通信サービス,企画・調査・マーケティング,"1,000名以上5,000名未満",ユーザー（利用者）,3,3,4,3,3
1791,2021/11/03,非公開,卸売・小売業・商業（商社含む）,財務・経理,"750名以上1,000名未満",ユーザー（利用者）,4,4,3,3,4
1792,2021/11/03,非公開,卸売・小売業・商業（商社含む）,営業・販売,250名以上500名未満,ユーザー（利用者）,5,5,4,4,3
1793,2021/11/02,非公開,卸売・小売業・商業（商社含む）,財務・経理,"1,000名以上5,000名未満",ユーザー（利用者）,5,5,5,5,3
1794,2021/11/02,非公開,その他,財務・経理,500名以上750名未満,IT管理者,5,5,4,5,4
1795,2021/11/01,非公開,機械、重電,総務・人事,100名以上250名未満,ユーザー（利用者）,4,4,3,4,4
1796,2021/11/01,非公開,その他製造,営業・販売,"1,000名以上5,000名未満",ユーザー（利用者）,4,4,4,4,4
1797,2021/11/01,非公開,その他,財務・経理,"5,000名以上",ユーザー（利用者）,4,4,4,3,3
1798,2021/10/31,非公開,放送・広告・出版・マスコミ,営業・販売,50名以上100名未満,ユーザー（利用者）,5,4,5,4,4
1799,2021/10/30,非公開,情報処理、ＳＩ、ソフトウェア,研究・開発,"1,000名以上5,000名未満",ユーザー（利用者）,4,4,4,4,4
1800,2021/10/30,非公開,卸売・小売業・商業（商社含む）,営業・販売,"1,000名以上5,000名未満",ユーザー（利用者）,3,4,3,3,3
1801,2021/10/29,IPGフォトニクスジャパン株式会社,機械、重電,総務・人事,50名以上100名未満,ユーザー（利用者）,5,5,5,3,5
1802,2021/10/29,非公開,不動産,専門職（建築・土木関連）,"750名以上1,000名未満",ユーザー（利用者）,4,4,4,3,3
1803,2021/10/28,非公開,建設,専門職（建築・土木関連）,500名以上750名未満,ユーザー（利用者）,4,4,4,3,4
1804,2021/10/28,非公開,情報処理、ＳＩ、ソフトウェア,情報処理・情報システム,250名以上500名未満,ユーザー（利用者）,4,4,4,4,4
1805,2021/10/27,非公開,不動産,技術・設計,"1,000名以上5,000名未満",ユーザー（利用者）,4,4,5,5,3
1806,2021/10/27,非公開,情報処理、ＳＩ、ソフトウェア,技術・設計,100名以上250名未満,ユーザー（利用者）,4,4,4,4,4
1807,2021/10/25,非公開,卸売・小売業・商業（商社含む）,営業・販売,"1,000名以上5,000名未満",ユーザー（利用者）,4,4,5,3,3
1808,2021/10/25,非公開,その他,営業・販売,250名以上500名未満,ユーザー（利用者）,4,4,4,4,4
1809,2021/10/23,非公開,情報処理、ＳＩ、ソフトウェア,情報処理・情報システム,250名以上500名未満,ユーザー（利用者）,4,4,3,3,3
1810,2021/10/21,非公開,情報処理、ＳＩ、ソフトウェア,情報処理・情報システム,100名以上250名未満,ユーザー（利用者）,4,4,3,3,3
1811,2021/10/20,非公開,運輸,財務・経理,"1,000名以上5,000名未満",ユーザー（利用者）,4,4,4,4,4
1812,2021/10/18,非公開,情報処理、ＳＩ、ソフトウェア,経営企画,250名以上500名未満,ユーザー（利用者）,2,2,1,1,1
1813,2021/10/17,非公開,人材サービス,一般事務,10名以上50名未満,ユーザー（利用者）,4,5,5,4,3
1814,2021/10/17,非公開,食品、医薬、化粧品,営業・販売,"1,000名以上5,000名未満",ユーザー（利用者）,4,4,4,5,4
1815,2021/10/17,非公開,卸売・小売業・商業（商社含む）,企画・調査・マーケティング,10名以上50名未満,ユーザー（利用者）,4,4,4,4,4
1816,2021/10/15,非公開,卸売・小売業・商業（商社含む）,企画・調査・マーケティング,100名以上250名未満,ユーザー（利用者）,3,3,3,3,3
1817,2021/10/15,非公開,その他製造,総務・人事,10名以上50名未満,IT管理者,4,4,3,3,3
1818,2021/10/15,非公開,その他,営業・販売,"5,000名以上",ユーザー（利用者）,4,5,5,5,5
1819,2021/10/12,ラディックス株式会社,通信サービス,営業・販売,"1,000名以上5,000名未満",ユーザー（利用者）,5,4,4,3,3
1820,2021/10/12,非公開,不動産,営業・販売,"750名以上1,000名未満",ユーザー（利用者）,5,5,5,5,5
1821,2021/10/12,非公開,建設,営業・販売,100名以上250名未満,ユーザー（利用者）,5,5,4,4,5
1822,2021/10/12,非公開,放送・広告・出版・マスコミ,一般事務,250名以上500名未満,ユーザー（利用者）,4,4,4,4,4
1823,2021/10/11,非公開,食品、医薬、化粧品,営業・販売,250名以上500名未満,ユーザー（利用者）,4,4,4,5,3
1824,2021/10/11,非公開,卸売・小売業・商業（商社含む）,一般事務,"750名以上1,000名未満",IT管理者,4,4,4,5,5
1825,2021/10/07,非公開,その他,営業・販売,"1,000名以上5,000名未満",ユーザー（利用者）,5,5,4,4,5
1826,2021/09/25,非公開,教育・教育学習支援関係,企画・調査・マーケティング,100名以上250名未満,ユーザー（利用者）,4,3,4,3,3
1827,2021/09/24,非公開,食品、医薬、化粧品,企画・調査・マーケティング,100名以上250名未満,ユーザー（利用者）,4,4,3,3,3
1828,2021/09/19,非公開,卸売・小売業・商業（商社含む）,営業・販売,50名以上100名未満,ユーザー（利用者）,4,4,4,3,3
1829,2021/09/17,非公開,情報処理、ＳＩ、ソフトウェア,財務・経理,100名以上250名未満,IT管理者,4,5,5,5,4
1830,2021/09/15,非公開,卸売・小売業・商業（商社含む）,経営企画,500名以上750名未満,導入決定者,5,5,5,4,3
1831,2021/09/14,非公開,建設,総務・人事,50名以上100名未満,ユーザー（利用者）,5,5,5,5,5
1832,2021/09/14,非公開,建設,営業・販売,50名以上100名未満,ユーザー（利用者）,4,4,4,5,4
1833,2021/09/13,非公開,情報処理、ＳＩ、ソフトウェア,情報処理・情報システム,"1,000名以上5,000名未満",ユーザー（利用者）,5,5,5,5,5
1834,2021/09/11,非公開,その他,営業・販売,"1,000名以上5,000名未満",ユーザー（利用者）,4,5,5,5,5
1835,2021/09/10,非公開,人材サービス,営業・販売,"5,000名以上",ユーザー（利用者）,4,3,3,4,3
1836,2021/09/10,非公開,食品、医薬、化粧品,総務・人事,500名以上750名未満,ユーザー（利用者）,3,3,3,3,4
1837,2021/09/10,非公開,情報処理、ＳＩ、ソフトウェア,財務・経理,100名以上250名未満,ユーザー（利用者）,3,4,4,3,3
1838,2021/09/10,非公開,卸売・小売業・商業（商社含む）,経営者・役員,10名未満,導入決定者,4,4,3,5,3
1839,2021/09/08,非公開,自動車、輸送機器,その他,100名以上250名未満,ユーザー（利用者）,4,4,4,4,4
1840,2021/09/08,非公開,情報処理、ＳＩ、ソフトウェア,財務・経理,50名以上100名未満,導入決定者,4,4,3,4,4
1841,2021/09/07,非公開,人材サービス,営業・販売,"750名以上1,000名未満",ユーザー（利用者）,4,4,4,3,3
1842,2021/09/07,非公開,食品、医薬、化粧品,生産・製造,"1,000名以上5,000名未満",ユーザー（利用者）,3,3,4,3,3
1843,2021/09/07,非公開,卸売・小売業・商業（商社含む）,営業・販売,"750名以上1,000名未満",ユーザー（利用者）,4,4,4,4,4
1844,2021/09/06,非公開,情報処理、ＳＩ、ソフトウェア,情報処理・情報システム,"1,000名以上5,000名未満",ユーザー（利用者）,4,5,4,5,4
1845,2021/09/05,非公開,情報処理、ＳＩ、ソフトウェア,営業・販売,"1,000名以上5,000名未満",ユーザー（利用者）,5,4,3,4,3
1846,2021/09/03,非公開,電気、電子機器,営業・販売,"1,000名以上5,000名未満",ユーザー（利用者）,3,3,1,4,3
1847,2021/09/03,非公開,卸売・小売業・商業（商社含む）,営業・販売,10名以上50名未満,ユーザー（利用者）,3,3,3,4,3
1848,2021/09/02,非公開,卸売・小売業・商業（商社含む）,財務・経理,500名以上750名未満,導入決定者,4,4,4,4,3
1849,2021/09/01,非公開,卸売・小売業・商業（商社含む）,営業・販売,"1,000名以上5,000名未満",ユーザー（利用者）,4,4,4,4,4
1850,2021/09/01,非公開,食品、医薬、化粧品,営業・販売,250名以上500名未満,ユーザー（利用者）,5,4,4,5,3
1851,2021/08/31,非公開,放送・広告・出版・マスコミ,営業・販売,250名以上500名未満,ユーザー（利用者）,5,5,5,5,3
1852,2021/08/31,非公開,飲食店・宿泊,営業・販売,"5,000名以上",ユーザー（利用者）,4,4,4,4,5
1853,2021/08/31,非公開,情報処理、ＳＩ、ソフトウェア,情報処理・情報システム,100名以上250名未満,ユーザー（利用者）,5,5,4,4,4
1854,2021/08/29,非公開,金融・証券・保険,営業・販売,"1,000名以上5,000名未満",ユーザー（利用者）,4,4,4,3,3
1855,2021/08/29,非公開,食品、医薬、化粧品,生産・製造,250名以上500名未満,ユーザー（利用者）,4,4,4,3,4
1856,2021/08/28,非公開,自動車、輸送機器,財務・経理,"5,000名以上",ユーザー（利用者）,4,4,5,4,5
1857,2021/08/28,非公開,放送・広告・出版・マスコミ,財務・経理,100名以上250名未満,ユーザー（利用者）,4,5,4,4,4
1858,2021/08/24,非公開,その他製造,情報処理・情報システム,100名以上250名未満,IT管理者,3,2,2,4,3
1859,2021/08/23,非公開,卸売・小売業・商業（商社含む）,編集・編成・制作,250名以上500名未満,ユーザー（利用者）,4,4,4,3,3
1860,2021/08/22,非公開,その他,営業・販売,"5,000名以上",ユーザー（利用者）,5,5,5,5,5
1861,2021/08/22,非公開,教育・教育学習支援関係,総務・人事,100名以上250名未満,ユーザー（利用者）,2,3,3,3,3
1862,2021/08/20,非公開,その他,財務・経理,"1,000名以上5,000名未満",ユーザー（利用者）,3,3,4,4,3
1863,2021/08/19,非公開,情報処理、ＳＩ、ソフトウェア,技術・設計,"750名以上1,000名未満",ユーザー（利用者）,3,3,4,4,3
1864,2021/08/19,非公開,金融・証券・保険,一般事務,"750名以上1,000名未満",ユーザー（利用者）,2,3,2,4,3
1865,2021/08/19,非公開,教育・教育学習支援関係,専門職（教育関連）,"750名以上1,000名未満",ユーザー（利用者）,4,4,3,3,3
1866,2021/08/18,非公開,医療,営業・販売,500名以上750名未満,ユーザー（利用者）,3,3,3,3,2
1867,2021/08/18,非公開,電気、電子機器,総務・人事,50名以上100名未満,IT管理者,4,3,4,3,2
1868,2021/08/16,非公開,人材サービス,営業・販売,100名以上250名未満,ユーザー（利用者）,5,5,5,5,4
1869,2021/08/16,非公開,運輸,配送・物流,100名以上250名未満,IT管理者,5,5,5,5,5
1870,2021/08/16,非公開,卸売・小売業・商業（商社含む）,財務・経理,"1,000名以上5,000名未満",ユーザー（利用者）,4,4,4,4,4
1871,2021/08/16,非公開,金融・証券・保険,総務・人事,250名以上500名未満,IT管理者,5,5,5,4,5
1872,2021/08/15,非公開,卸売・小売業・商業（商社含む）,営業・販売,"5,000名以上",ユーザー（利用者）,4,5,4,4,5
1873,2021/08/15,非公開,その他,一般事務,"1,000名以上5,000名未満",ユーザー（利用者）,4,5,4,4,4
1874,2021/08/12,非公開,その他,営業・販売,"1,000名以上5,000名未満",ユーザー（利用者）,5,5,4,3,3
1875,2021/08/10,非公開,その他,その他,500名以上750名未満,ユーザー（利用者）,4,4,3,3,3
1876,2021/08/08,非公開,その他,その他,500名以上750名未満,ユーザー（利用者）,4,4,4,4,4
1877,2021/08/08,非公開,通信サービス,営業・販売,250名以上500名未満,ユーザー（利用者）,4,4,4,4,3
1878,2021/08/08,非公開,情報処理、ＳＩ、ソフトウェア,情報処理・情報システム,"1,000名以上5,000名未満",ユーザー（利用者）,3,4,4,3,3
1879,2021/08/05,非公開,電気、電子機器,財務・経理,250名以上500名未満,ユーザー（利用者）,5,5,5,3,3
1880,2021/08/05,非公開,その他製造,財務・経理,100名以上250名未満,IT管理者,4,4,4,4,4
1881,2021/08/03,非公開,卸売・小売業・商業（商社含む）,一般事務,250名以上500名未満,ユーザー（利用者）,4,4,4,3,3
1882,2021/08/03,非公開,不動産,営業・販売,"750名以上1,000名未満",ユーザー（利用者）,4,4,4,3,3
1883,2021/08/03,非公開,建設,営業・販売,250名以上500名未満,ユーザー（利用者）,4,5,4,5,5
1884,2021/08/03,非公開,教育・教育学習支援関係,広報・宣伝,"750名以上1,000名未満",ユーザー（利用者）,4,3,5,5,3
1885,2021/08/03,非公開,食品、医薬、化粧品,総務・人事,250名以上500名未満,ユーザー（利用者）,5,5,5,5,4
1886,2021/08/02,非公開,食品、医薬、化粧品,営業・販売,100名以上250名未満,ユーザー（利用者）,5,4,4,3,4
1887,2021/08/02,非公開,機械、重電,情報処理・情報システム,100名以上250名未満,IT管理者,5,5,5,4,5
1888,2021/07/31,非公開,通信サービス,財務・経理,250名以上500名未満,ユーザー（利用者）,3,2,2,1,3
1889,2021/07/31,非公開,教育・教育学習支援関係,営業・販売,250名以上500名未満,ユーザー（利用者）,4,4,5,5,4
1890,2021/07/30,非公開,医療,総務・人事,50名以上100名未満,ユーザー（利用者）,5,5,4,5,5
1891,2021/07/28,非公開,卸売・小売業・商業（商社含む）,一般事務,"750名以上1,000名未満",ユーザー（利用者）,4,4,4,4,3
1892,2021/07/24,非公開,その他,営業・販売,100名以上250名未満,ユーザー（利用者）,4,3,3,3,3
1893,2021/07/23,非公開,人材サービス,総務・人事,"1,000名以上5,000名未満",ユーザー（利用者）,4,4,4,4,3
1894,2021/07/22,非公開,情報処理、ＳＩ、ソフトウェア,営業・販売,50名以上100名未満,ユーザー（利用者）,5,5,5,3,3
1895,2021/07/21,非公開,その他製造,技術・設計,50名以上100名未満,ユーザー（利用者）,4,4,4,4,4
1896,2021/07/21,非公開,卸売・小売業・商業（商社含む）,企画・調査・マーケティング,100名以上250名未満,ユーザー（利用者）,5,5,5,5,5
1897,2021/07/21,非公開,人材サービス,総務・人事,50名以上100名未満,IT管理者,4,3,4,3,3
1898,2021/07/20,非公開,情報処理、ＳＩ、ソフトウェア,財務・経理,10名以上50名未満,ユーザー（利用者）,3,4,3,3,4
1899,2021/07/20,非公開,卸売・小売業・商業（商社含む）,情報処理・情報システム,250名以上500名未満,ユーザー（利用者）,4,3,4,3,3
1900,2021/07/16,非公開,教育・教育学習支援関係,経営企画,250名以上500名未満,ユーザー（利用者）,4,5,5,4,4
1901,2021/07/16,非公開,コンサル・会計・法律関連,営業・販売,50名以上100名未満,ユーザー（利用者）,4,5,5,4,4
1902,2021/07/15,非公開,建設,技術・設計,"750名以上1,000名未満",ユーザー（利用者）,3,4,3,4,4
1903,2021/07/15,非公開,建設,技術・設計,"1,000名以上5,000名未満",ユーザー（利用者）,2,2,2,2,3
1904,2021/07/14,扶桑精工株式会社,その他製造,技術・設計,250名以上500名未満,ユーザー（利用者）,5,5,5,4,4
1905,2021/07/13,非公開,人材サービス,総務・人事,250名以上500名未満,導入決定者,4,5,4,5,5
1906,2021/07/13,非公開,放送・広告・出版・マスコミ,その他,100名以上250名未満,ユーザー（利用者）,3,2,3,3,3
1907,2021/07/12,非公開,電気、電子機器,企画・調査・マーケティング,100名以上250名未満,ユーザー（利用者）,4,4,4,3,3
1908,2021/07/11,非公開,食品、医薬、化粧品,財務・経理,250名以上500名未満,ユーザー（利用者）,4,4,4,4,5
1909,2021/07/11,非公開,教育・教育学習支援関係,営業・販売,250名以上500名未満,ユーザー（利用者）,4,4,4,4,4
1910,2021/07/08,合同会社DMM.com,通信サービス,営業・販売,"1,000名以上5,000名未満",ユーザー（利用者）,4,4,4,4,4
1911,2021/07/07,非公開,放送・広告・出版・マスコミ,営業・販売,250名以上500名未満,ユーザー（利用者）,4,4,4,5,4
1912,2021/07/07,非公開,その他,営業・販売,"5,000名以上",ユーザー（利用者）,4,5,5,5,5
1913,2021/07/04,非公開,情報処理、ＳＩ、ソフトウェア,営業・販売,50名以上100名未満,ユーザー（利用者）,4,4,5,4,4
1914,2021/07/02,非公開,建設,技術・設計,50名以上100名未満,ユーザー（利用者）,2,3,3,4,2
1915,2021/07/02,非公開,卸売・小売業・商業（商社含む）,営業・販売,"1,000名以上5,000名未満",ユーザー（利用者）,5,5,5,2,4
1916,2021/07/02,非公開,放送・広告・出版・マスコミ,営業・販売,"1,000名以上5,000名未満",ユーザー（利用者）,4,4,4,4,4
1917,2021/07/02,非公開,教育・教育学習支援関係,一般事務,100名以上250名未満,ユーザー（利用者）,4,4,4,4,3
1918,2021/06/28,非公開,コンサル・会計・法律関連,財務・経理,100名以上250名未満,ユーザー（利用者）,4,4,4,3,3
1919,2021/06/28,非公開,機械、重電,営業・販売,50名以上100名未満,ユーザー（利用者）,3,3,3,3,3
1920,2021/06/25,非公開,その他製造,総務・人事,100名以上250名未満,ユーザー（利用者）,4,4,4,3,4
1921,2021/06/25,非公開,建設,財務・経理,50名以上100名未満,導入決定者,4,4,5,3,5
1922,2021/06/24,非公開,その他,その他,"1,000名以上5,000名未満",ユーザー（利用者）,3,3,3,3,3
1923,2021/06/24,非公開,不動産,営業・販売,500名以上750名未満,ユーザー（利用者）,3,4,4,3,3
1924,2021/06/23,日本ゼトック株式会社,食品、医薬、化粧品,財務・経理,100名以上250名未満,IT管理者,5,5,5,3,5
1925,2021/06/23,非公開,金融・証券・保険,一般事務,100名以上250名未満,ユーザー（利用者）,4,4,4,4,3
1926,2021/06/22,非公開,人材サービス,営業・販売,"1,000名以上5,000名未満",ユーザー（利用者）,3,4,3,3,5
1927,2021/06/21,非公開,介護・福祉,その他,"750名以上1,000名未満",ユーザー（利用者）,4,4,4,3,4
1928,2021/06/21,非公開,人材サービス,営業・販売,"1,000名以上5,000名未満",ユーザー（利用者）,4,4,4,3,4
1929,2021/06/21,非公開,食品、医薬、化粧品,情報処理・情報システム,250名以上500名未満,ユーザー（利用者）,4,5,4,3,3
1930,2021/06/20,非公開,機械、重電,研究・開発,250名以上500名未満,ユーザー（利用者）,5,5,4,5,5
1931,2021/06/19,非公開,人材サービス,営業・販売,50名以上100名未満,ユーザー（利用者）,5,4,4,5,4
1932,2021/06/19,非公開,人材サービス,営業・販売,"5,000名以上",ユーザー（利用者）,3,3,3,5,3
1933,2021/06/19,非公開,金融・証券・保険,営業・販売,250名以上500名未満,ユーザー（利用者）,4,4,3,5,5
1934,2021/06/18,非公開,食品、医薬、化粧品,生産・製造,250名以上500名未満,ユーザー（利用者）,3,3,2,3,3
1935,2021/06/18,非公開,放送・広告・出版・マスコミ,企画・調査・マーケティング,50名以上100名未満,ユーザー（利用者）,3,3,2,2,3
1936,2021/06/18,非公開,その他製造,一般事務,50名以上100名未満,ユーザー（利用者）,3,3,3,3,3
1937,2021/06/18,非公開,卸売・小売業・商業（商社含む）,総務・人事,100名以上250名未満,IT管理者,4,4,4,4,4
1938,2021/06/18,社会福祉法人兵庫県社会福祉協議会,介護・福祉,総務・人事,100名以上250名未満,IT管理者,5,5,5,5,5
1939,2021/06/18,非公開,運輸,財務・経理,250名以上500名未満,IT管理者,4,4,4,4,3
1940,2021/06/17,非公開,情報処理、ＳＩ、ソフトウェア,企画・調査・マーケティング,100名以上250名未満,ユーザー（利用者）,4,5,5,3,3
1941,2021/06/17,非公開,電気、電子機器,生産・製造,500名以上750名未満,ユーザー（利用者）,3,3,3,3,3
1942,2021/06/16,非公開,金融・証券・保険,営業・販売,"5,000名以上",ユーザー（利用者）,5,5,5,4,3
1943,2021/06/15,非公開,教育・教育学習支援関係,一般事務,10名以上50名未満,ユーザー（利用者）,3,4,3,3,2
1944,2021/06/15,非公開,通信サービス,情報処理・情報システム,"750名以上1,000名未満",ユーザー（利用者）,4,4,4,3,4
1945,2021/06/13,非公開,教育・教育学習支援関係,総務・人事,"1,000名以上5,000名未満",ユーザー（利用者）,4,4,5,4,4
1946,2021/06/12,非公開,金融・証券・保険,経営企画,50名以上100名未満,ユーザー（利用者）,4,5,5,4,5
1947,2021/06/12,非公開,介護・福祉,一般事務,"1,000名以上5,000名未満",ユーザー（利用者）,4,5,5,5,5
1948,2021/06/11,非公開,電気、電子機器,技術・設計,250名以上500名未満,ユーザー（利用者）,3,3,2,4,3
1949,2021/06/11,非公開,放送・広告・出版・マスコミ,一般事務,10名以上50名未満,ユーザー（利用者）,5,5,3,5,5
1950,2021/06/11,非公開,情報処理、ＳＩ、ソフトウェア,情報処理・情報システム,250名以上500名未満,ユーザー（利用者）,3,3,2,2,5
1951,2021/06/10,非公開,卸売・小売業・商業（商社含む）,営業・販売,100名以上250名未満,ユーザー（利用者）,4,2,2,1,2
1952,2021/06/09,非公開,その他製造,研究・開発,500名以上750名未満,ユーザー（利用者）,4,4,5,4,4
1953,2021/06/09,非公開,人材サービス,営業・販売,500名以上750名未満,ユーザー（利用者）,4,4,4,3,3
1954,2021/06/09,非公開,電気、電子機器,生産・製造,100名以上250名未満,ユーザー（利用者）,4,4,5,4,5
1955,2021/06/04,非公開,卸売・小売業・商業（商社含む）,営業・販売,"1,000名以上5,000名未満",ユーザー（利用者）,5,5,5,5,5
1956,2021/05/30,非公開,通信サービス,財務・経理,"1,000名以上5,000名未満",ユーザー（利用者）,4,5,4,4,4
1957,2021/05/30,非公開,素材,その他,100名以上250名未満,ユーザー（利用者）,3,2,2,3,2
1958,2021/05/29,非公開,機械、重電,技術・設計,250名以上500名未満,ユーザー（利用者）,4,4,4,3,4
1959,2021/05/29,非公開,不動産,営業・販売,"1,000名以上5,000名未満",ユーザー（利用者）,4,4,4,3,3
1960,2021/05/27,非公開,人材サービス,営業・販売,250名以上500名未満,ユーザー（利用者）,5,5,5,5,5
1961,2021/05/27,非公開,情報処理、ＳＩ、ソフトウェア,営業・販売,"1,000名以上5,000名未満",ユーザー（利用者）,5,5,4,4,5
1962,2021/05/26,非公開,その他製造,財務・経理,250名以上500名未満,ユーザー（利用者）,4,5,5,4,3
1963,2021/05/25,非公開,その他,営業・販売,100名以上250名未満,ユーザー（利用者）,4,4,4,5,3
1964,2021/05/25,非公開,その他製造,財務・経理,100名以上250名未満,ユーザー（利用者）,4,5,5,3,3
1965,2021/05/24,非公開,食品、医薬、化粧品,総務・人事,10名以上50名未満,ユーザー（利用者）,4,4,4,3,4
1966,2021/05/22,非公開,コンサル・会計・法律関連,企画・調査・マーケティング,250名以上500名未満,ユーザー（利用者）,4,4,4,4,4
1967,2021/05/21,非公開,電気、電子機器,広報・宣伝,"1,000名以上5,000名未満",ユーザー（利用者）,4,4,4,4,4
1968,2021/05/21,非公開,通信サービス,営業・販売,100名以上250名未満,ユーザー（利用者）,4,4,5,4,4
1969,2021/05/21,非公開,通信サービス,企画・調査・マーケティング,100名以上250名未満,ユーザー（利用者）,4,5,4,4,4
1970,2021/05/19,非公開,人材サービス,営業・販売,100名以上250名未満,ユーザー（利用者）,4,4,4,4,4
1971,2021/05/19,非公開,その他,一般事務,"1,000名以上5,000名未満",ユーザー（利用者）,4,4,4,3,3
1972,2021/05/18,非公開,不動産,情報処理・情報システム,50名以上100名未満,IT管理者,4,4,3,4,3
1973,2021/05/16,非公開,医療,営業・販売,100名以上250名未満,ユーザー（利用者）,5,5,5,5,5
1974,2021/05/16,非公開,公務員（教員を除く）,配送・物流,"1,000名以上5,000名未満",ユーザー（利用者）,4,4,5,3,3
1975,2021/05/15,非公開,放送・広告・出版・マスコミ,営業・販売,100名以上250名未満,ユーザー（利用者）,5,5,5,5,5
1976,2021/05/14,非公開,その他,その他,250名以上500名未満,ユーザー（利用者）,3,3,3,3,2
1977,2021/05/14,非公開,情報処理、ＳＩ、ソフトウェア,総務・人事,50名以上100名未満,ユーザー（利用者）,4,4,4,4,4
1978,2021/05/14,非公開,その他,営業・販売,"1,000名以上5,000名未満",ユーザー（利用者）,4,4,3,5,3
1979,2021/05/14,非公開,電気、電子機器,その他,"750名以上1,000名未満",ユーザー（利用者）,4,4,4,5,3
1980,2021/05/14,非公開,電気、電子機器,総務・人事,10名以上50名未満,IT管理者,5,5,4,5,5
1981,2021/05/13,非公開,情報処理、ＳＩ、ソフトウェア,情報処理・情報システム,100名以上250名未満,ユーザー（利用者）,4,4,4,3,4
1982,2021/05/11,非公開,医療,営業・販売,"1,000名以上5,000名未満",ユーザー（利用者）,5,5,5,5,5
1983,2021/05/11,非公開,建設,技術・設計,250名以上500名未満,ユーザー（利用者）,4,5,5,3,3
1984,2021/05/08,非公開,卸売・小売業・商業（商社含む）,営業・販売,"750名以上1,000名未満",ユーザー（利用者）,4,3,3,2,2
1985,2021/05/07,非公開,食品、医薬、化粧品,企画・調査・マーケティング,"1,000名以上5,000名未満",ユーザー（利用者）,3,4,4,4,4
1986,2021/05/06,非公開,医療,その他,100名以上250名未満,ユーザー（利用者）,5,5,5,5,5
1987,2021/05/05,非公開,放送・広告・出版・マスコミ,営業・販売,100名以上250名未満,ユーザー（利用者）,4,4,3,4,3
1988,2021/05/05,非公開,不動産,営業・販売,"5,000名以上",ユーザー（利用者）,4,4,3,3,3
1989,2021/05/05,非公開,情報処理、ＳＩ、ソフトウェア,営業・販売,100名以上250名未満,ユーザー（利用者）,5,4,5,4,4
