,投稿日,この製品のいい点,改善してほしい点,メリット,おすすめポイント
0,2024/06/08,世の中が基本領収書もPDF化されており、PDFを自動読み取りしてくれるため精算が非常にスムーズです。承認の進捗具合もメールで連絡が来るためわかりやすいです。,領収書のPDFが取り込まれた際に、領収書の発行日が読み込まれることがあり、実際に取引が発生した日時と乖離があることが時々あります。システムの不具合がありましたか？特にありません。,インボイス制度にもいち早く適応したため、大きな混乱もなく経費精算が行えています。また、無駄に領収書の原紙を紙で保管する必要は無くなります。,まずは検討されてみては良いのではないでしょうか。
1,2024/06/02,法人クレジットカード(コーポレートカード)との連携ができること。また、自社の運用に沿ってある程度カスタマイズ機能があること。,モバイル端末で使いづらかった。パソコンでの操作のみを想定している印象です。当社はインターネットPC端末が1台しかないため、毎月の精算前にPC前が渋滞しました。,外回り営業員が外で支払うガソリン代などの管理、精算が楽になりました。特にコーポレートカードとの連携が可能なことで、精算申請の事務処理も以前の半分以下の労力でできるようになりました。この口コミを詳しく見る,ットカード(コーポレートカード)との連携ができること。また、自社の運用に沿ってある程度カスタマイズ機能があること。楽楽精算の改善してほしい点モバイル端末で使いづらかった。パソコンでの操作のみを想定している印象です。当社はインターネットPC端末が1台しかないため、毎月の精算前にPC前が渋滞しました。楽楽精算導入で得られた効果・メリット外回り営業員が外で支払うガソリン代などの管理、精算が楽になりました。特にコーポレートカードとの連携が可能なことで、精算申請の事務処理も以前の半分以下の労力でできるようになりました。
2,2024/05/30,経費精算システム。pcやスマホから申請ができて便利。領収書を読み込んで添付することで、支店が複数店舗ある場合や距離が遠い場所に複数ある場合には便利。事前に購入していいかの承認を得られる機能もあるため便利。,私の会社では一定額以上の買い物をする際に事前に承認が必要。その申請も楽楽精算でできるのだが承認までに時間がかかることがある。もちろん上司の問題だが、忘れられていそうな時や催促したい時にお知らせするみたいな機能があれば便利だと思った。システムの不具合がありましたか？特になし,わたしは支店の経理を担当しているため営業さんの経費申請をしなければいけなかったが、写真を撮って読み込むだけでいつどこでいくら使ったのか自動入力してくれるのでかかる時間が圧倒的に減った。,導入コストなどが分からないためコスパは正直不明。ユーザーからしてみると便利であることは間違いない。
3,2024/05/30,新型コロナウイルス時期に導入したが今までは出張費と経費は紙での申請だったため会社に出勤して申請していたが導入のおかげで家からでも申請できるようになった。,月に１度程度しか使用していないため改善して欲しいところは無いが領収書撮影時に社名と金額が異なることが多い,今まで紙で回していたため申請金額が振り込まれるまで状況が分からず紛失も何度かあったが導入のおかげで見える化できたこの口コミを詳しく見る,ウイルス時期に導入したが今までは出張費と経費は紙での申請だったため会社に出勤して申請していたが導入のおかげで家からでも申請できるようになった。楽楽精算の改善してほしい点月に１度程度しか使用していないため改善して欲しいところは無いが領収書撮影時に社名と金額が異なることが多い楽楽精算導入で得られた効果・メリット今まで紙で回していたため申請金額が振り込まれるまで状況が分からず紛失も何度かあったが導入のおかげで見える化できた
4,2024/05/30,特に領収書やレシートを撮影すれば自動で打ち込まれるので、手入力する必要がないです。よって、数字のミスなどがしにくいです。,2つあります。慣れるまでは手順がわかりにくく、マニュアルを見て申請方法を覚えなければならないこと。スキャンの間違いも時にはあるということ。少しずつでいいので、改善されていくといいです。,ペーパーレスなので経費の申請に紙を使わず、環境に優しい。スマホから撮って申請できるので、出先からでも提出が可能です。この口コミを詳しく見る,やレシートを撮影すれば自動で打ち込まれるので、手入力する必要がないです。よって、数字のミスなどがしにくいです。楽楽精算の改善してほしい点2つあります。慣れるまでは手順がわかりにくく、マニュアルを見て申請方法を覚えなければならないこと。スキャンの間違いも時にはあるということ。少しずつでいいので、改善されていくといいです。楽楽精算導入で得られた効果・メリットペーパーレスなので経費の申請に紙を使わず、環境に優しい。スマホから撮って申請できるので、出先からでも提出が可能です。
5,2024/05/28,備品購入などの経費を、レシートまたは領収書をスマホかスキャナーで読み取るだけで、ほぼ入力いらずで申請ができます。,たまにレシートや領収書の読み取り間違いがあることくらいで、さほど重大な不満、不具合は今までなかったです。,前は紙の申請だったので、それに比べるとスムーズで面倒くさくなくなりましたし、読み取りで自動で入るので、間違いが少なくなりました。この口コミを詳しく見る,どの経費を、レシートまたは領収書をスマホかスキャナーで読み取るだけで、ほぼ入力いらずで申請ができます。楽楽精算の改善してほしい点たまにレシートや領収書の読み取り間違いがあることくらいで、さほど重大な不満、不具合は今までなかったです。楽楽精算導入で得られた効果・メリット前は紙の申請だったので、それに比べるとスムーズで面倒くさくなくなりましたし、読み取りで自動で入るので、間違いが少なくなりました。
6,2024/05/28,交通費などを精算する際に使用するのですが、いちいち領収書などが必要だったのですが、簡単な電車移動だけの交通費精算なら移動した駅から駅を入力するだけ済みます。また定期を含むこともできるので定期範囲以外を精算してくれるので不正なども防げる。また領収書が必要な際には写真をとってアップロードするだけでOKであとは簡単に入力するだけです。,写真をアップロードする際、携帯からだと簡単にできるのですが、パソコンからだと少しめんどくさいパターンになってしまうこと。,経理の際、会社が出張などが多い為交通費精算が多いので、それが楽楽精算を使うことによりユーザーや導入した会社双方が簡単に精算処理を行うことが出来る。つまり業務の効率化の面でかなり役に立っていると思います。この口コミを詳しく見る,を精算する際に使用するのですが、いちいち領収書などが必要だったのですが、簡単な電車移動だけの交通費精算なら移動した駅から駅を入力するだけ済みます。また定期を含むこともできるので定期範囲以外を精算してくれるので不正なども防げる。また領収書が必要な際には写真をとってアップロードするだけでOKであとは簡単に入力するだけです。楽楽精算の改善してほしい点写真をアップロードする際、携帯からだと簡単にできるのですが、パソコンからだと少しめんどくさいパターンになってしまうこと。楽楽精算導入で得られた効果・メリット経理の際、会社が出張などが多い為交通費精算が多いので、それが楽楽精算を使うことによりユーザーや導入した会社双方が簡単に精算処理を行うことが出来る。つまり業務の効率化の面でかなり役に立っていると思います。
7,2024/05/28,精算等で回覧が必要なとき、すべてネット上で進み、押印も電子でできます。上長が在宅勤務や出張時でも対応してもらえるので、待つことがなくなった。,インボイスなど、どういったときにどう操作するかなど、操作に関する説明(動画)をすぐに見れるようにしてほしい。現在もあるのかもしれないが、見つけられていない(見つけにくい場所にあるのか)。,わざわざハンコをもらいに出社することがなくなったのはありがたい。また、すべてネット上で完結するため、紙を印刷する手間もなくなった。この口コミを詳しく見る,覧が必要なとき、すべてネット上で進み、押印も電子でできます。上長が在宅勤務や出張時でも対応してもらえるので、待つことがなくなった。楽楽精算の改善してほしい点インボイスなど、どういったときにどう操作するかなど、操作に関する説明(動画)をすぐに見れるようにしてほしい。現在もあるのかもしれないが、見つけられていない(見つけにくい場所にあるのか)。楽楽精算導入で得られた効果・メリットわざわざハンコをもらいに出社することがなくなったのはありがたい。また、すべてネット上で完結するため、紙を印刷する手間もなくなった。
8,2024/05/26,経費の精算が効率的にできます。レシートや領収書をスマホで読み取れば、入力しなくて大丈夫なので、間違いも少なくて非常に楽です。,読み取りの精度は信用できますが、それでも100％ではないので、もっとミスがなく高性能になって欲しいです。,導入する前は、一つ一つ経費を紙で申請していてかなり面倒でしたが、楽楽精算を入れてからは写真を撮って何度かクリックするだけなので、かなり効率が良くなりました。この口コミを詳しく見る,が効率的にできます。レシートや領収書をスマホで読み取れば、入力しなくて大丈夫なので、間違いも少なくて非常に楽です。楽楽精算の改善してほしい点読み取りの精度は信用できますが、それでも100％ではないので、もっとミスがなく高性能になって欲しいです。楽楽精算導入で得られた効果・メリット導入する前は、一つ一つ経費を紙で申請していてかなり面倒でしたが、楽楽精算を入れてからは写真を撮って何度かクリックするだけなので、かなり効率が良くなりました。
9,2024/05/24,出張申請がわざわざ上司にハンコをもらいに行かなくなり及び精算も簡単に出来る。領収書の添付が少しめんどくさい。,色々な機能がついているが細かくて分かりづらい。画面も細かいので、ボタンを押したら使える様にしてほしい。システムの不具合がありましたか？領収書を貼り付ける時に、なかなか添付出来なかった。,以前だと課長、部長のハンコをわざわざ席まで行き、もらっていたが、電子で出張申請と精算が出来るので、時間短縮出来た。,煩わしい上司にハンコをもらいに行かなくてすむ。
10,2024/05/22,スマホからレシートや領収書の写真を撮ることで、経費の申請が簡単にできます。紙の申請に比べて驚くほど簡単です。,中には正しく読み込みにくい領収書、レシートもあるので、それには注意が必要。読み込みの精度をもっと上げて欲しい。,紙で申請していた時に比べて、簡単で効率がいいですし、経理の担当も処理が早くなり、立て替えたお金が戻ってくるのが前より早くなりました。この口コミを詳しく見る,レシートや領収書の写真を撮ることで、経費の申請が簡単にできます。紙の申請に比べて驚くほど簡単です。楽楽精算の改善してほしい点中には正しく読み込みにくい領収書、レシートもあるので、それには注意が必要。読み込みの精度をもっと上げて欲しい。楽楽精算導入で得られた効果・メリット紙で申請していた時に比べて、簡単で効率がいいですし、経理の担当も処理が早くなり、立て替えたお金が戻ってくるのが前より早くなりました。
11,2024/05/21,経費精算の自動化により、手作業での入力や計算ミスを大幅に削減できました。領収書のスキャンやスマートフォンでの写真撮影に対応し、デジタルデータとして簡単に管理が可能なので大変便利です。また、クラウドベースのシステムであるため、インターネット環境があればどこからでもアクセスでき、モバイルアプリを使えば外出先でも申請や承認が行えるのも魅力の一つです。さらに、経費データを基にした詳細なレポート作成機能により、経費の分析や予算管理が容易になると経理社員が大絶賛していました。,操作が少し複雑だと感じることがあります。また、カスタマイズ性が向上されたら嬉しいです。企業ごとの独自の経費精算ルールや承認フローに対応できる柔軟性が不足のように思います。また、他の業務システムとの連携を強化し、データの一元管理をよりスムーズに行えたらさらによくなると思います。,手作業の経費精算を自動化し、月20時間の業務時間削減を実現したと同時に経費精算のミスも大幅に減少しました。この口コミを詳しく見る,自動化により、手作業での入力や計算ミスを大幅に削減できました。領収書のスキャンやスマートフォンでの写真撮影に対応し、デジタルデータとして簡単に管理が可能なので大変便利です。また、クラウドベースのシステムであるため、インターネット環境があればどこからでもアクセスでき、モバイルアプリを使えば外出先でも申請や承認が行えるのも魅力の一つです。さらに、経費データを基にした詳細なレポート作成機能により、経費の分析や予算管理が容易になると経理社員が大絶賛していました。楽楽精算の改善してほしい点操作が少し複雑だと感じることがあります。また、カスタマイズ性が向上されたら嬉しいです。企業ごとの独自の経費精算ルールや承認フローに対応できる柔軟性が不足のように思います。また、他の業務システムとの連携を強化し、データの一元管理をよりスムーズに行えたらさらによくなると思います。楽楽精算導入で得られた効果・メリット手作業の経費精算を自動化し、月20時間の業務時間削減を実現したと同時に経費精算のミスも大幅に減少しました。
12,2024/05/20,通常の経費精算や出張申請ができるのは当然だが、稟議申請もこのプラットフォームで行えるのが本当に楽です。,弊社のルールの問題なのかもしれませんが、意外と直感的ではなく、ある程度のマニュアルがないと容易には扱えない印象です。,煩雑になりがちな稟議書の提出が簡単になります。また承認プロセスも設定に伴ってスムーズに行われるため、効率が上がります。この口コミを詳しく見る,精算や出張申請ができるのは当然だが、稟議申請もこのプラットフォームで行えるのが本当に楽です。楽楽精算の改善してほしい点弊社のルールの問題なのかもしれませんが、意外と直感的ではなく、ある程度のマニュアルがないと容易には扱えない印象です。楽楽精算導入で得られた効果・メリット煩雑になりがちな稟議書の提出が簡単になります。また承認プロセスも設定に伴ってスムーズに行われるため、効率が上がります。
13,2024/05/18,インボイス対応も早く、PDFファイルから事業者コードや金額を自動で読み取ってくれるので経費精算の手間が少ないです。,取引先をデータベース化してPDFファイルから取引先の名前も抽出してくれるとより業務効率が良くなると思う。システムの不具合がありましたか？PDFファイルから事業者コードなどを読み込み時、間違った値になることがしばしばあります。,UIが非常にわかりやすく、特に詳しい説明なしでも従業員全員が簡単に経費精算できる点がメリットだと思います。この口コミを詳しく見る,対応も早く、PDFファイルから事業者コードや金額を自動で読み取ってくれるので経費精算の手間が少ないです。楽楽精算の改善してほしい点取引先をデータベース化してPDFファイルから取引先の名前も抽出してくれるとより業務効率が良くなると思う。システムの不具合がありましたか？PDFファイルから事業者コードなどを読み込み時、間違った値になることがしばしばあります。楽楽精算導入で得られた効果・メリットUIが非常にわかりやすく、特に詳しい説明なしでも従業員全員が簡単に経費精算できる点がメリットだと思います。
14,2024/05/15,名前の通り写真を撮るだけで金額や名前を自動入力してくれるので、精算が楽々になります。また、データ上で領収書を管理できる点も評価が高いです。,少し反応が遅かったりロード時間が長いことがありストレスに感じることがありました。もう少し快適に使用できるようにしてほしい。,紙ベースで保管していたレシートや領収書をデータ管理できることで紛失を防げたり、管理にリソースを割かれなくてすんだ。この口コミを詳しく見る,写真を撮るだけで金額や名前を自動入力してくれるので、精算が楽々になります。また、データ上で領収書を管理できる点も評価が高いです。楽楽精算の改善してほしい点少し反応が遅かったりロード時間が長いことがありストレスに感じることがありました。もう少し快適に使用できるようにしてほしい。楽楽精算導入で得られた効果・メリット紙ベースで保管していたレシートや領収書をデータ管理できることで紛失を防げたり、管理にリソースを割かれなくてすんだ。
15,2024/05/15,アプリで撮影し領収書を自動読み取りして取引先、金額、日付、登録番号を読み込みしてくれるので入力せず登録できる,ときどきデータの自動入力が正確でないことがあるため、レシートの金額が正しく認識されず、手動で修正する必要がある。,支払い、経費精算や交通費精算が入力の仕方が分りやすく処理しやすい。アプリがあるので携帯からも処理ができる。この口コミを詳しく見る,影し領収書を自動読み取りして取引先、金額、日付、登録番号を読み込みしてくれるので入力せず登録できる楽楽精算の改善してほしい点ときどきデータの自動入力が正確でないことがあるため、レシートの金額が正しく認識されず、手動で修正する必要がある。楽楽精算導入で得られた効果・メリット支払い、経費精算や交通費精算が入力の仕方が分りやすく処理しやすい。アプリがあるので携帯からも処理ができる。
16,2024/05/14,領収書を読み取ってそれが自動入力されるので、手打ちをしなくてよく、かなりの時短になります。交通費関係の清算も非常に楽です。,せっかく便利なのに、領収書が正しく読み込めないことが珍しくないので、もっと精度が上がるといいなと思います。,ペーパーレスなので、領収書などの紙を溜め込まず、ごちゃごちゃにならずに済んでいる。また紙代、印刷代の節約にもなっています。この口コミを詳しく見る,み取ってそれが自動入力されるので、手打ちをしなくてよく、かなりの時短になります。交通費関係の清算も非常に楽です。楽楽精算の改善してほしい点せっかく便利なのに、領収書が正しく読み込めないことが珍しくないので、もっと精度が上がるといいなと思います。楽楽精算導入で得られた効果・メリットペーパーレスなので、領収書などの紙を溜め込まず、ごちゃごちゃにならずに済んでいる。また紙代、印刷代の節約にもなっています。
17,2024/05/09,領収書での精算を今までは手動登録だったのに対して，直近のアップデートでファイルアップデートで自動読み込みできるようになり，非常に便利になりました。,タブが毎回別途作られてしまうため、画面を切り替えた際にどのタブで作業したのかがわからなくなるときがある。,経費の全体管理ができるようになった。細かい交通費の精算管理に加えて，独自で経費項目を設定できるため、自社の会計項目に合わせた処理が楽にできるようになった。この口コミを詳しく見る,精算を今までは手動登録だったのに対して，直近のアップデートでファイルアップデートで自動読み込みできるようになり，非常に便利になりました。楽楽精算の改善してほしい点タブが毎回別途作られてしまうため、画面を切り替えた際にどのタブで作業したのかがわからなくなるときがある。楽楽精算導入で得られた効果・メリット経費の全体管理ができるようになった。細かい交通費の精算管理に加えて，独自で経費項目を設定できるため、自社の会計項目に合わせた処理が楽にできるようになった。
18,2024/05/09,以前のシステムは社内環境でしか使えなかった為、スマホでどこからでも操作出来るのはクラウドシステムの良さだと思います。また、入力項目の並びも分かりやすく、マニュアルを常に側におかなくても入力できます。乗換案内のシステムと連携しているので、わざわざ自分で利用料金を確認しなくても電車、バスの料金が自動で出てくるのも便利でした。,利用者として強いて言えば、乗り換えルートの検索画面のUIが少し分かりにくいかなと感じました。決定ボタン？を押さないと候補が出てこなかったりして少し迷いました。,紙の削減、コスト削減につながりました。経理の最終承認まで設定したルートに沿ってメールで通知も飛ぶので、承認漏れ防止にもなっています。以前利用していた製品の解約理由サポート料金が高いのと、レガシーシステムだった為リプレースの時期で解約しました。この口コミを詳しく見る,テムは社内環境でしか使えなかった為、スマホでどこからでも操作出来るのはクラウドシステムの良さだと思います。また、入力項目の並びも分かりやすく、マニュアルを常に側におかなくても入力できます。乗換案内のシステムと連携しているので、わざわざ自分で利用料金を確認しなくても電車、バスの料金が自動で出てくるのも便利でした。楽楽精算の改善してほしい点利用者として強いて言えば、乗り換えルートの検索画面のUIが少し分かりにくいかなと感じました。決定ボタン？を押さないと候補が出てこなかったりして少し迷いました。楽楽精算導入で得られた効果・メリット紙の削減、コスト削減につながりました。経理の最終承認まで設定したルートに沿ってメールで通知も飛ぶので、承認漏れ防止にもなっています。以前利用していた製品の解約理由サポート料金が高いのと、レガシーシステムだった為リプレースの時期で解約しました。
19,2024/05/07,昨今の法改正にともなって、経理部や精算担当者の業務の負担軽減に役立っていると思われる点。電子データとしての保存を申請段階でしているため、経理担当者の業務効率が上がった。,領収書や請求書をスキャナで取り込み、電子化した上でフォーマットに合わせて申請をしなければならず、その上で原本の提出も必要なため、使用者としては手間が増えた。領収書や請求書のデータを取り込んだらダイレクト(コピーペースト等)で申請できるシステムだと使いやすい。,社員が実費で支払った料金を、会社経費として社員に精算するシステムのみ(通常通勤以外の交通費を含む)を導入しているが、清算のフォーマット(入力)が以前のシステムより見やすく、清算申請を行う際に必要事項の入力で迷うことが少なくなった。以前利用していた製品の解約理由電子帳簿保存法が施行されたためこの口コミを詳しく見る,正にともなって、経理部や精算担当者の業務の負担軽減に役立っていると思われる点。電子データとしての保存を申請段階でしているため、経理担当者の業務効率が上がった。楽楽精算の改善してほしい点領収書や請求書をスキャナで取り込み、電子化した上でフォーマットに合わせて申請をしなければならず、その上で原本の提出も必要なため、使用者としては手間が増えた。領収書や請求書のデータを取り込んだらダイレクト(コピーペースト等)で申請できるシステムだと使いやすい。楽楽精算導入で得られた効果・メリット社員が実費で支払った料金を、会社経費として社員に精算するシステムのみ(通常通勤以外の交通費を含む)を導入しているが、清算のフォーマット(入力)が以前のシステムより見やすく、清算申請を行う際に必要事項の入力で迷うことが少なくなった。以前利用していた製品の解約理由電子帳簿保存法が施行されたため
20,2024/05/05,領収書などを写真をとって、上長などの承認のワークフローまで一貫しておこなえるのが楽です。また領収書原本も出す必要が無くなったのでペーパレス化が進みました。,領収書のOCRの機能があるのですが、手書きで読み取りが難しいものだけではなくて新幹線の領収書ですらたまに読み取れないようなものもあり、OCRの精度向上をしてほしいと思っています。,出張先や外出先でも気軽にリモート勤務のまま交通費などの申請ができるのが助かっています。自動で路線の計算をしてくれたり、目的地の使うルートの候補が出るのは地味に助かっています。この口コミを詳しく見る,を写真をとって、上長などの承認のワークフローまで一貫しておこなえるのが楽です。また領収書原本も出す必要が無くなったのでペーパレス化が進みました。楽楽精算の改善してほしい点領収書のOCRの機能があるのですが、手書きで読み取りが難しいものだけではなくて新幹線の領収書ですらたまに読み取れないようなものもあり、OCRの精度向上をしてほしいと思っています。楽楽精算導入で得られた効果・メリット出張先や外出先でも気軽にリモート勤務のまま交通費などの申請ができるのが助かっています。自動で路線の計算をしてくれたり、目的地の使うルートの候補が出るのは地味に助かっています。
21,2024/05/04,会社員で、業務で経費処理するときに楽楽精算を使っています。高速道路料金やコインパーキング料金等仕事で使ったものを申請しています。今どきのソフトなので楽に申請出来るしいちいち上長に確認取る手間が省けて楽だと思います。,今のところこれと言って改善して欲しいところは特にありませんが、強いて言うなら、経費処理するにあたって、使い道の選択肢をもっと増やして貰えればなと。システムの不具合がありましたか？特にありません,一番のメリットは、上長への確認や決済書などいちいち手間のかかるものが要らなくなったのと、販売店で働いていますが、店舗の準備金を一時的に使うことがないのでお金の管理が楽になりました。,とにかく楽になる、この一点です！
22,2024/05/02,請求書をスマホ携帯の写真で撮ってすぐに費用請求できることが非常に便利です。今までは複合機でスキャンしてサーバーに取りに行って、という対応が面倒でした。,私は承認する立場ですが、一度承認したデータを確認することができませんでした。誤って承認してしまうこともあるので、簡単に確認できて、再度承認し直しができるようになると便利です。,今まで電車で移動の場合、yahoo乗り換え案内等で電車を調べて、一路線ごとに入力して精算、していましたが、楽楽精算は乗り換え検索を行え、そこから決定ボタンを押すだけで処理が完了するので、本当に便利で時間短縮ができています。この口コミを詳しく見る,マホ携帯の写真で撮ってすぐに費用請求できることが非常に便利です。今までは複合機でスキャンしてサーバーに取りに行って、という対応が面倒でした。楽楽精算の改善してほしい点私は承認する立場ですが、一度承認したデータを確認することができませんでした。誤って承認してしまうこともあるので、簡単に確認できて、再度承認し直しができるようになると便利です。楽楽精算導入で得られた効果・メリット今まで電車で移動の場合、yahoo乗り換え案内等で電車を調べて、一路線ごとに入力して精算、していましたが、楽楽精算は乗り換え検索を行え、そこから決定ボタンを押すだけで処理が完了するので、本当に便利で時間短縮ができています。
23,2024/04/29,これまでは、購入希望品について、購入の可否を本社に電話で確認していたが、楽楽精算にマニュアル通りに入力すれば、本社から承認され、現金が入金されるので、便利。,入力したいセルをクリックすると、その項目には、どのような内容を入力すればいいのかの説明文が出ると、いちいちマニュアルを見なくて済む。システムの不具合がありましたか？特にありません。,ちょっとした買い物(コンビニや100円均一)は、今まで小口現金で処理していたが、楽楽精算を導入したことにより、小口現金の使用頻度が減った。,煩雑な小口現金を廃止したければ、楽楽精算が便利です！
24,2024/04/24,勤めている会社が、交通費の申請等で楽楽精算を導入しております。初めて使ったのですが、すごく簡単に申請ができるので助かっております…！！,スマートフォンでログインする際、その会社のurl？がいるところですかね…バックアップをしっかり取っていなかった私も悪いのですが、urlとかではなく、IDなどにしてくれると助かります。,申請したい領収証を、纏めて経理に送るとかではなくそのまま入力して申請が通ればすぐに降りてくるところはメリットだと思います。ペーパーレスなところもメリットです。この口コミを詳しく見る,会社が、交通費の申請等で楽楽精算を導入しております。初めて使ったのですが、すごく簡単に申請ができるので助かっております…！！楽楽精算の改善してほしい点スマートフォンでログインする際、その会社のurl？がいるところですかね…バックアップをしっかり取っていなかった私も悪いのですが、urlとかではなく、IDなどにしてくれると助かります。楽楽精算導入で得られた効果・メリット申請したい領収証を、纏めて経理に送るとかではなくそのまま入力して申請が通ればすぐに降りてくるところはメリットだと思います。ペーパーレスなところもメリットです。
25,2024/04/21,交通費の入力が最も多い「出張旅費精算」において、入力作業が楽になりました。領収書があるものは、スマホから撮影するだけで、読み取りミスもなく取り込んでくれますし、領収書が無い、電車・バスに関しては、検索メニューから入力ができるので、いちいち乗り換え案内等の画面を開けて調べる手間が省けます。,一部の交通機関の領収書では、決済日が表示されている為、データを取り込んだ後で、修正作業を行う必要があり不便さを感じています。申請メニューと清算メニューが科目ごとに分かれているのですが、少し分かりにくく戸惑う事があります。システムの不具合がありましたか？今のところ、トラブルはありません。,今までは、紙で印刷したものをスキャンして、ワークフローで回覧し、最終的な承認（清算）の際には紙、という感じで、非常に手間がかかっていましたが、ほとんどがWEB上で完結できるので、時間短縮できました。,一般社員が関わる、清算業務をこれ一つでシステム化できます。
26,2024/04/15,スキャナで作成した領収書のPDFファイルを自動読み取りして取引先、料金、日付、登録番号を児童で表示してくれる,読み取り精度があまりよくない修正した時にこちらの意図を汲んで学習してほしい複数のPDFファイルを一括読み取りして欲しいシステムの不具合がありましたか？読み取り精度いまいち結局、読み取った内容チェックと修正になるのでたまにうまく読み取れてた分の時間短縮くらい,PDF読み取り機能で手入力の時間はほんの少し減ったほんの少しの理由は結局自身で読み取り内容のチェックが必要,特になし
27,2024/04/13,楽楽精算は、使いやすさと効率性に優れています。スマートなインターフェースで経費の申請や精算が簡単に行え、管理者側も申請の承認や経費の集計がスムーズにできます。さらに、レシートの写真を撮るだけで自動でデータが入力される機能も便利です。,改善点としては、レポートのカスタマイズ性がもう少し欲しいです。特定の要件に合わせてレポートを調整できると便利です。また、稀にデータの自動入力が正確でないことがあるので、精度向上にも注力してほしいです。システムの不具合がありましたか？残念ながら、楽楽精算を利用していて、稀にデータの自動入力が正確でないことがありました。例えば、レシートの金額が正しく認識されず、手動で修正する必要があることがありました。ただし、サポートチームは迅速に対応してくれました。,楽楽精算を利用することで、経費精算の手間と時間を大幅に削減できました。従業員は簡単に経費を申請でき、管理者は効率的に承認と集計ができます。これにより、経費処理の遅延が解消され、業務効率が向上しました。,楽楽精算は、使いやすさと効率性に優れています。特に、スマートなインターフェースで経費の申請や精算が簡単に行える点がおすすめです。また、レシートの写真を撮るだけで自動でデータが入力される機能も便利です。
28,2024/04/11,会社で新たに経費精算システムとして導入をして使用していますが交通費の精算もルートが出てくるので楽。領収書の適格請求書発行事業者登録番号も読み込んでくれるので楽です。,アプリから出来るのは楽ですがパソコンでやるときに領収書を読み込むところがよくわからないです。使用方法を調べずにやりたい。,領収書を画像保存してくれるため保存レス化が図れる。今まで交通費精算するのも手書きの用紙を記入してやっていたが路線が導入されているのですぐに登録できる。この口コミを詳しく見る,に経費精算システムとして導入をして使用していますが交通費の精算もルートが出てくるので楽。領収書の適格請求書発行事業者登録番号も読み込んでくれるので楽です。楽楽精算の改善してほしい点アプリから出来るのは楽ですがパソコンでやるときに領収書を読み込むところがよくわからないです。使用方法を調べずにやりたい。楽楽精算導入で得られた効果・メリット領収書を画像保存してくれるため保存レス化が図れる。今まで交通費精算するのも手書きの用紙を記入してやっていたが路線が導入されているのですぐに登録できる。
29,2024/04/11,UIがはっきりしていて分かりやすい、領収書の登録が簡単にできる、交通費を路線検索で計算して登録できる,領収書登録を行ってから各明細にひもづけるというやり方が個人的に面倒だと思いました。各明細に直接領収書登録ができるようにしてほしい,以前使っていた自社開発の精算アプリはスマホからアクセスするとUIが見づらかったですが、楽々精算はスマホからのUIも非常に見やすく助かっています。この口コミを詳しく見る,きりしていて分かりやすい、領収書の登録が簡単にできる、交通費を路線検索で計算して登録できる楽楽精算の改善してほしい点領収書登録を行ってから各明細にひもづけるというやり方が個人的に面倒だと思いました。各明細に直接領収書登録ができるようにしてほしい楽楽精算導入で得られた効果・メリット以前使っていた自社開発の精算アプリはスマホからアクセスするとUIが見づらかったですが、楽々精算はスマホからのUIも非常に見やすく助かっています。
30,2024/04/11,直感的なインターフェースを備えており、従業員や管理者が簡単に操作できるため、満足度が非常に高く。経費の申請から承認までの手順がスムーズで、時間を節約でき助かってます。,より詳細な経費レポートの作成や分析機能の強化を希望。経費の傾向や分析結果を可視化し、経営判断や予算管理に役立てることができれば、さらに価値が高まるのではと思います。システムの不具合がありましたか？特に大きなトラブルはありません,経費精算プロセスは、従業員と管理者の両方にとって手間がかかるものでした。従業員はレシートを集め、手作業でエクセルシートに情報を入力し、経費報告書を作成する必要がありました。また、管理者は複数の経費報告書を確認し、承認する作業に時間を費やしていました。しかし、楽々精算システムを導入することでこの課題に対処しました。新しいシステムでは、従業員はスマートフォンのアプリを使ってレシートをスキャンし、必要な情報を入力するだけなので時間と労力を節約でき、より業務に集中することができるようになりました。,経費のカテゴリー分け、承認フローの設定など、必要な機能が十分に揃っている
31,2024/04/11,精算したい領収書データを自動で読み込んでくれるので、手入力の手間が省ける。入力手順に慣れてしまえば、精算したい人も経理の方も楽になると思う。,入力に間違いがあったらエラーで進めないようにするとか、要所要所で使い方を教えてくれる機能があると尚便利。間違ったまま精算、申請に進めてしまうので申請後に差し戻されることがあり、時間を取られてしまうことがある。システムの不具合がありましたか？携帯で領収書の写真を撮り、そのデータを楽々精算に添付することはできなかった。ものすごく急いでいる時は少し不便さを感じた。,領収書を直接経理に提出せずに、遠隔でデータを共有、承認してもらえるので、現場と本社が離れている場合にとても効率が良い。また、精算した本人の給与明細に直接反映されるのも経理へ取りに行く手間が省けてとても良い。,使う方たちへ、しっかりとレクチャーすることが大切。
32,2024/04/09,社用で使用した高速代や雑費購入代金はレシート撮像してパソコンでアップロードと簡単な入力だけで楽々に経費精算が出来る所。,特に改善点は見当たりませんが、強いて言えば各項目で少しわかりづらい所があると思います。会社によって変更できればと思います。（知らないだけかもしれませんが）システムの不具合がありましたか？特にありません。,我が社では経費精算に関しては本社などに書類でのやり取りが必要でしたが、パソコンに簡単な入力だけでスムーズに精算が出来るようになりました。,とにかく楽々です。
33,2024/04/09,SaaSサービスなので、動作が軽く、UIUXも常に最新のものを利用できるのが良いと思います。電子請求書のデータ自動読み取り機能もあり、経費精算がかなり楽になりました。,現状、日本においては最良級のサービスだと思うので、文句はありませんが、強いてあげさせて頂くと、旅費精算で、経路に従った料金入力はもう少し、分かりやすくできると思います。,社内独自の経費規定のルールも、楽々精算の画面上で必要に合わせて、呼び起こすことができ、新入社員でも一人で経費精算できると思います以前利用していた製品の解約理由オンプレミス型で、UIUXが古臭い。細かい設定に対応できない点がストレスでした。この口コミを詳しく見る,ービスなので、動作が軽く、UIUXも常に最新のものを利用できるのが良いと思います。電子請求書のデータ自動読み取り機能もあり、経費精算がかなり楽になりました。楽楽精算の改善してほしい点現状、日本においては最良級のサービスだと思うので、文句はありませんが、強いてあげさせて頂くと、旅費精算で、経路に従った料金入力はもう少し、分かりやすくできると思います。楽楽精算導入で得られた効果・メリット社内独自の経費規定のルールも、楽々精算の画面上で必要に合わせて、呼び起こすことができ、新入社員でも一人で経費精算できると思います以前利用していた製品の解約理由オンプレミス型で、UIUXが古臭い。細かい設定に対応できない点がストレスでした。
34,2024/04/09,会社の経費精算で使用してます。今までは手書きのフォーマットで提出してましたが、楽々精算でPCでの打ち込みに変わりペーパーレスになって非常に良いです。領収書も専用アプリで写真撮りして提出でき、インボイスにも対応しており便利です,ほとんどの領収書を専用アプリで写真撮りして、自動で読み込みしてくれますが、たまに読み取れない領収書があります。特に新幹線代など自動販売機で購入した際の領収書は読み込みが悪いです。改善していただきたいですシステムの不具合がありましたか？特にありません,会社としてはペーパーレス化が進んだことが大きいです。また手書の時は提出間違いを人力で確認していたようですが、楽楽精算によりその手間が大幅に改善できたようです。利用する側（使用する側）にとっても作業の簡素化が出来ました,導入する費用もCMの通り安く導入出来るようです。使用する際に最初は慣れてないので、今までのやり方と比べると戸惑いもありますが、慣れれば非常に時短になるツールとなってます
35,2024/04/09,領収書等を撮影すると自動で入力してくれるので、時短になる。読み取りの性能が良いので、ほとんど手入力しなくて良い。,差し戻しされた際に、領収書の原本が手元にないと再度撮影ができないので困った。撮影した画像がどこに保存されているのか分かりにくい。,どこでも手軽に申請できるので、出張先などでもスマホがあれば申請できるのが助かります。今までは一つ一つ手入力だったので、手間が省けました。この口コミを詳しく見る,撮影すると自動で入力してくれるので、時短になる。読み取りの性能が良いので、ほとんど手入力しなくて良い。楽楽精算の改善してほしい点差し戻しされた際に、領収書の原本が手元にないと再度撮影ができないので困った。撮影した画像がどこに保存されているのか分かりにくい。楽楽精算導入で得られた効果・メリットどこでも手軽に申請できるので、出張先などでもスマホがあれば申請できるのが助かります。今までは一つ一つ手入力だったので、手間が省けました。
36,2024/04/07,経費申請として使用していますが、登録や領収書のアップロードが簡単で使いやすいです。また過去の申請の記録も一覧からすぐに見返せすことができ、よく経費申請する項目をお気に入りできて便利です。,スマホからのUIがPCと比較して少しわかりづらくて使いづらいので、混乱せずに直感的に操作できるようにしてほしいです。システムの不具合がありましたか？PCやネットワークの問題かもしれませんが、一度入力申請途中のデータがすべて消えてしまって再度登録するのに時間がかかったことがあります。,以前は、出張先や外出中には申請ができませんでしたが、楽楽精算では、外出先でもスマホで空いている時間に申請ができるので、申請の業務に時間がかからず助かります。また自動で運賃を計算してくれたり、目的地を登録したり機能がいろいろあって便利です。,UIが分かりやすく機能も充実しているので、経費申請や管理に時間が取られているのであればとてもおすすめです。
37,2024/04/04,現状勤務先で使用していますが、精算に関して、見やすく、わかりやすく、シンプルで非常に使いやすいです。良く使う精算方法としては、出張精算や、立替精算などですが、場面におおじてわかりやすく使いやすいです。,領収書を添付する際、事前に領収書を登録した上で、精算という流れですが、少し手間がかかりますので、精算時にスキャンされたデータをそのまま添付できると、非常にありがたいです。,以前は紙ベースで経費の精算など行っていましたが、楽楽精算導入後、申請者の手間と精算者(経理)の手間が激減しました。電子上でやり取りが行える点や、そのデータをもとに経理の仕訳も自動反映でき、人件費の削減に繋がっております。(当初、人件費削減がビジネス課題でありました。)この口コミを詳しく見る,で使用していますが、精算に関して、見やすく、わかりやすく、シンプルで非常に使いやすいです。良く使う精算方法としては、出張精算や、立替精算などですが、場面におおじてわかりやすく使いやすいです。楽楽精算の改善してほしい点領収書を添付する際、事前に領収書を登録した上で、精算という流れですが、少し手間がかかりますので、精算時にスキャンされたデータをそのまま添付できると、非常にありがたいです。楽楽精算導入で得られた効果・メリット以前は紙ベースで経費の精算など行っていましたが、楽楽精算導入後、申請者の手間と精算者(経理)の手間が激減しました。電子上でやり取りが行える点や、そのデータをもとに経理の仕訳も自動反映でき、人件費の削減に繋がっております。(当初、人件費削減がビジネス課題でありました。)
38,2024/04/02,交通費精算が全てWeb上で完結するため、テレワークや出張先でのリアルタイム処理が可能。また、UIとしても感覚的に操作可能で、出発駅から到着駅までの最適金額を自動計算してくれるので、特に悩むことなく作業ができる。,電車利用については機能が強いですが、バスに関しては駅名が出ず手入力が必要となります。並行してgoogle等で経路検索すれば確認できますが効率的ではないと感じます。,導入前はExcelで交通費精算を行っていましたが、記入ミスやファイルの消失などがあり無駄な手戻り工数が発生していました。このシステムを導入後はそれらが無くなり、かつ端末に依存しないのでどこでも何時でも入力、保存が可能なので隙間時間を有効活用できています。この口コミを詳しく見る,が全てWeb上で完結するため、テレワークや出張先でのリアルタイム処理が可能。また、UIとしても感覚的に操作可能で、出発駅から到着駅までの最適金額を自動計算してくれるので、特に悩むことなく作業ができる。楽楽精算の改善してほしい点電車利用については機能が強いですが、バスに関しては駅名が出ず手入力が必要となります。並行してgoogle等で経路検索すれば確認できますが効率的ではないと感じます。楽楽精算導入で得られた効果・メリット導入前はExcelで交通費精算を行っていましたが、記入ミスやファイルの消失などがあり無駄な手戻り工数が発生していました。このシステムを導入後はそれらが無くなり、かつ端末に依存しないのでどこでも何時でも入力、保存が可能なので隙間時間を有効活用できています。
39,2024/04/01,この製品を導入前は交通費や経費を申請用紙に都度都度記入しなければならなかったが、導入後はSuicaを読み込みさせるだけで金額、利用駅など申請に必要な項目が自動で入力される。,iPhoneでのモバイルSuica読み込みは対応しているが、アンドロイドでのモバイルSuica読み込みが上手く反映されない。アンドロイドでもできるようになるとより良いシステムの不具合がありましたか？とくになし,交通費や経費の申請が紙媒体ですと本社にファックスを流し、それから本社で決済を行いますが、ファックスが埋もれてしまって決済が遅れたり、見逃してしまうこともありましたが、導入後は申請一覧がリアルタイムでわかるためより正確にスピーディーに決済が行われるようになりましたこの口コミを詳しく見る,導入前は交通費や経費を申請用紙に都度都度記入しなければならなかったが、導入後はSuicaを読み込みさせるだけで金額、利用駅など申請に必要な項目が自動で入力される。楽楽精算の改善してほしい点iPhoneでのモバイルSuica読み込みは対応しているが、アンドロイドでのモバイルSuica読み込みが上手く反映されない。アンドロイドでもできるようになるとより良いシステムの不具合がありましたか？とくになし楽楽精算導入で得られた効果・メリット交通費や経費の申請が紙媒体ですと本社にファックスを流し、それから本社で決済を行いますが、ファックスが埋もれてしまって決済が遅れたり、見逃してしまうこともありましたが、導入後は申請一覧がリアルタイムでわかるためより正確にスピーディーに決済が行われるようになりました
40,2024/03/29,私は、経費精算や支払い処理を主に使用しています。いままで紙での処理が多かったものが全てweb上でできるので、重宝しています。,経費精算するときに、領収書をコピー機でスキャンした際、登録事業者番号がたまに読み取れないことがあるので、精密度を上げていただけるとストレスなく経費精算ができます。システムの不具合がありましたか？特にないです。,災害や、体調不良など出社できなくても、経費精算、支払い処理ができるので、期日を気にすることなくできるようになりました。,処理、管理が一括でできる！
41,2024/03/27,今までは社内サイトで費用申請しており時間がかかっていました。それが楽楽精算を使うとスムーズに申請受理までいったのでよかったです。,金額が入力でき、路線アプリと連携しているようですが、そちらを入力しないと手打ち入力みたいな表示され、最安値かどうかが表示されないので、少し煩わしい瞬間がありました。,従来までは社内サイトからしか申請ができませんでしたが、アプリから申請や管理が出来るようになり、自分自身の業務効率や完了までのフロー確認がスムーズになりました。この口コミを詳しく見る,内サイトで費用申請しており時間がかかっていました。それが楽楽精算を使うとスムーズに申請受理までいったのでよかったです。楽楽精算の改善してほしい点金額が入力でき、路線アプリと連携しているようですが、そちらを入力しないと手打ち入力みたいな表示され、最安値かどうかが表示されないので、少し煩わしい瞬間がありました。楽楽精算導入で得られた効果・メリット従来までは社内サイトからしか申請ができませんでしたが、アプリから申請や管理が出来るようになり、自分自身の業務効率や完了までのフロー確認がスムーズになりました。
42,2024/03/27,従来交通費や社内経費などを書面にて提出していたがデジタル化することでどこからでも交通費や経費の申請や管理ができる。,写真を撮って領収証やレシートを登録できるのですが、その制度があまり良くなく、間違いがあったりすることがある。,ペーパーレス化による環境問題の解決にもなりますし、データの管理をスマホ、パソコンからできるようになりましたので楽になった。この口コミを詳しく見る,や社内経費などを書面にて提出していたがデジタル化することでどこからでも交通費や経費の申請や管理ができる。楽楽精算の改善してほしい点写真を撮って領収証やレシートを登録できるのですが、その制度があまり良くなく、間違いがあったりすることがある。楽楽精算導入で得られた効果・メリットペーパーレス化による環境問題の解決にもなりますし、データの管理をスマホ、パソコンからできるようになりましたので楽になった。
43,2024/03/27,社内での領収書の処理、管理がずばぬけてやりやすくなりました。過去のデータを確認できるところも最高です。,個人的な理由ですが、データそれぞれに題名つけることができ、その題名の検索機能があればもっとよくなると思います。,私の担当している部署の中では、会食、移動、社内管理費、など様々な用途で使用しておりますので、それぞれどれだけの費用がかかっているかを可視化されていることが良いと思いました。この口コミを詳しく見る,収書の処理、管理がずばぬけてやりやすくなりました。過去のデータを確認できるところも最高です。楽楽精算の改善してほしい点個人的な理由ですが、データそれぞれに題名つけることができ、その題名の検索機能があればもっとよくなると思います。楽楽精算導入で得られた効果・メリット私の担当している部署の中では、会食、移動、社内管理費、など様々な用途で使用しておりますので、それぞれどれだけの費用がかかっているかを可視化されていることが良いと思いました。
44,2024/03/26,今までは紙ベースで出張申請を行っていましたが、WEBで申請できることで回覧の負担がなくなり出張申請に費やす時間が削減された,旅費精算の画面の操作性や見た目が良くなく、入力に時間が掛かったり誤りを見逃すことが多々発生しました。システムの不具合がありましたか？特になし,乗り換え案内の機能が搭載されているので、交通費の算出が容易であり、審査時の確認作業が不要になったこと。,旅費精算ソフトの中ではよいソフトだと思う
45,2024/03/24,出張精算だけでなく、立て替え購入や会議費、交際費の申請、積算が同一システムで実施することができ、大きな進歩となった。,楽々と言いながら初期ユーザーには操作が分かりにくい。ユーザーインターフェースをもっと改善し初心者でも分かりやすい操作にして欲しいシステムの不具合がありましたか？特に不具合は無し,慣れてしまえば比較的短時間で申請、積算が行え、時間短縮になる。領収書の管理も一括で行うことができ、支払いも簡素化出来ていると思う。以前利用していた製品の解約理由内部システムから楽々積算に変わり機能が増えた,一括システムとしての利点
46,2024/03/24,移動時間での精算が可能となったので隙間時間を活用でき、効率的。また、過去は出社しての精算だったので出社する必要がなくなった。,領収書の読み込みの精度が正確ではないことが多いのでもう少し読み取りの精度が上がればいいかなと思います。,経費精算が簡単になり、領収書をためなくなったので、経理部門の月末の残業時間が大幅に改善されています。この口コミを詳しく見る,の精算が可能となったので隙間時間を活用でき、効率的。また、過去は出社しての精算だったので出社する必要がなくなった。楽楽精算の改善してほしい点領収書の読み込みの精度が正確ではないことが多いのでもう少し読み取りの精度が上がればいいかなと思います。楽楽精算導入で得られた効果・メリット経費精算が簡単になり、領収書をためなくなったので、経理部門の月末の残業時間が大幅に改善されています。
47,2024/03/24,アプリで写真を撮影して、設定された必要項目を入力して回避申請します。アプリは使いやすくわかりやすいUIをしています。,日付の自動読み取りで、「2024年」の部分の読み取りが悪いかと思います。その部分を改善して頂きたいです。,今までは1ヶ月ごとまとめて精算書を作成し、その精算書と一緒にレシートや領収書を本社へ郵送していましたが、その手間がなくなりました。この口コミを詳しく見る,真を撮影して、設定された必要項目を入力して回避申請します。アプリは使いやすくわかりやすいUIをしています。楽楽精算の改善してほしい点日付の自動読み取りで、「2024年」の部分の読み取りが悪いかと思います。その部分を改善して頂きたいです。楽楽精算導入で得られた効果・メリット今までは1ヶ月ごとまとめて精算書を作成し、その精算書と一緒にレシートや領収書を本社へ郵送していましたが、その手間がなくなりました。
48,2024/03/23,領収書を撮影するだけで自動で情報を入力してくれる為、転記ミスのチェックも非常に短時間で済むようになりました。もちろんミスもゼロではありませんが、手入力していた頃と比べて10%ほどに収まっている気がします。そして何より迅速に入力することができ、経費の請求が楽になりました。,請求を入力している最中、日付を調べたりするためにホーム画面に戻ると、入力が1からやり直しになってしまう場合があります。これがなくなるとより業務が楽になります。システムの不具合がありましたか？改善してほしい点に書いた通りです。,出張の後などは、これまでは30分ほどかけて経費を請求しなければいけませんでしたが、今では5分もあれば片付いてしまいます。資料の不備で請求が不受理となることも、楽楽精算を導入してからは無くなりました。この口コミを詳しく見る,影するだけで自動で情報を入力してくれる為、転記ミスのチェックも非常に短時間で済むようになりました。もちろんミスもゼロではありませんが、手入力していた頃と比べて10%ほどに収まっている気がします。そして何より迅速に入力することができ、経費の請求が楽になりました。楽楽精算の改善してほしい点請求を入力している最中、日付を調べたりするためにホーム画面に戻ると、入力が1からやり直しになってしまう場合があります。これがなくなるとより業務が楽になります。システムの不具合がありましたか？改善してほしい点に書いた通りです。楽楽精算導入で得られた効果・メリット出張の後などは、これまでは30分ほどかけて経費を請求しなければいけませんでしたが、今では5分もあれば片付いてしまいます。資料の不備で請求が不受理となることも、楽楽精算を導入してからは無くなりました。
49,2024/03/23,タイトル通りだが、広告も多く出ているだけあり、企業としてもユーザーとしても簡便に使えてUIも不明点が少ない。,"アクセス時やや動作が重く感じる面もある。また、スマートフォン(Android,iPhoneともに)ソフトウェアキーボードとの相性がどこか少しだけ良いとは言えない。システムの不具合がありましたか？トラブルは特になく、修正点が発生しても対応はし易かった。",交通費精算においての導入企業での勤務経験から、駅サジェストや企業側の固定駅の設定がやりやすいため管理側の使用感は良い。具体的には月次の一覧性が高く、他外部サービスとの連携性も高い。ユーザーとして利用時はiPhone業務端末と私用ハイエンドAndroidやPCからでもどこか動作が鈍く感じたのは時間帯によるサーバー負担だろうか、確認を促すも側面から敢えてしているのかも知れないが……。,もはやベターなサービスと言って過言でないため、迷う時間を費やすのであればこのサービスにして良いと思う。
50,2024/03/23,領収書の取込みや電車の最安値、インボイス番号などデーターベースは充実している。従って紙での提出は不要となる。,スマホ対応アプリのIDパスワードが一定期間使用しないと消えてしまう点。要望だが、よく使う電車の会社やインボイス番号をガイドで呼べるとよい。システムの不具合がありましたか？特になし,会社での経費精算担当者は楽になると思います。紙での提出やチェックが不要になるため。ワークフロー機能もあって、承認制なため企業としてはよい。,費用対効果
51,2024/03/23,長年に渡り紙媒体で交通費や経費の精算を行ってきましたが、本製品の導入により、精算する側としても、部署メンバーの承認を行う側としても、非常に業務効率が高まりました。,移動中、モバイル版での承認作業を行う場合に、領収書データとの金額を見比べたりが、もう少しスムーズにできるとありがたいです。システムの不具合がありましたか？トラブルについては特にありません。,弊社では月末月初に全国から届く紙媒体の申請を確認するための出社が不要になりました。また申請時の不備があった場合も該当者へ差し戻しの後、即座に再申請してもらえるので、数日間かけていた業務を短日で解決することが可能になりました。,時間とストレスを格段に減らすことができる製品で大変満足度が高いです。
52,2024/03/22,乗り換え案内が使えるので経路検索が楽領収書をその場でスマホで撮影できるので紛失の心配が少なくなった,他のサイトに飛ぶとすぐログアウトするので、一時保存をマメにしないといかないpdf添付がスマホでできない,定期券を登録するとその区間は除外されて計算してくれるので、清算への時間が軽減された自身の計算の手間がなくなり差し戻しも少なくなったこの口コミを詳しく見る,内が使えるので経路検索が楽領収書をその場でスマホで撮影できるので紛失の心配が少なくなった楽楽精算の改善してほしい点他のサイトに飛ぶとすぐログアウトするので、一時保存をマメにしないといかないpdf添付がスマホでできない楽楽精算導入で得られた効果・メリット定期券を登録するとその区間は除外されて計算してくれるので、清算への時間が軽減された自身の計算の手間がなくなり差し戻しも少なくなった
53,2024/03/21,利用者としては，承認がどこまで回っているのか？ワークフローが分かるのは紙と異なりいい！過去の履歴も見れるので、見ながら書けるのもいい,精算業務を理解していないと、入力項目も多いし、電子帳簿法の事も理解しないといけないので、そこを？ボタンなどで説明してくれるといいかな,ペーパーレスという意味においては、UIが簡便なので高齢の人でも使いやすいため、教えておじさんが発生しなくなったの良い点,労務管理システムとの統合が可能か？などは事前に確認しておいた方がいい！
54,2024/03/20,スマホからほとんどの機能が使える点は良い。請求書をアップロードすると、内容をシステムに反映してるが、テキストの読み込み精度も高い。,よく使う機能は、同じ社内であっても部署や人によって様々。よく使う機能のお気に入り登録ができると便利だと思う。,紙で請求書処理や経費精算を行っていた際は、会社に行ったり出先から郵送したりと何かと不便であったがら、システム導入後はどこでも行える。この口コミを詳しく見る,ほとんどの機能が使える点は良い。請求書をアップロードすると、内容をシステムに反映してるが、テキストの読み込み精度も高い。楽楽精算の改善してほしい点よく使う機能は、同じ社内であっても部署や人によって様々。よく使う機能のお気に入り登録ができると便利だと思う。楽楽精算導入で得られた効果・メリット紙で請求書処理や経費精算を行っていた際は、会社に行ったり出先から郵送したりと何かと不便であったがら、システム導入後はどこでも行える。
55,2024/03/19,毎月領収書を溜めずに都度アプリから写真撮影でデータを取り込んで精算出来るようになったのは非常に楽になった。,写真をアップロードしてまとめて精算することが多いが日付順に並び変えれると見返しやすいので、そういった機能も盛り込んでほしい。システムの不具合がありましたか？二重で同じ領収書があり、精算の際に差し戻しになってしまったことがある。重複する領収書はアラート機能などあると嬉しい。,紙での保存が不要となったのは幾分か楽になったが、紛失しては元も子もないので領収書が手元に入ったらすぐにアップロードする習慣は見に付いた。交通費や小口などジャンル別でアップロード出来れば更に使いやすくなると思う。この口コミを詳しく見る,を溜めずに都度アプリから写真撮影でデータを取り込んで精算出来るようになったのは非常に楽になった。楽楽精算の改善してほしい点写真をアップロードしてまとめて精算することが多いが日付順に並び変えれると見返しやすいので、そういった機能も盛り込んでほしい。システムの不具合がありましたか？二重で同じ領収書があり、精算の際に差し戻しになってしまったことがある。重複する領収書はアラート機能などあると嬉しい。楽楽精算導入で得られた効果・メリット紙での保存が不要となったのは幾分か楽になったが、紛失しては元も子もないので領収書が手元に入ったらすぐにアップロードする習慣は見に付いた。交通費や小口などジャンル別でアップロード出来れば更に使いやすくなると思う。
56,2024/03/18,領収書の読み込みの精度が良いので、金額等が自動入力されるため楽。申請内容のミスに気がついたら自分で差し戻しができる(以前できないサービスがあった)。,新幹線の料金について、ウェブ申込で割り引かれた金額の領収書と、サービス内に入力した経路から検索されて出てくる正規の金額が相違するため、毎回備考に理由記載が必要。必要な書類を添付済みでも、不要なアラートが出てきて不安になる。,紙での申請時は領収書の原本提出ありきで申請が開始されていたが、楽楽精算導入後は社内運用上、システム上で申請が完了すれば原本は後日都合のいい出社時の提出で良くなったため、申請期限に追われることが減った。この口コミを詳しく見る,み込みの精度が良いので、金額等が自動入力されるため楽。申請内容のミスに気がついたら自分で差し戻しができる(以前できないサービスがあった)。楽楽精算の改善してほしい点新幹線の料金について、ウェブ申込で割り引かれた金額の領収書と、サービス内に入力した経路から検索されて出てくる正規の金額が相違するため、毎回備考に理由記載が必要。必要な書類を添付済みでも、不要なアラートが出てきて不安になる。楽楽精算導入で得られた効果・メリット紙での申請時は領収書の原本提出ありきで申請が開始されていたが、楽楽精算導入後は社内運用上、システム上で申請が完了すれば原本は後日都合のいい出社時の提出で良くなったため、申請期限に追われることが減った。
57,2024/03/17,領収書を画像を読み込み提出するだけでできるので、今までの紙での申請よりも簡略化されていてありがたい。,今のところそんなに不便だと感じたことはないが、項目が多いので自分に合った項目に編集ができたりしたらもっと使いやすい。,出張に関する経費精算が簡単にスマホでできるので、その日にすぐ申請ができるため他の業務に充てる時間が増えてストレスが削減。この口コミを詳しく見る,像を読み込み提出するだけでできるので、今までの紙での申請よりも簡略化されていてありがたい。楽楽精算の改善してほしい点今のところそんなに不便だと感じたことはないが、項目が多いので自分に合った項目に編集ができたりしたらもっと使いやすい。楽楽精算導入で得られた効果・メリット出張に関する経費精算が簡単にスマホでできるので、その日にすぐ申請ができるため他の業務に充てる時間が増えてストレスが削減。
58,2024/03/10,今までは領収書を紙で提出していましたが、スマホのカメラで写真を撮るだけで反映されるようになり、計算の手間が減りミスも減りました。,領収書を撮影した際に、読み込みエラーが一度は起こることと、パソコンでの経費申請が慣れるまでは難しかったので、尚簡単にできるようになると良い。,経費を使うとその場で申請できるようになったので忘れる事がなくなった。経理も楽になったようで業務時間の改善に繋がった。この口コミを詳しく見る,収書を紙で提出していましたが、スマホのカメラで写真を撮るだけで反映されるようになり、計算の手間が減りミスも減りました。楽楽精算の改善してほしい点領収書を撮影した際に、読み込みエラーが一度は起こることと、パソコンでの経費申請が慣れるまでは難しかったので、尚簡単にできるようになると良い。楽楽精算導入で得られた効果・メリット経費を使うとその場で申請できるようになったので忘れる事がなくなった。経理も楽になったようで業務時間の改善に繋がった。
59,2024/03/10,出張の申請及び精算に活用させていただいています。過去の履歴のコピー等、出張回数も多い為、非常に便利に使用させていただいています。,出張申請の際に、電車等の乗り換え案内から選択していますが、高速バス等の経路の選択が難しい。もう少し選択しやすくしていただきたいです。システムの不具合がありましたか？特に現時点ではありません。,出張の申請も、精算も操作性は良く、業務時間の削減にも繋がっていると思います。ワークフローからの必要書類の申請も非常に便利です。この口コミを詳しく見る,及び精算に活用させていただいています。過去の履歴のコピー等、出張回数も多い為、非常に便利に使用させていただいています。楽楽精算の改善してほしい点出張申請の際に、電車等の乗り換え案内から選択していますが、高速バス等の経路の選択が難しい。もう少し選択しやすくしていただきたいです。システムの不具合がありましたか？特に現時点ではありません。楽楽精算導入で得られた効果・メリット出張の申請も、精算も操作性は良く、業務時間の削減にも繋がっていると思います。ワークフローからの必要書類の申請も非常に便利です。
60,2024/03/09,会社での経費、交通費などの精算に使用しております。以前のシステムよりも申請が簡単になったような気がします。,今のところは思いつきませんが、会社の社員全員の名前が検索から見れてしまうためプライバシーをもう少し配慮できたらいいと思います,申請方法が煩雑になっていましたが、方法がやや簡単になったと思います。交通費も経費も同じ画面からできるのがよい。この口コミを詳しく見る,費、交通費などの精算に使用しております。以前のシステムよりも申請が簡単になったような気がします。楽楽精算の改善してほしい点今のところは思いつきませんが、会社の社員全員の名前が検索から見れてしまうためプライバシーをもう少し配慮できたらいいと思います楽楽精算導入で得られた効果・メリット申請方法が煩雑になっていましたが、方法がやや簡単になったと思います。交通費も経費も同じ画面からできるのがよい。
61,2024/03/06,電車だけでなくバスの乗り換え案内も、いちいち別サイトで調べて入力せずとも同じ画面でできるのがとても助かります。片道/往復の切り替えもでき、使いやすいです。,従業員番号や乗り換え案内を検索した後に選択するところが少しちっちゃくて使いづらいかな？と思います。最初に申請するときに見づらかったな〜と思い出しました。,自店舗以外のヘルプに行った時にかかった交通費の申請に利用しています。いつでもパソコンで楽に、上の者を介さなくても自分でできるようになったので申請漏れが減りました。この口コミを詳しく見る,なくバスの乗り換え案内も、いちいち別サイトで調べて入力せずとも同じ画面でできるのがとても助かります。片道/往復の切り替えもでき、使いやすいです。楽楽精算の改善してほしい点従業員番号や乗り換え案内を検索した後に選択するところが少しちっちゃくて使いづらいかな？と思います。最初に申請するときに見づらかったな〜と思い出しました。楽楽精算導入で得られた効果・メリット自店舗以外のヘルプに行った時にかかった交通費の申請に利用しています。いつでもパソコンで楽に、上の者を介さなくても自分でできるようになったので申請漏れが減りました。
62,2024/03/05,機能が充実している。OCR機能の精度が高く、物にもよるが9割ぐらいは正しく読み込める。UIが分かりやすい。,モバイル系ICカードもサポート対象としてほしいです。添付データを削除する際に毎回確認のポップアップが出てきますが、それを消せる設定も追加して欲しいです。システムの不具合がありましたか？特にないです。,これまでは精算に1週間ぐらいかかっていたが、3日でできるようになりました。もう紙には戻れないです。精算が楽になって空いた時間は重要な仕事に充てることができ、仕事の質が上がりました。,無料でコスパ抜群
63,2024/03/05,紙を提出しないで、スマホでできるので、本当に楽です。交通費のルートも出してくれるところ。一回行ったところは記憶してくれるところも気に入っています。,特にありません。選択項目にわからないものもありますが、そのまま、送信しても、上司が承認してくれたら、振り込まれているので、今のところ、大丈夫です。システムの不具合がありましたか？まだ、特に問題ありません。,今まで、紙に書いたり、プリントアウトして、ハンコを押して、提出していた。なので、紙を使わないこと。ルートを調べて、書き写すという作業がなくなったことが、業務が効率化しました。,交通費のルート検索機能があるのが素晴らしいです。
64,2024/03/05,外出先からも経費精算出来るし、交通費精算に関しても路線検索・運賃検索までシステム内で完結。領収書も携帯のカメラで撮影するだけ。,特に無いがPCとスマホの両端末から利用出来るため、操作感の違いから、中高年者等が多い会社では、操作に慣れるまで時間がかかるかもしれません。マニュアルや説明会などの充実化が希望です。,外出先や移動時間に経費精算することが出来て、業務の効率化、時間の短縮が行える。また、紙ベースでの印刷が不用のため、経費削減にもつながる。この口コミを詳しく見る,も経費精算出来るし、交通費精算に関しても路線検索・運賃検索までシステム内で完結。領収書も携帯のカメラで撮影するだけ。楽楽精算の改善してほしい点特に無いがPCとスマホの両端末から利用出来るため、操作感の違いから、中高年者等が多い会社では、操作に慣れるまで時間がかかるかもしれません。マニュアルや説明会などの充実化が希望です。楽楽精算導入で得られた効果・メリット外出先や移動時間に経費精算することが出来て、業務の効率化、時間の短縮が行える。また、紙ベースでの印刷が不用のため、経費削減にもつながる。
65,2024/03/04,紙申請をしておりましたが、楽々精算をいれることで、データ申請が可能となり、領収書も自動読み取りできるためおすすめです。,領収書読み取りが携帯からのみとなっているため、携帯から使うことが多い。機能を使いこなせてないだけかもしれないがICOCA連携とかあればいい,時間節約ができる。本業とは関係のない経費精算は思いの外時間をとっていたので、業務の効率につながった。この口コミを詳しく見る,ておりましたが、楽々精算をいれることで、データ申請が可能となり、領収書も自動読み取りできるためおすすめです。楽楽精算の改善してほしい点領収書読み取りが携帯からのみとなっているため、携帯から使うことが多い。機能を使いこなせてないだけかもしれないがICOCA連携とかあればいい楽楽精算導入で得られた効果・メリット時間節約ができる。本業とは関係のない経費精算は思いの外時間をとっていたので、業務の効率につながった。
66,2024/03/02,紙の資料をスキャンして経費精算に必要な情報を自動で入力してくれるところが便利です。また、その情報を楽楽精算上で一括管理できるところも魅力的です。,強いて言うなら、スキャンの精度がもう少し上がれば嬉しいです。また、領収書を一括ではなく一枚一枚手作業でスキャンしなくてはいけないところは面倒に感じます。システムの不具合がありましたか？特にありません,以前のシステムでは適格事業者番号を自分で探さなくてはいけなかったが、楽楽精算では適格事業者番号をシステム内に紐付けておくことができるため圧倒的に作業効率が上がりました。以前利用していた製品の解約理由以前の決済システムがインボイス制度に対応していなかったため。,承認ワークフローがあるため、作業ミスを防ぐことができ安心できます。
67,2024/02/26,領収書の取り込みや、ICカードの読み込みができて便利です。MobileSuica、アップルウォッチのSuica、どちらも読み取れます。,領収書の取り込みで入力した備考欄の内容が、申請の際に反映されないことがあります。また、勘定項目や免税・課税などの項目も自分で選択するため、申請の際の勘定項目に、例えばこれはこの項目、のように例が一覧で見れる機能があると便利です。システムの不具合がありましたか？領収書の取り込みで入力した備考欄の内容が、申請の際に反映されないことがあります。,交通費の精算ではICカードを読み込むだけなので、調べる手間が減り、精算忘れもなくなりました。領収書の読み込みも楽々精算内で完了できるので便利です。,交通費でアップルウォッチやMobileSuicaも読み込めます。
68,2024/02/25,紙の領収書をケータイの写真で撮ることでアプリ内に反映されるため、紙で管理する必要がなく非常に便利です。,領収書によって事業者登録番号の読み取りができないことが多く、自分で記載する必要があるため改善をしてほしい。,紙で管理していた頃よりも最初に覚えることは多いが、覚えてしまえば経費精算の手間が省けて業務に集中できることがメリットだと思います。この口コミを詳しく見る,をケータイの写真で撮ることでアプリ内に反映されるため、紙で管理する必要がなく非常に便利です。楽楽精算の改善してほしい点領収書によって事業者登録番号の読み取りができないことが多く、自分で記載する必要があるため改善をしてほしい。楽楽精算導入で得られた効果・メリット紙で管理していた頃よりも最初に覚えることは多いが、覚えてしまえば経費精算の手間が省けて業務に集中できることがメリットだと思います。
69,2024/02/23,icカード連携ができるところ。1ヶ月単位の営業交通費ををicカードをかざすだけで完了できます。また、タクシーの領収書を携帯で写真を撮るだけでできます。,画面が少し見ずらい。特にアイコンが多すぎて入り口がわからなくことがよくある。もっと直感的に操作できるようになるとなお良い。,毎月月初に発生する交通費精算の作業工数が削減した。具体的には電車の乗車区間を入力するなどの手間削減ができた。この口コミを詳しく見る,連携ができるところ。1ヶ月単位の営業交通費ををicカードをかざすだけで完了できます。また、タクシーの領収書を携帯で写真を撮るだけでできます。楽楽精算の改善してほしい点画面が少し見ずらい。特にアイコンが多すぎて入り口がわからなくことがよくある。もっと直感的に操作できるようになるとなお良い。楽楽精算導入で得られた効果・メリット毎月月初に発生する交通費精算の作業工数が削減した。具体的には電車の乗車区間を入力するなどの手間削減ができた。
70,2024/02/17,交通費からパーキング代、備品などのレシート項目、日付を選んで金額を入力すればペーパーレスで上長に申請ができます。,会社ではレシートは別で提出が必要なためレシートをデータで貼り付けられる機能があるともっと楽になるかなと思います。システムの不具合がありましたか？特にありません。,今まで紙での申請が必要だったため、作業の効率化になりました。交通費や備品購入代など分けられているので申請しやすいです。,支店が移動になった際も簡単に変更ができます。
71,2024/02/14,領収書を画像で取り込んで、その後画像を読み込んで経費の登録作業ができること。使い方がシンプルで分かりやすい。,サポートセンターが17時までの営業なので、18時まで営業していただけるとありがたい。また、課税非課税の表示についてわからないことがある。,業務時間を圧縮することができている。領収書もネットで保存できるため、ペーパーレスにも繋がり、帳簿やエビデンス保管の手間が省けている。この口コミを詳しく見る,像で取り込んで、その後画像を読み込んで経費の登録作業ができること。使い方がシンプルで分かりやすい。楽楽精算の改善してほしい点サポートセンターが17時までの営業なので、18時まで営業していただけるとありがたい。また、課税非課税の表示についてわからないことがある。楽楽精算導入で得られた効果・メリット業務時間を圧縮することができている。領収書もネットで保存できるため、ペーパーレスにも繋がり、帳簿やエビデンス保管の手間が省けている。
72,2024/02/14,勤務先にて導入された精算システムですが、今までと比べて出張時の領収書の処理が格段に楽になりました。特にスマホで勝手に相手先等も読み込んでくれるので社内業務が簡略化されてます。,使用期間が短いため試行錯誤しながら使用していますが、今のところ不満点はないです。強いて言うならば出張の申請フォーマットが重複してる部分がありややこしく感じました。,社内業務時間が若干ですが短くなっております。また紙で精算していたものがPCで完結することで余計な印刷作業も減りました。この口コミを詳しく見る,導入された精算システムですが、今までと比べて出張時の領収書の処理が格段に楽になりました。特にスマホで勝手に相手先等も読み込んでくれるので社内業務が簡略化されてます。楽楽精算の改善してほしい点使用期間が短いため試行錯誤しながら使用していますが、今のところ不満点はないです。強いて言うならば出張の申請フォーマットが重複してる部分がありややこしく感じました。楽楽精算導入で得られた効果・メリット社内業務時間が若干ですが短くなっております。また紙で精算していたものがPCで完結することで余計な印刷作業も減りました。
73,2024/02/12,出張時の領収書原本を提出するために帰社する必要がありましたが、楽楽精算を導入したことでスマホアプリで写真を撮るだけで提出が可能になり無駄な帰社作業が減りました。,一度取り込んだ領収書を編集する際に取り消し作業が複雑なため作業がし辛い。カメラ精度が上がっているため企業名等詳細を読み取ってくれるようになったが不要なところまで読み取って反映してしまう。システムの不具合がありましたか？特になし。,経費処理は営業部門だと毎月かなりの量の領収書が提出され、その都度経理課でミスがないか確認し計上していたので経理の負担がとても大きかった。また営業側でも経費の処理に時間をとられ営業時間を削られていたので両面が解決しました。,経理の負担が大きい方、インボイス制度の導入に困っている方にお勧めです。
74,2024/02/11,出張申請と交通費の精算に主に使用していますが利用する路線の検索を申請画面が行えて選択すれば金額が反映されるので1画面で手続きが済むのは便利です。,交通費申請の際に承認者から否認された場合必ず理由を記載するようにして欲しい。理由がわからないと何を訂正すればいいのか分からず確認しなければいけない。,出張申請と交通費の精算をまとめて行えるのでタスクごとにソフトを使い分ける必要がなく時間短縮につながったと感じます。この口コミを詳しく見る,交通費の精算に主に使用していますが利用する路線の検索を申請画面が行えて選択すれば金額が反映されるので1画面で手続きが済むのは便利です。楽楽精算の改善してほしい点交通費申請の際に承認者から否認された場合必ず理由を記載するようにして欲しい。理由がわからないと何を訂正すればいいのか分からず確認しなければいけない。楽楽精算導入で得られた効果・メリット出張申請と交通費の精算をまとめて行えるのでタスクごとにソフトを使い分ける必要がなく時間短縮につながったと感じます。
75,2024/02/11,交通費の申請や精算等は、経理部を通じて押印等の承認を頂く必要があるが、楽楽精算はパソコン上で全て承認を得られるので、とてもスピーディーに申請できて、承認を頂けるようになり、大変助かっております。,申請ボタンや精算ボタンの画面が少し小さいため、たまに押し間違える時もあるため、もう少しボタンの画面を大きくしてもらえると尚、使いやすいと感じております。,交通費や渉外費等のお金が発生する事は、必ず専門部署を通じて事前承認を頂く事が必須であるが、全てパソコン上で完結が出来て、紙ベースでやり取りしないため、承認を頂くまでの時間の短縮化が図れる所が利点であると感じております。,従業員数が多くて、経理部署の承認の時間がかかる事業所にオススメです。
76,2024/02/10,領収書の画像添付で自動入力される点が便利で重宝しています。スマホアプリもあるので領収書が発生したタイミングで撮影して置くと便利です。,通勤や出張時の交通費精算の際、新設された路線や運賃改訂への対応が遅いためスピーディーに対応してほしいです。システムの不具合がありましたか？特になし,隙間時間でこまめに入力しておけば月末締めの際にバタバタしなくて良い。領収書をもらった時にすぐに撮影しておけば原本をなくしても精算ができる。,便利です
77,2024/02/07,スマホでも経費の精算が簡単にできるようになったので、出張先の帰りからでも出張の精算等が素早くできる。,いろんな項目があり使いこなせてはいないように感じる。もっと簡単に必要な項目のみに絞れて自分の使いやすいようにカスタム（個人）できるといい。システムの不具合がありましたか？特になし,出張が多い仕事なので、出張に関する経費精算が簡単に素早くできるようにった。またスマホでできるので職場に行かなくても出張帰りの移動の時に精算できる。わざわざ帰りや別日に事務所に行かなくて良くなったので、ストレス半減！,スマホでできるからおすすめ！
78,2024/02/06,これまでは自社の経理端末を使用し、使いにくいし、紙のチェックと承認が必要で時間がかかっていましたが、それがなくなったので業務効率化につながっています。,強いて思ったのは、操作のコマンド等がいろいろとあり、最初は分かりにくかったです。また、データの保管場所などが分かりにくかったです。システムの不具合がありましたか？なしです,自社の経理端末は経理知識のある方でないと操作できなかったですが、この製品は誰でも操作可能なので、経理への問い合わせ件数が減っています。,誰でも交通費の清算をできるようにするという観点ではオススメです。
79,2024/02/05,今までは領収書を全て貼り付けて事務方に提出をしていたが、スマホに取り込む事が出来るので時間の短縮に繋がった。,領収書を一枚ずつ取り込んでいるが、まとめてスマホに取り込む事が出来ると更に時間の短縮に繋がり億劫な精算作業をスムーズに出来ると感じる。,紙の領収書を管理する事は煩雑であると同時に処理する側の事務負担を軽減出来る点が非常に良かったと思う。仮に紙の領収書を紛失してもデータとして残っていれば精算出来るので、利用者としては便利になった。この口コミを詳しく見る,収書を全て貼り付けて事務方に提出をしていたが、スマホに取り込む事が出来るので時間の短縮に繋がった。楽楽精算の改善してほしい点領収書を一枚ずつ取り込んでいるが、まとめてスマホに取り込む事が出来ると更に時間の短縮に繋がり億劫な精算作業をスムーズに出来ると感じる。楽楽精算導入で得られた効果・メリット紙の領収書を管理する事は煩雑であると同時に処理する側の事務負担を軽減出来る点が非常に良かったと思う。仮に紙の領収書を紛失してもデータとして残っていれば精算出来るので、利用者としては便利になった。
80,2024/02/03,経費計算がスムーズにできます。領収書をカメラで読み込めば、データで保存することができたり、交通費もicカードを連携することで過去の記憶をさかのぼってテンプレートに書き込む手間を省いて楽に計算することができます。,カメラ読み込みの時に読み込みミスが多いのが少しだけ気になります。その精度だけ向上させていただければ問題ありません。システムの不具合がありましたか？特にないです。,出張をしたときにかかった経費の計算で利用させていただいています。これまでは領収書の管理を紙媒体でやっており、また、用意したスプレッドシートに書き込んでいたようなのですが、このサービスを使うことで紙がかさばったり、紛失したりすることはないですし、スプレッドシートなどに書き込む時間も短縮することができました。また、特に交通費の計算でicカードと連携できるのはよかったです。このサービスを利用していなかった前の職場では券売機で領収書を発行していたのですが発行する時間も短く取り忘れるというミスも多くあったのですが、このサービスを使うことで安心して移動することができるようになりました。,出張が多い職場にお勧めです
81,2024/02/03,領収書をスマホで読み込み、その内容が勝手にアップロードされるため、いつどこでいくら分使用した領収書なのか、入力する手間が省け、効率的に経費精算が可能。,スマホで領収書を読み取る際に、マナーモードにしていても必ずシャッター音が鳴るため、オフィスで響き渡って少しうるさい。シャッター音は鳴らないような設定にして欲しい。システムの不具合がありましたか？不具合ではないが、稀に領収書をスマホで読み込むと文字化けしたり違った数字が反映したりするため、その際は訂正が必要。,業務時間内に経費精算をするため、かなり時短になり業務に割ける時間が増えた。以前はどこで何に使った領収書なのか全て入力し、それを印刷し担当者に渡していたが今はその必要がなくかなり時短になった。この口コミを詳しく見る,マホで読み込み、その内容が勝手にアップロードされるため、いつどこでいくら分使用した領収書なのか、入力する手間が省け、効率的に経費精算が可能。楽楽精算の改善してほしい点スマホで領収書を読み取る際に、マナーモードにしていても必ずシャッター音が鳴るため、オフィスで響き渡って少しうるさい。シャッター音は鳴らないような設定にして欲しい。システムの不具合がありましたか？不具合ではないが、稀に領収書をスマホで読み込むと文字化けしたり違った数字が反映したりするため、その際は訂正が必要。楽楽精算導入で得られた効果・メリット業務時間内に経費精算をするため、かなり時短になり業務に割ける時間が増えた。以前はどこで何に使った領収書なのか全て入力し、それを印刷し担当者に渡していたが今はその必要がなくかなり時短になった。
82,2024/02/01,昨今のデジタル化、インボイス対応で各社が対応を迫られましたが、楽々清算を導入していたわが社は日々の会計業務にかかる時間を大幅に短縮できていると感じます。デジタルで管理できるので紛失のリスクもなく、すぐに上司の確認をもらうことができます。会計業務に使っていた時間を他の業務に回すことができています。,とても満足していますが、レイアウトが少々殺風景なのが修正できないのかなと思います。少し見にくいと感じがしてしまします。,数年前まで紙ベースで会計業務を行っていたが、伝票や請求書が無くなる、期限までに提出できないなど大きな問題を抱えていた。導入したことにより、そういった「余分な」仕事をなくすことができたので、会社全体でも業務時間・残業時間の短縮につながっている。以前利用していた製品の解約理由社内全体での会計システム入れ替えに伴う導入。,会計関連の仕事をデジタルで一元管理したい方にお勧め!!
83,2024/02/01,今の時代に即したペーパーレスで精算ができます。交通費など検索で自動計算できる点も便利です。また、他社と比較すると金額はかなり引くのでコストパフォーマンスはとても良いです。,・経費申請の際添付ファイルを一つしか添付できない為そこを改善してもらえたらもっと便利。　・記入できる文字数が少ない項目があるので、もう少し文字数を増やしてほしい。,ICカード読み取り機能をつかうことで電車代の入力を毎回乗り換え案内からしなくてよく、効率化を実感している。領収書を携帯で写真をとってアップロードしてパソコンから作成申請できるので、便利です。この口コミを詳しく見る,即したペーパーレスで精算ができます。交通費など検索で自動計算できる点も便利です。また、他社と比較すると金額はかなり引くのでコストパフォーマンスはとても良いです。楽楽精算の改善してほしい点・経費申請の際添付ファイルを一つしか添付できない為そこを改善してもらえたらもっと便利。　・記入できる文字数が少ない項目があるので、もう少し文字数を増やしてほしい。楽楽精算導入で得られた効果・メリットICカード読み取り機能をつかうことで電車代の入力を毎回乗り換え案内からしなくてよく、効率化を実感している。領収書を携帯で写真をとってアップロードしてパソコンから作成申請できるので、便利です。
84,2024/01/31,支払い起算日から設定した支払日の即時反映が大変ありがたいです。また、課税事業者登録番号を入力するとすぐ会社名が反映されるため、確認が容易。,私自身がよくミスしてしまうのが前月の精算履歴をコピーした後、支払い起算日を前月のままにしてしまうことです。明細の日付が締め日のままだとポップアップで表示されるので気付けるのですが、支払い起算日の部分も前月の日付だとポップアップされてほしい。,何よりも、経費精算等々がとても捗ります。各社員の交通費や接待費も私の部署ですべて処理をすることなく個人でやって頂いてるのでとても助かっています。この口コミを詳しく見る,日から設定した支払日の即時反映が大変ありがたいです。また、課税事業者登録番号を入力するとすぐ会社名が反映されるため、確認が容易。楽楽精算の改善してほしい点私自身がよくミスしてしまうのが前月の精算履歴をコピーした後、支払い起算日を前月のままにしてしまうことです。明細の日付が締め日のままだとポップアップで表示されるので気付けるのですが、支払い起算日の部分も前月の日付だとポップアップされてほしい。楽楽精算導入で得られた効果・メリット何よりも、経費精算等々がとても捗ります。各社員の交通費や接待費も私の部署ですべて処理をすることなく個人でやって頂いてるのでとても助かっています。
85,2024/01/31,PCとスマートフォンどちらからでも対応しており、現金立替精算がとてもスムーズです。一番はOCRの読み取り性能の高さ。私は複写機でレシートをスキャンし、本システムに登録することがありますが、インボイスの適格番号までしっかり読み取ってくれます。非常に助かります。,利用していてほとんど困ったことはありませんが、強いて言うなら融通が利かないところと感じます。イレギュラーな精算を実施する際、登録前に弾かれる事があります。その場合経理と相談し、どのように登録をすれば良いか確認をしています。それくらいでしょうか。システムの不具合がありましたか？特にありません。,外出先（出張中）でもスマートフォンアプリから立替金精算が可能なところ。電車移動時間でも処理が出来るのが非常に助かります。,経理担当者は、イレギュラーな登録が非常に少なくなったと喜んでいました。
86,2024/01/31,営業担当のため、よく外回りや遠方への出張があり、交通費や宿泊費の精算で毎回お世話になっている。定期区間の登録ができたり、よく使う交通ルートをマイリストとして保存することができるため、時短になる。,領収書の金額や日付の不備で否認された時に、領収書の修正ができず、新規で登録し直さなければならない点。,出張に行く際は、距離や宿泊有無によって手当が変わるが、交通ルートや宿泊有無を入力すれば自動で手当の計算がされるため、こちらで計算する手間が省ける。この口コミを詳しく見る,ため、よく外回りや遠方への出張があり、交通費や宿泊費の精算で毎回お世話になっている。定期区間の登録ができたり、よく使う交通ルートをマイリストとして保存することができるため、時短になる。楽楽精算の改善してほしい点領収書の金額や日付の不備で否認された時に、領収書の修正ができず、新規で登録し直さなければならない点。楽楽精算導入で得られた効果・メリット出張に行く際は、距離や宿泊有無によって手当が変わるが、交通ルートや宿泊有無を入力すれば自動で手当の計算がされるため、こちらで計算する手間が省ける。
87,2024/01/30,楽楽精算の利便性が素晴らしいです。経費の管理が簡単で、データの入力から承認までスムーズに行えます。リアルタイムで経費データが可視化され、予算の遵守が簡単にできます。,モバイルアプリのユーザーインターフェースが改善の余地があるかもしれません。もう少し使いやすさを向上させてほしいです。カスタマイズオプションがもう少し多様化すると、ユーザーにとってより便利かもしれません。システムの不具合がありましたか？システムやサービスの不具合やトラブルは発生しませんでした。安定して動作しました。,経費精算プロセスが大幅に簡略化されました。紙の領収書をデジタル化し、効率的な承認プロセスを確立しました。これにより、時間とコストの節約が実現し、ビジネス課題を解決しました。,楽楽精算は、経費管理において非常に効果的なツールです。簡単な使い方と高度な機能の組み合わせは、多くの企業にお勧めできます。
88,2024/01/30,オプションで追加料金が必要ではあるが、電子帳簿への対応も可能。スキャナ保存もスマホや複合機を使ってできるのでかなり紙削減には貢献してくれています。精算システムも申請ルール等でエラー表記も自由に付けられるので、申請者の悪癖などを先読みして制限もかけられる。,スキャナ保存する際のOCRの精度が悪く、登録事業者番号や日付金額も一切読み取ってくれない場合があるので、今後のアップデートで改善をお願いいたします。,出先からでも経費精算や出張伺いを受けることが出来るので、在宅勤務をしている場合でも精算手続きを滞りなく進める事が出来る。やり取りがシステム内で完結できるので態々相手のデスクまで行って訂正箇所を指摘する必要が無い。この口コミを詳しく見る,で追加料金が必要ではあるが、電子帳簿への対応も可能。スキャナ保存もスマホや複合機を使ってできるのでかなり紙削減には貢献してくれています。精算システムも申請ルール等でエラー表記も自由に付けられるので、申請者の悪癖などを先読みして制限もかけられる。楽楽精算の改善してほしい点スキャナ保存する際のOCRの精度が悪く、登録事業者番号や日付金額も一切読み取ってくれない場合があるので、今後のアップデートで改善をお願いいたします。楽楽精算導入で得られた効果・メリット出先からでも経費精算や出張伺いを受けることが出来るので、在宅勤務をしている場合でも精算手続きを滞りなく進める事が出来る。やり取りがシステム内で完結できるので態々相手のデスクまで行って訂正箇所を指摘する必要が無い。
89,2024/01/28,以前は紙や社内の独自プラットフォームで経費の精算を行っており、必ずといっていいほど不備がでており差戻をされちたが、本サービス導入後は書類の不備もなくなり、今ではスマホで写真を撮るだけでOCR機能により自動読み込みまでしてくれ、手間なく不備なく迅速に経費の精算が行えるようになった。,基本的に現在のシステムに対し不満はないが、しいて言えばログイン後の画面にもう少し情報を載せてほしい。今はメニューのみが表示されているため、そこから数クリックしないと現在の申請状況が確認できないため、ログイン後すぐに確認できるような画面表示だとより分かりやすい。,経理担当者もユーザーもお互いの時間を大幅に短縮できる。また、経理処理が苦手に感じている社員や経理処理がめんどうに感じている社員は、小さな経費は申請しないこともままあるが、本サービスはそのような社員の行動も抑止できる。この口コミを詳しく見る,社内の独自プラットフォームで経費の精算を行っており、必ずといっていいほど不備がでており差戻をされちたが、本サービス導入後は書類の不備もなくなり、今ではスマホで写真を撮るだけでOCR機能により自動読み込みまでしてくれ、手間なく不備なく迅速に経費の精算が行えるようになった。楽楽精算の改善してほしい点基本的に現在のシステムに対し不満はないが、しいて言えばログイン後の画面にもう少し情報を載せてほしい。今はメニューのみが表示されているため、そこから数クリックしないと現在の申請状況が確認できないため、ログイン後すぐに確認できるような画面表示だとより分かりやすい。楽楽精算導入で得られた効果・メリット経理担当者もユーザーもお互いの時間を大幅に短縮できる。また、経理処理が苦手に感じている社員や経理処理がめんどうに感じている社員は、小さな経費は申請しないこともままあるが、本サービスはそのような社員の行動も抑止できる。
90,2024/01/27,いつもスマホでの経費精算、出張精算で活用しております。領収者も簡単にスキャンできて、スキャンした領収書をどの経費分か簡単に選べるので便利です。,いつもスマホから申請するので、たまにPCのweb版を開くと少し見にくく感じております。機能で不足があるわけではありませんが、web版のUIがもっと見やすくなるといいなと思います。,経費精算の時間短縮になります。以前は経費精算用紙に領収書を貼り、上司の捺印をいただき承認を得なければいけなかったので、出社時に印刷したり上司が在社していないと精算出来ませんでしたが、出社する必要も上司が不在でも精算できるので、とても時短になりました。この口コミを詳しく見る,ホでの経費精算、出張精算で活用しております。領収者も簡単にスキャンできて、スキャンした領収書をどの経費分か簡単に選べるので便利です。楽楽精算の改善してほしい点いつもスマホから申請するので、たまにPCのweb版を開くと少し見にくく感じております。機能で不足があるわけではありませんが、web版のUIがもっと見やすくなるといいなと思います。楽楽精算導入で得られた効果・メリット経費精算の時間短縮になります。以前は経費精算用紙に領収書を貼り、上司の捺印をいただき承認を得なければいけなかったので、出社時に印刷したり上司が在社していないと精算出来ませんでしたが、出社する必要も上司が不在でも精算できるので、とても時短になりました。
91,2024/01/27,以前勤めていた会社では経費の申請が紙で行われており、上司を何名も探して直接ハンコをもらっていたので大変でした。しかし楽々精算で申請すれば上司へ自動的に連絡が行き、すぐに申請が通ります。,ボタンや入力部分が少し小さいかなと感じます。一般的なPC画面よりも小さいサイズで表示されるため、もっと画面いっぱいに表示して大きな画面にしても良いかと思います。システムの不具合がありましたか？今のところ特にありません。,紙だと忘れられてしまうこともありますが、楽楽精算であれば未承認のものがあるとすぐにわかるので上司も見落としがなくなり、期日までに余裕を持って申請が完了しました。,紙やハンコから電子化される時代になっています。電子化によって効率があがるツールなので利用して損はないと思います。
92,2024/01/27,各機能に説明書きがあり、操作がわかりやすい。ICリーダー、レシート読み込みアプリが入力補助になって便利,とくにないですが、強いて言うならば初見のタブや機能に初回説明ナビゲーションがあると、操作が覚えやすいと思います。,精算処理が楽に簡単に行えることができる。申請した項目の承認フローが確認できるので、ステータス管理が容易この口コミを詳しく見る,明書きがあり、操作がわかりやすい。ICリーダー、レシート読み込みアプリが入力補助になって便利楽楽精算の改善してほしい点とくにないですが、強いて言うならば初見のタブや機能に初回説明ナビゲーションがあると、操作が覚えやすいと思います。楽楽精算導入で得られた効果・メリット精算処理が楽に簡単に行えることができる。申請した項目の承認フローが確認できるので、ステータス管理が容易
93,2024/01/25,営業職についており、交通費や宿泊費など様々な経費が発生しておりますが、写真やPDFをアップロードするだけで簡単に登録が出来ます。,ごく稀に写真の読み込みが正確にされないタイミングがありますので、写真から読み込む精度がさらに上がれば嬉しい箇所になります。システムの不具合がありましたか？使って半年ほどですが経験がありません。,経費の精算処理が半分以下になります。過去は経費処理が億劫で未精算なものが貯めがちになっておりましたが、簡単に経費申請できストレスを感じなくなりました。,直感で分かりやすい操作性なので高齢の方にもフィットされると思います
94,2024/01/24,支払い履歴を簡単に検索出来ることが良い点だと思います。また、支払先ではなく単語を入力した場合にも、あてはまる履歴を探すことが出来ありがたいです。,レイアウトの自由度が高いのが良い点でもあり悪い点でもあると感じます。操作が難しく時間がかかります。システムの不具合がありましたか？特に発生しておりません。,不動産の支払調書を発行する際、今まで導入されていたソフトでは不動産への支払い履歴をエクセルに出力することが出来なかったためひとつづつ手作業で履歴を確認していたが、該当履歴のみ確認することで大幅に時間を削減することが出来た。以前利用していた製品の解約理由履歴が確認しづらかった。サポートが終了してしまったため。,利用者としては、直感的に扱える難易度の低いソフトです。
95,2024/01/24,領収書をアプリで撮影し取り込むだけで、日付、支払い先、インボイス番号、が自動で入力されます。読み取り情報が正確な上に、時間短縮になります。何より、取り込んだ領収書は、提出不要になるので、リモートワークの自分は経費精算のためだけに出社する必要がなくなりました。,現状特に改善してほしい点は無いのですが、電子領収書の場合の取り込み方と申請の仕方が分かりづらく感じます。,月末の経費精算の時間の圧倒的な短縮に繋がりました。また、上記でも記述したように、出社の必要性もなくなったので、大幅な時短になっています。この口コミを詳しく見る,プリで撮影し取り込むだけで、日付、支払い先、インボイス番号、が自動で入力されます。読み取り情報が正確な上に、時間短縮になります。何より、取り込んだ領収書は、提出不要になるので、リモートワークの自分は経費精算のためだけに出社する必要がなくなりました。楽楽精算の改善してほしい点現状特に改善してほしい点は無いのですが、電子領収書の場合の取り込み方と申請の仕方が分かりづらく感じます。楽楽精算導入で得られた効果・メリット月末の経費精算の時間の圧倒的な短縮に繋がりました。また、上記でも記述したように、出社の必要性もなくなったので、大幅な時短になっています。
96,2024/01/21,UIがとてもシンプルで感覚的に操作できる点が素晴らしいです。全社で導入しているので、マニュアルがほぼ無しにできることは導入部門からしてもありがたいと思います。,私はほぼ会社と家の往復分しか申請しないため、個人ごとに自分のお気に入りの経路などを登録できるとありがたい。毎月実費精算だが、毎度同じ内容を入れており、自分の経路の呼び出しができるとありがたい。,以前は通勤定期代が支給されていたが、コロナ禍を経て、リモートワークが進んだため通勤費は、交通費を都度精算するシステムを導入。実費精算ができるようになった。コストも比較的安く、シンプルな作りのため、誰にとっても使いやすく、周りもすぐに慣れて使っていた。導入時、使い方がわからないなどと言っていた同僚も見当たらなかった。この口コミを詳しく見る,もシンプルで感覚的に操作できる点が素晴らしいです。全社で導入しているので、マニュアルがほぼ無しにできることは導入部門からしてもありがたいと思います。楽楽精算の改善してほしい点私はほぼ会社と家の往復分しか申請しないため、個人ごとに自分のお気に入りの経路などを登録できるとありがたい。毎月実費精算だが、毎度同じ内容を入れており、自分の経路の呼び出しができるとありがたい。楽楽精算導入で得られた効果・メリット以前は通勤定期代が支給されていたが、コロナ禍を経て、リモートワークが進んだため通勤費は、交通費を都度精算するシステムを導入。実費精算ができるようになった。コストも比較的安く、シンプルな作りのため、誰にとっても使いやすく、周りもすぐに慣れて使っていた。導入時、使い方がわからないなどと言っていた同僚も見当たらなかった。
97,2024/01/21,出張が多いのですが、新幹線やホテルの領収書の詳細を記載する手間が省けてとても時短になりました。また、何度も使用する経路については一括登録ができ、とても便利です。これまで経費精算が億劫でしたが、今では期日までにしっかり間違いなく入力を完了することができています。,ホテルの宿泊税を入力する際に、いちいち分けて入力しないといけないため面倒だと感じました。一括で読み取ってくれると助かります。,営業のため、出張や外出が多いのですが、これまで自分の自宅からオフィスまでの経路を自分で計算して除いてから、経費精算を行わなければならなかったのですが、今は自動で通勤経路を除いてくれるので便利です。この口コミを詳しく見る,のですが、新幹線やホテルの領収書の詳細を記載する手間が省けてとても時短になりました。また、何度も使用する経路については一括登録ができ、とても便利です。これまで経費精算が億劫でしたが、今では期日までにしっかり間違いなく入力を完了することができています。楽楽精算の改善してほしい点ホテルの宿泊税を入力する際に、いちいち分けて入力しないといけないため面倒だと感じました。一括で読み取ってくれると助かります。楽楽精算導入で得られた効果・メリット営業のため、出張や外出が多いのですが、これまで自分の自宅からオフィスまでの経路を自分で計算して除いてから、経費精算を行わなければならなかったのですが、今は自動で通勤経路を除いてくれるので便利です。
98,2024/01/20,ペーパーレスの時代になってきている今、紙での申請が最小限におさめられるのはやはりいい点だと思います。そして、上司に通知が勝手に行くので、事務所に上司がいなくても許可を貰う事ができる点もいい点だと思います。,同じパターンで絶対に買い物をする時にパターン化してある項目が追加できると楽かなと思いました。履歴から拾うのは結構大変なため。システムの不具合がありましたか？特にないです。,ペーパーレスとともに、時短になり業務の効率化を果たせていると思います。経理の確認も一目見て確認が取れるし、費目事にコードも存在しているのでチェックにも時間がかからなくなっていると思いました。,とにかく時短になり、業務効率が上がると思います
99,2024/01/17,唯一の良かった点は、明細追加で、利用した乗換の選択が比較的容易である事でした。ただ、これも予測変換が出ないなど改善の余地はあるように思います。,旅費精算の備考欄は全角入力のみの対応で、半角入力では申請時に弾かれてしまう。半角入力のみ対応はよくあると思うが全角のみは使い勝手が悪いため修正して欲しい。システムの不具合がありましたか？特になし。,紙での旅費精算と比べると、かなり楽にはなってきていると思います。しかし、まだまだ、発展途上と言うか、上記の様な改善点があるように思います。,特になし。
100,2024/01/12,レシート、領収証はPDFでもJPEGでもアップロードができ、デスクワーク以外の人にも使いやすいようにできている。口座の動き、小口現金別々にカテゴリーがあり申請した履歴を一覧で確認することができる。使いやすいツールです,領収証を別途先に登録する必要があるところ。申請の内容を登録する際に同時に領収証なども登録できれば作業を一つ省略できます。,以前はエクセルシートに手入力で入力し、月末で締めて翌月初めに本部に報告していた。領収証レシートも全て現物を本部に提出していた。導入後は経費発生の都度申請することができるようになった。領収証などPDFやJPEGファイルをアップロードするだけで現物提出省力できるものも増えた。,紙が減ります。
101,2024/01/09,全て電子データで対応できるため、紙のレシートを持ち歩かなくてよい。定型的に処理を進めることが出来るため、慣れてくれば比較的簡単。,初見では分かりにくい点がある。ただし、システム上の話だけではなく、社内の経費処理の仕組みによっても変わるため、一概には言えない。システムの不具合がありましたか？特に無し。,自社独自のものではなく、汎用的なプラットフォームとして導入することによって、社内の風潮に左右されることが少なくなる。この口コミを詳しく見る,ータで対応できるため、紙のレシートを持ち歩かなくてよい。定型的に処理を進めることが出来るため、慣れてくれば比較的簡単。楽楽精算の改善してほしい点初見では分かりにくい点がある。ただし、システム上の話だけではなく、社内の経費処理の仕組みによっても変わるため、一概には言えない。システムの不具合がありましたか？特に無し。楽楽精算導入で得られた効果・メリット自社独自のものではなく、汎用的なプラットフォームとして導入することによって、社内の風潮に左右されることが少なくなる。
102,2024/01/07,弊社は中小企業のため、マニュアルで作成していましたが、このサービスを利用することで、タイトル通り業務効率化が図れました。,ただ、少しずつ必要な項目が変更になり、軽微な変更により入力項目が増え、少し手間になることがかります。システムの不具合がありましたか？チェック項目がうまくできず、はじめにトラブルは何件かあり、その都度担当者が周知をするということはありました。,入力する側はもちろん、総務担当者の業務がかなり改善され、費用対効果が高いように思います。担当者を減らすことができ、結果的に別の業務に人員をまわすことができています。,絶対的な業務効率化が図れます
103,2024/01/04,交通費精算の際に、電車代を入力する際は駅名を検索して自動反映される機能があるため、いちいち具体的な金額を打ち込む必要がないです,交通費精算の際は、電車代に関しては駅名を入力して検索できますが、単なる往復ではなく複数駅を経由して乗車駅に戻るというルートを検索すると同じ駅は指定できない旨のエラーとなります,経費申請を終えて申請を行ったあとに誤りに気付き申請を取り消したいときには、上長に依頼する必要無く自身で取り下げることができるので手間が削減できていますこの口コミを詳しく見る,の際に、電車代を入力する際は駅名を検索して自動反映される機能があるため、いちいち具体的な金額を打ち込む必要がないです楽楽精算の改善してほしい点交通費精算の際は、電車代に関しては駅名を入力して検索できますが、単なる往復ではなく複数駅を経由して乗車駅に戻るというルートを検索すると同じ駅は指定できない旨のエラーとなります楽楽精算導入で得られた効果・メリット経費申請を終えて申請を行ったあとに誤りに気付き申請を取り消したいときには、上長に依頼する必要無く自身で取り下げることができるので手間が削減できています
104,2023/12/29,出張の事前に申請しておき、後に出張の精算時に紐付けが簡単にできる。また領収書の添付もカメラで読み取ることもできるのは助かっている。,領収書をカメラで写真をとって提出する際の自動読み取りの精度が悪いように思える。例えば新幹線の領収書といった手書きではないようなものですら間違える事もあり、精度がもっとよいと良いと思う。システムの不具合がありましたか？今までの所ない,上長にExcelファイルでyahoo路線で経路を調べてといったことや経理に領収書の原本を出すということがなくなっている。つまり実際にあわなくてもオンラインで全て完結するというのがメリットであり、UIも使い方で困った事がないぐらいわかりやすい。この口コミを詳しく見る,に申請しておき、後に出張の精算時に紐付けが簡単にできる。また領収書の添付もカメラで読み取ることもできるのは助かっている。楽楽精算の改善してほしい点領収書をカメラで写真をとって提出する際の自動読み取りの精度が悪いように思える。例えば新幹線の領収書といった手書きではないようなものですら間違える事もあり、精度がもっとよいと良いと思う。システムの不具合がありましたか？今までの所ない楽楽精算導入で得られた効果・メリット上長にExcelファイルでyahoo路線で経路を調べてといったことや経理に領収書の原本を出すということがなくなっている。つまり実際にあわなくてもオンラインで全て完結するというのがメリットであり、UIも使い方で困った事がないぐらいわかりやすい。
105,2023/12/21,もちろん会社の運用ルールありきですが、出張が多いビジネスマンは稟議、精算がとてもスムーズにできるため、楽だと思います。,UIが少し古臭く感じる。文字も小さいし(設定側の問題？)、フォントも少し古く感じるため使い勝手が少しだけ悪く感じることがある。システムの不具合がありましたか？特になし,稟議、精算はとてもスムーズにできるため文句なしです。急な出張で稟議をスピード感持って対応しないといけないときにとても助かりました。,稟議、精算のスムーズさ
106,2023/12/20,楽楽精算は素早く効果的に経費を申請・承認でき、紙の領収書の手間が軽減されました。特に、透明性が高まり、経費処理が迅速かつ正確に行えることが大きな利点です。また、分かりやすいインターフェースが使い勝手を向上させています。,利用中に感じた改善点は特にありませんが、もっと細かな経費項目の設定や柔軟なカスタマイズが可能な機能の追加があれば、ユーザーエクスペリエンスが向上すると思います。,楽楽精算の導入により、経費の管理が効率的になり、従業員は時間を節約できました。例えば、出張先での領収書のデジタル管理がスムーズに行え、経費の不正確な処理が大幅に減少しました。この口コミを詳しく見る,素早く効果的に経費を申請・承認でき、紙の領収書の手間が軽減されました。特に、透明性が高まり、経費処理が迅速かつ正確に行えることが大きな利点です。また、分かりやすいインターフェースが使い勝手を向上させています。楽楽精算の改善してほしい点利用中に感じた改善点は特にありませんが、もっと細かな経費項目の設定や柔軟なカスタマイズが可能な機能の追加があれば、ユーザーエクスペリエンスが向上すると思います。楽楽精算導入で得られた効果・メリット楽楽精算の導入により、経費の管理が効率的になり、従業員は時間を節約できました。例えば、出張先での領収書のデジタル管理がスムーズに行え、経費の不正確な処理が大幅に減少しました。
107,2023/12/18,これまでそれぞれの申請方法がバラバラでしたが、らくらく精算のシステム一つで支払申請、経費申請、交通費申請ができるようになり、わかりやすく便利だなと思いました。,請求書などの書類アップロードと各種申請が切り離されていて使いづらい印象です。また、申請後の履歴確認ができない（見つけづらいのかもしれません）点も改善されればいいなと思います。,経理関連の制度変更によりシステムの変更が必須だったための導入となったかと思いますが、制度変更に対応できているシステムだとは感じます。現場の入力作業量が多くなったので、その分経理が楽になったのではないかと思います。この口コミを詳しく見る,れぞれの申請方法がバラバラでしたが、らくらく精算のシステム一つで支払申請、経費申請、交通費申請ができるようになり、わかりやすく便利だなと思いました。楽楽精算の改善してほしい点請求書などの書類アップロードと各種申請が切り離されていて使いづらい印象です。また、申請後の履歴確認ができない（見つけづらいのかもしれません）点も改善されればいいなと思います。楽楽精算導入で得られた効果・メリット経理関連の制度変更によりシステムの変更が必須だったための導入となったかと思いますが、制度変更に対応できているシステムだとは感じます。現場の入力作業量が多くなったので、その分経理が楽になったのではないかと思います。
108,2023/12/17,楽々精算は直感的な操作で経費精算が迅速かつ効率的。デジタル化によりペーパーレスでの管理が可能で、従業員と企業の双方にとって手軽かつ使いやすいサービスです。,改善の余地として、より複雑な経費のカテゴリ分類や詳細な報告オプションの提供が望まれます。これにより、企業はより精緻な経費管理が可能となり、効果的なコストコントロールが行えるでしょう。,楽々精算の導入により、経費処理が迅速化し、従業員の業務において時間と手間の軽減が実現しました。同時に、リアルタイムな経費データの可視化が可能となり、より効果的な経費管理と予算コントロールが可能になりました。この口コミを詳しく見る,直感的な操作で経費精算が迅速かつ効率的。デジタル化によりペーパーレスでの管理が可能で、従業員と企業の双方にとって手軽かつ使いやすいサービスです。楽楽精算の改善してほしい点改善の余地として、より複雑な経費のカテゴリ分類や詳細な報告オプションの提供が望まれます。これにより、企業はより精緻な経費管理が可能となり、効果的なコストコントロールが行えるでしょう。楽楽精算導入で得られた効果・メリット楽々精算の導入により、経費処理が迅速化し、従業員の業務において時間と手間の軽減が実現しました。同時に、リアルタイムな経費データの可視化が可能となり、より効果的な経費管理と予算コントロールが可能になりました。
109,2023/12/16,紙でのやりとりから解放されて精算、支払が電子化されたことは仕事の効率化につながった。特に、電車、バス運賃の精算は乗降地を入力するだけ、地方にも対応していたのでとても助かった。,一言でいうと使いづらい。よくよく画面を見て操作すればやりたいことはできるが、直観的に操作はできずいつも迷う。システムの不具合がありましたか？エラーメッセージがややわかりにく。,これまで支払、精算はすべて紙を使用していたので非効率だった。それをすべて電子化できたことはそれだけで仕事の効率化に寄与した。この口コミを詳しく見る,とりから解放されて精算、支払が電子化されたことは仕事の効率化につながった。特に、電車、バス運賃の精算は乗降地を入力するだけ、地方にも対応していたのでとても助かった。楽楽精算の改善してほしい点一言でいうと使いづらい。よくよく画面を見て操作すればやりたいことはできるが、直観的に操作はできずいつも迷う。システムの不具合がありましたか？エラーメッセージがややわかりにく。楽楽精算導入で得られた効果・メリットこれまで支払、精算はすべて紙を使用していたので非効率だった。それをすべて電子化できたことはそれだけで仕事の効率化に寄与した。
110,2023/12/16,ペーパーレス化ができたのは、本当にうれしい。時間が節約できとことで、格段に効率が良くなった。領収書は写真で撮れば良いので、いつでもどこでも気軽にできるはとっても楽ちん。,時々金額の読み間違いがあるので、手入力しなくてはならないことと、インボイス制度を導入して以後、Tから始まる番号を読めない、または読み間違えるためこちらも手入力しなくてはならないのが面倒。,時間の節約になったことは間違いありません。今までは領収書の原本を紙に貼って経費に出さなくてはならなかったので本当に手間でした。以前利用していた製品の解約理由ペーパーレス化のためこの口コミを詳しく見る,ス化ができたのは、本当にうれしい。時間が節約できとことで、格段に効率が良くなった。領収書は写真で撮れば良いので、いつでもどこでも気軽にできるはとっても楽ちん。楽楽精算の改善してほしい点時々金額の読み間違いがあるので、手入力しなくてはならないことと、インボイス制度を導入して以後、Tから始まる番号を読めない、または読み間違えるためこちらも手入力しなくてはならないのが面倒。楽楽精算導入で得られた効果・メリット時間の節約になったことは間違いありません。今までは領収書の原本を紙に貼って経費に出さなくてはならなかったので本当に手間でした。以前利用していた製品の解約理由ペーパーレス化のため
111,2023/12/12,スマホからカメラ撮影で領収書取り込みできます。時間、場所を問いません。スキャナー不用。作業時間が、大幅に短縮。,特にない。満足してます。スマホで撮影する際、上手くアップロードできない場合あり。その他は、慣れれば、問題なし。システムの不具合がありましたか？なし,大幅に、ペーパーレス化が進んだ。紙のものを目でチェックしていたのが、写真を撮影するだけでよく、作業時間が大幅に短縮された。,なし
112,2023/12/06,Googleのトップ画面に配置しているのでアクセスがしやすいです。フローで承認が進むのでペーパーレスできます。,領収書のアップロード、添付する作業が慣れないと分かりにくいと感じたことがあります。画面遷移や計上の入口が分かりやすいと良いなと思います。システムの不具合がありましたか？特にありません。,データ上で回覧、承認ができることです。過去は回覧して上司の押印が必要な流れでしたが、現在は押印不要の運用に変更されました。,コストが低い
113,2023/12/05,PC.スマホ両方から使用する事ができ、精算もレシートや領収書を写真を撮ってアップするだけなので、慣れたらとても簡単でした。交通費もルート登録が出来るので便利です。,事前にスマホを登録する作業がやや手間がかかりました。基本的には使いやすいですが、PC版のサイトが見づらく使いづらかったので改善されると嬉しいです。,今まで全て金額を手入力し、別でレシートや領収書をPDFにし提出していたのが、写真をアップロードするだけになったので精算の業務が大幅に効率よくできるようになった。この口コミを詳しく見る,ホ両方から使用する事ができ、精算もレシートや領収書を写真を撮ってアップするだけなので、慣れたらとても簡単でした。交通費もルート登録が出来るので便利です。楽楽精算の改善してほしい点事前にスマホを登録する作業がやや手間がかかりました。基本的には使いやすいですが、PC版のサイトが見づらく使いづらかったので改善されると嬉しいです。楽楽精算導入で得られた効果・メリット今まで全て金額を手入力し、別でレシートや領収書をPDFにし提出していたのが、写真をアップロードするだけになったので精算の業務が大幅に効率よくできるようになった。
114,2023/12/04,領収書の写真を一枚撮るだけで、情報を読み取ってくれて、インボイス登録番号まで入力してくれてとても楽です。,写真からの読み取りがスムーズにいかない時がたまにあり、二重チェックが必要。一度登録してしまった写真は訂正できない為、誤った場合は再度登録が必要。,無駄な打ち込みが減り、精算をためることがなくなった。毎週支払日があるため、スピーディに精算できることがうれしい。この口コミを詳しく見る,真を一枚撮るだけで、情報を読み取ってくれて、インボイス登録番号まで入力してくれてとても楽です。楽楽精算の改善してほしい点写真からの読み取りがスムーズにいかない時がたまにあり、二重チェックが必要。一度登録してしまった写真は訂正できない為、誤った場合は再度登録が必要。楽楽精算導入で得られた効果・メリット無駄な打ち込みが減り、精算をためることがなくなった。毎週支払日があるため、スピーディに精算できることがうれしい。
115,2023/11/30,今まではExcelの出張旅費精算を作成し、自分で日当を入力するのが手間でした。楽楽精算のおかげで、煩わしさが消えました。部下からの出張申請の承認簡単にできます。,事前申請と実績申請の入力箇所が最初どこから行うのかわからなく手間取ってしまった。細かく入力する必要があるので、そこは手間。システムの不具合がありましたか？特になし,今までは自分で日当を計算していたが、楽楽ではすでにシステムに日当が組み込まれているので、めんどくさい深夜手当や宿泊出張の計算も楽になった,効率的な出張申請ができ、過去の申請も参照できる
116,2023/11/27,紙で精算書を作って、経理まで提出していた流れが、WEB上で、責任者承認、不備解消などできるため、遠方からの郵送費削減と、タイムリーな承認が実現しかなり効率的になりました。,改善して欲しい点というわけでは無いですが、導入時は、新たなフローを作成し、開示し、浸透させる必要はある為その点の手間はかかります。システムの不具合がありましたか？ありません。,全国展開している会社である為、北海道などから精算書を提出すると時間とお金がかかっていましたが、それが解消できた点と、書類が本社に届き捺印の為にわざわざ本社まで出向いていたのが無くなったので、時間拘束も無くなりました。,全国展開している企業にはおすすめです。
117,2023/11/26,写真で読み取るだけで、ほとんどの情報（値段、時期、企業番号）を読み取ってくれてる。その名の通り、楽に精算が管理できる点。,読み取って情報を共有する際に、〇〇年〇〇月〇〇日と出るのだが…この日にちが間違っている事が多々あるので、再度やり直す事がある。正確さにかける事が難点である。,日々、移動が多く、また、立て替えする事が多い為、読み取って全ての情報が出てきてくれる事が、精算登録に時間を取られる事がなく、効率化をはかることが出来る。この口コミを詳しく見る,取るだけで、ほとんどの情報（値段、時期、企業番号）を読み取ってくれてる。その名の通り、楽に精算が管理できる点。楽楽精算の改善してほしい点読み取って情報を共有する際に、〇〇年〇〇月〇〇日と出るのだが…この日にちが間違っている事が多々あるので、再度やり直す事がある。正確さにかける事が難点である。楽楽精算導入で得られた効果・メリット日々、移動が多く、また、立て替えする事が多い為、読み取って全ての情報が出てきてくれる事が、精算登録に時間を取られる事がなく、効率化をはかることが出来る。
118,2023/11/25,承認依頼する側もされる側も一覧で進捗状況がわかるため、とても管理しやすく案件の進捗スピードが速くなるところ。,承認者が同じステージに何人かいる場合に、申請者が特に指定したい場合には指定できるようになると有り難い。システムの不具合がありましたか？特になし,今まで稟議をあげる時や承認を得るために複数の上司にメールをしていたが、上司はメール受信数が多くて埋もれやすいため催促したり声をかけなければ進まなかった。しかし楽楽精算を導入してから、上司は承認依頼が一覧で把握できるため声かけせずとも承認が降り、依頼する側も進捗を一覧で確認出来るため案件を進めるスピードが速くなった。,承認のフローを速く進めたいなら楽楽精算がいいと思います。
119,2023/11/22,交通費精算のときに経路と料金が自動に複数出てくるので、料金を忘れたとしても経路を選べばいくら払ったのかわかる。,PCだと領収証をいちどスキャンしてから何処かに保存し、楽楽精算内にも保存してから読み込みをするため面倒。スマホでも同じため何かもうひと手間省けたらありがたい。こうして欲しいという案が思いつかないシステムの不具合がありましたか？トラブルはない。使い方の説明書はDLして読み込め、図式で書いてるので問題はない。,利用者側のメリットはない。経理担当者のメリットは有るのかもしれないがわからない。会社の運用の問題ではあるが領収証を添付しているのに原本も必要なので結局読み込む必要性がわからない。,按分の精算書を出す時、操作が色々必要で非常に手間がかかります
120,2023/11/20,入力方法を理解した後は、覚える意識を強く持たなくても、ある程度感覚的に処理を進めることができる設計になっている。,マニュアル作成は自社で作成し、展開しましたが、わかりやすいマニュアルがあれば、そちらを活用したかった。システムの不具合がありましたか？トラブルはありませんでした。,営業担当と経理担当の間での精算確認で足りるようになり、営業事務の負担が軽減されました。証憑の電子保存を通じてペーパーレス化にも寄与しています。,データベースとして、経費データを管理する上でもメリットがあります。
121,2023/11/19,タクシーや会食などのレシートをスマホアプリで写真を撮るだけで金額や利用日、支払先がセットされ入力作業が圧倒的に軽量化されます。,モバイルSuicaやEXカードなどのルートや金額、使用日などの情報が交通費精算として連携されて入力不要になってほしい。,頻繁かつ煩雑な経費精算対応をせずに、提出期日ぎりぎりでも、まとめて速やかに処理できるため業務効率化につながっているこの口コミを詳しく見る,会食などのレシートをスマホアプリで写真を撮るだけで金額や利用日、支払先がセットされ入力作業が圧倒的に軽量化されます。楽楽精算の改善してほしい点モバイルSuicaやEXカードなどのルートや金額、使用日などの情報が交通費精算として連携されて入力不要になってほしい。楽楽精算導入で得られた効果・メリット頻繁かつ煩雑な経費精算対応をせずに、提出期日ぎりぎりでも、まとめて速やかに処理できるため業務効率化につながっている
122,2023/11/18,こちらのサービスはとにかく給与、交通費、事業費など細かくジャンルが分かれており、それぞれをよりわかりやすいフローで申請→承認まで行うことができます。,少しデザインが古いのかなとは思いました。もう少しおしゃれで色使いなどを工夫すれば、企業も導入しやすくなるのではないでしょうか。システムの不具合がありましたか？今のところ特にありません。,このサービスが導入される前は、全て経費などは書面で停止していました。こちらとしても用意から渡すまでがかなり手間がかかりますし、経理の方も「面倒」とおっしゃっていました。それがパソコンやスマートフォンさえあればいつでもどこでもお金の申請ができるようになったというのは、こういった業務に直接関係のないものに時間を取る必要がなくなったという点で、大幅に課題を解決することができたと考えています。この口コミを詳しく見る,ービスはとにかく給与、交通費、事業費など細かくジャンルが分かれており、それぞれをよりわかりやすいフローで申請→承認まで行うことができます。楽楽精算の改善してほしい点少しデザインが古いのかなとは思いました。もう少しおしゃれで色使いなどを工夫すれば、企業も導入しやすくなるのではないでしょうか。システムの不具合がありましたか？今のところ特にありません。楽楽精算導入で得られた効果・メリットこのサービスが導入される前は、全て経費などは書面で停止していました。こちらとしても用意から渡すまでがかなり手間がかかりますし、経理の方も「面倒」とおっしゃっていました。それがパソコンやスマートフォンさえあればいつでもどこでもお金の申請ができるようになったというのは、こういった業務に直接関係のないものに時間を取る必要がなくなったという点で、大幅に課題を解決することができたと考えています。
123,2023/11/16,一つの画面が基軸となり、様々な申請が誰でも簡単に行うことのできる、まさに「楽楽」な、サービスになっています。,複数のレシートを同時に撮影出来ると、なおのことよい。また、勘定科目等がAIにより、自動で入力されると更によい。システムの不具合がありましたか？特にありません。,スマホ等で申請出来る点が、非常にメリットが大きく、外出時はもちろんのこと、その場で申請することで、忘れや漏れが防げる。,スマートフォン利用者にはベストなサービス
124,2023/11/16,交通費の自動化ではICカードデータを読み込み、領収書のOCR機能(自動読み取り)を活用して手入力の手間を減らしました。コスト削減と管理の簡便性があります。,初期設定はやや複雑でOCR機能の精度に課題が感じられました。税制改正があった場合などは柔軟な対応策、また再度、従業員へのシステムの説明が発生します。,交通費の自動精算で従業員の負担を減らし、データ管理がクラウドで容易になりました。何度も精算担当者とやり取りすることがなくなり、結果として時間の節約とコスト削減に繋がりました。この口コミを詳しく見る,動化ではICカードデータを読み込み、領収書のOCR機能(自動読み取り)を活用して手入力の手間を減らしました。コスト削減と管理の簡便性があります。楽楽精算の改善してほしい点初期設定はやや複雑でOCR機能の精度に課題が感じられました。税制改正があった場合などは柔軟な対応策、また再度、従業員へのシステムの説明が発生します。楽楽精算導入で得られた効果・メリット交通費の自動精算で従業員の負担を減らし、データ管理がクラウドで容易になりました。何度も精算担当者とやり取りすることがなくなり、結果として時間の節約とコスト削減に繋がりました。
125,2023/11/15,今までは、専用フォルダに電子領収書を送付する作業を行っていたが、電子領収書を選択するだけでアップロードされるため、その部分については楽になった。,10月のインボイス対応が義務化されたことにより導入されたものだが、精算方法が複雑化していているように感じる。それは、フォーマットによるところが大きいと感じる。見難く使い勝手がよくない。全然楽楽ではないし、決済する方も楽楽なのか疑問。前の精算方法よりも決済される期間が長くなっており、なかなか精算が終わらない。システムの不具合がありましたか？今の所ない。,上記に書いている通り、デメリットが多く、具体的なメリットを一切感じない。精算する側の意見なので、決済する側は違うのかもしれない。この口コミを詳しく見る,専用フォルダに電子領収書を送付する作業を行っていたが、電子領収書を選択するだけでアップロードされるため、その部分については楽になった。楽楽精算の改善してほしい点10月のインボイス対応が義務化されたことにより導入されたものだが、精算方法が複雑化していているように感じる。それは、フォーマットによるところが大きいと感じる。見難く使い勝手がよくない。全然楽楽ではないし、決済する方も楽楽なのか疑問。前の精算方法よりも決済される期間が長くなっており、なかなか精算が終わらない。システムの不具合がありましたか？今の所ない。楽楽精算導入で得られた効果・メリット上記に書いている通り、デメリットが多く、具体的なメリットを一切感じない。精算する側の意見なので、決済する側は違うのかもしれない。
126,2023/11/14,以前使っていたものは、いちいち交通のルートを登録し、交通費を入力しなければならなかったが、楽々精算ではパターンを登録することができるため非常に便利です。,写真の読み取りあまり高くないためか、何度もなり直さないといけない時がまれにあるあります。光の当たり具合か、携帯のスペックによるものなのか？,写真さえあれば、金額をいちいち入力する必要がない。また家でも申請ができるため、テレワークが増えた自分にとっては非常によかったです。この口コミを詳しく見る,いたものは、いちいち交通のルートを登録し、交通費を入力しなければならなかったが、楽々精算ではパターンを登録することができるため非常に便利です。楽楽精算の改善してほしい点写真の読み取りあまり高くないためか、何度もなり直さないといけない時がまれにあるあります。光の当たり具合か、携帯のスペックによるものなのか？楽楽精算導入で得られた効果・メリット写真さえあれば、金額をいちいち入力する必要がない。また家でも申請ができるため、テレワークが増えた自分にとっては非常によかったです。
127,2023/11/12,領収書の自動読み込み機能が優秀だと思います。この度の10月からのインボイス制度にともなう事業者番号もかなり読み込みができているので修正が少ないです。携帯からの取り込みができるので領収書を受け取ったその場で取り込みできて出張精算もペーパーレスできやりやすくなったと思います。,入力項目のコピーができないことと入力文字数の制限があることがUIの使いにくさを感じます。経理知識のない人にとっては、申請項目の選択に戸惑う部分はあるかと思います。,いままでは、紙での経費申請だったため内容確認についても人の手が必要で毎月の経費処理が膨大な時間がかかっていました。また、紙のため上司が途中で止めていてもどこで止まっているかわからず精算が遅れるなどもありました。このシステムを導入してからどこで承認が止まっているかも確認でき、速やかな処理ができるように思いますし、携帯からの申請もできることで利用者と承認者双方にとって業務が効率化されたと感じます。,経費管理を紙やエクセルからシステム化したい人に向いてます
128,2023/11/08,領収書等撮影するだけで自動入力されるのがとても助かる。また、アップできな内容についてはほぼ間違いがなく正確なため、業務効率化に役立っている。,領収書から撮影で計算する場合、上手くアップロードできない場合や、紙が撮影画面に収まりきらないと部分部分に分けて撮影しなければならないので、そこが少し手間がかかる。,今まで全て紙のものを目でチェックして経費をまとめていたのがとても時短になり、またストレスもかなり減りました。この口コミを詳しく見る,影するだけで自動入力されるのがとても助かる。また、アップできな内容についてはほぼ間違いがなく正確なため、業務効率化に役立っている。楽楽精算の改善してほしい点領収書から撮影で計算する場合、上手くアップロードできない場合や、紙が撮影画面に収まりきらないと部分部分に分けて撮影しなければならないので、そこが少し手間がかかる。楽楽精算導入で得られた効果・メリット今まで全て紙のものを目でチェックして経費をまとめていたのがとても時短になり、またストレスもかなり減りました。
129,2023/11/06,スマホのカメラ撮影で領収書取り込み可能なところ、スキャナーを使わずに作業終了できるのは思った以上に便利,交通費の検索がスマホアプリなどと比較してやりづらい、ただ使えないレベルではないので、今後改善されるなら問題ないシステムの不具合がありましたか？発生せず,立て替えの戻しが早くなった、制度的な部分だが、月に複数回の戻しがおきるようになり、利便性が向上したと思う,領収書精算が効率的になる
130,2023/11/03,これまでExcelベースでペーパーにより処理、入力していたものがどこでもパソコン一つで処理出来るようになり時間を有効活用できます。,導入時、処理方法の不明点が多く慣れるまでは時間がかかりました。ブラウザの関係もあるかもしれないですが、タブがいくつも増えるところは見にくい場合があります。,これまで出張等した際に帰ってから後日処理をしていましたが、クラウド上で処理を進められるため、帰り道新幹線の中でも申請を終えられるほど楽になりました。この口コミを詳しく見る,xcelベースでペーパーにより処理、入力していたものがどこでもパソコン一つで処理出来るようになり時間を有効活用できます。楽楽精算の改善してほしい点導入時、処理方法の不明点が多く慣れるまでは時間がかかりました。ブラウザの関係もあるかもしれないですが、タブがいくつも増えるところは見にくい場合があります。楽楽精算導入で得られた効果・メリットこれまで出張等した際に帰ってから後日処理をしていましたが、クラウド上で処理を進められるため、帰り道新幹線の中でも申請を終えられるほど楽になりました。
131,2023/11/03,初めて使うときでも、メニューがわかりやすく直ぐに目的のところに辿り着けるPCだけでなくスマホでも同様に使える,データ入力して閉じるボタンを押したら、データが保存されずに閉じてしまった。保存されていない、登録されていないなどの確認メッセージが有ればよいと感じた。システムの不具合がありましたか？特にない,交通費精算時は乗換案内の活用など素早く間違えなく入力ができる。領収書の写真撮影による取り込みが可能で、ペーパーレスで便利である。この口コミを詳しく見る,ときでも、メニューがわかりやすく直ぐに目的のところに辿り着けるPCだけでなくスマホでも同様に使える楽楽精算の改善してほしい点データ入力して閉じるボタンを押したら、データが保存されずに閉じてしまった。保存されていない、登録されていないなどの確認メッセージが有ればよいと感じた。システムの不具合がありましたか？特にない楽楽精算導入で得られた効果・メリット交通費精算時は乗換案内の活用など素早く間違えなく入力ができる。領収書の写真撮影による取り込みが可能で、ペーパーレスで便利である。
132,2023/11/03,交通費や雑費など月々の業務で発生した費用を簡単に会社側へ申請できる。基本的に入力する項目が少なく楽ではある。,会社側の設定が甘いのかもしれないが「ここはフリー入力でいいような」と思うところがある。簡単な入力のみで済むところは良い点ではあるが…。システムの不具合がありましたか？不具合は特にないです,以前は業務で発生した費用は紙の申請が中心で会社側へ送付する手間があったがソフトで完結しているため時間短縮化になっている。,デメリットはあまりないためおすすめです。
133,2023/11/01,弊社では交通費の精算に楽々精算を導入しています。これまで紙で交通費の精算をしていましたがペーパーレスになった点はいい点でした。,suicaの読み取りで、外出が多いと古い記録は読み取れなくなってしまうのでそこは改善していただきたいです。モバイルSuicaにも対応していただきたいです。システムの不具合がありましたか？suicaを読み取っているはずなのに、通った改札の記録が抜けていることがあります。社内でもそのような人が多くいます。,これまで交通費の精算を行うには、上司の押印が必要で本社まで行かなければならなかったが、行く必要がなくなりました。この口コミを詳しく見る,通費の精算に楽々精算を導入しています。これまで紙で交通費の精算をしていましたがペーパーレスになった点はいい点でした。楽楽精算の改善してほしい点suicaの読み取りで、外出が多いと古い記録は読み取れなくなってしまうのでそこは改善していただきたいです。モバイルSuicaにも対応していただきたいです。システムの不具合がありましたか？suicaを読み取っているはずなのに、通った改札の記録が抜けていることがあります。社内でもそのような人が多くいます。楽楽精算導入で得られた効果・メリットこれまで交通費の精算を行うには、上司の押印が必要で本社まで行かなければならなかったが、行く必要がなくなりました。
134,2023/10/31,自分の交通手段をマイパターンとして登録できるので、毎回手入力しなくて良さそうなのが便利。ルートの確認や金額も内蔵の乗換案内が呼び出せるのでいちいち調べなくても良いです。,マイパターンの設定が、複数の交通機関(特にバスとの併用)を使う人の場合、上手く検索できない場合があったようです。修正の仕方も少しわかりにくいかなとも思います。システムの不具合がありましたか？今のところはありません。,今までは自己申告の金額とルートを計算して提出していたのが、乗換案内とマイパターン登録のおかげで自動化されたのが便利です。以前利用していた製品の解約理由インボイス対応ということで変更になったようです。,経理の確認の手間が少なくなるのでは、と期待しております。
135,2023/10/30,主に交通費の精算の際に利用しています。「乗換案内」で電車の経路も同時に見ることができるため便利だと思います。操作が簡単で、画面上で完結するため、押印の手間も省くことができて良いです。,特にありませんがあえて言うと、たまにレシートがうまく読み取れないことがありました。もう少し精度が上がると便利になると思います。,承認が通ったらパソコンにメール、スマホにお知らせが届くので自分からシステムを立ち上げて承認有無の確認をする手間も省け、効率化に繋がりました。この口コミを詳しく見る,の精算の際に利用しています。「乗換案内」で電車の経路も同時に見ることができるため便利だと思います。操作が簡単で、画面上で完結するため、押印の手間も省くことができて良いです。楽楽精算の改善してほしい点特にありませんがあえて言うと、たまにレシートがうまく読み取れないことがありました。もう少し精度が上がると便利になると思います。楽楽精算導入で得られた効果・メリット承認が通ったらパソコンにメール、スマホにお知らせが届くので自分からシステムを立ち上げて承認有無の確認をする手間も省け、効率化に繋がりました。
136,2023/10/22,経費の精算、スマホで領収書の写真を撮って登録するだけで自動登録される点は非常に便利です。どの領収書を申請したのか忘れないためにも後から確認できるのは便利です。交通費はよく使うパターンを登録できるので、いちいち毎度同じ交通費を記入しなくていいのは楽です。,アプリのUIがちょっと安っぽいかなあと。領収書登録するときのカメラも実際に写っている画と撮影した写真のサイズが違ったりするので改善の余地はたくさんあると思います。交通費の登録も同時にいくつかコピーができると往復の交通費をまとめて複製できるので便利かと思います。システムの不具合がありましたか？こちらは特に感じた事はありません。,いちいち領収書をジャンルごとにホッチキスなどでまとめる必要がなくなったのは楽ですね。登録し終えた領収書はまとめておくだけでいいので助かってます。,アナログで経費精算を行っているのであれば切り替えてみても良いのではないでしょうか？
137,2023/10/22,導入以前は、社用PCから都度経費等の申請を行わなければいけなかったため、作業に時間をとられがちだった。楽楽精算導入後は、いつでも個人スマホで申請が可能になった事で時間を気にする事なく申請が出来る様になり便利になった。,入力画面からひとつ前のページに戻ると入力した部分が一時的に記憶される機能がないため、再度１から入力し直さなければいけなくなるのが残念。システムの不具合がありましたか？特になし。,動物関連の業務を行っているが、勤務中に急遽タクシーや電車で病院に連れていく事が多いため、勤務時間中に交通費申請等をしている余裕などなかったが、楽楽精算のおかげでその点が解消された。,いつでも申請が出来る所
138,2023/10/21,経理視点とはなりますが、経費・交通費の申請・承認をはじめ、契約書などの押印申請や返金対応などいろいろな処理をこちらのシステムで完結できる点は素晴らしい。,初期設定をする際は手間が結構かかりました。仕方のないことですが、部や課が多いとその分の承認フローの設定が必要となります。,こちらはクラウドシステムなので、クレーム等の返金が起こった場合は速やかに処理を進めることができます。紙でいままでやっていて2日かかっていたのが、その日中に処理することができます。この口コミを詳しく見る,はなりますが、経費・交通費の申請・承認をはじめ、契約書などの押印申請や返金対応などいろいろな処理をこちらのシステムで完結できる点は素晴らしい。楽楽精算の改善してほしい点初期設定をする際は手間が結構かかりました。仕方のないことですが、部や課が多いとその分の承認フローの設定が必要となります。楽楽精算導入で得られた効果・メリットこちらはクラウドシステムなので、クレーム等の返金が起こった場合は速やかに処理を進めることができます。紙でいままでやっていて2日かかっていたのが、その日中に処理することができます。
139,2023/10/21,交通費、経費精算、支払い依頼など精算にまつわるあれこれを一つのアプリで完結できるところが気に入ってます。,経費コードなど基本的に毎回変わらない内容も、毎回手入力しなければならないところが煩わしいと思います。,手書きやエクセル精算に比べて、利用者側は一括でできて楽に取り扱えますが、管理する経理はもろもろの手間が省けて業務効率が上がると思います。この口コミを詳しく見る,費精算、支払い依頼など精算にまつわるあれこれを一つのアプリで完結できるところが気に入ってます。楽楽精算の改善してほしい点経費コードなど基本的に毎回変わらない内容も、毎回手入力しなければならないところが煩わしいと思います。楽楽精算導入で得られた効果・メリット手書きやエクセル精算に比べて、利用者側は一括でできて楽に取り扱えますが、管理する経理はもろもろの手間が省けて業務効率が上がると思います。
140,2023/10/21,弊社では出張や経費精算ツールとして、楽楽清算を導入しています。直感的な操作で進めやすいのが楽々清算のよいポイントです。,領収書登録をあらかじめしなければならないのが難点。精算処理中に領収書の登録ができるとよりスムーズに利用できると思っています。システムの不具合がありましたか？特にはありません。,導入前のシステムでは、紙の領収書で精算する必要があったため、手間が多く感じた。この製品を導入してから精算の手間が減っているため、きちんと清算しようという思いになる。,経費精算の手間を大幅に減らしたい人におすすめの製品です。
141,2023/10/21,・申請したいタイミングで行うことができるので上長の隙間時間を見つけなければなどの負担が減った。領収書精算がなければ、基本システムのみで承認作業が進んでいく。・承認の流れが可視化されているので、誰で止まっているのかなど把握がしやすい。,・領収書生産の際は別で写真をアップするなど、一手間がある。「領収書ある方はまずはこちら」みたく書いておいておいてくれるとよりわかりやすくなると思った。マニュアルを読まなくても流れ作業のような形で入力ができるようになるのが理想。システムの不具合がありましたか？・派遣社員として初回利用する際、うまく承認されず手こずった。派遣社員のマニュアルを見たが、書かれていない手順が含まれていた。,・立替費なのだから清算するのが当たり前なんだが、上長のお伺いを立てるところが気持ち的にも負担だった。システムで上げていくので、そのお伺いを立てる負担が減り、自分の中での業務効率化に役立っている。,使い方に慣れれば楽楽です！！
142,2023/10/21,・交通費精算について、システムへの入力で完了し、紙ベースで提出する必要がなくなる・交通費の計算が自動入力される為、別サイトでする必要がない,・同じ場所への交通費も毎回駅名入力→移動手段選択→経路選択をして入力する必要があり、面倒よく使う内容をコピーできるようにして欲しい,・紙ベースで交通費精算を行っていた為、このシステムを導入したことにより、紙への記入、出社しての提出の必要がなくなり在宅勤務でも申請ができ、便利になった・交通費を別サイトで検索して手書きしていたが、システム内で検索し自動入力できるのでラクこの口コミを詳しく見る,算について、システムへの入力で完了し、紙ベースで提出する必要がなくなる・交通費の計算が自動入力される為、別サイトでする必要がない楽楽精算の改善してほしい点・同じ場所への交通費も毎回駅名入力→移動手段選択→経路選択をして入力する必要があり、面倒よく使う内容をコピーできるようにして欲しい楽楽精算導入で得られた効果・メリット・紙ベースで交通費精算を行っていた為、このシステムを導入したことにより、紙への記入、出社しての提出の必要がなくなり在宅勤務でも申請ができ、便利になった・交通費を別サイトで検索して手書きしていたが、システム内で検索し自動入力できるのでラク
143,2023/10/17,レシートや領収書を携帯で写真を撮るだけで料金やお店の名前を判断してくれます。お店のインボイスのナンバーも判別してくれるので便利です。,一度読み込んだレシートの金額の修正がでできず、削除して読み込む際に直さなければいけないため、そこを修正できるようにしてほしいです。システムの不具合がありましたか？特になし,写真を撮るだけでいいので、金額を１つ１つ記入しなくていいので精算の時間の短縮になりました。写真を撮るだけでいいので事前に写真を撮っておけば家でも精算ができるので便利です。,とくになし
144,2023/10/15,交通費の精算に利用しています。駅名を入力すれば、すぐにそこまでの料金が分かるため、調べる手間が省けます。乗換検索ができるところも便利です。また、操作も複雑ではなく、簡単に操作ができて使いやすいです。,写真の読み取り精度が低い。なぜ読み取りができないかの原因が分からないため、何度も撮るり直さなければいけなくなり、時間がかかる。,今まで精算するために会社まで足を運んでいたが、その必要がなくなった。出社せずに自宅で交通費の精算や報告書の提出ができるようになったのが嬉しい。この口コミを詳しく見る,算に利用しています。駅名を入力すれば、すぐにそこまでの料金が分かるため、調べる手間が省けます。乗換検索ができるところも便利です。また、操作も複雑ではなく、簡単に操作ができて使いやすいです。楽楽精算の改善してほしい点写真の読み取り精度が低い。なぜ読み取りができないかの原因が分からないため、何度も撮るり直さなければいけなくなり、時間がかかる。楽楽精算導入で得られた効果・メリット今まで精算するために会社まで足を運んでいたが、その必要がなくなった。出社せずに自宅で交通費の精算や報告書の提出ができるようになったのが嬉しい。
145,2023/10/10,経費の精算、承認、入金までが非常にスピーディーかつ円滑に行えます。昔は紙で行っていましたが、いまではこれがないときどうやっていたのかと思ってしまいます。,新幹線の移動中に入力していて、電波がなくなりせっかくたくさん入力していたのに全部消えてしまった…ということが度々あったため、オフラインでも使えるとありがたいです。,アナログ(紙)で経費精算を行っていたときより、作業にかかる時間が大幅に短縮され、残業の削減などにも繋がっていると思います。この口コミを詳しく見る,、承認、入金までが非常にスピーディーかつ円滑に行えます。昔は紙で行っていましたが、いまではこれがないときどうやっていたのかと思ってしまいます。楽楽精算の改善してほしい点新幹線の移動中に入力していて、電波がなくなりせっかくたくさん入力していたのに全部消えてしまった…ということが度々あったため、オフラインでも使えるとありがたいです。楽楽精算導入で得られた効果・メリットアナログ(紙)で経費精算を行っていたときより、作業にかかる時間が大幅に短縮され、残業の削減などにも繋がっていると思います。
146,2023/10/09,システムのレスポンスは良くてストレスなく使用できる点とインボイスへの対応についてもユーザーへのストレスが極力少く設計されている。,領収書登録でスマホ版でしかJPEGファイルを登録することができない。新幹線の利用証を業務用のスマホの写真で取ってパソコンにメールで送ってスマホ版で登録すること必要が手間。PC版でもJPEGファイルを登録したい。システムの不具合がありましたか？不具合は特にないです。ただし、エラーメッセージで説明が分かりにくい箇所がいくつがある。,出張や研修後の精算にかかる時間が短縮された。また権限によると思うが他の社員の登録履歴なども見ることができて、登録が良くわからない処理に参考にできることがよくある。,システムのレスポンスの良さ
147,2023/10/09,マニュアルがなくても誰でも簡単に経費の申請や支払い依頼などできます。また請求書や領収書はpdfなどでアップロードできるので、紙の節約にもなり無駄が本当になくなります。,請求書をアップロードする際、たまにエラーとなるので様々な状況を加味し、対策を行ってほしいです。また、備考などもう少し横にも枠を広げれるようにしてほしいです。システムの不具合がありましたか？特になし,今までは紙ですべて行わなくてはいけなかったので、出社する必要がありましたが導入したことにより、出張中でも申請ができ大変便利になりました。この口コミを詳しく見る,がなくても誰でも簡単に経費の申請や支払い依頼などできます。また請求書や領収書はpdfなどでアップロードできるので、紙の節約にもなり無駄が本当になくなります。楽楽精算の改善してほしい点請求書をアップロードする際、たまにエラーとなるので様々な状況を加味し、対策を行ってほしいです。また、備考などもう少し横にも枠を広げれるようにしてほしいです。システムの不具合がありましたか？特になし楽楽精算導入で得られた効果・メリット今までは紙ですべて行わなくてはいけなかったので、出社する必要がありましたが導入したことにより、出張中でも申請ができ大変便利になりました。
148,2023/10/08,スマホからも操作できるので、領収書を受け取ってすぐに経費の申請などが出来る。財布の中に領収書を溜め込んだり、誤って捨ててしまったりということがなくなった。,領収書を事前に登録しておかないといけないところが面倒。経費の申請の時に写真に撮って〜という流れではなく、事前に領収書を登録して、それを引っ張ってくる仕組み。,自分は経理担当ではないので経費の処理についてはあまりよくわからないが、営業目線で言うと、今までは手書きで経費の申請をしていたところをデジタルでできるようになったのはとてもありがたい。特に、自分が過去に申請した内容について履歴が残ったり、承認された場合にメールでお知らせがされるので、申請漏れなどがなくなった。この口コミを詳しく見る,も操作できるので、領収書を受け取ってすぐに経費の申請などが出来る。財布の中に領収書を溜め込んだり、誤って捨ててしまったりということがなくなった。楽楽精算の改善してほしい点領収書を事前に登録しておかないといけないところが面倒。経費の申請の時に写真に撮って〜という流れではなく、事前に領収書を登録して、それを引っ張ってくる仕組み。楽楽精算導入で得られた効果・メリット自分は経理担当ではないので経費の処理についてはあまりよくわからないが、営業目線で言うと、今までは手書きで経費の申請をしていたところをデジタルでできるようになったのはとてもありがたい。特に、自分が過去に申請した内容について履歴が残ったり、承認された場合にメールでお知らせがされるので、申請漏れなどがなくなった。
149,2023/10/05,申請フローや承認者などが追加でき、組織変更などが多い会社のため非常にありがたい。領収書の画像なども添付が簡単で、出張申請なども申請したデータを引っ張り精算の際時間をかけず処理することができる,パソコン上から領収書などを添付する際、昨今セキュリティーの関係から画像等を私物スマホから送ることができず、スマホアプリから申請することになっているため、なにか専用のアップロード場所を作ってもらいそこから安全に画像を引っ張れるようにしてほしいシステムの不具合がありましたか？定期的にメンテナス等が入ります。これうちの会社の人事異動などが原因の可能性もありますが,出張の際の申請、精算の処理がものすごく早くなりました。申請の際きちんと入力できていれば精算の際は画像を添付するだけなので10分もかからず精算を完了することができました。この口コミを詳しく見る,や承認者などが追加でき、組織変更などが多い会社のため非常にありがたい。領収書の画像なども添付が簡単で、出張申請なども申請したデータを引っ張り精算の際時間をかけず処理することができる楽楽精算の改善してほしい点パソコン上から領収書などを添付する際、昨今セキュリティーの関係から画像等を私物スマホから送ることができず、スマホアプリから申請することになっているため、なにか専用のアップロード場所を作ってもらいそこから安全に画像を引っ張れるようにしてほしいシステムの不具合がありましたか？定期的にメンテナス等が入ります。これうちの会社の人事異動などが原因の可能性もありますが楽楽精算導入で得られた効果・メリット出張の際の申請、精算の処理がものすごく早くなりました。申請の際きちんと入力できていれば精算の際は画像を添付するだけなので10分もかからず精算を完了することができました。
150,2023/10/03,UIがシンプルなので、わざわざ説明書を見なくても使用することが可能です。交通費などを参照したいとき、ワンクリックで確認できるところも操作性が良いな、と感じます。,題名にカーソルを合わせたときに、どういう機能なのか、内容なのかが分かるとグッと使いやすくなると思います。,元々かかった費用の詳細は紙で提出をしていましたが、クラウド上で完結できるので、出した出していないなどのエビデンスの所在が明確になりました。この口コミを詳しく見る,プルなので、わざわざ説明書を見なくても使用することが可能です。交通費などを参照したいとき、ワンクリックで確認できるところも操作性が良いな、と感じます。楽楽精算の改善してほしい点題名にカーソルを合わせたときに、どういう機能なのか、内容なのかが分かるとグッと使いやすくなると思います。楽楽精算導入で得られた効果・メリット元々かかった費用の詳細は紙で提出をしていましたが、クラウド上で完結できるので、出した出していないなどのエビデンスの所在が明確になりました。
151,2023/10/02,営業などで訪問先に出向くときに定期券外の交通費がかかった際に利用しています。常日頃からマメな人には向いているシステムだと思います。,文字や数字を入力する枠の表示そのものが小さく、スマートフォンで操作するには使いにくい印象があります。,いつでもどこでも精算内容を追加できる。入力必須フォーマットがあるので、個々人によって微妙な記入漏れがあり承認できないなどの手間が省ける。この口コミを詳しく見る,訪問先に出向くときに定期券外の交通費がかかった際に利用しています。常日頃からマメな人には向いているシステムだと思います。楽楽精算の改善してほしい点文字や数字を入力する枠の表示そのものが小さく、スマートフォンで操作するには使いにくい印象があります。楽楽精算導入で得られた効果・メリットいつでもどこでも精算内容を追加できる。入力必須フォーマットがあるので、個々人によって微妙な記入漏れがあり承認できないなどの手間が省ける。
152,2023/10/01,電子精算が可能なため、精算作業がシンプルになり分かりやすくなりました。複雑な作業は不要なため、ミスが減りました。,自動的に画像の文字や数字を読み込み、明細に反映する機能が欲しい。手動で打ち込むのがやや手間に感じることがあります。システムの不具合がありましたか？2年ほど使っているが、トラブルやエラーなく使えています。,出張費の精算は社用携帯から可能となり、移動中の新幹線の中で精算が完了してしまうので、帰社してからの精算作業が不要になりました。,複雑な操作が要らないため、直感的に使え、業務効率化を図ることができます。
153,2023/10/01,経費精算や請求書管理がとても便利です。また、稟議書の管理も行えるので、クラウドサービス化するにあたり便利な機能がたくさんあります。,改善してほしい点については今のところありません。インボイス制度にも対応されており税制改正にも対応済みで使いやすいシステムです。システムの不具合がありましたか？システム不具合はありません。カスタマーサービスも使いやすく親切でした。,承認機能がある点がとても便利です。今どの程度進捗進んでいるのか管理ができますので、とても便利な機能です。,クラウド化を進めるならおすすめなシステムです
154,2023/10/01,前職では紙の帳票で経費を申請していました。テレワークが普及しても、結局出社しないといけなかったり、領収書データをわざわざ印刷して添付しなければいけなかったので、非常に面倒だった。転職してからこの楽楽精算を使用し、PCからはもちろん、スマホからでも使えるので、出張の帰り道でもすぐに申請がだせて、承認依頼なども勝手に回っていくので非常に便利だと思います。,領収書を別画面でアップロードしてから、経費申請画面でそのデータを添付しなければならないため、アップロードを忘れていると、画面を行ったり来たりするのが少し面倒です。,テレワークをしていてもペーパーレスで申請することができる。出張の際も公共交通機関によっては自動で料金が表示されるため、紙帳票と比べると使い勝手は段違いに良いです。この口コミを詳しく見る,の帳票で経費を申請していました。テレワークが普及しても、結局出社しないといけなかったり、領収書データをわざわざ印刷して添付しなければいけなかったので、非常に面倒だった。転職してからこの楽楽精算を使用し、PCからはもちろん、スマホからでも使えるので、出張の帰り道でもすぐに申請がだせて、承認依頼なども勝手に回っていくので非常に便利だと思います。楽楽精算の改善してほしい点領収書を別画面でアップロードしてから、経費申請画面でそのデータを添付しなければならないため、アップロードを忘れていると、画面を行ったり来たりするのが少し面倒です。楽楽精算導入で得られた効果・メリットテレワークをしていてもペーパーレスで申請することができる。出張の際も公共交通機関によっては自動で料金が表示されるため、紙帳票と比べると使い勝手は段違いに良いです。
155,2023/10/01,電車の交通費申請においては、過去の申請した内容を記憶しコピーすることができるので、ワンクリックの操作で申請ができ、スムーズです。,申請期限や承認期限において、自身が設定したタイミングでリマインドのメールやチャットツールと連携してそちらに通知が飛ぶようにしてほしい。,領収書などについて紙での管理が必要なくなったことで、個人での保有と提出における2点で負担が減り、経費申請そのものにかける労力がかなり減らせました。この口コミを詳しく見る,費申請においては、過去の申請した内容を記憶しコピーすることができるので、ワンクリックの操作で申請ができ、スムーズです。楽楽精算の改善してほしい点申請期限や承認期限において、自身が設定したタイミングでリマインドのメールやチャットツールと連携してそちらに通知が飛ぶようにしてほしい。楽楽精算導入で得られた効果・メリット領収書などについて紙での管理が必要なくなったことで、個人での保有と提出における2点で負担が減り、経費申請そのものにかける労力がかなり減らせました。
156,2023/10/01,紙で申請していたものを電子化することができ、新しいインボイス制度にも対応出来るようにシステムの微調整ができている。スマホからでも申請できるので出張中でも空いた時間に領収書を登録することで時間をかけずに対応できている。,スマホの機種によっては、カメラ読み取り機能が使えないものがあるので、どんなタイプでも対応できるともっとよい。システムの不具合がありましたか？海外出張の精算については、少し設定をしっかりしておく必要あり。カードの紐づけとレートなど少し気をつけて申請する必要がある。,立て替えをしたときでも、スムーズに精算まで進むので、出張時も手持ち金額を気にすることなく対応できる。キャッシュレス精算にも進んでいくことができる。,省力化には向いています。
157,2023/10/01,出社、在宅のハイブリッドの勤務になりますが、これまでは役職者のハンコが必要でストレスがありましたが、楽楽精算では全てオンラインで処理されるのでとても効率的です。,PCでの操作になるので、スマホアプリや通知機能があると便利だと思う。リマインド機能などもあれば良いなと思った。システムの不具合がありましたか？特に無し。,「待ち」の解消。1番の無駄な時間なので、これがなくストレスフリーになることが1番のメリットだと思う。,管理側も使用側もとにかく効率化が進むのでおすすめです。操作も簡単で年配者でもスムーズに使用できると思います。
158,2023/10/01,交通費・経費・出張費の申請で利用しております。取扱説明書を見なくても何となくで操作が出来てしまうのも便利です。,交通費申請の際ですが、電車とバスを利用した場合に、バス停を目的地に入力しても、そのバス停が一発で表示されず、入力に手間取ることがありました。一発で表示されると嬉しいです。システムの不具合がありましたか？なし,スマホからも入力が出来るので、移動中に入力することが出来て、時間の有効活用が可能です。業務効率のアップに繋がっていたと感じます。,取扱説明書を見なくても何となくで操作が出来てしまう簡便性です
159,2023/10/01,経費精算の申請、承認、仕訳データ作成、銀行振込と全てをWEB上で完結させることができる。記入ミスが無くなり、清算も迅速に行える。,導入後数年以上を経て、社員からの問合せやミスはほとんどありません。契約期間が長くなると、料金が安くなると良いです。,会社のあらゆる部門のペーパレス化を推進しています。楽楽精算で経費精算では完全にペーパレス化が図れました。費用対効果の面でも満足しています。,電子帳簿保存法にも対応しているところ
160,2023/10/01,経費精算がスマホで簡単にできて、WEB上で完結することができるようになったところ。経路案内があるので、調べる必要がなく経費精算ができるところ。領収書を自動読み取りしてくれるところ。,領収書の自動読み取りが、たまに機能しないことがあるところ。精度が良くなれば、もっと便利になると思います。,経費精算に費やす時間を大幅に短縮できたところ。スマホで申請できるので、場所と時間を選ばないところ。申請書に記入していたころより、ミスが大幅に減ったところ。,申請者も管理者も効率的と感じます
161,2023/10/01,領収書を写真撮影し、アップロードすることで使用日や店名、金額まで記載されるため、かなり業務の生産性が上がりました。,領収書を写真撮影してアップロードする際、写真が一部切れていて再申請等になる場合、使用日から日にちが経ってしまったというで、領収書を現物保管しなければならない点。システムの不具合がありましたか？特にありません。,経費精算を行う社員が多数おり、以前は経理担当者が紙の領収書をチェックしながら経理伝票を起票しており、ミスも多く業務が煩雑でした。しかし、楽楽精算を導入し、経費精算を社員各自が行い、領収書も電子保存になったため、業務の生産性が上がるとともに、現物保存を行うスペースも空きました。,経費精算する社員が多ければかなり業務の生産性が上がります。
162,2023/09/30,経費精算の承認のタイミングがスピーディーにリアルタイムで可能になったことで、申請側、承認側のストレスがなくなりました。流れが非常にスムーズになることにより、経費精算書がなくなるといったケースがほぼ消えてトラブル防止にもつながっています。,入力画面の文字が見えにくかったり、入力欄に文字制限があったりとUIの面で改善する余地があると思います。全体的にすっきりとしてスペースに余裕ができると嬉しいですね。,検索や集計のスピードがアップしましたし、会計ソフトへと仕訳のデータがエクスポートできるので月次決算の確定の前倒しが可能になり、時間にして１０日かかっていたのが、５日ほどに短縮されました。この口コミを詳しく見る,承認のタイミングがスピーディーにリアルタイムで可能になったことで、申請側、承認側のストレスがなくなりました。流れが非常にスムーズになることにより、経費精算書がなくなるといったケースがほぼ消えてトラブル防止にもつながっています。楽楽精算の改善してほしい点入力画面の文字が見えにくかったり、入力欄に文字制限があったりとUIの面で改善する余地があると思います。全体的にすっきりとしてスペースに余裕ができると嬉しいですね。楽楽精算導入で得られた効果・メリット検索や集計のスピードがアップしましたし、会計ソフトへと仕訳のデータがエクスポートできるので月次決算の確定の前倒しが可能になり、時間にして１０日かかっていたのが、５日ほどに短縮されました。
163,2023/09/30,交通費申請の際に、領収書のアップロードに対応しているためタクシー代の精算等における入力作業が最低限で済みます。,同じ経路の登録については一括で出来るようにしてほしい。もしくはExcelアップロード対応で登録できるようにしてほしい。,出発駅と到着駅・経路の選択をするだけで金額の自動計算を行ってくれるため、計算ミスがなくいつでも正確な申請を行うことができるようになりました。この口コミを詳しく見る,の際に、領収書のアップロードに対応しているためタクシー代の精算等における入力作業が最低限で済みます。楽楽精算の改善してほしい点同じ経路の登録については一括で出来るようにしてほしい。もしくはExcelアップロード対応で登録できるようにしてほしい。楽楽精算導入で得られた効果・メリット出発駅と到着駅・経路の選択をするだけで金額の自動計算を行ってくれるため、計算ミスがなくいつでも正確な申請を行うことができるようになりました。
164,2023/09/29,ブラウザから操作ができるところや、各社のカスタマイズ対応が可能なところ、一時保存ができるところは良い点だと思います。,自社がカスタマイズできていないだけかもしれませんが、日付の自動入力や、経路設定したら、Yahoo乗り換えの最上部の金額を自動入力するなど、作業の効率化機能の搭載を検討してほしい。システムの不具合がありましたか？不具合はありませんが、本来申請できる手当が付けられていない場合に注意喚起するなどの機能も欲しい。,Excel管理の企業が導入することで、申請ミスなどを減らせて、経理担当者の負担が軽減されると思います。,現場の申請者側が楽になるかは設計次第です。しっかりと営業など他の部署ともすり合わせをしながら導入することが大事だと思います。
165,2023/09/29,領収書を撮影するだけの自動文字読み取りに感動しました！（文字化けは有りますが...）スマホ操作も簡単で経費精算の面倒さ、ストレスを感じなくなりました。,承認作業がPCでしか出来ない点。スマホ版の自動ログイン期間が短く、毎月必ずログアウトされてしまっている点。再ログインの際にいちいち専用のURLを入れないとならず、保存機能もないため手間がかかる,楽楽精算導入前は経費精算が面倒で月末にまとめてやっていましたが、それほど溜め込まなくなりました！領収書紛失で精算できなくなることもなくなり、とても助かっています。この口コミを詳しく見る,影するだけの自動文字読み取りに感動しました！（文字化けは有りますが...）スマホ操作も簡単で経費精算の面倒さ、ストレスを感じなくなりました。楽楽精算の改善してほしい点承認作業がPCでしか出来ない点。スマホ版の自動ログイン期間が短く、毎月必ずログアウトされてしまっている点。再ログインの際にいちいち専用のURLを入れないとならず、保存機能もないため手間がかかる楽楽精算導入で得られた効果・メリット楽楽精算導入前は経費精算が面倒で月末にまとめてやっていましたが、それほど溜め込まなくなりました！領収書紛失で精算できなくなることもなくなり、とても助かっています。
166,2023/09/29,今までは交通費を精算する際、バスの交通費は定期券の方が割高になるため実費での出勤日数分の申請となってました。楽楽精算にしてからは、コピペしなくても履歴を反映できるので申請がスムーズになりました。,領収書や定期券の明細を写真に撮ったりスキャンした後、データがどこにあってどこに貼り付けていいのか分かりにくかったです。システムの不具合がありましたか？なし,今までは自宅でエクセルシートを用いて精算書を作成し、別途領収書を保管してから後日貼り付けたりしていたのですが、楽楽精算にしてからはスマホで完結できるため作業場所や時間が簡略化できました。,エクセル等で交通費申請をしている方に、特におすすめします。
167,2023/09/29,経費、社内ルールの申請業務にて使われている認識。問題なく経費申請や福利厚生等の申請が行える点は評価できる。,忖度せずにいうと、ただ申請できるだけ。必要最低限しか満たせておらず、ユーザー体験は最悪と言っても良い。直感的にわかりづらく、覚えるまで時間がかかる。,フルリモートで交通費の申請ができる。基本的にフルリモートですべての申請が行える点は魅力的である。社外で働く申請もこれで完結するので便利だった。この口コミを詳しく見る,ルールの申請業務にて使われている認識。問題なく経費申請や福利厚生等の申請が行える点は評価できる。楽楽精算の改善してほしい点忖度せずにいうと、ただ申請できるだけ。必要最低限しか満たせておらず、ユーザー体験は最悪と言っても良い。直感的にわかりづらく、覚えるまで時間がかかる。楽楽精算導入で得られた効果・メリットフルリモートで交通費の申請ができる。基本的にフルリモートですべての申請が行える点は魅力的である。社外で働く申請もこれで完結するので便利だった。
168,2023/09/29,すべてリモートワークの在宅勤務の会社なので、こちらが導入されるまではメールでの経費報告だったのですが他のメールに埋もれてしまい履歴を確認することが困難でした。こちらの楽々精算が導入されてからとても経費申請が楽になり、確認も簡単にできるようになったので素晴らしいと思います。利用方法も一度マニュアルを見てしまえばすぐに覚えられるので使いやすいと思います。,特に不満点はないのですが、しいていうなら画面のレイアウト的に字が小さくみづらい部分があると高齢の従業員がおっしゃっていたので、もし字の大きさなどが変えられるのであればありがたいなと思います。私自身は特に不満点はないです。システムの不具合がありましたか？特に私はトラブルは聞いていないです。,なにより確認のしやすさ、更に報告のしやすさです。無駄な時間を取られないので、勤務中に素早く経費申請できるのでとても助かっています。コールセンターなので忙しさに波がある仕事なのですが、スキマ時間にサッと申請できるのはとても便利です。,時間短縮、確認や報告がしやすいツールなのでぜひ利用をオススメいたします！
169,2023/09/29,経費や交通費の申請などが一括してネット上で行えるので管理が非常に簡単に行えるところがこのサービスの良い点,ところどころ入力項目がコピーできなかったり、文字制限があるところがあるのでその部分を改善してほしい。システムの不具合がありましたか？ない,楽々精算は出張の際利用しており、一括で行えるので非常に楽です。紙で行っていた業務が簡素化されて無くすこともないのでよく使っています。,無くさない点
170,2023/09/29,経費精算の際に社名がOCR技術を利用して自動入力される機能。スマートフォン対応でどこからでも利用可能。交通経費の自動算出機能,WEB版を使用する際、PDFを読み込むと日付が不正確だったり、支払先が誤って自社名として認識されることが時々あります。現在の精度は約30%と感じており、手動での修正は可能ですが、より高い精度を求めております。お願いいたします。,以前はエクセルを使用して経費の管理や申請を行っていたため、業務が複雑で、経理の仕入れ入力なども手間がかかっていました。しかし、システムを導入した後は、経費のカテゴリーごとの分類が容易になり、申請者も経理担当者も入力作業が劇的に簡単になりました。,時間を優先したい会社は導入を検討してみては
171,2023/09/28,UIが分かりやすく、シンプルで、初めて使う際もすぐに使うことができました。特に交通費精算などは乗換案内アプリとの連携でスムーズに行うことができます。普段よく行く経路をお気に入り登録できるのも良いです。,経路をお気に入り登録できる点は良いのですが、これらを編集できない点は改善していただきたいです。具体的には、お気に入り登録してある区間の運賃料金が変わったときなど一から登録し直しになります。,どのプロジェクトと紐付けするかなど経費を明確にし、集計できる点は時間短縮になりメリットです。従業員が数人の場合は費用対効果を考えた方が良いかもですが、導入して損はないツールです。この口コミを詳しく見る,りやすく、シンプルで、初めて使う際もすぐに使うことができました。特に交通費精算などは乗換案内アプリとの連携でスムーズに行うことができます。普段よく行く経路をお気に入り登録できるのも良いです。楽楽精算の改善してほしい点経路をお気に入り登録できる点は良いのですが、これらを編集できない点は改善していただきたいです。具体的には、お気に入り登録してある区間の運賃料金が変わったときなど一から登録し直しになります。楽楽精算導入で得られた効果・メリットどのプロジェクトと紐付けするかなど経費を明確にし、集計できる点は時間短縮になりメリットです。従業員が数人の場合は費用対効果を考えた方が良いかもですが、導入して損はないツールです。
172,2023/09/28,何より領収書等を写真でとるだけで自動的に文字を読み込みしてくれるのが助かります。スマホからもアクセス出来るので、手持ちのスマホで写真を読み込むだけで簡単に書類を作成してくれます。,精度はいいなあと思うのですが、数字やアルファベットの読み込みが弱いと感じる場面が何度かありました。自分で訂正も出来るのですが、少し面倒です。,今まで経理に出す領収書は手入力しかやった事無かったのですが、この製品を使ってからは圧倒的に入力ミスが減りました。また、申請期限が近付くと通知してくれるので気付いたら期限切れというミスも全く無くなりました。この口コミを詳しく見る,書等を写真でとるだけで自動的に文字を読み込みしてくれるのが助かります。スマホからもアクセス出来るので、手持ちのスマホで写真を読み込むだけで簡単に書類を作成してくれます。楽楽精算の改善してほしい点精度はいいなあと思うのですが、数字やアルファベットの読み込みが弱いと感じる場面が何度かありました。自分で訂正も出来るのですが、少し面倒です。楽楽精算導入で得られた効果・メリット今まで経理に出す領収書は手入力しかやった事無かったのですが、この製品を使ってからは圧倒的に入力ミスが減りました。また、申請期限が近付くと通知してくれるので気付いたら期限切れというミスも全く無くなりました。
173,2023/09/27,スマートフォンなどで撮影した領収書の認識が非常に優れていると思います。さまざまな領収書を写真で撮影して楽々精算に登録しているのですが、修正がほぼいらないのですごいと思います。,金額などは精度が高いのですが、アルファベットは少し精度が落ちると思います。アルファベットなどの文字の精度が上がるとよいと思いました。,楽々精算を導入するまではエクセルを用いて申請をしていたので業務が煩雑でした。導入してからは、作業が簡単になりました。この口コミを詳しく見る,ォンなどで撮影した領収書の認識が非常に優れていると思います。さまざまな領収書を写真で撮影して楽々精算に登録しているのですが、修正がほぼいらないのですごいと思います。楽楽精算の改善してほしい点金額などは精度が高いのですが、アルファベットは少し精度が落ちると思います。アルファベットなどの文字の精度が上がるとよいと思いました。楽楽精算導入で得られた効果・メリット楽々精算を導入するまではエクセルを用いて申請をしていたので業務が煩雑でした。導入してからは、作業が簡単になりました。
174,2023/09/26,紙ベースで保管していた領収証なども写真として保管できるので、無くす心配がなく、また管理の煩わしさからも解放された点が良い点だと思います。,実際に経費を申請する際、1つのファイルしか添付することができない点が気になっています。添付ファイルが多岐に渡ることもあるので最低でも5ファイルほどは同時添付できるようにしてほしいです。システムの不具合がありましたか？今の所、大きなトラブル等は特にありません。,これまでは経費申請のフローが複雑でかなり時間がかかっていましたが、当サービスを導入したことでフローの簡潔化に繋がり、社員の誰もが簡単に申請を完結できるようになりました。,経費申請完結化するならこれ一択！
175,2023/09/26,インターフェースについては、まあまあ普通。乗り換え案内からの連携がかなり便利かなと思う。今まで使用していた自前のシステムよりだいぶ使い安い。,もう少し入力が楽だと尚良いかも知れない。ブラウザで開いた時、全体的に画面が小さくごちゃごちゃしている感がある。システムの不具合がありましたか？特には無い,予定している経費などを、事前登録しておき、月末に一気に精算申請が出来るので、月末処理の慌ただしさが軽減出来て良い。この口コミを詳しく見る,ェースについては、まあまあ普通。乗り換え案内からの連携がかなり便利かなと思う。今まで使用していた自前のシステムよりだいぶ使い安い。楽楽精算の改善してほしい点もう少し入力が楽だと尚良いかも知れない。ブラウザで開いた時、全体的に画面が小さくごちゃごちゃしている感がある。システムの不具合がありましたか？特には無い楽楽精算導入で得られた効果・メリット予定している経費などを、事前登録しておき、月末に一気に精算申請が出来るので、月末処理の慌ただしさが軽減出来て良い。
176,2023/09/26,領収書をアプリ内のカメラで読み取って申請できて原本の提出は求められません。全国を飛び回って営業しているのでその分領収書も多くなりますが、すぐにカメラで読み取るので紛失リスクもなく安心です。インボイス(事業所登録番号)の読み取りにも対応してます。,東京発の高速バスの申請をする際、お目当てのバス会社や路線がなかなか出てきませんでした。発着数が多いからでしょうか。バス会社の入力検索出来ればと思います。システムの不具合がありましたか？特になし,交通費・経費の申請をするために営業所に立ち寄って領収書の原本を郵送またはＰＤＦにしてメール送信していましたが、本サービスを導入してからはどこででも申請作業が出来るようになりとても助かってます。,経費の申請という非生産的な作業を効率化出来て営業に集中できます。
177,2023/09/25,電子帳簿ソフトを使用することによって、紙の領収書をいちいち取っておかずに済むので、ミニマリストにはお勧め。領収書をスキャンして自動で計算してくれるので非常に楽です。,英語などで描かれた領収書などは少し読み取るのが遅くて、もっと読み取りスピードが速くなってくれればいいなと思った。楽楽精算扱っていない企業もあるので、その時の対応とかスムーズに対応できるようにしてほしい。,インボイス制度が始まるので、それに備えて購入してめんどくさいアナログでの経費の計算が楽になってよかった。タクシー代や取材のホテル代などの領収書もデジタルでまとめて計算できるので本当に助かる。この口コミを詳しく見る,フトを使用することによって、紙の領収書をいちいち取っておかずに済むので、ミニマリストにはお勧め。領収書をスキャンして自動で計算してくれるので非常に楽です。楽楽精算の改善してほしい点英語などで描かれた領収書などは少し読み取るのが遅くて、もっと読み取りスピードが速くなってくれればいいなと思った。楽楽精算扱っていない企業もあるので、その時の対応とかスムーズに対応できるようにしてほしい。楽楽精算導入で得られた効果・メリットインボイス制度が始まるので、それに備えて購入してめんどくさいアナログでの経費の計算が楽になってよかった。タクシー代や取材のホテル代などの領収書もデジタルでまとめて計算できるので本当に助かる。
178,2023/09/25,レシートの写メで申請に必要事項をほぼ読み取り自動記入されるので文字入力が少なく操作が簡単でわかりやすいです。,たまにレシートの写メをしっかり読み取ってくれず、確認する必要があります。経費の内訳がたくさんあってどれになるのかわからない時があるので例が書いてあると助かります。,スマホでレシートを写メしていればいつでも申請できるため、申請側からしたらレシートをなくしたりするトラブルがないことや、事務所にいく必要がないので各部署現場から動けないときも申請できます。,申請側はスマホが使えれば誰でもできます。スマホに慣れていれば操作説明は必要ないかと思います
179,2023/09/25,紙ベースで経費精算を行っていたころに比べて、記入ミスの削減、書類の保管などメリットが多い。社内外でも気づいた時にすぐ入力できるので申請忘れがほとんどなくなってとても助かっています。,同じ経路でも最初から入力する必要があるため、近距離の移動や同じ場所に何度も行く場合に使いづらいと感じる。システムの不具合がありましたか？慣れると簡単です。,紙での申請書のやり取りがなくなり、完全にWEB上で完結することができるようになったのは大きいと思う。ペーパーレス化に大きく寄与し、会社全体で大幅な業務改善につながったと思う。,ペーパーレス化により業務効率アップ
180,2023/09/24,人事担当者のデータ入力作業が減り、ミスも少なくなった上に効率が良くなって残業も大幅に改善したそうです。,領収書を添付するのに一旦画像を登録してから文面作成して後から選択して提出するのが煩わしい。PC版ではできるがスマホ版だと毎度何故か添付がし漏れてしまう。スマホ版はデータ入力の画面で領収書の写真もその場で撮ってアップロードできたら楽なのですが、、。システムの不具合がありましたか？文字が小さいのと、ちょっと表記が分かりづらくて慣れるまで大変でした。,コーポレートカードを登録し、それを使用すれば領収書が不要なので使用した内容だけ申告するだけで楽でした。しかしインボイス制度のために結局10月から領収書が必要になってしまったのでメリットが薄れてしまった感はあります。,書類管理するよりデータ管理した方が将来的には楽なので、使用者の日々の入力は多少負担にはなりますが会社的には良いシステムだとは思います。
181,2023/09/24,インボイス制度への対応がスムーズになりました。また経費の精算などにも用いられており、それまでの社内システムよりも簡単かつ操作も明確なので、社員の方にも喜ばれております。,まだ導入したばかりなので具体的には改善ポイントが見つかっておりませんが、使い方のマニュアルなどは社内制作したものが共有されているので、マニュアルや解説動画などが公式から発表されると嬉しいです。システムの不具合がありましたか？今のところ特にありません。,購買部に所属しており、仕入れ先各社からインボイス対応についての問い合わせが多々あります。先日まではいちいち経理部へ問い合わせし、確認をしておりましたのでメール送信などの工数がかかっておりました。しかでこちらのソフトが導入されたことにより、各社からの対応依頼に購買部だけで対応することができ、作業時間や工数が月平均２時間程度減りました。,インボイス制度への対応にお困りの方、必見です。
182,2023/09/24,楽楽精算は、経費精算の申請から承認の一連の業務を電子化することで、業務の作業効率がとても良くなった。領収書の電子化やクラウド上での管理により、ペーパーレス化が可能です。また、各企業に合わせてカスタマイズできるため、自社に合わせた経費精算フローを構築することができます。,デザインがごちゃごちゃしており、楽楽精算導入直後は、操作方法が分からず、困る社員が多かったです。もう少しシンプルかつ今どきの美しいUIになるとより便利なサービスになると思う。システムの不具合がありましたか？UIがややイマイチです。もう少しシンプルかつ美しいUIに改善してほしい。,楽楽精算導入前は、上長の承認を得るために押印してもらっていたが、上長不在の時は、承認できないなど、業務上の不便さがありました。導入後は、上長が外出していても、スマホから承認申請できるなど業務効率が改善されました。,領収書の電子化やクラウド上での管理、自社に合わせた経費精算フローを構築が可能な決算サービスです。
183,2023/09/23,導入前は、交通費や日用品の立替え請求、出張費や旅費の請求を紙やExcelベースで申請を行っていたが、一括にさらに電子化で精算が出来る様になり、業務の大幅な効率化を図れた。,国内はいいが、海外出張になると少し面倒。領収書は為替の問題で円に計算し直さなければならない。法人用のクレカが支給されて、全てそれ一枚で支払えば国内と変わらなく楽だとは思う。,アプリ版もあるので、承認が通ったのか、各請求リスト一覧など、わざわざ社内でPCを立ち上げなくても一目で分かるのは便利。始業や終業時間の度にチェックする作業が無くなった。この口コミを詳しく見る,交通費や日用品の立替え請求、出張費や旅費の請求を紙やExcelベースで申請を行っていたが、一括にさらに電子化で精算が出来る様になり、業務の大幅な効率化を図れた。楽楽精算の改善してほしい点国内はいいが、海外出張になると少し面倒。領収書は為替の問題で円に計算し直さなければならない。法人用のクレカが支給されて、全てそれ一枚で支払えば国内と変わらなく楽だとは思う。楽楽精算導入で得られた効果・メリットアプリ版もあるので、承認が通ったのか、各請求リスト一覧など、わざわざ社内でPCを立ち上げなくても一目で分かるのは便利。始業や終業時間の度にチェックする作業が無くなった。
184,2023/09/23,毎回使う内容をマイパターンとして保存しておけるので、何度も入力する必要がなく、とても便利です。会社の経費精算や出張精算で使っています。,先々の日程で予定が決まっている場合、先に内容を入力しておきたいのですが、日付が先の場合は入力することが出来ないので、そこを改善して欲しいです。,出張が多く、経費精算をする機会が多いのですが、下書き保存ができたり、よく使う内容をマイパターンとして保存することができるのが特に便利で気に入っています。承認が降りた場合にもメールで確認できるのも便利だと思います。この口コミを詳しく見る,容をマイパターンとして保存しておけるので、何度も入力する必要がなく、とても便利です。会社の経費精算や出張精算で使っています。楽楽精算の改善してほしい点先々の日程で予定が決まっている場合、先に内容を入力しておきたいのですが、日付が先の場合は入力することが出来ないので、そこを改善して欲しいです。楽楽精算導入で得られた効果・メリット出張が多く、経費精算をする機会が多いのですが、下書き保存ができたり、よく使う内容をマイパターンとして保存することができるのが特に便利で気に入っています。承認が降りた場合にもメールで確認できるのも便利だと思います。
185,2023/09/23,導入前は切符に使用済印を押してもらい、精算まで財布内で管理してましたが、紛失や受取忘れなどで損をしていることも多々ありました。が、導入後はIC連携もあり簡単に漏れなく申請でき助かってます。,MobileSuicaなどMobileとの連携がスムーズになされるようになると、より便利に使いこなせそうです。,メリットとしては管理工数・精算工数の削減に他なりません。ここにかかっていた時間を他の業務に避けるようになりました。この口コミを詳しく見る,符に使用済印を押してもらい、精算まで財布内で管理してましたが、紛失や受取忘れなどで損をしていることも多々ありました。が、導入後はIC連携もあり簡単に漏れなく申請でき助かってます。楽楽精算の改善してほしい点MobileSuicaなどMobileとの連携がスムーズになされるようになると、より便利に使いこなせそうです。楽楽精算導入で得られた効果・メリットメリットとしては管理工数・精算工数の削減に他なりません。ここにかかっていた時間を他の業務に避けるようになりました。
186,2023/09/23,交通費精算が、ＩＣカードの読み取りでできるため、管理が非常に簡単になった。本社との書類のやり取りが不要になった。,スマホでの交通費精算のＩＣカード読み取り後、再度読み取り準備ができましたの画面表示となり、アプリを終了するためにワンアクション分、余計な手間が掛かるのが軽くストレス。モバイルSuicaへの対応に期待。ＩＣカードの読み取り件数が少なく、現場への差し入れ等で自販機を使用すると、すぐに読み取り可能な履歴数を超えてしまう。システムの不具合がありましたか？特になし,交通費申請で、ＩＣカード読み取りが出来ない場合でも、乗換案内で表示された経路、金額での申請になるため、経路確認にかかる手間が軽減された。路線バスにも対応しており、申請された交通費の確認についても効率化が図れた。,経費精算にかかる人件費の軽減。
187,2023/09/23,紙ベースではないため、迅速に請求書を受け取ることができます。また、紙ベースの請求書を受け取る必要がなくなるため、請求書の紛失や保存の手間を省くことができます。,弊社では電子的な請求書のやり取りが増えてきたものの、請求書ダウンロード後プリントアウトし、わざわざ紙ベースで保管しております。他のプラットフォーム上での請求書や紙ベースでの請求書など含めて一括保管できる機能があればとても嬉しく思います。,以前は月初に郵送で請求書が送られてきており、届くまでのリードタイムの関係で、すぐに棚卸に取り掛かることができない状況でした。楽楽精算を導入したことでシステムから直接請求書を確認し、ダウンロードすることができるため、棚卸への取り掛かりが断然早くなりました。この口コミを詳しく見る,はないため、迅速に請求書を受け取ることができます。また、紙ベースの請求書を受け取る必要がなくなるため、請求書の紛失や保存の手間を省くことができます。楽楽精算の改善してほしい点弊社では電子的な請求書のやり取りが増えてきたものの、請求書ダウンロード後プリントアウトし、わざわざ紙ベースで保管しております。他のプラットフォーム上での請求書や紙ベースでの請求書など含めて一括保管できる機能があればとても嬉しく思います。楽楽精算導入で得られた効果・メリット以前は月初に郵送で請求書が送られてきており、届くまでのリードタイムの関係で、すぐに棚卸に取り掛かることができない状況でした。楽楽精算を導入したことでシステムから直接請求書を確認し、ダウンロードすることができるため、棚卸への取り掛かりが断然早くなりました。
188,2023/09/22,駐車場代や営業雑費は領収書(レシート)を楽楽精算アプリから携帯カメラで読み込むだけで、金額・支払い先・日付など自動で認識してくれるので経費精算が非常に楽です。電車移動の交通費精算は乗り換えルートも色々あり便利です。,たまにパスワード変更が必要になるのですが、パスワード設定にはアルファベット、数字、記号を使わなければならず、あまり使わないパスワードを設定するので毎回忘れてしまい「パスワードお忘れの方」から再設定することが続いているので、アルファベットと数字だけで設定できるようにしてほしいシステムの不具合がありましたか？特になし,立替経費、交通費など業務上でかかった費用を簡単に、ペーパーレスで精算できます領収書は一度読み込んでしまえば残しておく必要もなく領収書の紛失などのリスクもなくなります。,領収書読み込み機能が非常に楽で経費精算するのに非常に便利です
189,2023/09/22,振込手数料が発生してしまいますが、その分経理担当者の仕事量が減るためかなりのコストカットにつながりました。,精算した伝票を印刷する際、一件あたり一枚紙をつかうので余白が非常に多いのが気になりました。様々な印刷レイアウトに対応できるといいです。,操作性が非常にシンプルなので、導入後も大きな混乱なく全社員で活用できています。今まで休日に会社で行っていた会計作業を、自宅でアプリをつかって作業することができるようになりました。この口コミを詳しく見る,が発生してしまいますが、その分経理担当者の仕事量が減るためかなりのコストカットにつながりました。楽楽精算の改善してほしい点精算した伝票を印刷する際、一件あたり一枚紙をつかうので余白が非常に多いのが気になりました。様々な印刷レイアウトに対応できるといいです。楽楽精算導入で得られた効果・メリット操作性が非常にシンプルなので、導入後も大きな混乱なく全社員で活用できています。今まで休日に会社で行っていた会計作業を、自宅でアプリをつかって作業することができるようになりました。
190,2023/09/22,操作画面が見やすく、操作も簡単であるため、初めて使用する社員であっても迷うことなく精算業務を進めることが出来ます。,スマホアプリ版ボタンのサイズが小さいので、間違った操作をしてしまうこともあるので、そこは改善していただきたいです。システムの不具合がありましたか？特にありません。,これまでパソコンに向かうことでしか経費精算を行えなかったのが、スマホを使用して営業の合間や自宅でも経費精算が行えるようになりました。交通費精算が完全ペーパレスになり、承認待ち状態の時間が削減された。,会社のコストについてはわかりませんが、会社・従業員とも使いやすいと思います。
191,2023/09/22,1件ずつ請求書や領収書を添付して申請すること。請求書原紙を紛失してしまってもバックアップがあるので安心です。,申請ルート（承認者）の設定をルートによって選択したくてはいけないのですが、毎回名前を入れて検索します。できれば履歴やお気に入りから選べるといいなと思います。システムの不具合がありましたか？自分の担当業務内では特にありません。,楽楽精算をつかってだいぶ経ちます。請求書や領収書を添付して申請するのですが、面倒だなといつも思っていました。しかし、請求書原紙を紛失してしまったことがあり、面倒でも毎回スキャンしてアップロードしておいたことで助かりました。,承認者が社外にいても処理が進むので助かります。
192,2023/09/22,スマホの専用アプリからでも請求が出来るので、その度にPCを立ち上げる必要が無く大幅に業務の効率化が図れる。またアプリ版では領収書の写真撮影での読み取り機能がある為、手作業で行う必要が無くなった。認識精度も良好。,UIが少し分かりづらく直感的に操作が出来ない。例えば乗換案内を操作した際、路線選択や交通機関の予測項目が多い為、慣れてない内はマニュアルを見たり教えて貰わないと入力に時間が掛かる。,申請者のリスト、申請の進捗状況がスマホからも見れるので確認作業が減った。また紙のペーパーレス化も実現されゴミが削減された。,申請者、承認者共に「楽楽」になれるシステムだと思う。
193,2023/09/22,1ヶ月の経費精算が非常に楽になります。公共交通機関のルートも検索したら反映することができるのでこの製品のみで申請することができた。,今のところ、改善していただきたいポイントがないくらい使いやすい製品です。履歴から同じルートのところはコピーできたらもう少し楽になるかもしれないです。システムの不具合がありましたか？トラブルは今のところないと思います。,今までは領収書を別途紙に添付して保管をしていたが、この製品を用いたことで領収書の保管が簡単になった。,領収書の管理が圧倒的に楽です。
194,2023/09/22,ワークフローで申請する事が可能なので、郵送の手間やコストを削減する事が可能となります。区分も申請者が選択する事となります。,OCRはまだ導入していませんが、精度が向上しているようならば導入も検討していきたいです。また、画面が少し見づらいです。,ワークフローの機能や申請者が区分を選択する事で、紙で申請する場合のコストや手間を考えると随分業務が改善されていると思います。この口コミを詳しく見る,ーで申請する事が可能なので、郵送の手間やコストを削減する事が可能となります。区分も申請者が選択する事となります。楽楽精算の改善してほしい点OCRはまだ導入していませんが、精度が向上しているようならば導入も検討していきたいです。また、画面が少し見づらいです。楽楽精算導入で得られた効果・メリットワークフローの機能や申請者が区分を選択する事で、紙で申請する場合のコストや手間を考えると随分業務が改善されていると思います。
195,2023/09/22,領収書登録やインボイス番号の有効性判定など、法改正を加味した機能がしっかり搭載されている。また、スマホからの操作もシンプルで使いやすい。,会計項目の指定を行わなくてはならず、会計や税理の知識を持たない一般社員から問い合わせがあることが多い。知識があれば使いやすいのだが、専門知識を持たない人間でも扱いやす用になるとなおよい。システムの不具合がありましたか？いまのところ特に大きなトラブルはない,交通費や出張費用の立て替え払い清算が月に30件以上発生していて、以前はすべて手入力と紙書類で処理していたが、その手間が大きく削減された。特に少額領収書の読みとりと自動登録はかなり便利で、経費精算全般の手間が削減された。以前利用していた製品の解約理由高機能ではあったがUIが使いにくく使いこなせていない社員が多かった,経理部や経費精算の管理をする立場にある上長クラス、IT管理部門などはタスク自動化の一助になると思う。
196,2023/09/21,精算使用できる方法が多く、特にレシートスキャンはいちいち金額のミスのチェックがいらなくなり業務の効率化が大幅に上がった,最初の導入部分が非常に分かりづらく業務に使用できるまでに時間がかなりかかってしまったのであらかじめテンプレートを豊富に用意して頂ければよかったシステムの不具合がありましたか？精算業務がweb上で管理できるので非常に便利ですが他業務のスタッフには馴れてなく説明が大変でした,以前はexcelにレシートを見ながら直接費用の打ち込みした後最後にレシートチェックし精算してたので時間がかかってしまってたのがレシートスキャンで対応できるので手間が大幅に減った,経理業務で大幅な作業効率化が期待できるのでおすすめです
197,2023/09/21,アップロードした領収書を取り込むと、自動的に金額等の情報が反映される点。電車代の運賃をシステム内で検索して反映することができる点,差し戻しされると、一度申請した内容からの修正ができるが、否認されたものだと修正ができず不便。否認されたものに対しての修正機能がほしい。弊社の都合かもしれないが、定期区間の登録が出来ないので、できるようにして欲しい。,以前のシステムだと電子帳簿保存法に対応していなかった為、楽楽精算の導入により対応できた。領収証原本を保管しておかなければいけなかったが、アップロードした情報で残っている為、保管の必要がなくなった。以前利用していた製品の解約理由電子帳簿保存法に対応している経費精算システムに変える必要があるためと聞きました。この口コミを詳しく見る,ドした領収書を取り込むと、自動的に金額等の情報が反映される点。電車代の運賃をシステム内で検索して反映することができる点楽楽精算の改善してほしい点差し戻しされると、一度申請した内容からの修正ができるが、否認されたものだと修正ができず不便。否認されたものに対しての修正機能がほしい。弊社の都合かもしれないが、定期区間の登録が出来ないので、できるようにして欲しい。楽楽精算導入で得られた効果・メリット以前のシステムだと電子帳簿保存法に対応していなかった為、楽楽精算の導入により対応できた。領収証原本を保管しておかなければいけなかったが、アップロードした情報で残っている為、保管の必要がなくなった。以前利用していた製品の解約理由電子帳簿保存法に対応している経費精算システムに変える必要があるためと聞きました。
198,2023/09/21,申請者は、自分のスマートフォンにアプリを入れておけばスマホ上から経費精算ができる。営業先への移動中にも経費申請ができるので助かっています。,領収書の画像から日付や金額を自動で読み取ってくれるが、たまに数値が狂うのでより精度が上がるといいなと思います。システムの不具合がありましたか？今のところ、特に問題はございません。,以前使用していた経費精算システムは、書面での提出が必要だったが、楽楽精算では紙のやり取りがなくなったため大幅な用紙削減に繋がりました。以前利用していた製品の解約理由インボイス制度に伴い、楽楽精算に乗り換えたこの口コミを詳しく見る,自分のスマートフォンにアプリを入れておけばスマホ上から経費精算ができる。営業先への移動中にも経費申請ができるので助かっています。楽楽精算の改善してほしい点領収書の画像から日付や金額を自動で読み取ってくれるが、たまに数値が狂うのでより精度が上がるといいなと思います。システムの不具合がありましたか？今のところ、特に問題はございません。楽楽精算導入で得られた効果・メリット以前使用していた経費精算システムは、書面での提出が必要だったが、楽楽精算では紙のやり取りがなくなったため大幅な用紙削減に繋がりました。以前利用していた製品の解約理由インボイス制度に伴い、楽楽精算に乗り換えた
199,2023/09/21,会社で導入されているのですが、知識があまりなくても直感的に操作できて使いやすいと思いました。機能も多岐に渡っていて、精算業務においてはかなり優位なソリューションだと思います。,若干UIが古くさいというか、操作性や見た目の観点からだと使いたいとは思わないような所感はあります。ただ、機能面は問題ないですし、触れば直感的に使えるので問題はないです。システムの不具合がありましたか？特に自身が関与する中では発生しませんでした。,交通費精算が色んなソリューションを利用する中でわかりづらくてミスが発生していたのですが、楽々精算を使ってからは、ルート補完など覚えれば簡単な機能のおかげでミスが少なくなり、精算業務が効率化されました。,シンプルでわかりやすいソリューションを求めているのであればオススメできます。
200,2023/09/20,会社にて使用していますがこのアプリになってから経費精算がとても楽になりました。今までは領収書を紙に貼り申請書をつけて経費精算をしていましたがこちらはアプリ内で領収書の写真を撮る事で経費精算ができます。仕事柄、建て替え精算がとても多いのでアプリ内で完結してくれるのでとても楽になりました。また経費精算のスピードも自社内では上がったのでとても嬉しいです。,UIが良くないと思います。今は説明を受けたので使えますが初見だとどこをやったらよいかわからないです。その点クリアしてくれたらもっといいアプリなのに…。システムの不具合がありましたか？現状使っていて不具合はありません。,上記でも書きましたが仕事の効率が上がりました。昔ながらのスタイルで経費精算をしているパソコンのEXCELで経費精算の書類を出し、入力して台紙に領収書を貼って申請。上司が居なかったら申請が上までいかないのでそのまま放置なんてこともありました。この楽楽精算になってからは上司の承認も会社スマホでしてくれるので承認→支払いまでスピードが上がりました。,昔ながらの経費精算をしている会社があれば是非使ってほしいですね…
201,2023/09/20,今までレシート領収書を原本で提出していたものを、すべて電子で読み込み、経理部へ提出できるというサービスです。私は経理部ではないので、一ユーザーとして利用していますが、スキャンしたデータをＡＩ？で読み込み、レシートに書かれた日程などを文字に起こしてくれ、自動で入力されるので、いちいち手入力する必要がありません。今のところ間違いはありませんでした。,レシートや領収書を一度アップロードしてからでないと、経費申請できない点はかなり面倒です。一度で申請できるようにしてほしいです。システムの不具合がありましたか？特になし,私は一ユーザーとして使っているため、楽楽精算の導入をするか否かを決定する経理部ではないので、経理部としての使い勝手が分からないのですが、今まで全て領収書やレシートは原本を紙で管理し、提出、それをほかのシステムで同じ内容を入力し、経理へ申請しておりました。楽楽精算を導入後は、システム上に内容を入力し申請することは変わりないのですが、レシートや原本をスキャンしてアップロードできるため、経理部は原本が来ない限り精算処理が出来ない、といった不手際が無くなったのだと思います。大きな時間の短縮になったと思います。,特になし
202,2023/09/20,日々の精算業務を保存ができ、締日間際の慌てることのない業務が可能となります。業務時間の効率化になります。,それぞれの入力欄に領収書有無のチェック項目があると良い。集計後の領収書枚数とチェック数がイコールになればミス把握が簡潔になります。システムの不具合がありましたか？特に感じていません。,今までは、手書きの精算様式と領収書添付でしたが、ミスが多かった。又、精算処理自体の遅くなり、立替の戻りも遅くなる事で金銭管理に困っていたので大きく改善された。,導入も簡単で業務ロスが相当削減できると思います。
203,2023/09/20,スマホでもパソコンでも利用できるので、精算にすぐに対応できるのは嬉しい。他の会社の人に聞いても、使っている会社は多いそうなので、それなりに信頼できるツール,領収書の添付が1枚しかできないところが不満。私の会社は、領収書の他に添付したいものがあるので、2枚添付したいことが多く、対応できないのが残念システムの不具合がありましたか？中に不具合はなかった,経費精算するものをためておけるのは嬉しい他のツールだと、一回一回申請しないといけないものもあって、月末まで申請書が作れないことがあるしかし、このツールは作ったものをまとめて申請することができるので、あの精算忘れてた！と言うことがなく便利,使い方のマニュアルは見なくても使える（視覚的にわかりやすい）
204,2023/09/20,事務作業（本業ではない雑務）にかかる時間を大幅に減らすことができる。気を遣って上司にハンコをもらいに行く必要がなくなる。,特に、不満はないのですが、領収書をスキャンするページと、申請フローを回すページが別々なのが若干不便に感じました。,前のシステムでは、紙に領収書を貼り付けたものに、上司の承認の判子をもらって、またそれをスキャンして...という非常に効率の悪いフローが必要でしたが、すべてpc上で作業が完結するため、非常に作業が楽になりました。以前利用していた製品の解約理由紙ベースで申請する必要があり、上司にハンコをもらったり、効率が悪かったため。この口コミを詳しく見る,本業ではない雑務）にかかる時間を大幅に減らすことができる。気を遣って上司にハンコをもらいに行く必要がなくなる。楽楽精算の改善してほしい点特に、不満はないのですが、領収書をスキャンするページと、申請フローを回すページが別々なのが若干不便に感じました。楽楽精算導入で得られた効果・メリット前のシステムでは、紙に領収書を貼り付けたものに、上司の承認の判子をもらって、またそれをスキャンして...という非常に効率の悪いフローが必要でしたが、すべてpc上で作業が完結するため、非常に作業が楽になりました。以前利用していた製品の解約理由紙ベースで申請する必要があり、上司にハンコをもらったり、効率が悪かったため。
205,2023/09/19,交通費を含む各諸経費の精算に使っています。楽楽精算のおかげで細かい申請も面倒くさがらずに出しやすくなった。紙の領収証の提出が不要で、オンラインで完結するので便利。,操作画面の作りが小さく、操作が難しく感じることがあります。わかりやすく、操作しやすいデザインになると良いと思います。,経費の申請がいつでもどこでもできて便利です。スマホからオンラインで完結できるので業務の効率が大幅に向上しました。,紙で精算申請を行なっている会社には導入メリットが大きいと思います
206,2023/09/19,主に交通費の精算で使用しています。日付や移動手段などの入力もしやすいうえに、一覧で今までの精算分を確認する時にも何に幾ら経費がかかったのか見やすいつくりになっているところが好印象です。,操作マニュアルを拝見した時、写真付きでとても詳しく記載がありましたが、使っている仕様と異なるマニュアル写真で、結局自身が使っている仕様の操作は分からなかったことです。,今までは領収書を貼り付けて、勤務内容と何日何時と照らし合わせて相違がないか確認して自身で計算して提出していましたが、楽楽精算を導入されたことでタスクが少なくなったことで効率化しました。新しいシステムが苦手な私にも特にややこしいことは無く、名前の通りだと思います。この口コミを詳しく見る,の精算で使用しています。日付や移動手段などの入力もしやすいうえに、一覧で今までの精算分を確認する時にも何に幾ら経費がかかったのか見やすいつくりになっているところが好印象です。楽楽精算の改善してほしい点操作マニュアルを拝見した時、写真付きでとても詳しく記載がありましたが、使っている仕様と異なるマニュアル写真で、結局自身が使っている仕様の操作は分からなかったことです。楽楽精算導入で得られた効果・メリット今までは領収書を貼り付けて、勤務内容と何日何時と照らし合わせて相違がないか確認して自身で計算して提出していましたが、楽楽精算を導入されたことでタスクが少なくなったことで効率化しました。新しいシステムが苦手な私にも特にややこしいことは無く、名前の通りだと思います。
207,2023/09/19,これまでエクセルで作成した紙を回して経費精算をしていましたが、楽楽精算内で済ますことができるようになりました。上司への紙ベースでの承認作業もなくなり、ストレスが減りました。,内勤のため楽楽精算を使うのが月に数回なので、領収書のアップなどに戸惑うことがあります。初心者またはブランクがある方に、より分かりやすい画面構成にしてくださると幸いです。システムの不具合がありましたか？特にないです。,科目ごとにエクセルを作成する必要がなくなりました。上司の顔色を伺いながら、領収書の承認を得る必要がなくなりました。,紙ベースでの承認プロセスがなくなるのがとってもいいです。
208,2023/09/18,動線がわかりやすく目的のメニューにアクセスしやすいです。領収書の電子化に対応するため前システムから乗り換えましたが現状管理しやすく満足しています。,承認設定を強化してほしいです。現状一定額を超える申請が発生した場合、上部に承認者追加を促すアラートメッセージが表示されますが、無視して申請を押しても通ってしまい、年に何回か誤った申請が発生します。,テレワーク浸透に伴い出社しない社員が増え、期日内の領収書回収が困難になりましたが、本システムは電子データの添付に対応しているため伝票の承認がスピーディーになりました。また来年施行される電子帳簿保存法にも対応出来るため導入して良かったと思います。以前利用していた製品の解約理由法令改正に伴い製品サポートが終了した,申請者が混乱しないシンプルなUIを希望される会社にお勧め出来ます
209,2023/09/18,こちらのツールは知名度が高く導入実績が豊富で、UIがシンプルなので使いやすいという印象で導入が決まりました。ツール導入以前は締日に精算書業務が集中していましたが、クラウド上で都度精算できるので業務負荷が分散され助かりましたね。,領収書読み取り機能において文字をうまく認識しないことがあるので、精度向上をお願いしたいです。またスマホアプリからアクセスする際に全体的に画面が薄く見にくいです。,弊社では出張が多いので紙の精算書の場合は精算のためだけに出社することもあり、負担になっていました。それがなくなっただけでも良かったと評判です。また紙の精算書を管理・保管する必要がなくなったことも負担低減につながっていますね。この口コミを詳しく見る,ールは知名度が高く導入実績が豊富で、UIがシンプルなので使いやすいという印象で導入が決まりました。ツール導入以前は締日に精算書業務が集中していましたが、クラウド上で都度精算できるので業務負荷が分散され助かりましたね。楽楽精算の改善してほしい点領収書読み取り機能において文字をうまく認識しないことがあるので、精度向上をお願いしたいです。またスマホアプリからアクセスする際に全体的に画面が薄く見にくいです。楽楽精算導入で得られた効果・メリット弊社では出張が多いので紙の精算書の場合は精算のためだけに出社することもあり、負担になっていました。それがなくなっただけでも良かったと評判です。また紙の精算書を管理・保管する必要がなくなったことも負担低減につながっていますね。
210,2023/09/18,スマートフォンで領収書やレシートを写真撮影することで簡単に入力できる。駅名を入れることでそこまでの交通費が出てくるのでアプリ等で金額を調べる手間が無く便利。,たまに読取が上手くいかず、金額や文字が正確に反映されないときがある。入力画面が少し分かりにくく慣れるまでに時間がかかる。システムの不具合がありましたか？特に無し。,以前はエクセルに経費をまとめて紙ベースで提出していたが、データ上で申請出来ることで一気に楽になった。領収書を貼り付ける手間も無くなったので経費精算の効率が上がった。,経費精算の効率化、また入力ミスの削減に繋がる。
211,2023/09/18,交通費等の経費の請求の際、下書き保存機能を利用すれば、予め請求項目を入力しておき一括請求申請が可能。,特に改善してほしい点は思い浮かばない。強いて言えば請求申請を間違えた場合、上長に修正依頼を出さなければならない点を改善するとより使いやすくなるのではと思う。システムの不具合がありましたか？特にありません。,交通費等の経費の請求申請が、とてもしやすくなったのは、時間対効果の点から大きなメリットとなっていると思う。,特にありません。
212,2023/09/17,インボイス制度や電子帳簿保存法にも対応しており、数百人規模の会社でも問題なく利用できる。承認のフローもわかりやすい。,電帳法オプションの充実を行ってほしい。例えばAIOCRの精度を上げたり、1枚当たりの単価を下げる、領収書登録で1回のカメラ撮影で複数枚登録が可能にする、など。,楽楽精算を導入していれば、大幅な制度改正があっても、問題なく対応してくれるので、安心して利用できる。この口コミを詳しく見る,制度や電子帳簿保存法にも対応しており、数百人規模の会社でも問題なく利用できる。承認のフローもわかりやすい。楽楽精算の改善してほしい点電帳法オプションの充実を行ってほしい。例えばAIOCRの精度を上げたり、1枚当たりの単価を下げる、領収書登録で1回のカメラ撮影で複数枚登録が可能にする、など。楽楽精算導入で得られた効果・メリット楽楽精算を導入していれば、大幅な制度改正があっても、問題なく対応してくれるので、安心して利用できる。
213,2023/09/17,出張申請と出張精算の紐付けが簡単にできる。どこを入力すればいいか、どこで添付すればいいかがわかりやすい。,添付資料のデータを自動読み取りし、自動で項目等を入力できるようになってほしい。インボイスに対応している領収書かどうか自動判断してほしい。,経費精算が簡単にできる。紙の領収書が不要になり、支店間の書類の送付が減った。また、紛失が減り、精算までの時間が短くなった。この口コミを詳しく見る,出張精算の紐付けが簡単にできる。どこを入力すればいいか、どこで添付すればいいかがわかりやすい。楽楽精算の改善してほしい点添付資料のデータを自動読み取りし、自動で項目等を入力できるようになってほしい。インボイスに対応している領収書かどうか自動判断してほしい。楽楽精算導入で得られた効果・メリット経費精算が簡単にできる。紙の領収書が不要になり、支店間の書類の送付が減った。また、紛失が減り、精算までの時間が短くなった。
214,2023/09/17,経費精算を全て手作業で行なっている企業があれば、それをシステム化する事で大幅な工数削減を見込むことができる,経理の負担が減って、営業の負担が増えた一面がある。科目名を営業側が決めなければいけない。勘定科目をスムーズに決められる仕組みを導入してほしい。また、エラーチェックのロジックが一番甘い為、改善してほしい。(現在は改善しているかと思うが、エラーとなるべきところがエラーとならず、申請が完了してしまうところがある),これまで紙で経費精算を行っていた為、楽々精算を、導入した事で領収書を経理に持っていく事がなくなり、時間削減できた。この口コミを詳しく見る,全て手作業で行なっている企業があれば、それをシステム化する事で大幅な工数削減を見込むことができる楽楽精算の改善してほしい点経理の負担が減って、営業の負担が増えた一面がある。科目名を営業側が決めなければいけない。勘定科目をスムーズに決められる仕組みを導入してほしい。また、エラーチェックのロジックが一番甘い為、改善してほしい。(現在は改善しているかと思うが、エラーとなるべきところがエラーとならず、申請が完了してしまうところがある)楽楽精算導入で得られた効果・メリットこれまで紙で経費精算を行っていた為、楽々精算を、導入した事で領収書を経理に持っていく事がなくなり、時間削減できた。
215,2023/09/17,到着した請求書を、楽楽精算にアップロードすると情報を読み取り、請求額や企業名などを自動で反映してくれるため、入力の手間が削減でき時短になります。,請求書のレイアウトにもよるのでしょうが、企業名などのスキャン結果が誤ってることがまれにあります。目視チェックで修正できますが、これからの改善に期待しています,自分だけでなく、部下が処理した分も進捗確認できるため重複や支払い漏れなど防ぐ目的でも使っていて重宝しています。紙で管理していた頃はたまに発生していたので助かりますこの口コミを詳しく見る,求書を、楽楽精算にアップロードすると情報を読み取り、請求額や企業名などを自動で反映してくれるため、入力の手間が削減でき時短になります。楽楽精算の改善してほしい点請求書のレイアウトにもよるのでしょうが、企業名などのスキャン結果が誤ってることがまれにあります。目視チェックで修正できますが、これからの改善に期待しています楽楽精算導入で得られた効果・メリット自分だけでなく、部下が処理した分も進捗確認できるため重複や支払い漏れなど防ぐ目的でも使っていて重宝しています。紙で管理していた頃はたまに発生していたので助かります
216,2023/09/17,今まで複数枚あった紙の請求書をスキャンしてデータに取り込むことにより、1つのデータにまとめることができます。取引先のメールアドレスを登録すれば簡単にメールで請求書を送信できます。,スマートフォンでアップロードした領収書や請求書を認識しないことがあり、OCRの精度がもう少し上がると良いのかなと思いました。,取引先の会社が使用していることから紹介いただき導入しました。請求書は郵送するもの、メールで受け取るものと今まで管理がバラバラで大変でした。紙データもスキャンした書類をアップロードすることで電子データとして1つにまとめることができるので紙や郵送経費の削減に繋がっています。この口コミを詳しく見る,枚あった紙の請求書をスキャンしてデータに取り込むことにより、1つのデータにまとめることができます。取引先のメールアドレスを登録すれば簡単にメールで請求書を送信できます。楽楽精算の改善してほしい点スマートフォンでアップロードした領収書や請求書を認識しないことがあり、OCRの精度がもう少し上がると良いのかなと思いました。楽楽精算導入で得られた効果・メリット取引先の会社が使用していることから紹介いただき導入しました。請求書は郵送するもの、メールで受け取るものと今まで管理がバラバラで大変でした。紙データもスキャンした書類をアップロードすることで電子データとして1つにまとめることができるので紙や郵送経費の削減に繋がっています。
217,2023/09/16,営業職ということもあり、交通費などの精算が多いのですが、大変使いやすく重宝しています。出発地と目的地を入力するだけで料金が自動的に表示されるため、文字入力に余計な工数を使わなくて済むようになりました。また、その経路が最安かどうかも自動的にアイコンで表示されるのも良い…とマネージャーも言っていたので、管理職からしても適正な経費かどうかを判断しやすく利便性が高いのだと思います。,基本的にはありません。以前は、経費明細をいちいち手作業で追加しなければいけなかったのですが、アップデートされたことで自動で段落が追加されたのでストレスフリーです。システムの不具合がありましたか？特にありません。快適に利用できております。,時間が短縮できたのが一番のメリットです。画面が見やすく、明細の入力をするダイアログが自動で追加されるので、出先でささっと経費申請をしたいときに入力が楽になり、1分以内にその日の経費申請を入力から完了ボタンを押すまで完結できます。,どんな会社でも手間なく経費申請ができるようになるので、「使いやすいサービスを導入したい」という会社にはうってつけです！
218,2023/09/16,利用者として、交通費精算に利用しています。画面表示は分かりやすく、PDF化等もスムーズに出来る点が使い易いです。,申請する内容は基本的に数パターンしか無いので、過去の申請内容を記憶しておいて頂けると、更に使い易くなると思います。,利用者目線です。電車移動が多いのですが、交通費精算をする際に、自動的にルートが検索されたり、保有定期券が自動反映されたりするので、簡単に・誤りなく申請が出来ます。入社時から本製品が導入されていたので、他社製品との比較は出来ませんが、雑務の為、少しの使い辛さでもストレスが溜まりがちの中、ストレス無く利用出来ております。この口コミを詳しく見る,て、交通費精算に利用しています。画面表示は分かりやすく、PDF化等もスムーズに出来る点が使い易いです。楽楽精算の改善してほしい点申請する内容は基本的に数パターンしか無いので、過去の申請内容を記憶しておいて頂けると、更に使い易くなると思います。楽楽精算導入で得られた効果・メリット利用者目線です。電車移動が多いのですが、交通費精算をする際に、自動的にルートが検索されたり、保有定期券が自動反映されたりするので、簡単に・誤りなく申請が出来ます。入社時から本製品が導入されていたので、他社製品との比較は出来ませんが、雑務の為、少しの使い辛さでもストレスが溜まりがちの中、ストレス無く利用出来ております。
219,2023/09/16,ブラウザとスマホアプリの両方が利用でき、スマホアプリでは、レシートをスキャンすることで、領収書の電子保管と情報抽出ができるため、社内のスキャナでの取り込みやアップロードの手間がなくなった。,請求書・領収書の登録と、精算申請が別々になっていますが、請求書データを一度、精算申請に登録した後に、請求書の修正が必要になった際に、精算申請から削除しないと内容が修正できず、申請の明細データの打ち直しが必要になること、また、その操作が分かりづらいことを改善してほしい。,これまでの精算ツールでは、クレジットカードでの立替え処理を行ったものを処理する時は、クレジットカード会社の確定した明細表が必要であったが、本ツールにしてクレジットカード情報との連携により、明細表の情報をそのまま決済申請に利用できるようになり、短期間での精算処理ができるようになった。この口コミを詳しく見る,スマホアプリの両方が利用でき、スマホアプリでは、レシートをスキャンすることで、領収書の電子保管と情報抽出ができるため、社内のスキャナでの取り込みやアップロードの手間がなくなった。楽楽精算の改善してほしい点請求書・領収書の登録と、精算申請が別々になっていますが、請求書データを一度、精算申請に登録した後に、請求書の修正が必要になった際に、精算申請から削除しないと内容が修正できず、申請の明細データの打ち直しが必要になること、また、その操作が分かりづらいことを改善してほしい。楽楽精算導入で得られた効果・メリットこれまでの精算ツールでは、クレジットカードでの立替え処理を行ったものを処理する時は、クレジットカード会社の確定した明細表が必要であったが、本ツールにしてクレジットカード情報との連携により、明細表の情報をそのまま決済申請に利用できるようになり、短期間での精算処理ができるようになった。
220,2023/09/13,何といっても、経費精算にかかる時間が5分の1以下になった。デジタルに弱い方でも、直感的に使いやすいユーザインターフェースとなっている。,カスタマーサポートの対応時間をもう少し長くしてもらえるとありがたい。というのも、営業ピュアタイムに経費精算をする方はあまりおらず、最も経費精算をする時刻である夕方から夜間などの対応を迅速にしていただけると大変ありがたい。,いわゆる目に見えない付帯業務の典型である経費精算。これが、本ツールを入れることによりミスもなくなり、また時短にもなる。この口コミを詳しく見る,も、経費精算にかかる時間が5分の1以下になった。デジタルに弱い方でも、直感的に使いやすいユーザインターフェースとなっている。楽楽精算の改善してほしい点カスタマーサポートの対応時間をもう少し長くしてもらえるとありがたい。というのも、営業ピュアタイムに経費精算をする方はあまりおらず、最も経費精算をする時刻である夕方から夜間などの対応を迅速にしていただけると大変ありがたい。楽楽精算導入で得られた効果・メリットいわゆる目に見えない付帯業務の典型である経費精算。これが、本ツールを入れることによりミスもなくなり、また時短にもなる。
221,2023/09/13,良い点は、全てシステム上で完結できて申請書などの紙が必要ない点です。領収書もPDFで添付できるので、原本を経理部に集約する前に内容の確認ができます。交通費も楽々精算上で乗換検索でき、電車代など分かるので便利です。,項目ごとにPDFが添付できるのですが、承認者として部下の申請内容を見る時、1つ1つクリックして開かないといけない（まとめて見ることが出来ない）ので不便です。,経費の内容について事前に登録された勘定科目の中から選択するだけなので時間の短縮になります。また、経理側としても、勘定科目ごとにトータル金額を見れるようになっているのだと思うので、決算時にも時短になるのではと思います。この口コミを詳しく見る,全てシステム上で完結できて申請書などの紙が必要ない点です。領収書もPDFで添付できるので、原本を経理部に集約する前に内容の確認ができます。交通費も楽々精算上で乗換検索でき、電車代など分かるので便利です。楽楽精算の改善してほしい点項目ごとにPDFが添付できるのですが、承認者として部下の申請内容を見る時、1つ1つクリックして開かないといけない（まとめて見ることが出来ない）ので不便です。楽楽精算導入で得られた効果・メリット経費の内容について事前に登録された勘定科目の中から選択するだけなので時間の短縮になります。また、経理側としても、勘定科目ごとにトータル金額を見れるようになっているのだと思うので、決算時にも時短になるのではと思います。
222,2023/09/13,直感で操作できるのでとても使いやすいと思います。交通費の路線検索などもシステム上で出来るので、別途の検索も不要なのがいいです。,添付が使いづらいです。あと、上長休暇時の承認設定方法もよくわからなくて、いつも経理に確認してしまいます…（上司は自分で設定してくれないので。。）,諸経費精算が簡単です。おなじ内容で申請したいときはコピーもできるし、紙での精算に比べて時短になっていると思います。この口コミを詳しく見る,できるのでとても使いやすいと思います。交通費の路線検索などもシステム上で出来るので、別途の検索も不要なのがいいです。楽楽精算の改善してほしい点添付が使いづらいです。あと、上長休暇時の承認設定方法もよくわからなくて、いつも経理に確認してしまいます…（上司は自分で設定してくれないので。。）楽楽精算導入で得られた効果・メリット諸経費精算が簡単です。おなじ内容で申請したいときはコピーもできるし、紙での精算に比べて時短になっていると思います。
223,2023/09/13,領収書読み取り機のがとても優秀で金額・利用日・利用店舗などの読み取りミスが大変少なく読み取ってそのまま取り込みできることがほとんどです。ストレスなく使えておりとても便利。経理のほうの処理は、×人数分ですから業務効率は大変大きいと思います。,読み取りミスしたデータがいつまでも残っているのが気持ち悪い。おそらく削除できると思うのですがやり方がわかっていないのでいつまでも残っており簡単に削除できる機能が備わってくれるとより良いなと思っています。システムの不具合がありましたか？読み取り時に軽減税率対象とそうでないものを間違って読み取ることが何度かあった。読み取りミスの領収書を消す方法がわからずずっと読み取り上の中に残っているのが気持ち悪い。,スマホの写メで領収書を取り込むだけで必要な情報を読み取ってくれので作業がとても楽になった。以前はため込んだ領収書をまとめて処理することが多かったが１件当たりの処理が所要時間１分もかからずすべてスマホで完結できるので電車移動中などの隙間時間に処理できてしまう点はとても使いやすい。経理も月末にため込んだ領収書が一斉に提出される事態が軽減されていてとても助かっていると聞いている。,立替払い精算について営業も経理も楽になるので時間効率を考えたら導入したほうが経費効率も良いと思います。
224,2023/09/13,前職を含めて三年以上利用していますが問題もなく利用できています。コロナ禍でオンライン中心業務となりましたが、オンラインでもオフラインでも使用することができる汎用的なツールだと思います,特にありません。主に交通費の精算に使用していますがたまに駅名が出てこない時があります。他用途で使用する際は問題ないと思います。,視認性も良くシンプルな作りなので使いやすいので業務時間を無駄に割くことなく問題なく使えているので安心です。逆に転職した際に他ツールだったらどうしようと考えるくらいです。他業務ツールだと新入社員に教えにくかったりするのですがこちらは教えやすいです。この口コミを詳しく見る,て三年以上利用していますが問題もなく利用できています。コロナ禍でオンライン中心業務となりましたが、オンラインでもオフラインでも使用することができる汎用的なツールだと思います楽楽精算の改善してほしい点特にありません。主に交通費の精算に使用していますがたまに駅名が出てこない時があります。他用途で使用する際は問題ないと思います。楽楽精算導入で得られた効果・メリット視認性も良くシンプルな作りなので使いやすいので業務時間を無駄に割くことなく問題なく使えているので安心です。逆に転職した際に他ツールだったらどうしようと考えるくらいです。他業務ツールだと新入社員に教えにくかったりするのですがこちらは教えやすいです。
225,2023/09/12,そこまで大きな会社ではないので、交通費の精算は、全て紙ベース、エクセルベースで、金額計算もミスがあってやりなおしもしばしばあったのが、電子化されて、家からでも申請できるようになったため、体感的には、作業負担は半分以上楽になりました。,画面とその操作が若干洗練されていないような気がします。もちろんビジネス用なので使えればいいという考え方かもしれないですが、今のUXがこなれているスマホアプリに慣れた状態からすると、少し印象としてよくはない。,精算はあくまで本業ではない雑用なので、そこに労力を割きたくないので、可能な限りシステムでできることをやってくれるこのソフトにより、本業に集中できるようになりましたこの口コミを詳しく見る,きな会社ではないので、交通費の精算は、全て紙ベース、エクセルベースで、金額計算もミスがあってやりなおしもしばしばあったのが、電子化されて、家からでも申請できるようになったため、体感的には、作業負担は半分以上楽になりました。楽楽精算の改善してほしい点画面とその操作が若干洗練されていないような気がします。もちろんビジネス用なので使えればいいという考え方かもしれないですが、今のUXがこなれているスマホアプリに慣れた状態からすると、少し印象としてよくはない。楽楽精算導入で得られた効果・メリット精算はあくまで本業ではない雑用なので、そこに労力を割きたくないので、可能な限りシステムでできることをやってくれるこのソフトにより、本業に集中できるようになりました
226,2023/09/12,ペーパーでの精算の際、プリントアウトしてから上司の決済印と無駄な時間とタイムラグがあったけど、ペーパーレスになり、また出張時の隙間時間にも精算手続き出来るし、慣れると業務効率になります。,通費、電車賃等の選択のたびに画面遷移を繰り返さないといけないのが不便です。精算画面も別ページで開かれるため楽楽に感じない時もあります。システムの不具合がありましたか？今の所大きなトラブル等は、ありません。,出張時の精算等は、会社に戻ってからまとめて精算のため、それだけで1時間以上かかってたのが、出先での移動や隙間時間で即入力して申請出来るので、タイパもよくなり、使う側のトータル業務効率化にもなり、経理側も管理が楽になったと声が上がってます。,年配の方が多い職場は、敬遠されがちですが、業務効率化は間違いまりません。
227,2023/09/11,とにかく単純なUIで動作がめちゃくちゃ早い。精算に特化しており、無駄な機能がない分非常にスムーズにシステムが動きます。説明なしにこんなに簡単に操作できるのは初めてでした。,定期の登録機能があるのですが、年号を誤って登録（未来の年号）していたため、交通費精算の際に定期券内の交通費が処理されませんでした。定期登録の際に年号が異なるなどのアラートを出してもらえると助かります。システムの不具合がありましたか？特になし,貯めがちな精算処理をスピィーディーに処理することができます。また、定期を登録することができるため、交通費精算も余計なことを考えず単純に精算できます。,非常に簡単に使えます。
228,2023/09/11,携帯で撮影した領収書の金額や取引先名、日付等をテキストで読み込みができるため、入力の手間が省けて非常に便利。前職で使用していたシステムは、写真撮影してもテキストの読み込みが出来なかったので、全てハンド入力していたため、初めて使用した時は感動しました。また、操作性も非常に簡単ですぐに使いこなすことが出来る点はとてもいいと思います。,文字制限があり、必要な情報を全て入力出来ないことがある点、写真の読み取り精度がもう少し高くなればいいなと思いました。,スマートフォンさえあれば、すべて完結できるため、精算のために出社する必要がなくなり、出張が多いものにとっては、非常に助かる。この口コミを詳しく見る,した領収書の金額や取引先名、日付等をテキストで読み込みができるため、入力の手間が省けて非常に便利。前職で使用していたシステムは、写真撮影してもテキストの読み込みが出来なかったので、全てハンド入力していたため、初めて使用した時は感動しました。また、操作性も非常に簡単ですぐに使いこなすことが出来る点はとてもいいと思います。楽楽精算の改善してほしい点文字制限があり、必要な情報を全て入力出来ないことがある点、写真の読み取り精度がもう少し高くなればいいなと思いました。楽楽精算導入で得られた効果・メリットスマートフォンさえあれば、すべて完結できるため、精算のために出社する必要がなくなり、出張が多いものにとっては、非常に助かる。
229,2023/09/11,在宅で仕事をしているため、以前は紙で提出していた経費精算もWEB上で全て完結してくれるようになり大変便利になりました！また楽楽精算のアプリも利用できるので、簡単に領収書の写メを撮りそれをアップし、申請はPCでできるのでとても助かります。,今、困っていることは特にありませんが、あえて言うなら領収書などの撮った写メをPDFに変換しないとアップできないので、PC上に画像があってもPDFに変換せずにjpegなどでアップできるともっと効率化されるかなと思います。システムの不具合がありましたか？特にありませんでした。,経費精算も便利となりましたが、交通費精算もとてもメリットが感じられました。以前は1つずつ乗車駅と降車駅をいちいち入力しなければならなかったので結構大変でしたが、ICカード連携機能は連携するだけで一気に入力が完結するので従来のような手間がかかりません。以前は数十分かけて交通費精算を仕上げており、また上長からの差し戻しもありましたが、現在は交通費の精算のみなら数分で申請が完了するようになり、上長からの差し戻しもなくなりました。この口コミを詳しく見る,をしているため、以前は紙で提出していた経費精算もWEB上で全て完結してくれるようになり大変便利になりました！また楽楽精算のアプリも利用できるので、簡単に領収書の写メを撮りそれをアップし、申請はPCでできるのでとても助かります。楽楽精算の改善してほしい点今、困っていることは特にありませんが、あえて言うなら領収書などの撮った写メをPDFに変換しないとアップできないので、PC上に画像があってもPDFに変換せずにjpegなどでアップできるともっと効率化されるかなと思います。システムの不具合がありましたか？特にありませんでした。楽楽精算導入で得られた効果・メリット経費精算も便利となりましたが、交通費精算もとてもメリットが感じられました。以前は1つずつ乗車駅と降車駅をいちいち入力しなければならなかったので結構大変でしたが、ICカード連携機能は連携するだけで一気に入力が完結するので従来のような手間がかかりません。以前は数十分かけて交通費精算を仕上げており、また上長からの差し戻しもありましたが、現在は交通費の精算のみなら数分で申請が完了するようになり、上長からの差し戻しもなくなりました。
230,2023/09/10,乗換案内から検索して容易にルートを入力できます。また、データの出力が可能なのも使い勝手の良い所の一つです。,連携できるシステムが多いと評判の良いシステムだが、運悪く今の給与システムと連携できずcsvで出力して加工する手間が発生しています。システムの不具合がありましたか？2年間使っていますが、不具合やトラブルで困ったことはありません。,乗換案内からデータを取り込めるので、通勤手当の金額ミスが無くなりました。今までは紙ベースの申請書だった為、記入ミスが多かった。,紙ベースから変えることで生産性が向上し、時間を他の業務に使うことができます。
231,2023/09/10,経費精算をする際、以前は、月末にまとめてPCで申請書類を作成する時間を取っていましたが、楽楽精算はスマホで簡単に申請が行えるため、外出先でもその都度申請が行えるようになりました。領収書もスマホで撮影するだけでOKなのでとても簡単です。,企業ごとに入力項目等をカスタマイズできることが魅力だと思いますが、自社では便利機能が活かされていない気がしているため、どの機能が不足しているのかが分からないです。自由度が高いゆえに使いこなせていない企業もあるのではないかと感じます。システムの不具合がありましたか？特にありません。,以前は、上司に書類を持って行き確認印を貰っていたが、今はスマホで申請すれば上司に通知が届き、好きなタイミングで確認・承認をしてくれるため、気を遣うことも減りお互い効率が上がったと思います。,入力は簡単なため、時間の効率化に繋がると思います。申請する側より、経費等の処理をする部署がかなり楽になった印象です。
232,2023/09/10,AppleWatchとICカードを連携しているのだが、楽楽精算のアプリを携帯に入れると、交通費を手で打ち込むことなく、タッチで反映されるので助かります。,UIは改善してほしい。文字サイズや入力欄が小さく使いづらさを感じます。入力ミスがあった際でも、なんの入力が誤っていたのかが分かりにくい,導入前は手で打ち、移動証明を貼り付けて提出することがあったが、ICカードのデータが楽楽精算アプリを通して反映されるので、手で打ち込む時間と紙で行う処理を省くことができます。この口コミを詳しく見る,WatchとICカードを連携しているのだが、楽楽精算のアプリを携帯に入れると、交通費を手で打ち込むことなく、タッチで反映されるので助かります。楽楽精算の改善してほしい点UIは改善してほしい。文字サイズや入力欄が小さく使いづらさを感じます。入力ミスがあった際でも、なんの入力が誤っていたのかが分かりにくい楽楽精算導入で得られた効果・メリット導入前は手で打ち、移動証明を貼り付けて提出することがあったが、ICカードのデータが楽楽精算アプリを通して反映されるので、手で打ち込む時間と紙で行う処理を省くことができます。
233,2023/09/09,とても使いやすいです。間違えたときは、エラーメッセージが出るので、間違えを訂正することができます。パソコンに不慣れな私でもすぐに慣れることができました。,特にありませんが、交通費精算は同じ順路で行く場合はコピーペーストして同じ内容を下の行に貼り付けられたら助かります。,いままでは交通費精算や、精算は全て手書きで、経理の人がとても大変そうでした。また間違えも起きやすく、申請し直すことも日常茶飯事でした。楽々精算を使い出して、紙での申請がなくなったため、エラーメッセージがでるので、経理の手を煩わすことなく、精算がサクサク進みます。,パソコン不慣れなスタッフでもすぐに使いこなしていました！
234,2023/09/09,勤めている会社が導入したことで利用しました。遠距離の出張が多いので高速の運賃や宿泊費の清算が多いのですが画像の認識精度が高く、携帯の画像そのままでほとんど認識されました,画像の読み取りができなかった時に何が原因かわからない為、何度も撮りなおす事がありました。読み取れない原因を表示してくれるとスムーズに作業できるようになると思います,経費の支払いの為だけに出社する事が無くなり、帰社せずに直接他の出張先に向かえるようになり時間と経費の削減ができました,紙から電子保存に変更する際は導入をお勧めします
235,2023/09/08,入社時から楽楽精算が導入されています。前職ではExcelで経費精算の書類を作成し、印刷・押印、申請とシステム化されていなかったため、初めて楽楽精算を使ったときは感動しました。前回の申請をコピーして使える、押印不要などシステム化のメリットはとても大きいと思います。,前回の申請を複製して作成するとき、申請日もコピーされてそのまま進められてしまう点（現在はすでに違うかもですが）がしいていえば改善してほしいところです。（警告するなど）システムの不具合がありましたか？直近特に問題はおきていません。,もともとシステム化されておらず印刷、押印、申請を手動でまわしていた文化の会社にとっては劇的な進化になると思います。承認者もメールで連絡、差戻もPC上でできるため決まりきった処理のリードタイムがかなり縮まりその分コアな業務に時間をさくことができると思います。,Excel申請で運用しているような中小に業務が劇的に変化するためおすすめです
236,2023/09/08,100%確実とは言えないものの、スマホなどで撮影した領収書などが自動で文字読み取り可能な点。今まではExcelなどを駆使して手作業が多くの工程を占めていたが、時間短縮に繋がる点が良い。,更なる読み取り精度の向上があると助かる。完璧な読み取りは無理である事は理解出来るので随時アップデートしていただければ。システムの不具合がありましたか？特に無し,手書きやアナログ処理からの脱却で、時間効率の向上や、ミス発生率の大幅な減少で更なる人時削減に成功した。特に電車運賃の精算が効率化。,現状がアナログ処理でであればあるほど恩恵を受けるとおもう。最低限のITリテラシーで運用可能です。
237,2023/09/06,個人の交通費清算や経費の申請ができるようになったことで、取り纏め部署に紙で回付する必要もなく、請求書の添付方法などの細かいルールからも解放され、在宅でも手続きできる。,請求書のアップロードと、申請手続きが一括ではなく、別々に手続きをしないといけないのが、手間に感じる。申請が複数あると選択ミスもしそうになるため、申請の中で請求書のアップロード(取り込み)が１画面で完了するとよい。,交通費以外の経費清算は頻度も少なく、手続きの確認や請求書を取り纏め部署に回付が手間だったが、そこに時間を取られなくなった。申請方法も画面の必要項目に沿って入力すれはよいので、本業に時間を当てることができる。この口コミを詳しく見る,費清算や経費の申請ができるようになったことで、取り纏め部署に紙で回付する必要もなく、請求書の添付方法などの細かいルールからも解放され、在宅でも手続きできる。楽楽精算の改善してほしい点請求書のアップロードと、申請手続きが一括ではなく、別々に手続きをしないといけないのが、手間に感じる。申請が複数あると選択ミスもしそうになるため、申請の中で請求書のアップロード(取り込み)が１画面で完了するとよい。楽楽精算導入で得られた効果・メリット交通費以外の経費清算は頻度も少なく、手続きの確認や請求書を取り纏め部署に回付が手間だったが、そこに時間を取られなくなった。申請方法も画面の必要項目に沿って入力すれはよいので、本業に時間を当てることができる。
238,2023/09/06,弊社では精算業務が毎週のように１００件以上発生し本社一括管理なので紙の場合は時間がかかりますし、紛失などのリスクもあります。電子化によりそのようなリスク、手間を回避できるのはメリットです。また精算時には定期区間を排除したり、乗換案内サービスと連携していたりと便利な機能がたくさんです。,スマホのカメラを用いて領収書を撮影・読み取りする際に手ブレなどもあり読み取れないことが結構あるので、精度が上がって補正も簡単だと嬉しいです。,弊社は全国に拠点があるので様々な拠点での経費精算に関わるデータが一括管理できるようになったことはメリットとして大きいです。旅費の詳細な分析や誰がどのように経費を使っているかなどが数字として俯瞰して見れるようになりました。この口コミを詳しく見る,算業務が毎週のように１００件以上発生し本社一括管理なので紙の場合は時間がかかりますし、紛失などのリスクもあります。電子化によりそのようなリスク、手間を回避できるのはメリットです。また精算時には定期区間を排除したり、乗換案内サービスと連携していたりと便利な機能がたくさんです。楽楽精算の改善してほしい点スマホのカメラを用いて領収書を撮影・読み取りする際に手ブレなどもあり読み取れないことが結構あるので、精度が上がって補正も簡単だと嬉しいです。楽楽精算導入で得られた効果・メリット弊社は全国に拠点があるので様々な拠点での経費精算に関わるデータが一括管理できるようになったことはメリットとして大きいです。旅費の詳細な分析や誰がどのように経費を使っているかなどが数字として俯瞰して見れるようになりました。
239,2023/09/06,以前使用していたものよりも、簡略化され作業スピードが1/3くらいになり、業務改善につながりました。また、レシートでの精算が可能になったため、領収書がもらえるものを探す手間が省けました。,経費精算をした際、レシートの読み取りがうまくいかず、手直しする事が増えたためもう少しAIによる読み取り機能を強化してほしい。システムの不具合がありましたか？レシート読み込みの際に誤った情報を読み込むときがある,スマートフォンやタブレットからも利用できるため、出張中に紙のレシートをなくす等のミスが減り、かつアプリでデータを自動的に整理し、経費をカテゴリー別に分類してくれます。ですので、手作業で数字を入力する手間が省け業務の効率化につながりました。,領収書やレシートをスマートフォンやカメラで簡単にスキャンし、データを入力する手間を大幅に減らすことができます。手作業のデータ入力が不要なため、時間を節約できます。
240,2023/09/06,本製品は、事業者が利用する際、簡潔に処理できる点がメリットではあります。定期券の処理を自動化し、またそれに伴い交通費の計算に関しても定期代を含んで計算できるようになりました。また記載に不備があった際は、経理がチェックする前に申請できないシステムになっているため、業務効率化となります。,利用する側としては、申請をする際にすべての領収書を個別に添付し、それをスキャンし、申請しなければならない点は、利用者に取っては大変負担となります。,楽楽精算を導入することで、今まで会社に来なければ精算できなかった交通費、出張旅費、報告書を提出などが自宅でできるようになりました。以前利用していた製品の解約理由会社の経理を簡略するために導入。利用者にとって手間がかかりますこの口コミを詳しく見る,事業者が利用する際、簡潔に処理できる点がメリットではあります。定期券の処理を自動化し、またそれに伴い交通費の計算に関しても定期代を含んで計算できるようになりました。また記載に不備があった際は、経理がチェックする前に申請できないシステムになっているため、業務効率化となります。楽楽精算の改善してほしい点利用する側としては、申請をする際にすべての領収書を個別に添付し、それをスキャンし、申請しなければならない点は、利用者に取っては大変負担となります。楽楽精算導入で得られた効果・メリット楽楽精算を導入することで、今まで会社に来なければ精算できなかった交通費、出張旅費、報告書を提出などが自宅でできるようになりました。以前利用していた製品の解約理由会社の経理を簡略するために導入。利用者にとって手間がかかります
241,2023/09/05,シンプルでわかりやすいデザインのため、初めての方でも使いやすいと思います。公共交通機関等の清算では乗換案内を自動選択してくれるので便利です。,スキャンの精度が、もう少し良ければと思います。画面の文字が小さいので、大きく見やすくなれば助かります。,会社以外の場所からでもオンラインで申請できるので、大変便利。わざわざ会社に出向くことが不要なので時間の効率化となる。,経費精算に関してとても楽にできるようになりました。
242,2023/09/05,今までは交通費の精算を所定の用紙に記入して捺印をしてFax送信をしていましたが、交通費の入力も保存修正がいつでも出来てFax送信の手間も省けて便利になりました。捺印もしなくていいし、紙がかさばらないのも良いと思います。,コピペ機能とか基本情報登録機能があれば、申請が先月と同じ時とか呼び出して申請出来て楽かなと思いました。システムの不具合がありましたか？今のところは特にありません。,メリットとしては紙のコピー代やFax送受信費の削減、用紙の保存や処分の手間が改善されたと思いますし、オーナー側も情報をいつでも共有出来るので申請状況の確認がしやすくなったと思います。,作業時間や経費の節約になると思います。
243,2023/09/05,シンプルなUIで簡単に経費精算が出来る。シンプルな画面で項目毎に入力していけば簡単に経費精算が行えます。,製品自体の不具合等はほとんどありませんがたまに重くなり入力にラグが発生することがありましたので改善できればして欲しい部分です。,今まで使っていた製品と比べると社員の経費精算の入力ミスや間違いが圧倒的に減りました。管理している側からするとミスが減ることにより仕事がかなり楽になります。この口コミを詳しく見る,UIで簡単に経費精算が出来る。シンプルな画面で項目毎に入力していけば簡単に経費精算が行えます。楽楽精算の改善してほしい点製品自体の不具合等はほとんどありませんがたまに重くなり入力にラグが発生することがありましたので改善できればして欲しい部分です。楽楽精算導入で得られた効果・メリット今まで使っていた製品と比べると社員の経費精算の入力ミスや間違いが圧倒的に減りました。管理している側からするとミスが減ることにより仕事がかなり楽になります。
244,2023/09/03,交通経路先を入れると金額と経路が表示されるので大変便利。請求書のPDFを添付すると、自動的に文字情報を読み取ってくれるのが楽です。,操作しやすく金額の入力間も簡単で不満なところはありません。経理も非常に便利かと思います。費用の方はわかりませんが。,紙の伝票で提出して承認を貰うフローが無くなり、各精算処理が一つのシステムで行えるようになった。経費精算が便利になり、会社全体のペーパレス化が進んだと思う。,ペーパーレス化推進、出張が多い会社に役立つと思う
245,2023/09/02,国内の経費精算システムの中で、一番のシェアを誇っており安心感を持って本製品を利用することが出来ます。また、操作方法も簡単で直感的な画面レイアウトでした。,利用ユーザー数が多い場合、価格が高価になりやすい体系のため、大手企業については導入しにくい印象を持っております。システムの不具合がありましたか？特にありません,経費精算は現場担当者が主に利用する仕組みとなるため、使いやすさを重視されますが本製品の直感的なUIのため、現場への展開もスムーズに完了することが出来ました。,経費に関わる処理を効率化したい方へオススメです
246,2023/09/02,今までは紙の領収書を張り付けて提出していましたが、スマホで写真をとるだけでいいので、楽になりました。申請履歴を確認することもでき、重複申請のチェックや、申請忘れをなくすことができます。交通費の精算では、よく使う経路を登録でき、さらに簡単になりました。,領収書の添付の仕方がわかりにくい。数字を正確に読み取れない時があり、結局自分の目で確かめないといけないのが面倒。システムの不具合がありましたか？特にないが、領収書の添付方法がわかりにくい。,全てオンラインで完結できるため、リモートワークが多くても、精算のために出社しなくてはならないことがなくなった。ペーパーレス、領収書等の長期保存が不要になった。この口コミを詳しく見る,の領収書を張り付けて提出していましたが、スマホで写真をとるだけでいいので、楽になりました。申請履歴を確認することもでき、重複申請のチェックや、申請忘れをなくすことができます。交通費の精算では、よく使う経路を登録でき、さらに簡単になりました。楽楽精算の改善してほしい点領収書の添付の仕方がわかりにくい。数字を正確に読み取れない時があり、結局自分の目で確かめないといけないのが面倒。システムの不具合がありましたか？特にないが、領収書の添付方法がわかりにくい。楽楽精算導入で得られた効果・メリット全てオンラインで完結できるため、リモートワークが多くても、精算のために出社しなくてはならないことがなくなった。ペーパーレス、領収書等の長期保存が不要になった。
247,2023/09/02,自分が提出した履歴を確認できて過去の入力を参照して登録できるので申請にかかる時間や手間をかなり軽減できて助かってます。,領収書と請求書をアップロードできるのですが、利用する人によってどちらをデフォルトにするのか変えられるようにして欲しいです。私は圧倒的に請求書なのですがデフォルトが領収書なのでいつも変え忘れてやり直してます。システムの不具合がありましたか？承認する人が長期休暇になっているのに気付かず申請してしまい、期日に間に合わなかったことがありました。臨時で承認者を追加する機能を使えば解決できました。,導入前はExcelに入力して印刷して上司に判子をもらって経理まで歩いて提出していたのが、WEBで完結できて自分の作業の後はシステムにお任せできるので業務効率がアップしました。,領収書はスマホのカメラでとってアップロードできるのが便利です。
248,2023/09/01,デジタル上で処理できるようになったので、申請の負担が減りました。領収証をスマホで撮影するだけなので、会社全体でも効率的ですし、ペーパレス化がなされています。,便利に使わせてもらってます。強いて言うなら、スマホの画面で文字が少し小さくて使いにくいと思うので、工夫してもらえばと思います。システムの不具合がありましたか？数回申請すれば、慣れると思います。,出張先や自宅からでもスマホで申請できるので、申請漏れや申請忘れがなくなりました。申請側も会社側も効率的になっていると思います。,外出、出張が多いため非常に便利です。
249,2023/09/01,操作が非常に簡単な事。一度操作を覚えると、次からはマニュアル等を見ずに簡単に操作を行う事ができる点。,『インボイス制度の登録番号に関する説明を、支払い申請画面に書いていない点』例えば、Tから始まる１３桁の番号です。といった表記が小さい文字でも書いてあれば、より良くなると思う。勝手がわからず、全然違う請求書番号や、会社コードなどを、インボイス登録番号の欄に書いてくる人が多いので、一言書いてあれば、申請後に差し戻ししたりすることが大幅に減ると思う。,支払い申請の際に、今までは手書きで経理に支払い申請書を書いていたが、お世辞にも字がキレイな方ではないので、読みづらいとか、ボールペンで書いた後で誤りに気が付いた場合、再度書き直す必要などがあり、非常に面倒であった。楽楽精算導入後は、このような非生産的作業が減り、数字の間違いなどのチェックに、より時間を割くことができるようになった。この口コミを詳しく見る,に簡単な事。一度操作を覚えると、次からはマニュアル等を見ずに簡単に操作を行う事ができる点。楽楽精算の改善してほしい点『インボイス制度の登録番号に関する説明を、支払い申請画面に書いていない点』例えば、Tから始まる１３桁の番号です。といった表記が小さい文字でも書いてあれば、より良くなると思う。勝手がわからず、全然違う請求書番号や、会社コードなどを、インボイス登録番号の欄に書いてくる人が多いので、一言書いてあれば、申請後に差し戻ししたりすることが大幅に減ると思う。楽楽精算導入で得られた効果・メリット支払い申請の際に、今までは手書きで経理に支払い申請書を書いていたが、お世辞にも字がキレイな方ではないので、読みづらいとか、ボールペンで書いた後で誤りに気が付いた場合、再度書き直す必要などがあり、非常に面倒であった。楽楽精算導入後は、このような非生産的作業が減り、数字の間違いなどのチェックに、より時間を割くことができるようになった。
250,2023/09/01,スマホにアプリを入れて、領収書をカメラで簡単撮影。データに名前も付けられ、日付の管理も出来るので、たくさんの領収書があっても管理しやすい。また、領収書の承認待ちなどの進行状態が一目でわかり見やすくて良い。,良く使う交通費精算の画面で、初めて入力する社員は、どの欄にどのように入力すれば良いか迷ってしまう。入力必須欄には色が付くとか、フォーマット自体に吹き出しで詳細コメントが入れられるようにしてほしい。,すぐに領収書を撮影して保管出来るため紛失や破損が少なくなった。紙の領収書が必要なくなり、経理もテレワーク導入が可能になった。また、申請の進行状況が一目でわかるため、承認していない上層部に直接、承認を促す事ができ、スムーズに決裁が完了できるようになった。,領収書と承認印のデジタル化。
251,2023/08/30,スマホのアプリでICカードの読み込みができるので、交通費の精算が簡単。レシートや領収書の撮影で経費の入力や承認がスムーズ,レシートや領収書の画像認識に失敗することが時々ある。スマホの操作性で不便なことがあり使いずらさを感じることがある,現金管理や領収書管理が不要になったために、営業拠点での経費精算業務が半分以下に短縮され、その分営業業務に時間を使えるようになったこの口コミを詳しく見る,プリでICカードの読み込みができるので、交通費の精算が簡単。レシートや領収書の撮影で経費の入力や承認がスムーズ楽楽精算の改善してほしい点レシートや領収書の画像認識に失敗することが時々ある。スマホの操作性で不便なことがあり使いずらさを感じることがある楽楽精算導入で得られた効果・メリット現金管理や領収書管理が不要になったために、営業拠点での経費精算業務が半分以下に短縮され、その分営業業務に時間を使えるようになった
252,2023/08/30,以前使っていた精算システムは使用用途や日付、使用先を一つ一つ手入力で打ち込む煩雑さがありましたがこの楽楽精算は煩雑さがなくレシートをスキャンするだけで簡単にスピーディーに申請出来るところがありがたいです。,ごくまれにレシートの読み取りで誤字があったりすることがあるのでスキャンの精度がほぼ100パーセントになると尚良いです。システムの不具合がありましたか？不具合やトラブルといったことは今のところ特にありません。,役所で発行してもらった書類のレシートを以前のシステムでは一つ一つ〇〇課で〇〇台帳取得など自分で記載しなければならなかったが楽楽精算になってその手間なく領収書のスキャンで完結できる為、経費処理に割くスピードが明らかに減りました。以前利用していた製品の解約理由システムが使いづらく申請までに時間がかかる,経費処理にスピード感を求めたい人におすすめ
253,2023/08/27,月の経費が一括で登録できること乗換案内が利用でき、料金がすぐにわかること領収書を読み取るだけで確認できるようになり、効率が良くなりました。,領収書を読み取る時にブレている、横向きになっているときなどに再撮影の画面が出てくれるようになって欲しいとおもいました。,まとめて申請できるようになったので申請が楽になりました。支払いに関して出社や郵送が無くなり楽になりました。この口コミを詳しく見る,一括で登録できること乗換案内が利用でき、料金がすぐにわかること領収書を読み取るだけで確認できるようになり、効率が良くなりました。楽楽精算の改善してほしい点領収書を読み取る時にブレている、横向きになっているときなどに再撮影の画面が出てくれるようになって欲しいとおもいました。楽楽精算導入で得られた効果・メリットまとめて申請できるようになったので申請が楽になりました。支払いに関して出社や郵送が無くなり楽になりました。
254,2023/08/27,２回目以降の請求書の支払い申請書類が大半の部分をコピーで作れるところが良い。今までエクセルで申請用紙を作って請求書に添付して提出していたので、その手間がなくなった。,請求書を読み込む時に金額が自動入力されるが、その価格が間違っていることがありひやひやすることがあります。自動入力の精度が上がるといいと思う。,支払い申請の進捗度がチェックマークでわかるため、今どの人のところで申請が止まっているのかなど一目でわかりやすいため、催促などしやすくなり、結果として申請締め切り期間に間に合いやすくなりました。また、電子で履歴が残るので確実に処理をしたかどうかの確認もしやすくなり、忘れも減りました。この口コミを詳しく見る,の請求書の支払い申請書類が大半の部分をコピーで作れるところが良い。今までエクセルで申請用紙を作って請求書に添付して提出していたので、その手間がなくなった。楽楽精算の改善してほしい点請求書を読み込む時に金額が自動入力されるが、その価格が間違っていることがありひやひやすることがあります。自動入力の精度が上がるといいと思う。楽楽精算導入で得られた効果・メリット支払い申請の進捗度がチェックマークでわかるため、今どの人のところで申請が止まっているのかなど一目でわかりやすいため、催促などしやすくなり、結果として申請締め切り期間に間に合いやすくなりました。また、電子で履歴が残るので確実に処理をしたかどうかの確認もしやすくなり、忘れも減りました。
255,2023/08/26,紙での仕訳入力に多くの時間がかかっていましたが、データ化によりほぼ手間が省かれました。エラーもわかりやすく修正が容易になった。,画面の色合いが薄いため、機器によって見づらいことがあります。視認性向上をお願いしたいです。モバイルアプリは使い勝手が悪く、拡大が難しいです。,経費申請はExcelからWEB画面への入力に変更され、簡素化されました。データ統一により、抽出と確認が楽になりました。この口コミを詳しく見る,入力に多くの時間がかかっていましたが、データ化によりほぼ手間が省かれました。エラーもわかりやすく修正が容易になった。楽楽精算の改善してほしい点画面の色合いが薄いため、機器によって見づらいことがあります。視認性向上をお願いしたいです。モバイルアプリは使い勝手が悪く、拡大が難しいです。楽楽精算導入で得られた効果・メリット経費申請はExcelからWEB画面への入力に変更され、簡素化されました。データ統一により、抽出と確認が楽になりました。
256,2023/08/26,日常の経費の使用にはもちろんのこと、特に便利だと感じる点は出張時の交通費を計算する時です。知らない土地でも駅名をクリックするだけで、金額が表示されるのでいちいち切符など出さなくても良く、スピーディーに計算が出来る。,もう少し分かりやすい画面表示だと良いと思います。パッと見、いかにも業務用ツールという印象は否めない。ま、業務用ツールなんですが…システムの不具合がありましたか？今まで特にない,いちいち紙に手書きで経費を提出していた時に比べると、圧倒的に楽です。まさに名前の通り。ハンコもいらなくなったし、無くす事もなくなった。,経費は履歴で残るし、管理が圧倒的に楽になります！
257,2023/08/25,以前は資格の報奨金や交通費精算において、社のフォーマットエクセルから総務に送り、精算して貰っていたが導入することにより手間が省けて経費削減に繋がった。,やや操作において不便に感じることがある。操作マニュアルを作り込んで展開していただけるとわかりやすくて良いと感じる。システムの不具合がありましたか？無し。,総務の人が処理する経費の申請書などの確認が楽になり精算が楽になったことで生産性向上および人件費の削減に繋がった。この口コミを詳しく見る,の報奨金や交通費精算において、社のフォーマットエクセルから総務に送り、精算して貰っていたが導入することにより手間が省けて経費削減に繋がった。楽楽精算の改善してほしい点やや操作において不便に感じることがある。操作マニュアルを作り込んで展開していただけるとわかりやすくて良いと感じる。システムの不具合がありましたか？無し。楽楽精算導入で得られた効果・メリット総務の人が処理する経費の申請書などの確認が楽になり精算が楽になったことで生産性向上および人件費の削減に繋がった。
258,2023/08/24,交通費精算は、経路を選択すると交通費が自動で計算され非常に便利。スマホのカメラで写真を撮ってアップロードするだけで自動で入力されるので、経費精算が楽になった。,特に困っていませんが、きちんと文字数字を読み取らないことがある、アップロードが時々できないことがある。,出張先でも簡単に経費精算の申請ができて、会社側も使用者側もきっちり処理できるところが良い。申請書に記入したり、領収証を貼り付けたりすることが無くなったので、事務負担が大幅に減った。,経費精算が会社も使用者も楽になると思います
259,2023/08/24,パソコン、スマホからの操作性もよく、最低限のITリテラシーさえあれば誰でも操作可能。なので、社員へのサポートが少なくて済む。,定期ルートの承認が少し分かりにくい部分がある。なので、そこを改善してもらえると特に不満は無くなります。システムの不具合がありましたか？特になし。,交通費の計算をする必要がなくなったことにより、経理業務の負担が減ったこと。複雑な乗り換えがある人も乗換案内でデータを反映できるため便利。この口コミを詳しく見る,スマホからの操作性もよく、最低限のITリテラシーさえあれば誰でも操作可能。なので、社員へのサポートが少なくて済む。楽楽精算の改善してほしい点定期ルートの承認が少し分かりにくい部分がある。なので、そこを改善してもらえると特に不満は無くなります。システムの不具合がありましたか？特になし。楽楽精算導入で得られた効果・メリット交通費の計算をする必要がなくなったことにより、経理業務の負担が減ったこと。複雑な乗り換えがある人も乗換案内でデータを反映できるため便利。
260,2023/08/23,エクセルで行っていた経費精算を自動化されたことで工数が大幅に削減した。領収書も写メで登録ができるため自宅にいても経費精算ができる点もとても便利に感じている。,携帯電話で申請できる点はとても便利だが少しUIが見にくく感じる。そのため携帯電話ではなくパソコンで作業しているため少し面倒に感じる。,以前は紙ベースで経費精算の提出を行っていたがすべてWEBで完結できるため自宅にいても申請ができるため場所を選ばず働くことができた。この口コミを詳しく見る,行っていた経費精算を自動化されたことで工数が大幅に削減した。領収書も写メで登録ができるため自宅にいても経費精算ができる点もとても便利に感じている。楽楽精算の改善してほしい点携帯電話で申請できる点はとても便利だが少しUIが見にくく感じる。そのため携帯電話ではなくパソコンで作業しているため少し面倒に感じる。楽楽精算導入で得られた効果・メリット以前は紙ベースで経費精算の提出を行っていたがすべてWEBで完結できるため自宅にいても申請ができるため場所を選ばず働くことができた。
261,2023/08/23,PCとスマホ両方で扱えるのが便利です。乗換案内と連携しており、交通費が自動計算されるので入力間違いが無くなった。OCR対応しているので紙の領収書の読み取りができる,OCRの読み取り制度が悪い。特にアルファベットが文字化けしたり、誤字になったりするので、今後のアップデートでの改善に期待です。,領収書、交通費の精算作業が早くなり、自動チェック機能もあるので人為的なミスも減りました。オンラインでやり取りができるので、ハンコを押してもらうためにわざわざ出社する必要が無くなったのが一番の利点です。,領収書の精算・管理を効率化したい人におすすめ
262,2023/08/23,交通費の精算申請に導入されています。導入前はエクセルの様式に交通経路を入力し、自分で交通費を入力していたので、手間がかかっていましたし、間違えも多かったです。現在は駅名を入力すれば、乗換案内で経路・金額が自動で入るので、間違えもなく、入力する社員も、確認する人事も併せて、会社全体の手間が減ったと思います。,当社の仕様の問題かもれませんが、入力作業に慣れてしまえば簡単ですが、直感的にはどこに何を入れればいいかが分かりにくく、新人等に説明するのに手間がかかり、やりながら覚えてもらっています。,エクセル様式の頃に管理者側で確認業務を行う際、交通経費の入力間違いなどは確認できたが、経路の妥当性の判断までは難しく、かなりの手間がかかっていましたが、このシステムでは経路に「安」「楽」「早」などのマークがつくため、不当に高いルートを選択しにくくなっており、不当な経費の申請抑制になっています。この口コミを詳しく見る,算申請に導入されています。導入前はエクセルの様式に交通経路を入力し、自分で交通費を入力していたので、手間がかかっていましたし、間違えも多かったです。現在は駅名を入力すれば、乗換案内で経路・金額が自動で入るので、間違えもなく、入力する社員も、確認する人事も併せて、会社全体の手間が減ったと思います。楽楽精算の改善してほしい点当社の仕様の問題かもれませんが、入力作業に慣れてしまえば簡単ですが、直感的にはどこに何を入れればいいかが分かりにくく、新人等に説明するのに手間がかかり、やりながら覚えてもらっています。楽楽精算導入で得られた効果・メリットエクセル様式の頃に管理者側で確認業務を行う際、交通経費の入力間違いなどは確認できたが、経路の妥当性の判断までは難しく、かなりの手間がかかっていましたが、このシステムでは経路に「安」「楽」「早」などのマークがつくため、不当に高いルートを選択しにくくなっており、不当な経費の申請抑制になっています。
263,2023/08/22,10月から始まるインボイス制度に合わせて導入。これまでフォーマットが各自バラバラだったものが、システムを使うことで管理しやすくなった。,導入時に項目の一括登録があったが、そこがやや面倒であった。またイレギュラーなことがあった時の対応方法に苦戦しそうなイメージです。,これまで作成した書類は、経理部門に共有する際、プリントアウトしたりメールで添付していたが、システム上で出来るようになるので時間短縮ができるこの口コミを詳しく見る,始まるインボイス制度に合わせて導入。これまでフォーマットが各自バラバラだったものが、システムを使うことで管理しやすくなった。楽楽精算の改善してほしい点導入時に項目の一括登録があったが、そこがやや面倒であった。またイレギュラーなことがあった時の対応方法に苦戦しそうなイメージです。楽楽精算導入で得られた効果・メリットこれまで作成した書類は、経理部門に共有する際、プリントアウトしたりメールで添付していたが、システム上で出来るようになるので時間短縮ができる
264,2023/08/21,交通費精算で使うことが多いのですが、ICカードをかざし登録しておけば履歴を拾ってくれるのでとても便利です。,履歴がうまく取り込めないこともあり、普段便利に使える分取り込み不可がもっと割合的に減るとさらにありがたいです。システムの不具合がありましたか？今のところは履歴読み込みに失敗するくらいしかありません。,ペーパーレスで交通費精算ができる点、ICカードから履歴を読み取れば無駄な入力なしで今までの半分以下の時間で処理ができる点。,効率的な精算方法を導入したい方。
265,2023/08/21,一般経費精算する際、ピタパを使うと自身で1から入力しなければならないが、駅名や料金等すぐ表示してもらえる。,ICOCAは読み取るだけですぐに過去の履歴を保存することができるが、ピタパは保存することができないので、ピタパも追加して欲しい。システムの不具合がありましたか？特に無し。,従来であれば紙媒体で申請しないといけなかったところをウェブ上で出来るようになったことにより、SDGsに貢献できるようになった。この口コミを詳しく見る,算する際、ピタパを使うと自身で1から入力しなければならないが、駅名や料金等すぐ表示してもらえる。楽楽精算の改善してほしい点ICOCAは読み取るだけですぐに過去の履歴を保存することができるが、ピタパは保存することができないので、ピタパも追加して欲しい。システムの不具合がありましたか？特に無し。楽楽精算導入で得られた効果・メリット従来であれば紙媒体で申請しないといけなかったところをウェブ上で出来るようになったことにより、SDGsに貢献できるようになった。
266,2023/08/21,コピー機能が使えるので、似たようなものを精算するのにとても楽させていただいています。複雑な入力などは一切ないので、簡潔にまとめられます。その点がとても利用しやすいです。,領収書の添付がPDFにしなければいけないのがとても面倒です。jpgなど、写真をそのまま貼り付けできるようにしてほしいです。それがとても時間がかかってしまうのと、やり方をたまに忘れてしまってエラーがでて、PDFにしないといけないということに気が付いたりと、やや面倒です。システムの不具合がありましたか？特にありません。,精算の仕方が簡単なので、急いでいるときにでもすぐに入力して処理できます。経理担当がとても業務が楽になったといっていました。その点は会社全体で効率よくなっていると思います。以前利用していた製品の解約理由以前は経理側の集計等の負担が多かったようですが、今は解消されたようです。失敗とは感じていません。,精算したい個人の入力も楽ですし、それを集計する担当者の業務負担も減ります。
267,2023/08/19,この製品を使うまでは、他社でExcelをベースに申請をしていた。しかし、目的地、出発地を入力するとルートの提案、顧客の提案といったことから料金も計算されるので非常に便利だと感じている。,正直改善してほしいというポイントは自社の他のツールと連携してほしいと思うことがあるが、自社のツールとの連携はさすがに難しいと感じているぐらいなので無い。強いて言うとたまにクリックで反応しない事があったことぐらい。,ルートからの自動計算で定期代をひくといった部分が無くなったのは大きいと思う。また領収書の原本は不必要で、写真だけで良いといった事や承認もワークフローで自動的にしてくれるなどメリットを大きく感じている。この口コミを詳しく見る,使うまでは、他社でExcelをベースに申請をしていた。しかし、目的地、出発地を入力するとルートの提案、顧客の提案といったことから料金も計算されるので非常に便利だと感じている。楽楽精算の改善してほしい点正直改善してほしいというポイントは自社の他のツールと連携してほしいと思うことがあるが、自社のツールとの連携はさすがに難しいと感じているぐらいなので無い。強いて言うとたまにクリックで反応しない事があったことぐらい。楽楽精算導入で得られた効果・メリットルートからの自動計算で定期代をひくといった部分が無くなったのは大きいと思う。また領収書の原本は不必要で、写真だけで良いといった事や承認もワークフローで自動的にしてくれるなどメリットを大きく感じている。
268,2023/08/19,直感的な操作が可能であり申請画面の機能やボタンなど見やすくて良いです。申請に関するルールを細かく設定できるのでデータ入力の際のミスが大幅に減りました。また日常的に利用しているアプリの感覚で使える乗換案内機能も良いですね。,領収書の読み取りの精度がもっと向上すると使い勝手が良くなります。またフォントやアイコンなどの設定の自由度が上がると良いですね。,申請の画面において弊社の規定にそぐわない場合は赤いアラートが表示されるので非常に分かりやすいです。また注意が必要な項目においては黄色のアラートが表示され、確認しやすくなっています。申請データの承認履歴が一覧で表示される機能も便利ですね。この口コミを詳しく見る,作が可能であり申請画面の機能やボタンなど見やすくて良いです。申請に関するルールを細かく設定できるのでデータ入力の際のミスが大幅に減りました。また日常的に利用しているアプリの感覚で使える乗換案内機能も良いですね。楽楽精算の改善してほしい点領収書の読み取りの精度がもっと向上すると使い勝手が良くなります。またフォントやアイコンなどの設定の自由度が上がると良いですね。楽楽精算導入で得られた効果・メリット申請の画面において弊社の規定にそぐわない場合は赤いアラートが表示されるので非常に分かりやすいです。また注意が必要な項目においては黄色のアラートが表示され、確認しやすくなっています。申請データの承認履歴が一覧で表示される機能も便利ですね。
269,2023/08/19,会社の経費精算で利用していますが、昔のように紙の領収書を出す必要がなくなり、最近は楽楽精算の取り込みをして必要事項を入力するだけ、精算する時間が半分くらいになった。,アプリの写真読み込みからアップロードする時に、Wi-Fiだと問題ないが、携帯回線だとエラーがでる。外出先からアップロードするため改善してほしいシステムの不具合がありましたか？上記にも記述したアプリのアップロードエラーくらいです。他は良い。,精算する作業の効率化、時短になった。過去に申請した画像も確認でき、間違わずに済む。紙を所定の用紙に貼り付ける作業がなくなり、精算を帰社せずに行える。,昭和な精算から脱却する生産性UPのツール
270,2023/08/19,交通費精算で利用していますが駅名を入力すれば自動的に電車代が出てきます。ICリーダーを利用すれば入力不要で取り込まれるところも便利です。,スマホアプリ以外のモバイルスイカ、パスモに対応していないところは不便だと感じます。物品購入のみの取り込みか電車代のみの取り込みか選べるようになればさらに便利になると感じます。システムの不具合がありましたか？特にありません。,券売機で履歴を印字、紙で記入し上司に提出、その後経理部に提出と複数の作業と提出する時間がかかりましたが、PCで完結するため交通費精算にかかる時間が削減でき、他の仕事に時間を費やすことができるようになりました。この口コミを詳しく見る,で利用していますが駅名を入力すれば自動的に電車代が出てきます。ICリーダーを利用すれば入力不要で取り込まれるところも便利です。楽楽精算の改善してほしい点スマホアプリ以外のモバイルスイカ、パスモに対応していないところは不便だと感じます。物品購入のみの取り込みか電車代のみの取り込みか選べるようになればさらに便利になると感じます。システムの不具合がありましたか？特にありません。楽楽精算導入で得られた効果・メリット券売機で履歴を印字、紙で記入し上司に提出、その後経理部に提出と複数の作業と提出する時間がかかりましたが、PCで完結するため交通費精算にかかる時間が削減でき、他の仕事に時間を費やすことができるようになりました。
271,2023/08/17,会社支給のスマホで領収書を撮影するだけで、会社にいる時だけでなく在宅勤務時でもスムーズに経費処理が出来る様になりました。経理部からの指摘事項も減り双方がWin-Winの体制が整います。,接待伺い処理の場合、上長が承認されてからで無いと最後まで処理が進みません。最終処理まで完了として、最終結果を上長が確認するシステムにして欲しい。最終処理を忘れてしまうことがある為です。システムの不具合がありましたか？スマホで領収書が読み取れない時がありました。,旅費交通精算、会議費精算、出張経費精算などいままでは別の申請ツールで、複数管理にしており一元管理見える化ができませんでしたが、楽々精算では、全体が見える化できる点が一番効率が良く使い勝手が良くメリットがあります。,ペーパーレスを図りたい！会社にいなくてもどこでも精算処理がしたい！なら一度ご検討を・・・
272,2023/08/17,電子取引（ネットショッピング）の場合、PDFの領収書をそのまま楽々精算に登録ができるのが良い。また申請自体もネット上で完結するので、申請自体が楽になった。,領収書の登録が別画面なのが使いづらい点。申請データを作成するときに領収書PDFを添付するのではなく、すでに楽々精算上にアップロードしておいた領収書を添付するという意味なので慣れるまでは使いづらい。,精算をするためにわざわざ会社に戻らなくて良いというのがメリット。また、今までは紙の申請書を用意して小口現金からお金をもらっていたが、銀行振込形式に変わったため、現金を銀行口座に預けにいく手間もなくなった。この口コミを詳しく見る,ネットショッピング）の場合、PDFの領収書をそのまま楽々精算に登録ができるのが良い。また申請自体もネット上で完結するので、申請自体が楽になった。楽楽精算の改善してほしい点領収書の登録が別画面なのが使いづらい点。申請データを作成するときに領収書PDFを添付するのではなく、すでに楽々精算上にアップロードしておいた領収書を添付するという意味なので慣れるまでは使いづらい。楽楽精算導入で得られた効果・メリット精算をするためにわざわざ会社に戻らなくて良いというのがメリット。また、今までは紙の申請書を用意して小口現金からお金をもらっていたが、銀行振込形式に変わったため、現金を銀行口座に預けにいく手間もなくなった。
273,2023/08/16,1年前に営業職として転職すると「楽楽精算」が導入されていました。前職では請求忘れが多く困っていたが、このアプリなら交通費精算を自動で行ってくれるため助かっています。スマホから便利で簡単です。,外出先から携帯アプリで使用できる点は大変重宝しているが、アプリが見にくい面があるのでデザインを少し変えてほしい。システムの不具合がありましたか？,前職場では紙ベースで申請書を記入し、総務部へ提出していたが、WEB上で完結できるので、まったくストレス無くまた申請忘れがなくなった。,営業職には助かります
274,2023/08/16,スマホやPCでも利用でき、移動や在宅でも申請・確認できる点がメリットと思います。領収書もスマートフォンのカメラで読み込みができ便利です。,新しい機能やバージョンアップをするときなどは自身で行わないとならないため、パソコンやデジタルに弱いとなかなか苦労します。システムの不具合がありましたか？新たな機能を取り入れるときに助けてくれるとありがたいなと思います。,紙での保管やチェックが減り、物理的にも削減できました。在宅ワークでも業務が行えるので大変助かってます。,類似するサービスの中でもシンプルで分かりやすいと思います！
275,2023/08/16,経費精算ソフトの使用は初めてですが、経費精算がwebで完結するので作業工数が削減出来ました。レシートを携帯で撮影、画像でレシート申請、承認されたら請求書に添付して申請の流れです。,弊社のフローだけなのかもしれませんが、レシート自体を一度申請する必要があります。そのためレシートを申請しておかないと、請求書の申請が出来ずかなり迷いました。システムの不具合がありましたか？特になし,リモート勤務をしているのでレシートを画像で処理できることで、迅速かつ手間が少なく経費申請ができます。またUIもわかりやすいのでマニュアルを熟読せずとも利用が可能です。この口コミを詳しく見る,フトの使用は初めてですが、経費精算がwebで完結するので作業工数が削減出来ました。レシートを携帯で撮影、画像でレシート申請、承認されたら請求書に添付して申請の流れです。楽楽精算の改善してほしい点弊社のフローだけなのかもしれませんが、レシート自体を一度申請する必要があります。そのためレシートを申請しておかないと、請求書の申請が出来ずかなり迷いました。システムの不具合がありましたか？特になし楽楽精算導入で得られた効果・メリットリモート勤務をしているのでレシートを画像で処理できることで、迅速かつ手間が少なく経費申請ができます。またUIもわかりやすいのでマニュアルを熟読せずとも利用が可能です。
276,2023/08/15,簡単な操作と洗練されたインターフェースを提供し、複雑な内部精算プロセスを効率化。厳密なデータ管理と透明性を確保し、タイムリーなトランザクション処理を実現。組織の生産性向上とリスク軽減を実現します。,もう少しオプションを迅速に追加し、異なる業種やニーズに対応する柔軟性を向上してほしい。また、ユーザーサポートのがもって充実すればより詳細なトラブルシューティング情報が提供されると思います。システムの不具合がありましたか？特定の条件下で見積もり見積りが遅延する問題が発生しました。これは一時的なサーバーの過負荷によるもので、エンジニアリングチームが迅速に対処し解決しました。ユーザーへの影響は極力抑え、今後のアップデートでも同様の問題が再発しないようお願いいたします。,楽楽精算の導入により、経費精算プロセスが大幅に簡素化されました。従業員はスマホアプリで領収書をスキャンし、デジタルフォームに入力するだけで経費が処理され、承認者もログインで確認できます以前の手作業プロセスから解放され時間とコストの節約に貢献しました。,楽楽精算は業務プロセスを効率化、コスト削減を実現する優れたソリューションです。
277,2023/08/15,社内で使用させて頂いております。稟議申請や交通費申請の画面が見やすく、入力しやすいと思いました。,画面の動線はとても良いと思うのですが、稟議申請の画面のデザインが改善されると嬉しいなと思います。,社内からでも社外からでもアクセスできますので、コロナ禍の時は非常に便利でした。またフォーマットも決まっておりますので社会人1年目の頃から利用しやすかったです。この口コミを詳しく見る,させて頂いております。稟議申請や交通費申請の画面が見やすく、入力しやすいと思いました。楽楽精算の改善してほしい点画面の動線はとても良いと思うのですが、稟議申請の画面のデザインが改善されると嬉しいなと思います。楽楽精算導入で得られた効果・メリット社内からでも社外からでもアクセスできますので、コロナ禍の時は非常に便利でした。またフォーマットも決まっておりますので社会人1年目の頃から利用しやすかったです。
278,2023/08/15,手書きで出張申請などをしていた時を考えると隔世の感がある。毎月の交通費申請、経費申請をする手間自体はあるが、経理担当はこれがなくなったら辞めるレベルになるかもしれない。,これは社内の問題かもわからないが、ＳＵＩＣＡなどの交通系カードだけで完結できるようになれば、非常に助かる。無駄な行動が全てわかるため、業務に集中できる。システムの不具合がありましたか？無し,現場の中間管理職が取りまとめて、経理が確認するという流れができたので、ミスなどが大きく減ったように感じる。特にテレワークなどもあり、ペーパーレスになったのは大きい。,ペーパーレスになったのは大きい。
279,2023/08/15,在来線から最適な経路を検索して入力できます。また新幹線のデータでEX-ICの料金のルートも登録できるので最適な旅費が自動で反映されます。,泊まりを含む長期の出張などで、出張完了後にまとめて旅費精算をしようとしましたが、10件以上登録できずに手間がかかりました。もっと登録できる件数を増やして欲しいです。,旅費精算を電子化して行うことができ、領収書などのデータもクラウドに集めることができて良いと思います。この口コミを詳しく見る,最適な経路を検索して入力できます。また新幹線のデータでEX-ICの料金のルートも登録できるので最適な旅費が自動で反映されます。楽楽精算の改善してほしい点泊まりを含む長期の出張などで、出張完了後にまとめて旅費精算をしようとしましたが、10件以上登録できずに手間がかかりました。もっと登録できる件数を増やして欲しいです。楽楽精算導入で得られた効果・メリット旅費精算を電子化して行うことができ、領収書などのデータもクラウドに集めることができて良いと思います。
280,2023/08/15,WEBページに余計な情報がなく、シンプルでわかりやすい。導入の金額が安い。過去の申請履歴なども詳細に閲覧可能な点。,交通費精算に関して、1件1件打ち込むのが大変。外出先のスマホで使いにくく、アプリなどで簡素に申請できるようにしてほしい。,社員の申請状況を一元管理しやすい。他のサービスと比べてコストカットができた。余計な情報がないので、申請までの時間が短縮できた。この口コミを詳しく見る,ジに余計な情報がなく、シンプルでわかりやすい。導入の金額が安い。過去の申請履歴なども詳細に閲覧可能な点。楽楽精算の改善してほしい点交通費精算に関して、1件1件打ち込むのが大変。外出先のスマホで使いにくく、アプリなどで簡素に申請できるようにしてほしい。楽楽精算導入で得られた効果・メリット社員の申請状況を一元管理しやすい。他のサービスと比べてコストカットができた。余計な情報がないので、申請までの時間が短縮できた。
281,2023/08/15,タイトルの通り、UIが若干古さを感じる。が、紙で経費精算などを行っているようであれば、確実にスピードがあがります。OCR機能も優れています。,大きく困ったことはまだないが、どこかスマートさに欠ける印象なのは日本企業が故なのだろうか。あとは、PCからの入力の場合、気づくとタブが乱立しているのもスマートではない。,前述の通り、業務効率化にはもってこい。レシートのOCRやsuicaのIC読み込みにより入力の手間が減った。チェック側としては、フォーマットが統一になりチェックもしやすくなった。,チェック側としては、フォーマットが統一になりチェックもしやすくなるので、経理担当の機嫌が悪い企業さんにぜひオススメしたいです。
282,2023/08/14,経費精算の作業を総務を介さずに、自分の作業だけで完結させることができる点。また決裁者を自由に選択でき、証跡も同じところデータとして添付ができる点。,マニュアルが相応のボリュームであり、直接的な感覚で入力ができないため、高齢の社員などからすると手作業のほうが良いというケースもあるため、より直感的な入力ができるような形でできるとよい。,もともと紙管理だった経費精算がクラウド管理になることで、手元で領収書やエビデンスを残しておく必要がなく、また時間をかけて手作業で行っていたところが一気に簡素化された。この口コミを詳しく見る,作業を総務を介さずに、自分の作業だけで完結させることができる点。また決裁者を自由に選択でき、証跡も同じところデータとして添付ができる点。楽楽精算の改善してほしい点マニュアルが相応のボリュームであり、直接的な感覚で入力ができないため、高齢の社員などからすると手作業のほうが良いというケースもあるため、より直感的な入力ができるような形でできるとよい。楽楽精算導入で得られた効果・メリットもともと紙管理だった経費精算がクラウド管理になることで、手元で領収書やエビデンスを残しておく必要がなく、また時間をかけて手作業で行っていたところが一気に簡素化された。
283,2023/08/14,特別良い点と言われると特に思いつかないのが正直なところではあるが、一定の書類削減の効果があると思うのでペーパーレス化に寄与しているのかなとは感じる。,経費精算システムは楽楽精算しか使ったことがないので比較対象がなく難しいところではあるが、個人的には直感的に理解できるUIではなく、結局会社で用意したマニュアルを見ながらそれに沿って進めていかなければならず、便利と感じられなかった。システムの不具合がありましたか？私が利用している範囲ではトラブルが起こったことはない。,私の作業ではないが精算作業の担当者からすれば大体の作業をPC上で済ませられると思うので、書類に煩わされることがなくなっているのがメリットだと思われる。,書類を減らすための第一歩としては良い部分もあると思う。
284,2023/08/14,1番に利便性を感じた部分は電車での移動の経費精算になります。通常であれば発着駅を指定しルートを自分で確認して金額を決定しますが、楽々精算においてはジョルダンの乗換案内が内蔵されているため　発着駅を入力するだけで自動で複数ルートの案内、料金の算出をしてくれます。,領収書や駐車場の領収書をカメラで読み込む際の制度です。印刷する文字にかすれなどがあると上手く読み取れず、おかしな文字になる事がある。また、一度申請を上げた領収書の情報を編集するのに少し手間がかかる。,管理者としては分からないが利用者としては非常に効率が上がった気がする。いつでもどこでも精算ができる点などは出張が多い会社員などには重宝されると感じた。この口コミを詳しく見る,性を感じた部分は電車での移動の経費精算になります。通常であれば発着駅を指定しルートを自分で確認して金額を決定しますが、楽々精算においてはジョルダンの乗換案内が内蔵されているため　発着駅を入力するだけで自動で複数ルートの案内、料金の算出をしてくれます。楽楽精算の改善してほしい点領収書や駐車場の領収書をカメラで読み込む際の制度です。印刷する文字にかすれなどがあると上手く読み取れず、おかしな文字になる事がある。また、一度申請を上げた領収書の情報を編集するのに少し手間がかかる。楽楽精算導入で得られた効果・メリット管理者としては分からないが利用者としては非常に効率が上がった気がする。いつでもどこでも精算ができる点などは出張が多い会社員などには重宝されると感じた。
285,2023/08/14,過去に精算したことのある振込先は、履歴から検索して過去の伝票をコピーすれば、振込先の入力を省けるのが良い。伝票差し戻しの際に、会計からの差し戻し理由がわかって良い,・会社の仕様の問題かもしれないが、クレジットカードの生産履歴を明細に取り込むのが分かりにくい・振込先の銀行を検索する際に銀行名の枠に入力した状態では検索出来ず、一度虫眼鏡マークをクリップしての検索が手間手間である・アプリがつかいにくいため活用できていないシステムの不具合がありましたか？特になし,・承認フローが可視化されわかりやすくなった。・過去の振込履歴があれば伝票コピーで振り込み先の入力が不要となったこと。,なし
286,2023/08/14,良い点は簿記などの能力がなくても経理精算ができる点だと思います。項目の中から自分の使用したお金の種類を選んで申請するだけなので難しい操作や理解する内容がないことがとても助かります！,あるとすれば項目が多くてどれが自分の精算する項目なのかわからなくなってしまうところだと思います。カーソルを合わせた時に具体例などが選んだ時に挙げてあるともっとわかりやすいのかも？と感じます,特に精算したいものをまとめて申請できるところが効率化したように感じています。また、電子的にデータを管理できるので、書類提出の際に必要書類の添付のみで済むようになりました。以前までであれば何枚もの書類を提出しなければなりませんでした。事務職の方からも使い勝手が良く以前よりも帳簿が管理しやすく楽になったとお伺いしたことがあります。この口コミを詳しく見る,記などの能力がなくても経理精算ができる点だと思います。項目の中から自分の使用したお金の種類を選んで申請するだけなので難しい操作や理解する内容がないことがとても助かります！楽楽精算の改善してほしい点あるとすれば項目が多くてどれが自分の精算する項目なのかわからなくなってしまうところだと思います。カーソルを合わせた時に具体例などが選んだ時に挙げてあるともっとわかりやすいのかも？と感じます楽楽精算導入で得られた効果・メリット特に精算したいものをまとめて申請できるところが効率化したように感じています。また、電子的にデータを管理できるので、書類提出の際に必要書類の添付のみで済むようになりました。以前までであれば何枚もの書類を提出しなければなりませんでした。事務職の方からも使い勝手が良く以前よりも帳簿が管理しやすく楽になったとお伺いしたことがあります。
287,2023/08/14,OCR機能を活用することで、紙を使わずに経費精算できるところがいいと思いました。また、申請項目や承認フローなどが自由にカスタマイズできるため、自社に合わせたシステムを作成できます。,入力画面の文字、入力欄が密集していて直感的に操作しにくいと思いました。また、入力項目のコピーができなかったり、入力文字数制限があったりするため、UIは改善の余地があると思います。,これまではExcelに経費の内容を打ち込み、紙で印刷して経理に渡すことで経費精算をしていたが、導入後は領収書を読み取るだけで精算できるようになったため、ペーパーレス化を実現することができた。この口コミを詳しく見る,を活用することで、紙を使わずに経費精算できるところがいいと思いました。また、申請項目や承認フローなどが自由にカスタマイズできるため、自社に合わせたシステムを作成できます。楽楽精算の改善してほしい点入力画面の文字、入力欄が密集していて直感的に操作しにくいと思いました。また、入力項目のコピーができなかったり、入力文字数制限があったりするため、UIは改善の余地があると思います。楽楽精算導入で得られた効果・メリットこれまではExcelに経費の内容を打ち込み、紙で印刷して経理に渡すことで経費精算をしていたが、導入後は領収書を読み取るだけで精算できるようになったため、ペーパーレス化を実現することができた。
288,2023/08/14,紙タイプの領収書等をPDF化する必要がなく、写真撮影をすることで電子帳簿保存法に対応できるので便利。,PC版とスマホ版で仕様が若干変わっており、両方使用する場合に混乱する可能性がある。仕様を統一した方がやりやすい。,紙の領収書は保管や整理が大変だったため、本システムの導入によりその手間・工数が削減されました。また二重に登録するといったミスも減りました。この口コミを詳しく見る,領収書等をPDF化する必要がなく、写真撮影をすることで電子帳簿保存法に対応できるので便利。楽楽精算の改善してほしい点PC版とスマホ版で仕様が若干変わっており、両方使用する場合に混乱する可能性がある。仕様を統一した方がやりやすい。楽楽精算導入で得られた効果・メリット紙の領収書は保管や整理が大変だったため、本システムの導入によりその手間・工数が削減されました。また二重に登録するといったミスも減りました。
289,2023/08/14,経費申請が楽なところ。スマホからも申請ができるので場所や時間を選ばず申請できるし領収書もスマホのカメラで撮影すれば必要事項が自動で記入されて本当に楽。,申請をする側の意見としてはほんとに無いです。アプリの容量やアップデートも殆ど無いのでスマホの負担もなく満足しています。システムの不具合がありましたか？今のところありません。,とにかく申請が楽。以前行っていた金庫からお金を出し支払いエクセル入力、領収書に番号を付け保管、金庫の金種を数えエクセル入力と提出、毎月の締めに領収書の提出、金庫の金が無くなれば申請。この全ての手間がなくなりました。これだけでも現場の人間としてはだいぶ時短になり他の仕事が捗るし、金庫のお金の管理をしなくて良くなったことが安心感もあるし手間も省けとても良かったです。,経理部の仕事がどれだけ変わるかはわかりませんが社員の手間が無くなるのは大きいと思います。経理の方も仕事が減るなら会社としての利益はとてもあると思います。
290,2023/08/14,会社で使用しているパソコンの他に、スマートフォンアプリがあるため、在宅や出先からでも領収書の精算申請が出来る。,領収書の文字認識精度がもっと良くなるとありがたい。領収書の規格が統一されていないので難しいとは思うが、たまに全く異なる値段や日付が入ってしまう。,今まではWEB上で経費や支払依頼の申請を行い、プリントアウトした申請書と領収書や請求書の原本を提出し、上司の承認を得て、終わったら経理部に持参するという手間があった。しかしこのソフトの導入に承認をもらうためだけに出社するという時間がなくなったことでワークライフバランスが向上した。さらにペーパーレス化が進み、プリンター用紙の購入量を減らせた。この口コミを詳しく見る,しているパソコンの他に、スマートフォンアプリがあるため、在宅や出先からでも領収書の精算申請が出来る。楽楽精算の改善してほしい点領収書の文字認識精度がもっと良くなるとありがたい。領収書の規格が統一されていないので難しいとは思うが、たまに全く異なる値段や日付が入ってしまう。楽楽精算導入で得られた効果・メリット今まではWEB上で経費や支払依頼の申請を行い、プリントアウトした申請書と領収書や請求書の原本を提出し、上司の承認を得て、終わったら経理部に持参するという手間があった。しかしこのソフトの導入に承認をもらうためだけに出社するという時間がなくなったことでワークライフバランスが向上した。さらにペーパーレス化が進み、プリンター用紙の購入量を減らせた。
291,2023/08/14,他サービスを利用したことがないので何とも言えませんが、オフィス出社しての精算作業がなくなったので、在宅勤務や社外での仕事中でも作業できるようになりました。請求書をアップロードすると、文字を自動で読み取ってくれます。,UIが良くなると、より使いやすくなるのではと思います。見た目が古いというか、エンジニアの方が作ったようなデザインなので。,書類回付のためにオフィス出社する必要がなくなるため、全社的な労働時間（残業時間）の削減につながると思います。この口コミを詳しく見る,を利用したことがないので何とも言えませんが、オフィス出社しての精算作業がなくなったので、在宅勤務や社外での仕事中でも作業できるようになりました。請求書をアップロードすると、文字を自動で読み取ってくれます。楽楽精算の改善してほしい点UIが良くなると、より使いやすくなるのではと思います。見た目が古いというか、エンジニアの方が作ったようなデザインなので。楽楽精算導入で得られた効果・メリット書類回付のためにオフィス出社する必要がなくなるため、全社的な労働時間（残業時間）の削減につながると思います。
292,2023/08/14,国内公共交通機関の交通費精算が楽です。出発地、目的地の入力のみで乗り継ぎ方法が複数提示され、選択が楽です。,特にありませんが、強いてあげるとUIがわかりづらいです。国内、海外等が大きく表示されていればと感じます,簡単な精算の場合、数分で終了するため業務に注力できます。精算の社内承認フローが記載されていること、現在の承認段階がわかることにより、誤入力の際の問い合わせも簡単に行えました。この口コミを詳しく見る,通機関の交通費精算が楽です。出発地、目的地の入力のみで乗り継ぎ方法が複数提示され、選択が楽です。楽楽精算の改善してほしい点特にありませんが、強いてあげるとUIがわかりづらいです。国内、海外等が大きく表示されていればと感じます楽楽精算導入で得られた効果・メリット簡単な精算の場合、数分で終了するため業務に注力できます。精算の社内承認フローが記載されていること、現在の承認段階がわかることにより、誤入力の際の問い合わせも簡単に行えました。
293,2023/08/14,申請画面がわかりやすいと思います。それぞれの項目に注釈が付けられるので、書き方や注意点がわかりやすいです。,ログイン画面で申請中の一覧が見られるようにしてほしい。申請したものの確認をするまでのクリック数が多いと思う。システムの不具合がありましたか？なかった,精算だけに留まらず、人事的な承認フローとしても使うことができるのがいい点だと思います。社内システムが1つに絞られるのでユーザーとしてもありがたいです。この口コミを詳しく見る,わかりやすいと思います。それぞれの項目に注釈が付けられるので、書き方や注意点がわかりやすいです。楽楽精算の改善してほしい点ログイン画面で申請中の一覧が見られるようにしてほしい。申請したものの確認をするまでのクリック数が多いと思う。システムの不具合がありましたか？なかった楽楽精算導入で得られた効果・メリット精算だけに留まらず、人事的な承認フローとしても使うことができるのがいい点だと思います。社内システムが1つに絞られるのでユーザーとしてもありがたいです。
294,2023/08/14,交通系ICカードや乗換案内サービスの連携で、領収書をわざわざ提出しなくても読み込めるようになっているので交通費精算がとても楽になった。,ネットに繋がってないときは使えないので、そこをどうにかオフライン時でも入力できたりICの読み込みだけでもできるようになればより便利になると思う,ペーパーレスで全てパソコンで処理できるようになった為、余計な費用削減にもなったし、金額なども細かなミスがなくなった。この口コミを詳しく見る,カードや乗換案内サービスの連携で、領収書をわざわざ提出しなくても読み込めるようになっているので交通費精算がとても楽になった。楽楽精算の改善してほしい点ネットに繋がってないときは使えないので、そこをどうにかオフライン時でも入力できたりICの読み込みだけでもできるようになればより便利になると思う楽楽精算導入で得られた効果・メリットペーパーレスで全てパソコンで処理できるようになった為、余計な費用削減にもなったし、金額なども細かなミスがなくなった。
295,2023/08/14,入力しなければならない項目を明確にしてくれたり、pdfの領収書の文字認識をしてくれたりと、入力漏れや入力ミスを極力減らせる仕様になっています。そのため差し戻しなどが起こりづらく、スムーズに会計処理ができます。,少々使い方が煩雑で、慣れるまでに時間がかかります。特に領収書添付の手順が最初はわかりづらいので、ヘルプ機能を使いやすくして初めてでもスムーズに処理できるよう工夫されるとよいと思います。システムの不具合がありましたか？特にありません。,会計処理における入力ミスや入力漏れが減り、差し戻しなどによる二度手間が減って助かっています。またどこまで承認されているかも画面を開くとすぐ確認できるのが便利です。,使い方がやや煩雑ですが、正確な会計処理を求めるのであればおすすめです。
296,2023/08/13,初めて使った経費精算システムのため他社システムとの比較はできませんが、これまで紙で行っていた作業が楽になり業務のスピードが上がりました,支払い先の選択や経理上の項目の選択など、慣れていない人間には選択画面の見辛さはかなりあります。特に経理上の項目は、まず何を、選択し判断すればいいのか分からない所も多数あり。領収書を写メで撮影してから申請画面への移行の仕方が複雑な感じです。,領収証をスマホで撮影することで支払先名や金額の読み取り機能があるため、手入力する場合に比べて精度がよくなりました。交通費の精算をする際には乗換案内と連携しているため料金の自動計算、定期区間料金の控除などができ確認時間が短縮できています。,始めて使用する経費管理のソフトでしたが理解出来ました
297,2023/08/13,今までは従来から使用していたexcelデータを使用して各種経費精算を行っていました。しかしexcel自体に苦手意識のある職員と慣れている職員によっては経費精算の勘定科目が間違えていたり経理業務が煩雑でした。しかしこのツールを利用してから職員は一定のルールに則って使えるので経費精算の効率が向上しました。,入力項目をコピーしたりすることができない部分があり、今後ユーザー意見を反映してUIの更新などを行ってほしい。,今まで勘定科目の間違いによって経理課の業務が煩雑になっていたところの修正がなくなったため、経理課の業務範囲の見直しに使うことができて、社内全体の効率化に繋がったと思う。この口コミを詳しく見る,来から使用していたexcelデータを使用して各種経費精算を行っていました。しかしexcel自体に苦手意識のある職員と慣れている職員によっては経費精算の勘定科目が間違えていたり経理業務が煩雑でした。しかしこのツールを利用してから職員は一定のルールに則って使えるので経費精算の効率が向上しました。楽楽精算の改善してほしい点入力項目をコピーしたりすることができない部分があり、今後ユーザー意見を反映してUIの更新などを行ってほしい。楽楽精算導入で得られた効果・メリット今まで勘定科目の間違いによって経理課の業務が煩雑になっていたところの修正がなくなったため、経理課の業務範囲の見直しに使うことができて、社内全体の効率化に繋がったと思う。
298,2023/08/13,メールで受け取る請求書と紙で受け取る請求書をパソコン上で簡単に一元管理をすることができる点が良いです。,OCRの100%はないでしょうがアップロードした領収書や請求書を認識しないことがあり、精度がもう少し上がると良いのかなと思いました。,取引先の会社が使用していることから紹介いただき導入しました。請求書は郵送するもの、メールで受け取るものと今まで管理がバラバラで請求書を探すのに時間がかかることが悩みでした。紙データもスキャンした書類をアップロードすることで電子データとして一元管理でき非常に楽です。インボイスや電帳法にも対応しているので一石三鳥です。この口コミを詳しく見る,け取る請求書と紙で受け取る請求書をパソコン上で簡単に一元管理をすることができる点が良いです。楽楽精算の改善してほしい点OCRの100%はないでしょうがアップロードした領収書や請求書を認識しないことがあり、精度がもう少し上がると良いのかなと思いました。楽楽精算導入で得られた効果・メリット取引先の会社が使用していることから紹介いただき導入しました。請求書は郵送するもの、メールで受け取るものと今まで管理がバラバラで請求書を探すのに時間がかかることが悩みでした。紙データもスキャンした書類をアップロードすることで電子データとして一元管理でき非常に楽です。インボイスや電帳法にも対応しているので一石三鳥です。
299,2023/08/13,今まで紙の領収書と精算書を印刷、郵送していたのが一気になくなり、写真撮影済の領収書を確認するだけでよくなった,ワークフローという社内承認システムがオプションでつけられるが、スマホアプリには対応しておらず、web上で処理が必要。,精算者及び担当者どちらもペーパーレス化により、作業量が減り負担が少なくなった。郵送や紙の印刷代などのコストも削減できる。この口コミを詳しく見る,領収書と精算書を印刷、郵送していたのが一気になくなり、写真撮影済の領収書を確認するだけでよくなった楽楽精算の改善してほしい点ワークフローという社内承認システムがオプションでつけられるが、スマホアプリには対応しておらず、web上で処理が必要。楽楽精算導入で得られた効果・メリット精算者及び担当者どちらもペーパーレス化により、作業量が減り負担が少なくなった。郵送や紙の印刷代などのコストも削減できる。
300,2023/08/13,各営業担当から申請があり、総務業務としてはそれを承認すればよいだけとなった為、事務処理工数が飛躍的に改善し、作業効率の向上を図る事が出来た。,毎月初になると新たにURLを登録しなおす必要がある為、その点作業が億劫になってしまう。その為、月が変わったとしても継続して登録し直さなくとも申請ができるようにしておいていただきたい。,交通費や経費及び交際費申請に関して、今までは各紙ベースでの申請をおこなっていた。また各営業からの申請内容に不備がないかどうか各総務担当者がそれぞれチェックを行っていたものの、本件導入に辺りかなり簡略化され、業務効率改善に繋がった。,紙ベースでの処理をされている会社であれば相当数の工数改善に繋がります。
301,2023/08/13,スマホで領収書を写真に撮るだけで、精算や申請が出来る。また撮った写真を読み込機能で金額や日付を自動入力されるので、手入力によって間違えた金額や日付になってしまうことがまずない。,領収書だけでなく取り込める資料を増やして欲しい。領収書に付属する資料を参考資料として取り込みが出来、領収書と紐付けし、同時表示出来ればなお便利。システムの不具合がありましたか？入力文字数が多くなり、システムが認証されないことがあった。,まず領収書を溜め込んで精算するのを忘れてしまうことがなくなった。スマホで領収書を写真に撮るだけで、精算や申請が出来るので、出先での移動中、ホテル、自宅に帰ってからすぐ精算し今日かかった費用はその日に精算するように改善した,スマホでどこでも領収書精算や申請が出来るので便利。
302,2023/08/13,定期区間をあらかじめ登録しておくことで、定期区間を含む移動の交通費計算が自動でできたり、IC運賃利用の細かい計算まで自動で行ってくれる点がユーザーにとって助かっています。,精算の情報はたいした機密情報でもないのにパスワード有効期間が短く、同じパスワードを使えなかったりしてログインできなくなることが多々あります。ログイントラブルの解決に社内担当部署に対応してもらわなければならず、それによって社内規定の精算期限に間に合わなくなることもあります。ログイントラブル時の本人認証を登録メールアドレスと連携するなどして自己完結できるようにしてほしい。システムの不具合がありましたか？人事情報との紐づけが自動化されていないので、異動の度にログインできなくなる。異動の多い仕事なので、しょっちゅう設定のし直しが必要なのが面倒です。,楽楽精算というネーミングのイメージで精算が楽になると思いきや、ユーザー目線では総合的に見てさほど楽にはなっていない。以前は領収書原本提出で済んでいたものが、スキャンしてデータを紐づける手順が増えたりしているし、以前よりも時間はかかっている。経理担当者はかなり楽になっているはず。また、会社にいなくても精算手続きが完了できるのはよい。,ユーザーの業務効率化ではなく、経理担当者の業務効率化が必要な会社におすすめです。
303,2023/08/12,精算時の管理やチェックがとても楽になりました。紙ベースの管理、エクセルの入力がなくなりペーパレス化となったこと。交通費の金額内容のチェックもほとんど必要なくなったこと。,特にはないのですが、画面全体の配色が薄めなので、使用する機器によっては見づらく感じることがある。入力を行う際のサジェスト機能が高めであったら良い。システムの不具合がありましたか？申請側、受託側も慣れると簡単です。,営業からの経費精算が多くて時間を取られていたが、「楽楽精算」導入で大幅に効率化された。現状ではWEB上で完結できることが多くなり、効率化とペーパレス化が図れている。,作業効率化が図れると思います
304,2023/08/12,定期券範囲をあらかじめ設定、保存しておけるのが非常に便利。申請のたびに除外して計算する手間がなくなった。,承認者が複数いる際、右から左に向かって上位の承認者を設定するのはPCの横書き入力に反して直感的でなくわかりづらい。,弊社では交通費や資格試験などの精算が必要な申請についてそれぞれ違う方法での処理が必要だったが、一本化されわかりやすくなった。この口コミを詳しく見る,をあらかじめ設定、保存しておけるのが非常に便利。申請のたびに除外して計算する手間がなくなった。楽楽精算の改善してほしい点承認者が複数いる際、右から左に向かって上位の承認者を設定するのはPCの横書き入力に反して直感的でなくわかりづらい。楽楽精算導入で得られた効果・メリット弊社では交通費や資格試験などの精算が必要な申請についてそれぞれ違う方法での処理が必要だったが、一本化されわかりやすくなった。
305,2023/08/11,集計が簡単なので、毎月のとりまとめ作業が非常に早くなりました。ほぼ作業時間がなくなり、毎月のストレスがなくなりました。,特に目立ったストレスはありません。強いて言えば、シンプルなわりには、画面遷移に少し時間がかかるように思いますので、より軽量化するとよいと思います。システムの不具合がありましたか？特にありません。,ミスがなくなりました。別のシステムでは、集計時の設定を誤り、間違った集計をしてしまケースがありましたが、このシステムではありません。,基本的な業務をスムーズに行うことを考えた場合に、良い選択です。
306,2023/08/11,簡単に経費情報を登録し、申請することができます。領収書の撮影やデータの入力を効率的に行い、大幅に手間を削減することが出来た,経費情報や会社の支払いデータがクラウド上に保存されるため、プライバシーやセキュリティの懸念が生じる可能性があるので適切なセキュリティ対策を臨むシステムの不具合がありましたか？特定のニーズに合わせた細かなカスタマイズが難しい場合がある,経費の傾向やパターンを分析するためのデータを取得できます。これにより、コスト削減の機会や予算の最適化が可能となった,経費精算や経費管理を効率化するための便利なツールです
307,2023/08/10,移動することが多く、毎日違う場所に行くので紙での経費計算、記載がとても面倒でした。導入後は移動中に携帯で申請できますし、電車だけでなくバスなどの交通機関も検索可能です。,同じ移動先でも毎回入力しなければならないので、以前使用した移動先など履歴で残して即入力できるようになると助かります。,経費の申請忘れがなくなった。移動中に申請できるので、時間の効率化につながった。交通費も移動先を入力すると自動で出てくるので、計算間違いもないと思う。この口コミを詳しく見る,とが多く、毎日違う場所に行くので紙での経費計算、記載がとても面倒でした。導入後は移動中に携帯で申請できますし、電車だけでなくバスなどの交通機関も検索可能です。楽楽精算の改善してほしい点同じ移動先でも毎回入力しなければならないので、以前使用した移動先など履歴で残して即入力できるようになると助かります。楽楽精算導入で得られた効果・メリット経費の申請忘れがなくなった。移動中に申請できるので、時間の効率化につながった。交通費も移動先を入力すると自動で出てくるので、計算間違いもないと思う。
308,2023/08/09,今までは領収書の貼り付け、精算のために印刷して提出するという面倒な処理をしていたのがすべてweb上で完結するようになり日々の負担が軽減されました。,交通費の精算のための移動区間の設定をもう少し簡単にしたり、自動で設定できるような機能が欲しいです。領収書の登録も精算の登録タイミングで同時にできるともっと便利かと思います。システムの不具合がありましたか？特にありません。,日々の立替金精算にかかる煩わしい雑務時間が大幅に短縮することができたのが一番のメリットです。また、リモートでも精算が可能になったことで出社して提出しなくていいのが大きいです。,小人数の会社こそこういうところから改善していくのが寛容かと思います。
309,2023/08/09,これまでは1明細ずつに対して、経費負担プロジェクトを指定しないといけない運用でしたが、この製品ではタイトル部分で指定するだけで済みますので入力時の負担が軽減されます。また、領収書から日付や金額を自動で読み取ってもらえたり、マイパターンを登録して明細入力ができるため出張が多いときには特に便利だと感じます。,主に交通費精算で利用しているのですが、出発と到着を指定して経路を指定した後の操作が分かり難いように感じます。その経路であれば、どの金額になるかを算出するために乗換案内ボタンを押す必要がありますが、そのボタンが少し離れた位置に小さく表示されているため、直感的に操作できるような画面構成に改善してもらいたいです。システムの不具合がありましたか？特にトラブルや不具合は今のところありません。,これまで新幹線や宿泊の領収書は写真撮影してから画像ファイルとしてアップロードするか、PDFに保存してからアップロードして申請する必要がありました。しかし、こちらのサービスではスマホで撮影しただけでダイレクトに領収書としてアップロードできるようになったため、申請から承認までのスピードが上がったように感じます。,経費精算の不満を解消してくれ、承認までのスピードが向上します
310,2023/08/08,国内に多数ある拠点やグループ会社での精算業務関連のやり方を統合することで業務が効率化されますし、内部統制の強化につながります。また電子化により領収書を紙で管理するコストがなくなるので、コストカットにもなりますね。,従業員一人一人のその月にかかった経費をデータとして抽出ではなく表示したいです。また交通費精算の理由を簡単に選べると良いです。,今まで弊社では複数の拠点から郵送されてくる領収書が月１０００件ほどあり、それを倉庫に全て保管していました。管理コストがかかっていましたし、書類の検索にも多くの時間がかかっており大変でしたが、現在ではクラウド上で管理できて検索もスピーディーになりましたね。領収書は電子帳簿保存法での運用により定期保存した後に破棄できるので大幅なコストカットにつながっています。この口コミを詳しく見る,ある拠点やグループ会社での精算業務関連のやり方を統合することで業務が効率化されますし、内部統制の強化につながります。また電子化により領収書を紙で管理するコストがなくなるので、コストカットにもなりますね。楽楽精算の改善してほしい点従業員一人一人のその月にかかった経費をデータとして抽出ではなく表示したいです。また交通費精算の理由を簡単に選べると良いです。楽楽精算導入で得られた効果・メリット今まで弊社では複数の拠点から郵送されてくる領収書が月１０００件ほどあり、それを倉庫に全て保管していました。管理コストがかかっていましたし、書類の検索にも多くの時間がかかっており大変でしたが、現在ではクラウド上で管理できて検索もスピーディーになりましたね。領収書は電子帳簿保存法での運用により定期保存した後に破棄できるので大幅なコストカットにつながっています。
311,2023/08/08,楽楽精算側でwebAPIを提供しているので、自社の基幹システムとのデータ連携がCSVなどで簡単に連携できる。,特にありません。連携できる項目は、ユーザー側で自由に設定できるので、仕様変更があっても柔軟に対応できます。,テレワークが増えているので、なかなか自社に戻って旅費の精算をする機会がありません。楽楽精算のおかげでテレワーク中でも申請が可能なので、申請忘れが無くなりました。この口コミを詳しく見る,でwebAPIを提供しているので、自社の基幹システムとのデータ連携がCSVなどで簡単に連携できる。楽楽精算の改善してほしい点特にありません。連携できる項目は、ユーザー側で自由に設定できるので、仕様変更があっても柔軟に対応できます。楽楽精算導入で得られた効果・メリットテレワークが増えているので、なかなか自社に戻って旅費の精算をする機会がありません。楽楽精算のおかげでテレワーク中でも申請が可能なので、申請忘れが無くなりました。
312,2023/08/07,弊社では交通費や交際費を実費で払い、その後精算をするシステムとなっています。そのため領収書などを添付しなくてはいけないのですが、その添付が非常に容易に行えます。また交通費も自動的に候補を出してくれますので、精算の効率が高いと思います。,大きな不満はありませんが、強いて言えば領収書を読み取る際にたまに不具合が発生することです。他社サービスを使ったことがないので、比較はできませんが。,交通費の精算においては、申請間違えがなくなると思う。精算をする際、金額の候補が出てくるため、手動による金額相違は無くなるかと。この口コミを詳しく見る,通費や交際費を実費で払い、その後精算をするシステムとなっています。そのため領収書などを添付しなくてはいけないのですが、その添付が非常に容易に行えます。また交通費も自動的に候補を出してくれますので、精算の効率が高いと思います。楽楽精算の改善してほしい点大きな不満はありませんが、強いて言えば領収書を読み取る際にたまに不具合が発生することです。他社サービスを使ったことがないので、比較はできませんが。楽楽精算導入で得られた効果・メリット交通費の精算においては、申請間違えがなくなると思う。精算をする際、金額の候補が出てくるため、手動による金額相違は無くなるかと。
313,2023/08/06,領収書から自動で文字や金額を読み取り、入力してくれるところや、承認通知が来るところがかなり便利に感じます。,ボタンが小さくて、あまり見た目は優れていないところに問題があるかと思うのでそこをわかりやすく改善してくれると助かります。,これまでは出張の普通電車利用の際、金額と乗車駅を自分で調べて入力していたが、それらが定期も考慮し自動で計算してくれるので、他の仕事に時間が使えるようになった。この口コミを詳しく見る,自動で文字や金額を読み取り、入力してくれるところや、承認通知が来るところがかなり便利に感じます。楽楽精算の改善してほしい点ボタンが小さくて、あまり見た目は優れていないところに問題があるかと思うのでそこをわかりやすく改善してくれると助かります。楽楽精算導入で得られた効果・メリットこれまでは出張の普通電車利用の際、金額と乗車駅を自分で調べて入力していたが、それらが定期も考慮し自動で計算してくれるので、他の仕事に時間が使えるようになった。
314,2023/08/04,オンライン上で経費の申請が可能なため、リモートワークでも簡単に手続きができる。勘定科目の入力も間違っているとアラートが出るためミスに気づきやすいです。,よく使う項目や機能を自動で入力してくれるとより手間が減る。Outlookのスケジューラから自動で反映されると入力の手間が省ける。,以前は紙で都度承認をとっていたが、オンライン上で承認ができる上にスマホからでも手続きが可能なためスピードを持って手続きが可能で大変助かっている。また、過去の履歴もシステム上に残っているため過去のデータを確認できるのが非常に便利である。この口コミを詳しく見る,上で経費の申請が可能なため、リモートワークでも簡単に手続きができる。勘定科目の入力も間違っているとアラートが出るためミスに気づきやすいです。楽楽精算の改善してほしい点よく使う項目や機能を自動で入力してくれるとより手間が減る。Outlookのスケジューラから自動で反映されると入力の手間が省ける。楽楽精算導入で得られた効果・メリット以前は紙で都度承認をとっていたが、オンライン上で承認ができる上にスマホからでも手続きが可能なためスピードを持って手続きが可能で大変助かっている。また、過去の履歴もシステム上に残っているため過去のデータを確認できるのが非常に便利である。
315,2023/08/04,会社の経費精算がまとめて一括で出来るようになったので、やりやすくなった。また、不明点のヘルプもわかりやすいので、一度会社から説明を受けたあとわからない点も検索しやすい。,交通費精算で、行き先を一つ一つ入れるのが手間。一括でもできるが、営業職で外回りが多いと都度いれなければならないのが少し煩わしい。システムの不具合がありましたか？特になし。,一つのシステムで全ての精算ができるため、初心者でもわかりやすいし、覚えやすい。またスマホから領収書をアップできるのも在宅勤務でも簡単にできる。,全ての精算を一つにまとめるのに便利。
316,2023/08/03,領収書を電子データとして保存できる利便性に加えて、申請プロセスにおける「承認待ち」の時間がかなり削減されるので使いやすさは抜群です。,運用の初期段階では操作が複雑で慣れるまで時間が掛かったのと、UIが不親切で統一性に欠けるにでそこを改善していただきたいです。,元々は紙で行われていた経費請求ですが、デジタル化の風潮によって導入しました。特に、遠隔地からの申請は郵送に時間を取られていましたが、楽楽精算のおかげでタイムレスに承認まで完了するようになって時間的コストに削減に成功しました。この口コミを詳しく見る,子データとして保存できる利便性に加えて、申請プロセスにおける「承認待ち」の時間がかなり削減されるので使いやすさは抜群です。楽楽精算の改善してほしい点運用の初期段階では操作が複雑で慣れるまで時間が掛かったのと、UIが不親切で統一性に欠けるにでそこを改善していただきたいです。楽楽精算導入で得られた効果・メリット元々は紙で行われていた経費請求ですが、デジタル化の風潮によって導入しました。特に、遠隔地からの申請は郵送に時間を取られていましたが、楽楽精算のおかげでタイムレスに承認まで完了するようになって時間的コストに削減に成功しました。
317,2023/08/02,交通費や領収書など、細かい精算をまとめて精算出来ることがまずいいところ。パソコンが苦手な方でもスムーズに登録できて、面倒なことがない。,いままで使ってきたが、特に難しい操作はなく、改善して欲しいとは思うところは無い。強いて言うならネーミングかな…と。システムの不具合がありましたか？特になし,いままでは個別で書類をまとめて事務に申請したりなど、いちいち手間が多かった。パソコン1つでさっと申請がまとまるので無駄が省けて本当にいいサービスだと思います。,特になし
318,2023/08/02,領収書をデータとして扱えるようになった上に、申請を受理する側の確認作業も人為的なミスがないのでとにかく手間がかからず楽です。,指定した日時にリマインダーメールが送信される仕組みがあると非常に助かります。また、OCRの精度も向上すると嬉しいです。,支払いについて、オンライン化によりテレワークでも使えるのが非常に便利です。また、未処理の支払い申請を把握しやすくなったため、受理漏れが格段に減りました。この口コミを詳しく見る,ータとして扱えるようになった上に、申請を受理する側の確認作業も人為的なミスがないのでとにかく手間がかからず楽です。楽楽精算の改善してほしい点指定した日時にリマインダーメールが送信される仕組みがあると非常に助かります。また、OCRの精度も向上すると嬉しいです。楽楽精算導入で得られた効果・メリット支払いについて、オンライン化によりテレワークでも使えるのが非常に便利です。また、未処理の支払い申請を把握しやすくなったため、受理漏れが格段に減りました。
319,2023/08/02,交通費精算のとき、値段調べなくても路線検索と連動して精算しやすいレシートの写真をアップすることで管理される所過去の精算履歴も残ってるのでそれを流用して精算記載できる,出張時の手当てを追加行をつくって作成しないといけない。通勤の支払いと別になっていること。国内旅費精算出張のタイプで異なるところ,個々に会社携帯を配布されていますが、会社パソコンからも携帯アプリからも精算可能であるので、場所を問わずできることこの口コミを詳しく見る,のとき、値段調べなくても路線検索と連動して精算しやすいレシートの写真をアップすることで管理される所過去の精算履歴も残ってるのでそれを流用して精算記載できる楽楽精算の改善してほしい点出張時の手当てを追加行をつくって作成しないといけない。通勤の支払いと別になっていること。国内旅費精算出張のタイプで異なるところ楽楽精算導入で得られた効果・メリット個々に会社携帯を配布されていますが、会社パソコンからも携帯アプリからも精算可能であるので、場所を問わずできること
320,2023/08/02,現職でかれこれ4年ほど利用しております。前職ではアナログで交通費、出張精算を行なっていた事もあり、画期的に感じました。特に、申請を忘れてしまっていくつも溜まってしまった際も同時にまとめて行える点がありがたいです。ルート検索も同画面で確認もできありがたい。,特にこれといってありませんが、強いて言うなら一時保存と申請タブが初めは少しわかりづらかったです。あとは特にありません。,総務課の担当者へ都度申請していた手間が、一度に申請できる事で手間が双方省け、業務効率が良くなったと思う。この口コミを詳しく見る,これ4年ほど利用しております。前職ではアナログで交通費、出張精算を行なっていた事もあり、画期的に感じました。特に、申請を忘れてしまっていくつも溜まってしまった際も同時にまとめて行える点がありがたいです。ルート検索も同画面で確認もできありがたい。楽楽精算の改善してほしい点特にこれといってありませんが、強いて言うなら一時保存と申請タブが初めは少しわかりづらかったです。あとは特にありません。楽楽精算導入で得られた効果・メリット総務課の担当者へ都度申請していた手間が、一度に申請できる事で手間が双方省け、業務効率が良くなったと思う。
321,2023/08/02,スマホで領収書を撮影することで支払い先や金額を読み取ってくれるのが非常にありがたく、とても効率的である。,領収書の撮影に関してうまく行かないときがある。アルファベットの読み取りが弱いような気がするので改善求む。,支払いを申請するときにいちいち出社しなくて良くなった。入力作業がいらないため時間を有効に使うことができた。この口コミを詳しく見る,収書を撮影することで支払い先や金額を読み取ってくれるのが非常にありがたく、とても効率的である。楽楽精算の改善してほしい点領収書の撮影に関してうまく行かないときがある。アルファベットの読み取りが弱いような気がするので改善求む。楽楽精算導入で得られた効果・メリット支払いを申請するときにいちいち出社しなくて良くなった。入力作業がいらないため時間を有効に使うことができた。
322,2023/08/01,交通費を経路別の費用換算を行ってくれており、定期区間も含めた最安経路を計算してくれる。経由値を設定しても以上の条件を加味して精算してくれる。,スマホ版は使いやすいが、逆にweb版の方が使いにくいという可逆的な仕様。バスの経路なども最安値計算をしてくれるが、電車よりも精度が劣る。,切符を買い、領収書を経理に申請すると言う、煩雑で時間のかかる処理方法から一気にスマートになった。出先から申請が可能になり時間効率も良くなった。この口コミを詳しく見る,路別の費用換算を行ってくれており、定期区間も含めた最安経路を計算してくれる。経由値を設定しても以上の条件を加味して精算してくれる。楽楽精算の改善してほしい点スマホ版は使いやすいが、逆にweb版の方が使いにくいという可逆的な仕様。バスの経路なども最安値計算をしてくれるが、電車よりも精度が劣る。楽楽精算導入で得られた効果・メリット切符を買い、領収書を経理に申請すると言う、煩雑で時間のかかる処理方法から一気にスマートになった。出先から申請が可能になり時間効率も良くなった。
323,2023/07/31,経費申請において、入力作業の簡単さと金額の自動計算によりユーザーのやりたいことを最低限の動きで実現してくれます。スマホからも使える点も高評価です。,毎月の経費申請の締日前日などにメールや通知でリマインドしてくれる機能が欲しいです。リマインドの日程もユーザーが設定できれば嬉しいです。,特に交通費の申請において、毎月の入力作業なだけに金額を調べて自分で入力して、往復の場合は2倍してなどで時間がかかっていました。楽楽精算はすべて自動で計算してくれるためそういった作業が無くなり、効率アップとミスの削減の一石二鳥になっています。この口コミを詳しく見る,おいて、入力作業の簡単さと金額の自動計算によりユーザーのやりたいことを最低限の動きで実現してくれます。スマホからも使える点も高評価です。楽楽精算の改善してほしい点毎月の経費申請の締日前日などにメールや通知でリマインドしてくれる機能が欲しいです。リマインドの日程もユーザーが設定できれば嬉しいです。楽楽精算導入で得られた効果・メリット特に交通費の申請において、毎月の入力作業なだけに金額を調べて自分で入力して、往復の場合は2倍してなどで時間がかかっていました。楽楽精算はすべて自動で計算してくれるためそういった作業が無くなり、効率アップとミスの削減の一石二鳥になっています。
324,2023/07/30,画面をぽちぽちしていればやりたい精算内容に辿り着けるくらいUIの階層構成がシンプルで、万人に使いやすい。,交通費精算などでマイプラン設定が行えるが、精算作業を終了した際にマイプラン登録をするしないを選択できるようにして欲しい,マイプラン登録をすることでの精算作業効率化事前に下書き作成をしておくことで、申請漏れを防ぐことができた。この口コミを詳しく見る,ぽちしていればやりたい精算内容に辿り着けるくらいUIの階層構成がシンプルで、万人に使いやすい。楽楽精算の改善してほしい点交通費精算などでマイプラン設定が行えるが、精算作業を終了した際にマイプラン登録をするしないを選択できるようにして欲しい楽楽精算導入で得られた効果・メリットマイプラン登録をすることでの精算作業効率化事前に下書き作成をしておくことで、申請漏れを防ぐことができた。
325,2023/07/29,精算が早く効率出来るようになったのは良い点である。特に申請もシステム内で出来るので、全て本システムにて完結できるのが更に良い。,備考欄など全角文字しか対応てきないかつ、点「、」などもはじかれるため、その部分に関しては許容度を上げるなどの改善をしてほしい。システムの不具合がありましたか？なし,今までの精算システムより約半分の時間で出来るため、業務が効率化した。特にスマホからでも申請含め出来るので、出先でも簡単に出来るのがメリットである。この口コミを詳しく見る,効率出来るようになったのは良い点である。特に申請もシステム内で出来るので、全て本システムにて完結できるのが更に良い。楽楽精算の改善してほしい点備考欄など全角文字しか対応てきないかつ、点「、」などもはじかれるため、その部分に関しては許容度を上げるなどの改善をしてほしい。システムの不具合がありましたか？なし楽楽精算導入で得られた効果・メリット今までの精算システムより約半分の時間で出来るため、業務が効率化した。特にスマホからでも申請含め出来るので、出先でも簡単に出来るのがメリットである。
326,2023/07/29,領収書読み取り機能(OCR機能)がほんとに便利！スマホのカメラからの領収書撮影で大丈夫なので社用貸与スマホで誰でも利用できます。紙媒体無くしてもチェックが容易になりました。,クラウドサービスなので仕方ないですが、オフライン環境で制限ありでも使用できるようになるとより便利に感じます。,導入前は紙媒体の領収書を不手際で紛失した際に経費として認められないため実費になる社員もいたが、領収書読み取り機能のおかげでこの問題は無くなりました。結果、社員満足度向上につながってます。この口コミを詳しく見る,取り機能(OCR機能)がほんとに便利！スマホのカメラからの領収書撮影で大丈夫なので社用貸与スマホで誰でも利用できます。紙媒体無くしてもチェックが容易になりました。楽楽精算の改善してほしい点クラウドサービスなので仕方ないですが、オフライン環境で制限ありでも使用できるようになるとより便利に感じます。楽楽精算導入で得られた効果・メリット導入前は紙媒体の領収書を不手際で紛失した際に経費として認められないため実費になる社員もいたが、領収書読み取り機能のおかげでこの問題は無くなりました。結果、社員満足度向上につながってます。
327,2023/07/29,PC版もスマホ版もどちらも見やすいデザインで、操作に迷うことがありません。また、不具合なども特に発生していないため、申請〆切間近でトラブルが発生して遅れるといったこともないです。,金額の自動計算などの各種機能は便利なのだが、申請までに行うべき作業が少し多いように感じる。よく使うルートなどは登録しておいて呼び起こして日付を設定するだけで申請できるようにしてほしい。,システム的に事前に申請に必要な事項がすべて明記されており、不足があればエラーが出て気づくことができるため、申請後の修正や差戻がなくなり、申請者によっても承認者にとってもメリットが大きいと思います。この口コミを詳しく見る,マホ版もどちらも見やすいデザインで、操作に迷うことがありません。また、不具合なども特に発生していないため、申請〆切間近でトラブルが発生して遅れるといったこともないです。楽楽精算の改善してほしい点金額の自動計算などの各種機能は便利なのだが、申請までに行うべき作業が少し多いように感じる。よく使うルートなどは登録しておいて呼び起こして日付を設定するだけで申請できるようにしてほしい。楽楽精算導入で得られた効果・メリットシステム的に事前に申請に必要な事項がすべて明記されており、不足があればエラーが出て気づくことができるため、申請後の修正や差戻がなくなり、申請者によっても承認者にとってもメリットが大きいと思います。
328,2023/07/28,申請経路をあらかじめ設定することができるため、毎回申請先を申請者が設定しなくても良い点が楽で良いです。,経路の選択がたまに、下の方までスクロールしないと自分が利用した経路が見つからない場合があるため、普段使っている経路などからある程度絞り込んだり、上の方に持ってきてほしい。,今までは自分で経由駅などを考慮した交通費の計算を行ってから、申請を行わなければいけない手順でしたが、楽楽精算によってその部分を自動化することができたため、計算ミスもなく申請工数もかなり削減できています。この口コミを詳しく見る,あらかじめ設定することができるため、毎回申請先を申請者が設定しなくても良い点が楽で良いです。楽楽精算の改善してほしい点経路の選択がたまに、下の方までスクロールしないと自分が利用した経路が見つからない場合があるため、普段使っている経路などからある程度絞り込んだり、上の方に持ってきてほしい。楽楽精算導入で得られた効果・メリット今までは自分で経由駅などを考慮した交通費の計算を行ってから、申請を行わなければいけない手順でしたが、楽楽精算によってその部分を自動化することができたため、計算ミスもなく申請工数もかなり削減できています。
329,2023/07/28,以前使用して交通費の精算方法では別のサイトを開いて交通費を確認、それを精算するサイトに入力する必要があったが楽楽精算は一つのサイトで完結する。,改善して欲しいところは使用していて特にない。しいていうなら交通費の申請で同じ申請を期間を指定して一括で作成してくれるようになれば楽になる。,確認者も同様にこのサイト1つで完結するし入力間違いもなくなるので確認が楽になっていると思う。申請から支給までのスピードが早くなっている。以前利用していた製品の解約理由導入者では無いので理由は不明この口コミを詳しく見る,て交通費の精算方法では別のサイトを開いて交通費を確認、それを精算するサイトに入力する必要があったが楽楽精算は一つのサイトで完結する。楽楽精算の改善してほしい点改善して欲しいところは使用していて特にない。しいていうなら交通費の申請で同じ申請を期間を指定して一括で作成してくれるようになれば楽になる。楽楽精算導入で得られた効果・メリット確認者も同様にこのサイト1つで完結するし入力間違いもなくなるので確認が楽になっていると思う。申請から支給までのスピードが早くなっている。以前利用していた製品の解約理由導入者では無いので理由は不明
330,2023/07/26,テレワーク下においても、申請から上長確認・担当部署の確認などを踏まえた承認までメールやチャットツールなどで確認するために回覧する必要がなく、スムーズな精算を実現できます。,請求書を取り込む際、取込と申請が別画面で行わなければならないため、取り込んだ後でそのままシームレスに申請まで持っていけるようにしてほしい。,場所や環境（VPNなど）を選ばずアプリ・Webから申請を行える点と、原本を提出しなければいけないという仕組みを排除できるため、時間的・物理的な障害の削減になっています。この口コミを詳しく見る,下においても、申請から上長確認・担当部署の確認などを踏まえた承認までメールやチャットツールなどで確認するために回覧する必要がなく、スムーズな精算を実現できます。楽楽精算の改善してほしい点請求書を取り込む際、取込と申請が別画面で行わなければならないため、取り込んだ後でそのままシームレスに申請まで持っていけるようにしてほしい。楽楽精算導入で得られた効果・メリット場所や環境（VPNなど）を選ばずアプリ・Webから申請を行える点と、原本を提出しなければいけないという仕組みを排除できるため、時間的・物理的な障害の削減になっています。
331,2023/07/26,空いた時間に当月分の交通費の入力を1日単位で行え、申請まで保存しておけるため月末や月初にまとめて入力して漏れがあったり、慌てて作業することを防げています。,他の製品、特に稟議などのワークフローのシステムとの連携を強化してワンストップで申請が行えるようになるともっと楽になると思うので、是非他製品との連携を強化してほしい。,経路を指定すれば金額を自動で計算してくれる機能や、承認経路を自ら正しく設定できる機能などユーザーの正確な申請をうまくサポートしてくれる機能が多く実装されているため、楽しながらミスのない申請をできています。この口コミを詳しく見る,に当月分の交通費の入力を1日単位で行え、申請まで保存しておけるため月末や月初にまとめて入力して漏れがあったり、慌てて作業することを防げています。楽楽精算の改善してほしい点他の製品、特に稟議などのワークフローのシステムとの連携を強化してワンストップで申請が行えるようになるともっと楽になると思うので、是非他製品との連携を強化してほしい。楽楽精算導入で得られた効果・メリット経路を指定すれば金額を自動で計算してくれる機能や、承認経路を自ら正しく設定できる機能などユーザーの正確な申請をうまくサポートしてくれる機能が多く実装されているため、楽しながらミスのない申請をできています。
332,2023/07/25,交通費の申請で出発地と目的地を入力すると自動で料金が反映され入力する箇所が最小限ですみます。会社貸与携帯のアプリから領収書を撮影することで自動でデータ化してくれるためかなり楽で作業時間も短縮されますす。,特に改善点は感じられないですが、強いて言うならお気に入り登録などできる機能があるとより便利だと感じました。自分がよく使うものを登録しておくことですぐに申請に取りかかれるようになると思います。システムの不具合がありましたか？たまにアイコンをクリックしても反応しない時がありました。,申請フローが見やすいため今どこまで承認が進んでいて後何ステップで完了するか一目で分かります。それにより誰が申請を止めているのかが分かり、承認を催促することで申請忘れにより翌月に承認が繰り越されることがなくなりました。,入力項目は最小限にされているため作業時間の短縮や入力ミスを防ぐげるところがポイントです。
333,2023/07/25,パソコンからでもアプリからでも操作できるため、クライアント先等外出時でもその場で経費の精算ができる。申請した経費の承認状況等が確認しやすく、何か不備があった場合でもすぐに対応できる。,自社のオフィス以外にもクライアント先等複数よく行く場所があるので、交通費精算の際に複数の経路をあらかじめ登録、選択して経費精算処理ができるようにしてほしい。システムの不具合がありましたか？特にトラブルはありません。,以前使用していたサービスでは一回一回経費伝票を印刷したり、交通費精算の際には別アプリから電車経路を検索したりとかなり時間がかかっておりました。楽楽精算を使用するようになってからは、アプリで外出先でも操作できたり、楽楽精算内で経費処理が完結できるようになったので、業務の効率化につながっております。,とりあえず楽に経費処理をしたい、経費精算の効率化により業務の生産性を上げたいという方におすすめです。
334,2023/07/25,わかりやすくてシンプルなデザインですので、はじめての方でも操作できると思います。交通費の精算が多いのですが、乗換案内などを自動選択してくれるため、手間がかからず助かっています。,特にはありません。操作画面がわかりやすく、操作がやりやすい作りだと良いです。もう少しデザイン性があればと思います。,導入前はエクセルで管理しており、金額の相違や記入漏等があり多くの時間を要していました。導入してからミスもなくなり大幅な時間短縮が出来て、業務の効率化が成されました。申請側（主に営業）も申請忘れ等が無くなり、評判は良いようです。,ペーパーレスの経費精算が実現しました
335,2023/07/25,Web上での申請が可能なためExcel等スマホとPCで操作感が違って、スマホでは操作しにくいといったことがないのがメリットです。,過去の申請内容をコピーしても乗り換え設定がコピーされず、違う乗り換えで表示されていることがあるので、その点改善してほしいです。,今まで必要だった領収書の原本の提出など、紙での管理・保管が必要だったものが不要になったため申請の際に用意すべきものが極端に減り申請・承認の時間の短縮に繋がっています。この口コミを詳しく見る,の申請が可能なためExcel等スマホとPCで操作感が違って、スマホでは操作しにくいといったことがないのがメリットです。楽楽精算の改善してほしい点過去の申請内容をコピーしても乗り換え設定がコピーされず、違う乗り換えで表示されていることがあるので、その点改善してほしいです。楽楽精算導入で得られた効果・メリット今まで必要だった領収書の原本の提出など、紙での管理・保管が必要だったものが不要になったため申請の際に用意すべきものが極端に減り申請・承認の時間の短縮に繋がっています。
336,2023/07/25,画面の操作が直感で行えるため、難しいことを覚えなくてもよいため、パソコンの苦手な社員でも使いやすそうに感じました。また、交通費の精算に関しては、画面上からルートの検索と運賃の自動入力がされてとても便利だと思います。,ログインして一番はじめの画面で、最もよく使われるであろう新規作成のためのボタンや、過去の履歴を見るボタンがどれなのか、結構分かりづらいです。,導入前は会社の独自システムを使用していて、精算したものは紙にプリントし、裏面に領収書を貼って提出が必要だったため、出社が必須でした。導入後はプリントアウトの必要も少なくなり、コロナ禍を機に自社でも在宅勤務が導入されましたが、精算のために出社をする必要がなくなりとても助かっています。この口コミを詳しく見る,が直感で行えるため、難しいことを覚えなくてもよいため、パソコンの苦手な社員でも使いやすそうに感じました。また、交通費の精算に関しては、画面上からルートの検索と運賃の自動入力がされてとても便利だと思います。楽楽精算の改善してほしい点ログインして一番はじめの画面で、最もよく使われるであろう新規作成のためのボタンや、過去の履歴を見るボタンがどれなのか、結構分かりづらいです。楽楽精算導入で得られた効果・メリット導入前は会社の独自システムを使用していて、精算したものは紙にプリントし、裏面に領収書を貼って提出が必要だったため、出社が必須でした。導入後はプリントアウトの必要も少なくなり、コロナ禍を機に自社でも在宅勤務が導入されましたが、精算のために出社をする必要がなくなりとても助かっています。
337,2023/07/25,領収書の原本の管理が不要となり、すべてオンライン上で管理・申請することができるようになったため経費申請にかかる工数の削減につながっている。,あまり困っていることはないが、理想を言えば、カレンダー機能や予定表などと移動先を連携して、自動で交通費の入力を行いユーザーは確認するだけになればもっと楽になると思います。,今まで〆切ギリギリでの申請になった場合に、差戻等があるとそこからの作業や承認までに時間が掛かっていたが、楽楽精算では、どこを直せばいいのか分かったりスマホからサクッと修正できるので、〆切を超えるリスクを軽減できました。この口コミを詳しく見る,本の管理が不要となり、すべてオンライン上で管理・申請することができるようになったため経費申請にかかる工数の削減につながっている。楽楽精算の改善してほしい点あまり困っていることはないが、理想を言えば、カレンダー機能や予定表などと移動先を連携して、自動で交通費の入力を行いユーザーは確認するだけになればもっと楽になると思います。楽楽精算導入で得られた効果・メリット今まで〆切ギリギリでの申請になった場合に、差戻等があるとそこからの作業や承認までに時間が掛かっていたが、楽楽精算では、どこを直せばいいのか分かったりスマホからサクッと修正できるので、〆切を超えるリスクを軽減できました。
338,2023/07/25,勤務先の交通費や立替経費精算で日常的にしようしています。タイトルにも書きましたが、経費精算も項目がかなり細分化されており、管理者も使用ユーザーも分かりやすいです。交通費も最短最安最近のルートが簡単に出てくるので、事務での確認作業が楽々に出来ています。,領収書等は別のExcelシートに貼っているので、そこがリンクした形で一元化される仕組み（スキャン）してデータを取り込む等が出来れば、尚良いです。システムの不具合がありましたか？今のところ特にありません。,1番は業務の効率化です。導入前は特に交通費について事務での確認作業に非常に時間がかかっていました。導入後、精算申告を見れば一発で確認が取れるので、ストレスなく精算が出来ています。,楽楽精算いう名前の通り、ストレスフリーで経費精算ができます。
339,2023/07/24,なんといっても、製品価格の安さに限ると思う。世の中には機能過多の経費精算システムがある中、楽楽精算は中小企業向けの製品開発から始まっていることもあり、必要十分な機能が揃っている。,上記にも記載した通り、必要十分な機能が揃っていると言うことは、裏返せば不満点もないと言うことになるのだが、あえて言うとすれば、ユーザー数が増えた時の価格帯系だと思う。ボリュームディスカウントが効くような価格にして欲しい。,経費精算の際の業務効率化だと思う。従来は近距離交通費精算の時はジョルダンなどを見て一々金額確認が必要だったが、このシステムでは経路検索も内包されており、大変便利である。この口コミを詳しく見る,ても、製品価格の安さに限ると思う。世の中には機能過多の経費精算システムがある中、楽楽精算は中小企業向けの製品開発から始まっていることもあり、必要十分な機能が揃っている。楽楽精算の改善してほしい点上記にも記載した通り、必要十分な機能が揃っていると言うことは、裏返せば不満点もないと言うことになるのだが、あえて言うとすれば、ユーザー数が増えた時の価格帯系だと思う。ボリュームディスカウントが効くような価格にして欲しい。楽楽精算導入で得られた効果・メリット経費精算の際の業務効率化だと思う。従来は近距離交通費精算の時はジョルダンなどを見て一々金額確認が必要だったが、このシステムでは経路検索も内包されており、大変便利である。
340,2023/07/23,交通費精算の際に、路線検索のサイトと連動していて自動で入力できるところがとても助かる。別で調べて入力する手間が省ける。,出張精算の際に、日当や宿泊代を入れる部分が若干ややこしく感じた。交通費と同じページではなく別ページでやれた方が個人的にはやりやすい。,交通費精算、出張精算、請求書払い、立替精算どれも１回登録してしまえば次回行う際に似た内容であればかなりの時間が削減できる。この口コミを詳しく見る,の際に、路線検索のサイトと連動していて自動で入力できるところがとても助かる。別で調べて入力する手間が省ける。楽楽精算の改善してほしい点出張精算の際に、日当や宿泊代を入れる部分が若干ややこしく感じた。交通費と同じページではなく別ページでやれた方が個人的にはやりやすい。楽楽精算導入で得られた効果・メリット交通費精算、出張精算、請求書払い、立替精算どれも１回登録してしまえば次回行う際に似た内容であればかなりの時間が削減できる。
341,2023/07/23,一目で分かりやすく操作性に優れた画面構成である点です。また交通経路について、経路選択ができるのも助かります。,新幹線のEXカードを利用するときに、通常時と金額が異なるため、企業ごとに特有の選択肢を登録できると助かります。,個人の通勤経路を登録できるため、定期券圏内については自動で省略され、毎月発生する精算業務の効率化に繋がりました。この口コミを詳しく見る,りやすく操作性に優れた画面構成である点です。また交通経路について、経路選択ができるのも助かります。楽楽精算の改善してほしい点新幹線のEXカードを利用するときに、通常時と金額が異なるため、企業ごとに特有の選択肢を登録できると助かります。楽楽精算導入で得られた効果・メリット個人の通勤経路を登録できるため、定期券圏内については自動で省略され、毎月発生する精算業務の効率化に繋がりました。
342,2023/07/23,直感的にわかりやすい操作で、出発駅から到着駅までの運賃を自動で計算してくれるため、手動時よりも大幅に作業短縮が可能。,特にないが、敢えて言えば領収書の読み取り機能があれば、紙を用意する作業が無くなるため、より効率的になると思う。,通常経費精算には印鑑が必要だったものが、楽楽精算を利用することで印鑑の必要がなくなり、テレワークの推進に役立っている。,経費精算に膨大な時間を要している方は、楽楽精算を利用することで大幅な時間短縮が可能
343,2023/07/23,以前は紙のやり取りで、Excelに入力していくというやり方でしたが、スマホからアプリでアップロードすれば自動で取り込めるようになった。,便利に使わせて頂いているので、特に困ることはないのですが、ファイルが１つしか添付できないので、複数添付できるようにしてほしいです。,経費の提出が楽になりました。Excelの手間がなくなり、時短になったのと、乗り換え案内も検索できるので、すべてWeb上で完結できます。この口コミを詳しく見る,やり取りで、Excelに入力していくというやり方でしたが、スマホからアプリでアップロードすれば自動で取り込めるようになった。楽楽精算の改善してほしい点便利に使わせて頂いているので、特に困ることはないのですが、ファイルが１つしか添付できないので、複数添付できるようにしてほしいです。楽楽精算導入で得られた効果・メリット経費の提出が楽になりました。Excelの手間がなくなり、時短になったのと、乗り換え案内も検索できるので、すべてWeb上で完結できます。
344,2023/07/23,主に出張精算や経費精算があった際に使っているが使いやすい。レシートの読み取りはスムーズでuiも使いやすくなっている。,レシート内に軽減税率と通常の税率が併記されている場合、処理がわかりづらい。また使った項目を記憶して次回表示して欲しい。,日々の精算業務がスマホ一つでできるため、会社に出社し書類を提出すると言った手間が省けるので非常に効率的。この口コミを詳しく見る,算や経費精算があった際に使っているが使いやすい。レシートの読み取りはスムーズでuiも使いやすくなっている。楽楽精算の改善してほしい点レシート内に軽減税率と通常の税率が併記されている場合、処理がわかりづらい。また使った項目を記憶して次回表示して欲しい。楽楽精算導入で得られた効果・メリット日々の精算業務がスマホ一つでできるため、会社に出社し書類を提出すると言った手間が省けるので非常に効率的。
345,2023/07/23,定期区間を考慮してくれるので、金額修正しなくて楽です。また、一時保存もできるので、安心して使えます。,ICカードの履歴から読み取り、日付から自動的にリスト作成できるようになれば、かなり楽になるかと思います。,領収書をスマホからカメラで撮れば、申請できるので、出張の帰りに済ませられるので時間を効率的に使えます。この口コミを詳しく見る,考慮してくれるので、金額修正しなくて楽です。また、一時保存もできるので、安心して使えます。楽楽精算の改善してほしい点ICカードの履歴から読み取り、日付から自動的にリスト作成できるようになれば、かなり楽になるかと思います。楽楽精算導入で得られた効果・メリット領収書をスマホからカメラで撮れば、申請できるので、出張の帰りに済ませられるので時間を効率的に使えます。
346,2023/07/23,今までは会社に戻ってから領収書をPDF化して申請する必要があったが、スマホから経費精算処理ができるので、精算し忘れが格段に減った。,少しだけだが、UIが分かりにくい部分があり、導入当初は入力間違いがよく発生していた。入力箇所を極力減らすことができれば尚良い。,経費精算処理が必要な本人が作業をする必要があるため、精算漏れの責任の所在などが明確になった。また、スタッフの雑務対応時間の削減に繋がった。この口コミを詳しく見る,社に戻ってから領収書をPDF化して申請する必要があったが、スマホから経費精算処理ができるので、精算し忘れが格段に減った。楽楽精算の改善してほしい点少しだけだが、UIが分かりにくい部分があり、導入当初は入力間違いがよく発生していた。入力箇所を極力減らすことができれば尚良い。楽楽精算導入で得られた効果・メリット経費精算処理が必要な本人が作業をする必要があるため、精算漏れの責任の所在などが明確になった。また、スタッフの雑務対応時間の削減に繋がった。
347,2023/07/22,同じ内容を繰り返し登録する作業を省略することが出来る。経費精算では同じ経路の申請をする事が多々ある事から、良い機能であると思う,新規入力の手間がもう少し楽になると使い勝手が良いと思う。過去に入力した内容を一部複写できるとさらに良い。,業務時間の短縮に繋がることが最大のメリットであると思う。また、社内の管理部側が確認しやすいことも特徴である。この口コミを詳しく見る,繰り返し登録する作業を省略することが出来る。経費精算では同じ経路の申請をする事が多々ある事から、良い機能であると思う楽楽精算の改善してほしい点新規入力の手間がもう少し楽になると使い勝手が良いと思う。過去に入力した内容を一部複写できるとさらに良い。楽楽精算導入で得られた効果・メリット業務時間の短縮に繋がることが最大のメリットであると思う。また、社内の管理部側が確認しやすいことも特徴である。
348,2023/07/22,簡単で分かりやすい操作性とリアルタイムでの申請と承認も進捗が逐一確認可能。レシートもデジタル化可能なので申請側も経理側も作業が効率化される。,レシートのOCR精度の向上と外部連携サービスの充実。また、申請の種別項目をより簡易的に追加出来ると助かる。,経費管理の容易さだけでなく、経理側でのデータの整理や分析、経費精算の透明性や精度が向上し、社内での経費精算に対する抵抗感が低下し、同時に経費に対する意識も高まったと感じる。この口コミを詳しく見る,りやすい操作性とリアルタイムでの申請と承認も進捗が逐一確認可能。レシートもデジタル化可能なので申請側も経理側も作業が効率化される。楽楽精算の改善してほしい点レシートのOCR精度の向上と外部連携サービスの充実。また、申請の種別項目をより簡易的に追加出来ると助かる。楽楽精算導入で得られた効果・メリット経費管理の容易さだけでなく、経理側でのデータの整理や分析、経費精算の透明性や精度が向上し、社内での経費精算に対する抵抗感が低下し、同時に経費に対する意識も高まったと感じる。
349,2023/07/22,経費・交通費申請における申請がオンラインで出来るようになり便利です。アップロード機能も時間があまりかからなくてストレスフリーで使えています。,リマインダー機能を実装してほしいです。期限の○日前にアラートするなどの設定を自分で設定できるようにしたい。,申請漏れがあった場合にも上長の承認前であれば、自ら差戻ができ編集ができる点が便利で使いやすく、再申請などの余計な手間を省けています。この口コミを詳しく見る,費申請における申請がオンラインで出来るようになり便利です。アップロード機能も時間があまりかからなくてストレスフリーで使えています。楽楽精算の改善してほしい点リマインダー機能を実装してほしいです。期限の○日前にアラートするなどの設定を自分で設定できるようにしたい。楽楽精算導入で得られた効果・メリット申請漏れがあった場合にも上長の承認前であれば、自ら差戻ができ編集ができる点が便利で使いやすく、再申請などの余計な手間を省けています。
350,2023/07/22,とにかく、スピーディーに申請から承認ができるため、業務効率化を実現できました。交通費の区間チェックができるため、安く早いルートを利用したかが一目でわかる。,困っているわけではありませんが、スキャンの精度があまり良くない印象です。サクサクできれば助かります。システムの不具合がありましたか？ありません。,今までエクセルで処理を行っていたため、とても時間を取られていた。その作業がオンラインで完結するため、経費精算に対する時間が減りました。ペーパーレスの経費精算が実現できて助かっています。,経費精算の電子化の助けとなるシステムです。
351,2023/07/20,物品の購入や交通費の申請などに上長の承認が必要で、今までは紙媒体でハンコをもらって承認をもらう必要があり時間や手間がかかりましたが、その手間がなくなりシステム上で完結できるのでとても楽になりました。,申請に関して、交通費は明細を日付ごとに追加する必要がありますが、一つ一つ追加するのが面倒なので1か月分など一気に追加できる機能が欲しいなと思います。,申請内容が電子化されるので、参照するのが楽になるというメリットがあります。過去の情報を見るのに今までは紙のデータを探す必要がありましたが、今では楽楽精算の履歴を見ればすぐに見つけることができるのが便利です。,UIもわかりやすく使いやすい申請ツールを探している方におすすめです。
352,2023/07/20,スムーズな承認プロセスにより、上司や経理部門が簡単に経費を確認・承認できます。統計情報の分析で経費の内訳や傾向を把握しやすくなり、コスト削減策にも活用できます。,さまざまな経費に対応する機能の追加やアップデートが必要な場合もあります。また、利用者が問題に直面した際のサポート体制を強化する必要があると感じました。,出張中に発生した交通費や飲食費をスマートフォンで撮影したレシートをアプリにアップロードし、承認されるまでのプロセスがスムーズでした。経費精算にかかる時間が従来よりも大幅に削減され、面倒な業務が１０分で完了しました。この口コミを詳しく見る,承認プロセスにより、上司や経理部門が簡単に経費を確認・承認できます。統計情報の分析で経費の内訳や傾向を把握しやすくなり、コスト削減策にも活用できます。楽楽精算の改善してほしい点さまざまな経費に対応する機能の追加やアップデートが必要な場合もあります。また、利用者が問題に直面した際のサポート体制を強化する必要があると感じました。楽楽精算導入で得られた効果・メリット出張中に発生した交通費や飲食費をスマートフォンで撮影したレシートをアプリにアップロードし、承認されるまでのプロセスがスムーズでした。経費精算にかかる時間が従来よりも大幅に削減され、面倒な業務が１０分で完了しました。
353,2023/07/19,経費の項目もわかりやすくカスタムができるのと項目に合わせた仕訳データも設定ができるので、うれしい機能です。会社クレジットカードとの連携もでき、一目で漏れなどが分かるので、すぐに申請ができます。,今まで特には感じておりませんでしたが、職種上いろんな部署のものを買うことがあり、アプリの方だけ部門が選べないのが少し残念です。なので、アプリの方で領収書を撮影し、PCで申請をしております。,今までエクセルに記入して、印刷して裏に張り付けてと…原始的で、領収書を溜めてから申請という流れを繰り返しておりました。新規導入をし驚きました。経費精算のスピードが格段と速くなったので、領収書を溜めなくなりました。,設定までと導入の慣れまでは大変ですが、本当に経理の人が笑顔になります。
354,2023/07/18,スマートフォンから経費精算ができるため、領収書が手元にあれば、スムーズな経費精算が可能となるため、営業の出先からも精算でき、非常に便利。,たくさん機能があるからだと思うが、インターフェースがわかりにくい。もう少し絵を増やすなどして、視覚的、直感的に操作できると嬉しいです。,繰り返し生じる同じ内容の経費精算は登録すれば、ある程度ルーチン化できるため、入力の手間が減り、業務効率が向上する。,営業人数が多く、紙で経費精算していれば、メリットが大きいと思われます。
355,2023/07/17,ペーパーレス化により、紙の保管が不要になり、保管場所が必要なる。POSレジからの転機ミスが無くなり、本部と支店との無駄なやり取りにかける時間とストレスがなくなる。インボイスに対応、電帳法に対応することができる。,本部は楽になったが、各支店は紙の収支日報に比べて時間と手間がかかり、「全然ラクラクじゃない。」との意見が多数あった。POSレジからデータを取り込ませた時点で、自動で数字が入力されると、支店側もメリットを感じられると思う。システムの不具合がありましたか？全事業所で、スムーズに楽楽精算を使いこなすようになるのに時間がかかった。支店では、紙の収支日報使用時に比べて、楽楽精算で行う収支日報にかける時間と手間が多く、苦情があがり残業が増えた。,日々の収支日報や小口現金出納帳のペーパーレス化が実現できたこと。導入前は、各支店がエクセルで作成した小口現金出納帳や収支報告の手書きの用紙を、毎月月初に本部が改めて別の会計ソフトに手入力していたが、楽楽精算導入後は、支店からの申請されるデータを承認するだけで、会計ソフトに移行され、大幅な手間と時間を短縮できた。また、転機ミスがなくなり支店との無駄なやり取りが無くなった。これについては、本部と支店の両者とも満足している。以前利用していた製品の解約理由全てをペーパーレス化することができなかったため、電帳法に対応できないから。,会計ソフトと連動できるので、本部業務が大変なところは、導入する価値は高いと思う。
356,2023/07/17,承認側からすると、個別や、一括での精算承認処理が出来るのでとても助かっている。自身の精算処理もパソコンだけでなくスマホでも出来て、領収書も撮影すれば自動読み取りしてくれて非常に簡単。,項目ごとに精算しなければならないのが少し手間に感じる。一日は一行で完結出来たら良いと思います。領収書読み取りももう少し向上してほしい。,部下の精算承認処理が簡単で一気に処理出来るので時短に繋がる。処理で時間をかけたくないので非常に助かる。振り込みのタイミングが早く、日程もわかりやすいので、金欠になりそうな時でも安心感がある。,申請側、承認側いずれも使いやすいので、溜め込む事が少なくなる。
357,2023/07/16,経費精算だけでなく、経費の使用申請から承認取得といった作業も楽楽精算のシステム上で行えるのでスムーズに経理関連作業が出来るのが良い点だと感じている。,経費精算時にレシートや領収書を添付する際に、添付ファイルを1つしかアップロード出来ないので、複数の領収書などのデータをアップロードする場合はZipファイルにまとめるのが手間である。,これまで社内の経費精算は紙ベースでの運用を行っており、経費の使用申請は手書きの管理表を作成していたので、管理表の作成や承認の取得に時間がかかっていた。楽楽精算の導入によってシステム上で申請や承認作業が可能になり、対面で直接押印するといった手間が省くことができた。この口コミを詳しく見る,けでなく、経費の使用申請から承認取得といった作業も楽楽精算のシステム上で行えるのでスムーズに経理関連作業が出来るのが良い点だと感じている。楽楽精算の改善してほしい点経費精算時にレシートや領収書を添付する際に、添付ファイルを1つしかアップロード出来ないので、複数の領収書などのデータをアップロードする場合はZipファイルにまとめるのが手間である。楽楽精算導入で得られた効果・メリットこれまで社内の経費精算は紙ベースでの運用を行っており、経費の使用申請は手書きの管理表を作成していたので、管理表の作成や承認の取得に時間がかかっていた。楽楽精算の導入によってシステム上で申請や承認作業が可能になり、対面で直接押印するといった手間が省くことができた。
358,2023/07/15,いままでは、紙の領収書を財布に貯めていました。中には紛失をしてしまう事も多々ありましたが、領収書をスマホのカメラで保存するだけなので楽です。,カメラの読み取りの機能があるのですが、読み込み間違いがあるのに気がつかず提出してしまう事があり、精度があがると嬉しいです。,紙媒体での領収書の管理が不要となり又保管についてもデータとなり管理が楽になると思います。又利用側も手書きがなくなり申請が楽になります。この口コミを詳しく見る,、紙の領収書を財布に貯めていました。中には紛失をしてしまう事も多々ありましたが、領収書をスマホのカメラで保存するだけなので楽です。楽楽精算の改善してほしい点カメラの読み取りの機能があるのですが、読み込み間違いがあるのに気がつかず提出してしまう事があり、精度があがると嬉しいです。楽楽精算導入で得られた効果・メリット紙媒体での領収書の管理が不要となり又保管についてもデータとなり管理が楽になると思います。又利用側も手書きがなくなり申請が楽になります。
359,2023/07/15,交通費申請の際に、経路を選択すると金額が自動計算されるため、毎回検索をかける必要がなく正しい金額で申請することができます。,請求書や領収書などのアップロードで自動で金額などを取込むことができるが、会社名など、たまに正しく読み込めないことがある。,交通費申請・経費申請にて利用しておりますが、スマホからでも申請ができ、操作性も良いため申請をするためだけに毎回PCを開く必要がないのがメリットです。この口コミを詳しく見る,の際に、経路を選択すると金額が自動計算されるため、毎回検索をかける必要がなく正しい金額で申請することができます。楽楽精算の改善してほしい点請求書や領収書などのアップロードで自動で金額などを取込むことができるが、会社名など、たまに正しく読み込めないことがある。楽楽精算導入で得られた効果・メリット交通費申請・経費申請にて利用しておりますが、スマホからでも申請ができ、操作性も良いため申請をするためだけに毎回PCを開く必要がないのがメリットです。
360,2023/07/13,楽楽精算は、経費精算の手間を大幅に減らし、経理部門の作業効率を向上させる優れたソリューションです。レシートの撮影からデータの自動入力、経理部門への自動報告までを一貫して対応し、従業員の手間を最小限に抑えています。また、リアルタイムで経費の状況を把握できるため、経理管理がよりスムーズになりました。,ほとんど問題はありませんが、外国通貨の経費精算に対応するための機能がもう少し強化されると、国際ビジネスを行う企業にとっては便利になると思います。システムの不具合がありましたか？特に大きなトラブルはありませんでした。初期の設定や使い方については、カスタマーサポートに問い合わせたところ、迅速に対応してくれました。,楽楽精算の導入前は、経費精算の処理が手作業で行われており、非常に時間とリソースを消費していました。しかし、楽楽精算の導入により、手作業の時間を大幅に短縮し、経理部門の効率が大幅に向上しました。,楽楽精算は、経費精算と経理管理を効率的に行うための強力なツールです。特に、多くの従業員が経費精算を行う企業にとって、その自動化と効率化は大きなメリットとなるでしょう。さらに、リアルタイムの経費状況把握も、経費管理をより透明性と効率性をもたらします。
361,2023/07/11,領収証をスマホで読み取り、そのまま経費精算として使用できるのはとても便利です。導入当時は領収証の読み取り時に文字化けも発生していましたが、今ではほとんど文字化けすることもなくOCRできています。交通費の精算などはよく使うルートをマイパターンに登録できるのも便利です。,機能的に難しいのかもしれませんが、マイパターンに登録したルートで料金改定されると自分で再登録する必要があるので、自動反映してくれるとありがたいです。あと稀にアプリを強制的にアップデートしないと使えなくなるのも改善して欲しいです。システムの不具合がありましたか？アプリの強制アップデートが必要になった際にブラウザー版を使用しないといけない点。,利用者側のメリットとしてはスマホがあれば領収証をアプリで撮影して、領収証の内容が自動反映され、それをもとにすぐに経費申請ができる点は利便性が高まったと思います。また決裁者や経理部門としては紙での誤記入、記載漏れなどのチェックが楽になり業務効率化に繋がっています。,CMでおなじみのサービスですが、紙での経費精算がなくなることは本当に楽楽になると思います。
362,2023/07/09,交通費申請の場合、経路について乗車駅、降車駅を入力すれば運賃が自動的に計算されるため金額のミスを防ぐことができます。,乗り換えが必要な駅を選択する場合に、自動的に経路がまず設定されているのだが、あきらかに遠回りな経路が設定されることがあり、現実的な選択肢としてあり得ないので、もう少し現実味のある経路をデフォルト設定してくれると直す手間が省けます。,タクシーを使った場合や、出張などの申請時においても領収書をアップロードすることで申請が完了するため、領収書を別途提出する必要がなく申請にかかる工数と手間が削減されています。この口コミを詳しく見る,の場合、経路について乗車駅、降車駅を入力すれば運賃が自動的に計算されるため金額のミスを防ぐことができます。楽楽精算の改善してほしい点乗り換えが必要な駅を選択する場合に、自動的に経路がまず設定されているのだが、あきらかに遠回りな経路が設定されることがあり、現実的な選択肢としてあり得ないので、もう少し現実味のある経路をデフォルト設定してくれると直す手間が省けます。楽楽精算導入で得られた効果・メリットタクシーを使った場合や、出張などの申請時においても領収書をアップロードすることで申請が完了するため、領収書を別途提出する必要がなく申請にかかる工数と手間が削減されています。
363,2023/07/08,申請内容について誤った内容に気が付いた場合には承認前であれば取り下げをすることができ、申請内容を修正できるので1から申請直す必要がない点が良いです。,申請を行う際のユーザーの入力などの手間が以前と比べて激減するなどメリットが大きいため、不便に感じている点は特段ありません。,領収書などの現物を提出する必要がなくなり、わざわざ出社する必要がなくなったので業務の合間を縫って出社の日程を調整するなどの不要な手間を省くことができるようになりました。この口コミを詳しく見る,ついて誤った内容に気が付いた場合には承認前であれば取り下げをすることができ、申請内容を修正できるので1から申請直す必要がない点が良いです。楽楽精算の改善してほしい点申請を行う際のユーザーの入力などの手間が以前と比べて激減するなどメリットが大きいため、不便に感じている点は特段ありません。楽楽精算導入で得られた効果・メリット領収書などの現物を提出する必要がなくなり、わざわざ出社する必要がなくなったので業務の合間を縫って出社の日程を調整するなどの不要な手間を省くことができるようになりました。
364,2023/07/07,交通費申請で主に使用していますが、乗り換え駅の指定もしっかりと出来、それによって金額の自動計算を行ってくれるため毎回調べる必要がなくて楽です。,申請が1日単位での作成しかできないため、日数分申請を作成することになり少し手間なので、申請したい日にちを複数日選べるようになれば一度に申請が完了して更に良いと思います。,領収書などについても完全にペーパーレス化することができたので、領収書をなくして申請ができなくなったり申請用紙の管理の必要もなくなったので、ミスなく安全に申請することができるようになりました。この口コミを詳しく見る,で主に使用していますが、乗り換え駅の指定もしっかりと出来、それによって金額の自動計算を行ってくれるため毎回調べる必要がなくて楽です。楽楽精算の改善してほしい点申請が1日単位での作成しかできないため、日数分申請を作成することになり少し手間なので、申請したい日にちを複数日選べるようになれば一度に申請が完了して更に良いと思います。楽楽精算導入で得られた効果・メリット領収書などについても完全にペーパーレス化することができたので、領収書をなくして申請ができなくなったり申請用紙の管理の必要もなくなったので、ミスなく安全に申請することができるようになりました。
365,2023/07/06,申請の内容別にボタンが分かれているので使いやすいです。請求書や領収書などもPDFでアップするのは簡単で、スムーズな流れで申請を行うことができます。特に交通費申請は利用駅の検索から運賃まで自動で選択できるので便利です。,使い方の問題なのかもしれませんが、経費申請などの金額を入れる窓にデフォルトで0が入っていて、一旦削除してから数字を入れないと0が追加されてしまうので、毎回もどかしく感じているので改善していただけると嬉しいです。システムの不具合がありましたか？トラブルは特にありません。,承認者の押印も不要なので各種申請のペーパーレス化が実現しました。また、経費申請に関しては、金額によって承認フローを設定できるのでとても便利です。この口コミを詳しく見る,別にボタンが分かれているので使いやすいです。請求書や領収書などもPDFでアップするのは簡単で、スムーズな流れで申請を行うことができます。特に交通費申請は利用駅の検索から運賃まで自動で選択できるので便利です。楽楽精算の改善してほしい点使い方の問題なのかもしれませんが、経費申請などの金額を入れる窓にデフォルトで0が入っていて、一旦削除してから数字を入れないと0が追加されてしまうので、毎回もどかしく感じているので改善していただけると嬉しいです。システムの不具合がありましたか？トラブルは特にありません。楽楽精算導入で得られた効果・メリット承認者の押印も不要なので各種申請のペーパーレス化が実現しました。また、経費申請に関しては、金額によって承認フローを設定できるのでとても便利です。
366,2023/07/06,過去の申請内容を参照できたり、定期の登録などができるためユーザーの入力作業そのものが簡略化されていて申請そのものが楽になりました。,領収書のアップロード機能があり便利なのですが、読み取り精度がたまに悪いことがありますので改善してほしいです。,経費申請・交通費申請において、金額の自動計算、算出を行ってくれるため金額の入力ミスがなくなり申請の差戻しを受けることが激減しました。この口コミを詳しく見る,内容を参照できたり、定期の登録などができるためユーザーの入力作業そのものが簡略化されていて申請そのものが楽になりました。楽楽精算の改善してほしい点領収書のアップロード機能があり便利なのですが、読み取り精度がたまに悪いことがありますので改善してほしいです。楽楽精算導入で得られた効果・メリット経費申請・交通費申請において、金額の自動計算、算出を行ってくれるため金額の入力ミスがなくなり申請の差戻しを受けることが激減しました。
367,2023/07/05,オンライン上で精算出来るので、時間がかからずスムーズに使える。乗換案内と連動しているので、駅を選択すれば交通費が自動で計算される。,この製品が悪い訳ではないのですが、会社のルールとして原本の提出、印鑑の押印が必要なため、オンラインだけでは精算出来ず、非効率な部分がある。この製品のみで精算出来るように出来たらとても良い。システムの不具合がありましたか？特になし。,これまでエクセルで作成していたため、時間がかかっていた。また日付など選択するだけの部分もあるのでミスが減った。,使い勝手が良いので、この製品のみで精算出来るよう検討してほしい。
368,2023/07/02,出発駅と到着駅を検索で選択できるが、地味に予測検索が嬉しいです。また、経路もきちんと設定できるため実態に即した申請が問題なくできています。,交通費申請の場合、入力作業自体はそんなに難しいものでもないのですが、モバイルスイカと連動して自動的に精算前の段階まで入力作業などをしてくれると嬉しいです。,PCだけでなくスマホからでも申請ができるため、毎日入力をしようと考えたときに、電車内でスマホから入力・申請ができるのが業務の時間を使わず手間が減った。この口コミを詳しく見る,着駅を検索で選択できるが、地味に予測検索が嬉しいです。また、経路もきちんと設定できるため実態に即した申請が問題なくできています。楽楽精算の改善してほしい点交通費申請の場合、入力作業自体はそんなに難しいものでもないのですが、モバイルスイカと連動して自動的に精算前の段階まで入力作業などをしてくれると嬉しいです。楽楽精算導入で得られた効果・メリットPCだけでなくスマホからでも申請ができるため、毎日入力をしようと考えたときに、電車内でスマホから入力・申請ができるのが業務の時間を使わず手間が減った。
369,2023/07/01,PCを開かずともスマホから経費申請・交通費申請が簡単な操作で行えるところが使っていて利便性を高く感じます。,申請内容のコピーはできるものの、1件ずつ申請を行うことしかできないので、まとめて数日分の交通費申請ができると楽だと思います。,領収書のアップロード機能が便利で重宝しています。原本を保管・提出する必要がなくなったので、郵送や会社に持ち込む必要がなくなりました。この口コミを詳しく見る,ずともスマホから経費申請・交通費申請が簡単な操作で行えるところが使っていて利便性を高く感じます。楽楽精算の改善してほしい点申請内容のコピーはできるものの、1件ずつ申請を行うことしかできないので、まとめて数日分の交通費申請ができると楽だと思います。楽楽精算導入で得られた効果・メリット領収書のアップロード機能が便利で重宝しています。原本を保管・提出する必要がなくなったので、郵送や会社に持ち込む必要がなくなりました。
370,2023/07/01,交通費申請の精算画面が分かりやすくて使いやすいです。出発駅・経路・到着駅を選ぶと自動で金額入力してくれるのが楽でいいです。,毎月の締日があるため、締日の数日前にリマインドメールなどを送ってくれる機能があると更に便利になると思います。,金額などを毎回調べる必要がなくなったので、その分の手間と工数が削減できたのと金額の入力誤りが無くなったので差戻などもなく申請がスムーズになりました。この口コミを詳しく見る,の精算画面が分かりやすくて使いやすいです。出発駅・経路・到着駅を選ぶと自動で金額入力してくれるのが楽でいいです。楽楽精算の改善してほしい点毎月の締日があるため、締日の数日前にリマインドメールなどを送ってくれる機能があると更に便利になると思います。楽楽精算導入で得られた効果・メリット金額などを毎回調べる必要がなくなったので、その分の手間と工数が削減できたのと金額の入力誤りが無くなったので差戻などもなく申請がスムーズになりました。
371,2023/06/30,スマホからの申請もでき、操作も簡単なため比較的時間を取らずに各種申請を済ませることができるのは良い点だと思います。,過去に申請した内容でもコピーしたり新たに申請しようとすると、経路がデフォルトのものに直っていることがあるため以前使った経路をそのまま保存できるようにしてほしい。,申請内容のコピー機能が非常に良いです。交通費申請で数日間同じ場所へ訪問した際などに、内容をそのままコピーすることができ入力の手間が省けて、申請にかかる時間そのものの短縮に繋がっています。この口コミを詳しく見る,の申請もでき、操作も簡単なため比較的時間を取らずに各種申請を済ませることができるのは良い点だと思います。楽楽精算の改善してほしい点過去に申請した内容でもコピーしたり新たに申請しようとすると、経路がデフォルトのものに直っていることがあるため以前使った経路をそのまま保存できるようにしてほしい。楽楽精算導入で得られた効果・メリット申請内容のコピー機能が非常に良いです。交通費申請で数日間同じ場所へ訪問した際などに、内容をそのままコピーすることができ入力の手間が省けて、申請にかかる時間そのものの短縮に繋がっています。
372,2023/06/28,精算時の申請においてペーパーレス化を実現するとともに、ユーザーの入力作業を軽減してくれる点がメリットとして大きいです。,現在は交通費精算において、該当する日付ごとに分けて申請が必要ですが、期間指定や何日間など選択できるようになればもっと楽になります。,毎月精算する領収書の管理が圧倒的に楽になりました。領収書原本を提出する必要がなくアップデートできるため、管理と提出作業の2点において、工数削減とストレスから解放されています。この口コミを詳しく見る,請においてペーパーレス化を実現するとともに、ユーザーの入力作業を軽減してくれる点がメリットとして大きいです。楽楽精算の改善してほしい点現在は交通費精算において、該当する日付ごとに分けて申請が必要ですが、期間指定や何日間など選択できるようになればもっと楽になります。楽楽精算導入で得られた効果・メリット毎月精算する領収書の管理が圧倒的に楽になりました。領収書原本を提出する必要がなくアップデートできるため、管理と提出作業の2点において、工数削減とストレスから解放されています。
373,2023/06/27,申請のコピー機能が凄く楽で、非常に便利です。また、スマホでも対応しているおり使いやすさも変わらないので、PC版とスマホ版で場所や場面によって使い分けができるのもメリットです,領収書のアップロードにおいて、正しく読み込んでくれなくて修正が必要なケースがたまに発生します。二度手間なため、改善してほしいです。,移動先が数カ月単位でだいたい同じのため、毎回入力する手間を軽減してくれるのは精算時の工数削減とストレスの削減に大いに貢献してくれています。この口コミを詳しく見る,ー機能が凄く楽で、非常に便利です。また、スマホでも対応しているおり使いやすさも変わらないので、PC版とスマホ版で場所や場面によって使い分けができるのもメリットです楽楽精算の改善してほしい点領収書のアップロードにおいて、正しく読み込んでくれなくて修正が必要なケースがたまに発生します。二度手間なため、改善してほしいです。楽楽精算導入で得られた効果・メリット移動先が数カ月単位でだいたい同じのため、毎回入力する手間を軽減してくれるのは精算時の工数削減とストレスの削減に大いに貢献してくれています。
374,2023/06/25,経費精算の入力作業が簡単なため、かなり工数を削減されています。またスマホにも対応しているため、気が付いたタイミングで申請できるのが楽です。,アップロード機能が便利ですが、サイズが大きいと取り込めないことがあるため、その時はリサイズしなければいけないのが手間です。,各種申請をワークフロー化し、その申請が承認されたかどうかを追うことができるため、申請漏れや二重申請が起きにくい仕組みになっていて整理が楽になっています。この口コミを詳しく見る,入力作業が簡単なため、かなり工数を削減されています。またスマホにも対応しているため、気が付いたタイミングで申請できるのが楽です。楽楽精算の改善してほしい点アップロード機能が便利ですが、サイズが大きいと取り込めないことがあるため、その時はリサイズしなければいけないのが手間です。楽楽精算導入で得られた効果・メリット各種申請をワークフロー化し、その申請が承認されたかどうかを追うことができるため、申請漏れや二重申請が起きにくい仕組みになっていて整理が楽になっています。
375,2023/06/25,交通費・各種申請、精算において、過去の申請内容を記憶し呼び出し可能であったり金額の自動入力などユーザーの手間を削減してくれる役立つ機能が多いです。,現状、電車には対応しているが、バスには対応していないのでバス停の検索・申請も入力を電車のように簡略化できると助かります。,今までは月初に前月の交通費をまとめて申請する仕組みだったので、タイミングを逃したり忘れてしまっていて申請が漏れていたことがありましたが、楽楽精算では都度入力できるため申請漏れが無くなりました。この口コミを詳しく見る,種申請、精算において、過去の申請内容を記憶し呼び出し可能であったり金額の自動入力などユーザーの手間を削減してくれる役立つ機能が多いです。楽楽精算の改善してほしい点現状、電車には対応しているが、バスには対応していないのでバス停の検索・申請も入力を電車のように簡略化できると助かります。楽楽精算導入で得られた効果・メリット今までは月初に前月の交通費をまとめて申請する仕組みだったので、タイミングを逃したり忘れてしまっていて申請が漏れていたことがありましたが、楽楽精算では都度入力できるため申請漏れが無くなりました。
376,2023/06/24,楽楽明細と会社のシステムを連携してから領収書など経費の紙ベースでの処理がなくなり、ファイリングの手間が省け非常に助かっています。,領収書の電子化で便利な一方、読み取りの精度がたまに良くない気がします。ただそれでも他社のソフトと比べると使いやすいと思います。,シンプルに経費精算が楽になり、ファイルもわかりやすく保管できると思います。また楽楽精算導入後は時間が効率的に使えています。,基本的に請求書の処理などスムーズなので一度検討してみてはいかがでしょうか。
377,2023/06/21,経費精算の際に使用していますがレシートを読み込んだ際に文字を自動で識別して反映してくれる機能が便利です。,上記の項目が便利ですが読み取りの際にたまに誤字として認識されて間違った文字が入力される事があるため精度を上げて欲しいです。,経費精算の際、紙で手書きして作成していましたがスマホで読り、スマホで作成する事で印刷の必要もなく外出先でも気軽に精算作業が出来るためとても便利に感じています。この口コミを詳しく見る,際に使用していますがレシートを読み込んだ際に文字を自動で識別して反映してくれる機能が便利です。楽楽精算の改善してほしい点上記の項目が便利ですが読み取りの際にたまに誤字として認識されて間違った文字が入力される事があるため精度を上げて欲しいです。楽楽精算導入で得られた効果・メリット経費精算の際、紙で手書きして作成していましたがスマホで読り、スマホで作成する事で印刷の必要もなく外出先でも気軽に精算作業が出来るためとても便利に感じています。
378,2023/06/19,特に良い点は、交通費でバスと電車で通勤する人でも、バス停の名前から会社の最寄り駅の名前を入れるだけで簡単に交通費を計算してくれること。,一時保存がたまに消えたりすることがある。こまめにやれば問題はないが承認者側が少し面倒くさいと思うことがあるかもしれない。システムの不具合がありましたか？たまに一時保存が消えてしまう。,今まで精算していなかった少額の経費でも、申請をするようになった。また、1日一回精算することで打ち忘れが無くなった。,圧倒的に交通費精算の楽さです。
379,2023/06/19,出張前に申請をする際から便利になりました。交通費の検索も楽で出張申請が正確になります。出張後の経費精算もかなり時間短縮となりました。領収書はＰＤＦで対応で早いです。現場からの声としてお勧めです！,各地のバスをもう少し対応して欲しいです。新幹線のEX予約の料金も反映していただけるともっと嬉しいです。ただ、これは少し手直しすれば良いだけなので現状でも満足しています。システムの不具合がありましたか？特にありません,非正味の時間を削減することで正味の時間を捻出できます。出張前の申請時から出張を意味のあるものにする意識付けにもなっています。,出張申請や清算、請求書対応など費用対効果を考えるとおススメです！
380,2023/06/17,CSV取り込みもできるのでたくさんの明細を簡単に追加することができる。過去のものをコピーして月を変えて使うこともできるのが便利です。,添付が一つしかできないこと。承認フローの中で何個か添付が必要になった場合はあらかじめ請求書のアップロードをして明細追加をしてから添付しないといけないのがややこしくて慣れるまでが大変なこと。,現状部署の経費精算でしか使用したことはないが、初心者でもシンプルでわかりやすいです。明細がたくさんある場合はCSVで取り込むなど１つ以上の明細がある場合でも一度申請すれば次からは楽に申請することができます。この口コミを詳しく見る,込みもできるのでたくさんの明細を簡単に追加することができる。過去のものをコピーして月を変えて使うこともできるのが便利です。楽楽精算の改善してほしい点添付が一つしかできないこと。承認フローの中で何個か添付が必要になった場合はあらかじめ請求書のアップロードをして明細追加をしてから添付しないといけないのがややこしくて慣れるまでが大変なこと。楽楽精算導入で得られた効果・メリット現状部署の経費精算でしか使用したことはないが、初心者でもシンプルでわかりやすいです。明細がたくさんある場合はCSVで取り込むなど１つ以上の明細がある場合でも一度申請すれば次からは楽に申請することができます。
381,2023/06/15,交通費だけでなく、経費にかかわるものであればすべて本製品にて申請・精算ができるようになったので様々な部署や別途申請をあげる必要がなくて楽です。,基本的には使いやすいですが、スマホ版だとPC版に比べてUIがズレていたりするので統一して使い勝手を良くしてほしい。,今までは申請自体は紙ではなかったものの、領収書などについては紙で提出しなければいけませんでしたが楽楽精算は領収書のアップロードにも対応しているので完全に紙からの脱却ができ、郵送や出社する必要がなくなりました。この口コミを詳しく見る,でなく、経費にかかわるものであればすべて本製品にて申請・精算ができるようになったので様々な部署や別途申請をあげる必要がなくて楽です。楽楽精算の改善してほしい点基本的には使いやすいですが、スマホ版だとPC版に比べてUIがズレていたりするので統一して使い勝手を良くしてほしい。楽楽精算導入で得られた効果・メリット今までは申請自体は紙ではなかったものの、領収書などについては紙で提出しなければいけませんでしたが楽楽精算は領収書のアップロードにも対応しているので完全に紙からの脱却ができ、郵送や出社する必要がなくなりました。
382,2023/06/14,出張にかかる旅費、交通費、その他経費を一括で操作できるので、簡単に精算行為が行えます。また、サイト上の乗り換え案内と連動しているので、金額の誤りがなく、精算手続きがスムーズに行えました。,申請側でもデータのエクスポートが出来れば、実際の精算額と支払額が正しいかの検証が申請側からも行えるようになり、ダブルチェックが可能になると思います。,システム内にあらかじめ登録しておく必要はありますが、定期区間を除外して計算することが可能なので、これまで、手計算していた定期区間を除いた旅費計算が自動で行えるようになりました。この口コミを詳しく見る,る旅費、交通費、その他経費を一括で操作できるので、簡単に精算行為が行えます。また、サイト上の乗り換え案内と連動しているので、金額の誤りがなく、精算手続きがスムーズに行えました。楽楽精算の改善してほしい点申請側でもデータのエクスポートが出来れば、実際の精算額と支払額が正しいかの検証が申請側からも行えるようになり、ダブルチェックが可能になると思います。楽楽精算導入で得られた効果・メリットシステム内にあらかじめ登録しておく必要はありますが、定期区間を除外して計算することが可能なので、これまで、手計算していた定期区間を除いた旅費計算が自動で行えるようになりました。
383,2023/06/12,これを使う前までは紙での申請だったのですが、楽楽精算を導入したところ出張時の行き先等を入力すると、経路や料金が表示されるので精算がかなり楽になりました。,精算を申請後、間違って申請した場合や、遅延等で路線を変更した場合があるので、本部が申請を受け付ける前なら申請側で取り下げ可能にしてほしいです。,この製品を導入した後ですが、都度都度の申請を忘れた場合でも、すぐに遡って申請もできるので、経理担当の方がかなり楽になっていると思います。この口コミを詳しく見る,前までは紙での申請だったのですが、楽楽精算を導入したところ出張時の行き先等を入力すると、経路や料金が表示されるので精算がかなり楽になりました。楽楽精算の改善してほしい点精算を申請後、間違って申請した場合や、遅延等で路線を変更した場合があるので、本部が申請を受け付ける前なら申請側で取り下げ可能にしてほしいです。楽楽精算導入で得られた効果・メリットこの製品を導入した後ですが、都度都度の申請を忘れた場合でも、すぐに遡って申請もできるので、経理担当の方がかなり楽になっていると思います。
384,2023/06/10,今までの精算処理は領収書の原本が必要で、申請用紙に記入し、様々な部署を経由していたのですが、導入後はデータを保存して申請するだけになりました。,特に困ったこともありませんが、しいてあげるとすれば、領収書の読み取りができるととても良いと思います。,コロナ過で在宅ワークがほとんどでしたので、リモートワークでPDFファイルを送信するだけですので、申請の為に出社する必要ががなくなりました。この口コミを詳しく見る,算処理は領収書の原本が必要で、申請用紙に記入し、様々な部署を経由していたのですが、導入後はデータを保存して申請するだけになりました。楽楽精算の改善してほしい点特に困ったこともありませんが、しいてあげるとすれば、領収書の読み取りができるととても良いと思います。楽楽精算導入で得られた効果・メリットコロナ過で在宅ワークがほとんどでしたので、リモートワークでPDFファイルを送信するだけですので、申請の為に出社する必要ががなくなりました。
385,2023/06/10,インターフェースがとても見やすい。またレスポンスがサクサクして気持ちがいい。何より直感的に使えるのでベテラン社員でもすぐ使えた。,本当にない。よく使う駅などを覚えてくれるし、上司の決済が今どこで止まっているかも分かりやすいので、申請する方も承認する経理からしてもまさに、楽楽精算だと思う。,今まではExcelに使った品目を記入して上司のハンコをもらうという制度だったので、世界が変わった。出勤せずとも良くなった。この口コミを詳しく見る,ェースがとても見やすい。またレスポンスがサクサクして気持ちがいい。何より直感的に使えるのでベテラン社員でもすぐ使えた。楽楽精算の改善してほしい点本当にない。よく使う駅などを覚えてくれるし、上司の決済が今どこで止まっているかも分かりやすいので、申請する方も承認する経理からしてもまさに、楽楽精算だと思う。楽楽精算導入で得られた効果・メリット今まではExcelに使った品目を記入して上司のハンコをもらうという制度だったので、世界が変わった。出勤せずとも良くなった。
386,2023/06/09,名前の通り、楽々に経費の精算ができるようになります。社内にて経費使用の事前申請を行い、実際に使用した後は精算手続を実施するのみ。領収書の写真はスマホのアプリからアップロード可能。ノーストレスで毎月の社内経費精算が可能です。,交通費の精算で新幹線の往復利用があった場合、領収書を往復分まとめて一度に計上できるようになればありがたいと思います。どうしても、複数に分かれる場合は都度アップロードする必要があるので。,経費精算において、紙ベースの領収書のやりとりなどが基本的には不要になりました。また、非常にシンプルなシステムなので経費精算に関わる時間が単純に減りました。,迷ったら楽々精算を導入しておけば間違い無いです
387,2023/06/08,経費申請の対応種別などが様々あり、領収書やチケットなどの原本等、紙での申請が別途必要だったものが、完全にペーパーレスになり簡易性が増しました。,領収書のアップロード機能は便利なのですが、たまに正しく読み取ってくれなかったりアップロード中のまま処理されないことがあるので改善してほしいです。,過去の申請記録を記憶して参照したり、領収書を写真で撮影してアップロードできたりなど、入力の必要な項目が自分で入力しなくとも自動入力してくれるので申請作業そのものがかなり楽になり時間の削減にもつながっています。この口コミを詳しく見る,対応種別などが様々あり、領収書やチケットなどの原本等、紙での申請が別途必要だったものが、完全にペーパーレスになり簡易性が増しました。楽楽精算の改善してほしい点領収書のアップロード機能は便利なのですが、たまに正しく読み取ってくれなかったりアップロード中のまま処理されないことがあるので改善してほしいです。楽楽精算導入で得られた効果・メリット過去の申請記録を記憶して参照したり、領収書を写真で撮影してアップロードできたりなど、入力の必要な項目が自分で入力しなくとも自動入力してくれるので申請作業そのものがかなり楽になり時間の削減にもつながっています。
388,2023/06/08,手軽に交通費や経費の精算が出来るので、とても助かっています。部署の計上作業でも使用しており、回覧もスムーズです。,請求書の読み取りを間違える事が多いです。結局手入力になりますし、数が多いと大変なので、読み取りを改善してほしいです。,急ぎの計上作業の時でも、関係者に連絡しておけばスムーズに処理してもらえるので、やり直しがあった時などは何度も助けられました。,ペーパーレス化になりますし、精算関係は便利です。
389,2023/06/07,交通費や経費を行う際、ICカードをかざすだけで精算を行えて、各仕訳データも自動生成できるので、集計も電子化できる点がおすすめ。精算用紙やハンコも不要なので、紙をなくした精算作業に全て切り替えることが可能です。,領収書やレシートの読み取り機能の再現性には、少しブレがあるので改善が必要。またイニシャルコストが高いので、プラン提示やもう少し抑えた金額であるとなおうれしいです。,ICカードを活用した交通費精算や経費精算が誰でも直感で手軽にできるのがいいです。従来の手作業による精算や集計による無駄工数がかからなくなりました。ペーパーレス化にもつながり、経費削減・工数削減にも貢献できました。,精算業務の効率化・ペーパーレス化が図りたい企業様向けにおすすめ
390,2023/06/05,スマホアプリもあって使いやすいところ。レシートの写真を撮るだけで楽々経費精算ができるところ。だれでもわかりやすい操作性。,同じ内容の定期外交通費（バス代）などを登録する時に、内容のコピーができないので毎回入力する必要があり、不便だと感じる。,経費精算や交通費精算をエクセルで行っていたが、このシステムを導入したことで総務担当者が手入力していた分の手間が省けている。この口コミを詳しく見る,リもあって使いやすいところ。レシートの写真を撮るだけで楽々経費精算ができるところ。だれでもわかりやすい操作性。楽楽精算の改善してほしい点同じ内容の定期外交通費（バス代）などを登録する時に、内容のコピーができないので毎回入力する必要があり、不便だと感じる。楽楽精算導入で得られた効果・メリット経費精算や交通費精算をエクセルで行っていたが、このシステムを導入したことで総務担当者が手入力していた分の手間が省けている。
391,2023/06/04,以前使っていたシステムでも特に問題はなかったが、画面がカラフルで、表示の仕方もわかりやすい。承認者が誰なのか明確に示されており、情報の透明化はすごくいい,導入するときのシステムの設定の仕方がめんどくさい。社員のパソコンに設定するときつまづいている社員が多く不満を言う人が多かった,交通費、出張費などが今までなかなか振り込まれなかった時、どうなっているのか問い合わせてもたらい回しだったが、今は承認の現状も明確化され、安心できる,仕事の効率化されるし、申請忘れも減っていいと思う
392,2023/06/03,出張の申請や経費精算、購入申請などが一つのツールで完結するため、使いやすい。出張の申請や精算も経路検索と結びついており、最安などが表示されるので、安心で簡単。,出張申請時の日付を開始時と終了時の二度、選択しなければならないのがひどく面倒。行程を追加するたびに目的や行き先を入力するのも面倒。,出張時の経費精算や物品購入時の申請と精算そのものが連動しており、承認フローと一緒になっているので、申請や精算がすぐに行えるようになった。この口コミを詳しく見る,や経費精算、購入申請などが一つのツールで完結するため、使いやすい。出張の申請や精算も経路検索と結びついており、最安などが表示されるので、安心で簡単。楽楽精算の改善してほしい点出張申請時の日付を開始時と終了時の二度、選択しなければならないのがひどく面倒。行程を追加するたびに目的や行き先を入力するのも面倒。楽楽精算導入で得られた効果・メリット出張時の経費精算や物品購入時の申請と精算そのものが連動しており、承認フローと一緒になっているので、申請や精算がすぐに行えるようになった。
393,2023/06/03,これまで使ったルートを記憶しておいてくれたり、金額の計算を自動で行ってくれたりなど申請の際にかかるちょっとした手間を軽減してくれて、使いやすいです。,現状使っていて困っている点は特にありません。強いてあげるとすれば、スマホにも対応しているので申請期限が近づくとプッシュ通知などで教えてくれたら嬉しいです。,毎月月末～月初にかけて行う作業の無駄を省き効率化してくれているので、1回1回で見れば大した時間ではないかもしれませんが、積み重なるとかなりの時間を削減し捻出することができています。この口コミを詳しく見る,ったルートを記憶しておいてくれたり、金額の計算を自動で行ってくれたりなど申請の際にかかるちょっとした手間を軽減してくれて、使いやすいです。楽楽精算の改善してほしい点現状使っていて困っている点は特にありません。強いてあげるとすれば、スマホにも対応しているので申請期限が近づくとプッシュ通知などで教えてくれたら嬉しいです。楽楽精算導入で得られた効果・メリット毎月月末～月初にかけて行う作業の無駄を省き効率化してくれているので、1回1回で見れば大した時間ではないかもしれませんが、積み重なるとかなりの時間を削減し捻出することができています。
394,2023/06/02,何よりも良かった点は、経理担当者の工数が圧倒的に削減できた点。完全アナログの状態から比較して、3分の1から5分の1ほどは削減できた。また、管理者の設定作業も直感的に行うことができる。,領収書の登録時点で、複数税率のあるレシートを1つの税率だけで登録して申請をすると、修正をすることができず、領収書の登録からやり直さなければいけない点。,この製品を導入する前までは、申請者の記載ミスや集計ミス、領収書の添付忘れなどで差し戻すケースが多かったが、ミスは極端に減ったと思う。「楽楽精算」導入の決め手知名度の高さこの口コミを詳しく見る,かった点は、経理担当者の工数が圧倒的に削減できた点。完全アナログの状態から比較して、3分の1から5分の1ほどは削減できた。また、管理者の設定作業も直感的に行うことができる。楽楽精算の改善してほしい点領収書の登録時点で、複数税率のあるレシートを1つの税率だけで登録して申請をすると、修正をすることができず、領収書の登録からやり直さなければいけない点。楽楽精算導入で得られた効果・メリットこの製品を導入する前までは、申請者の記載ミスや集計ミス、領収書の添付忘れなどで差し戻すケースが多かったが、ミスは極端に減ったと思う。「楽楽精算」導入の決め手知名度の高さ
395,2023/05/31,誰でも分かるように勘定科目を設定できるので、申請する人が会計を理解していなくても簡単に申請できる所がいいなと思っています,コーポレートカードとの連携をすると、出張精算時に設定する出張期間で正しい期間を設定できず困りました。,申請のチェックの効率化が図れました。申請が誰でも簡単に正しい勘定科目で出来るので、申請時のミスが減り、効率化につながりました。この口コミを詳しく見る,るように勘定科目を設定できるので、申請する人が会計を理解していなくても簡単に申請できる所がいいなと思っています楽楽精算の改善してほしい点コーポレートカードとの連携をすると、出張精算時に設定する出張期間で正しい期間を設定できず困りました。楽楽精算導入で得られた効果・メリット申請のチェックの効率化が図れました。申請が誰でも簡単に正しい勘定科目で出来るので、申請時のミスが減り、効率化につながりました。
396,2023/05/27,各種申請手続きに必要な機能がほとんどすべて揃っている優れものです。特にスマホから簡単に申請できる点が気に入っています。,1カ月の間に利用する区間はほとんど限られているため、1回ずつの申請ではなく、その区間×何日分などの申請の仕方があると便利です。,交通費などの申請作業は地味に時間を取られるし、今まではPCからでしか行えなかったため場所も限られていましたが、本製品を利用するようになってからスマホでスキマ時間に短時間で申請が行えるようになり業務の時間を使わずに申請完了できています。この口コミを詳しく見る,続きに必要な機能がほとんどすべて揃っている優れものです。特にスマホから簡単に申請できる点が気に入っています。楽楽精算の改善してほしい点1カ月の間に利用する区間はほとんど限られているため、1回ずつの申請ではなく、その区間×何日分などの申請の仕方があると便利です。楽楽精算導入で得られた効果・メリット交通費などの申請作業は地味に時間を取られるし、今まではPCからでしか行えなかったため場所も限られていましたが、本製品を利用するようになってからスマホでスキマ時間に短時間で申請が行えるようになり業務の時間を使わずに申請完了できています。
397,2023/05/21,経費精算・交通費精算を本製品で簡単に行うことができ、精算などの申請にかかる工数や手間がかなり省けています。,交通系のICカードの読み取り機能を充実させてほしい。ICカードの番号から履歴を読み取り精算を行う使用履歴を選択するなどができると便利だと思います。,タクシー利用や電車・出張時の精算時における金額の申請ミスなどがなくなりました。また、領収書のアップロードにも対応しているため、わざわざ領収書を本社に提出する面倒な手間も必要なくなりました。この口コミを詳しく見る,交通費精算を本製品で簡単に行うことができ、精算などの申請にかかる工数や手間がかなり省けています。楽楽精算の改善してほしい点交通系のICカードの読み取り機能を充実させてほしい。ICカードの番号から履歴を読み取り精算を行う使用履歴を選択するなどができると便利だと思います。楽楽精算導入で得られた効果・メリットタクシー利用や電車・出張時の精算時における金額の申請ミスなどがなくなりました。また、領収書のアップロードにも対応しているため、わざわざ領収書を本社に提出する面倒な手間も必要なくなりました。
398,2023/05/18,経費精算の申請において使いやすく申請内容も確認でき、二重の申請や申請漏れなどの管理がしやすいためミスの防止にも役立っています。,交通費申請において、該当ルートを利用し日が複数日ある場合に一括で申請ができるようになってくれればもっと便利になるので対応してほしいです。,単純に経費申請にかかる時間・工数が目に見えて減りました。過去の申請データを参照したり、金額計算を自動で行ってくれるので手間のかかる作業をすべて行ってくれます。この口コミを詳しく見る,申請において使いやすく申請内容も確認でき、二重の申請や申請漏れなどの管理がしやすいためミスの防止にも役立っています。楽楽精算の改善してほしい点交通費申請において、該当ルートを利用し日が複数日ある場合に一括で申請ができるようになってくれればもっと便利になるので対応してほしいです。楽楽精算導入で得られた効果・メリット単純に経費申請にかかる時間・工数が目に見えて減りました。過去の申請データを参照したり、金額計算を自動で行ってくれるので手間のかかる作業をすべて行ってくれます。
399,2023/05/18,シンプルな経費精算システムですが、精算画面のカスタマイズが可能なので他社システムからの乗り換えに社員が適応しやすいです。,領収書の登録時、スキャンすると発行元や料金の文字を自動で判別して入力されるのですが、たまに誤りがあるので手入力で修正しています。その精度がもう少し上がると助かります。,日当の金額は職位別で変わるのですが、個人別で日当の設定を変えられるので日当金額の誤りが減り、チェック担当の負担が大幅に減りました。この口コミを詳しく見る,経費精算システムですが、精算画面のカスタマイズが可能なので他社システムからの乗り換えに社員が適応しやすいです。楽楽精算の改善してほしい点領収書の登録時、スキャンすると発行元や料金の文字を自動で判別して入力されるのですが、たまに誤りがあるので手入力で修正しています。その精度がもう少し上がると助かります。楽楽精算導入で得られた効果・メリット日当の金額は職位別で変わるのですが、個人別で日当の設定を変えられるので日当金額の誤りが減り、チェック担当の負担が大幅に減りました。
400,2023/05/18,今までは、会社の経費は小口で金庫から出金をしてもらっていたのですが、楽楽精算導入後は、レシートをパシャリ。あとは上司に承認ボタンを押してもらえば済むので管理が楽になった。,ソフトの見た目の問題ですが、もうすこし今風なデザインにしてもらえるといいのかなと思いました。あとは満足です。システムの不具合がありましたか？トラブルはありません。,これまでは経理にもっていき、その都度現金を出してもらっていた。これはネット上で承認、現金のやり取りがなく給与で振り込まれるので全体を通して楽になりました。,アナログな処理をやめたい方にオススメ
401,2023/05/18,カメラで領収書を撮影し、必要項目を選択すれば簡単に申請できるため、紙管理の時をだいぶ手間が削減できた。,撮影後、文字起こしの精度が悪く、都度修正の必要がある点。間違って読み込んだ領収書の削除方法がわからない点。,今までは手計算だったため差し戻し修正で時間を費やしていたが入力項目はほとんどが選択式、費用計算は自動のため時間がかなり削減された。この口コミを詳しく見る,収書を撮影し、必要項目を選択すれば簡単に申請できるため、紙管理の時をだいぶ手間が削減できた。楽楽精算の改善してほしい点撮影後、文字起こしの精度が悪く、都度修正の必要がある点。間違って読み込んだ領収書の削除方法がわからない点。楽楽精算導入で得られた効果・メリット今までは手計算だったため差し戻し修正で時間を費やしていたが入力項目はほとんどが選択式、費用計算は自動のため時間がかなり削減された。
402,2023/05/17,アプリもある点がとても便利だと感じます。また、領収書も全部保存しておくことができ、そこから出金伝票等の申請もできます。,過去に利用した社員は「検索」のときに使用率が高い人が出てくるようにしていただきたいです。また、「戻る」が使えるととても助かります。,弊社は、今まで紙媒体で回覧をしていたので導入したことにより、ペーパーレスにも繋がりました。また、差し戻す際もボタン1つを押すだけなのでとても楽です。この口コミを詳しく見る,る点がとても便利だと感じます。また、領収書も全部保存しておくことができ、そこから出金伝票等の申請もできます。楽楽精算の改善してほしい点過去に利用した社員は「検索」のときに使用率が高い人が出てくるようにしていただきたいです。また、「戻る」が使えるととても助かります。楽楽精算導入で得られた効果・メリット弊社は、今まで紙媒体で回覧をしていたので導入したことにより、ペーパーレスにも繋がりました。また、差し戻す際もボタン1つを押すだけなのでとても楽です。
403,2023/05/17,効率的な経費精算処理を実現することです。従来の手作業に比べて、経費の入力、承認、精算までのステップを自動化し、時間と手間を大幅に削減できます。また、スマートフォンやパソコンからいつでもアクセス可能であり、経費の管理や申請の状況をリアルタイムで把握できるため、管理者も利用者も便利です。,システム導入に伴うユーザーの変革管理です。既存の経費処理方法からの切り替えや、新しいソフトウェアの操作方法に慣れるまでに時間がかかる場合があります。また、楽楽精算のカスタマイズや他のシステムとの連携に関する技術的な課題も存在します。これらの課題を克服するためには、適切なトレーニングや専門的なサポートが必要です。,従来の経費精算プロセスが複雑で時間がかかり、経費の申請と承認のボトルネックが頻繁に発生していました。しかし、楽楽精算の導入後、経費処理が劇的に改善されました。社内の従業員がスマートフォンアプリを使用して経費を申請し、管理者はオンライン上で迅速に承認できるようになりました。結果として、経費の精算時間が従来の半分に短縮され、社内の意思決定と効率が向上しました。さらに、リアルタイムのデータ分析が可能になり、経費のパターンや無駄な出費を特定することで、経費管理の精度とコスト削減も実現しました。この口コミを詳しく見る,費精算処理を実現することです。従来の手作業に比べて、経費の入力、承認、精算までのステップを自動化し、時間と手間を大幅に削減できます。また、スマートフォンやパソコンからいつでもアクセス可能であり、経費の管理や申請の状況をリアルタイムで把握できるため、管理者も利用者も便利です。楽楽精算の改善してほしい点システム導入に伴うユーザーの変革管理です。既存の経費処理方法からの切り替えや、新しいソフトウェアの操作方法に慣れるまでに時間がかかる場合があります。また、楽楽精算のカスタマイズや他のシステムとの連携に関する技術的な課題も存在します。これらの課題を克服するためには、適切なトレーニングや専門的なサポートが必要です。楽楽精算導入で得られた効果・メリット従来の経費精算プロセスが複雑で時間がかかり、経費の申請と承認のボトルネックが頻繁に発生していました。しかし、楽楽精算の導入後、経費処理が劇的に改善されました。社内の従業員がスマートフォンアプリを使用して経費を申請し、管理者はオンライン上で迅速に承認できるようになりました。結果として、経費の精算時間が従来の半分に短縮され、社内の意思決定と効率が向上しました。さらに、リアルタイムのデータ分析が可能になり、経費のパターンや無駄な出費を特定することで、経費管理の精度とコスト削減も実現しました。
404,2023/05/17,従来メールで依頼していた、書籍購入などに伴う経費精算が、サイト1カ所に集まり、様式も事前提示していたものから選択できるため、とても便利になった。また、システムでの申請となったことから「この申請出すのちょっと戸惑うなぁ」のようなものについても、堂々と申請出せるようになりました。サイト1カ所に集まり、様式も事前提示していたものから選択できるため、とても便利になった。また、システムでの申請となったことから「この申請出すのちょっと戸惑うなぁ」のようなものについても、堂々と申請出せるようになりました。(ちょっと戸惑う内容についても、会社の規定上申請が出せるため、堂々とできるようになってうれしい戸惑う内容についても、会社の規定上申請が出せるため、堂々とできるようになって嬉しい)),申請が差し戻しされたときに、差し戻しコメントが記載されている場所がわかりにくい。また、差し戻しが誰からあったのかを直感的に理解できるようにしたい。,申請様式が定まったことで、申請にかかる時間が激減した。これにより、業務に従事できる時間が増え間接事務時間が減ったことが自分及び会社にとってwinwinな関係だと感じた。この口コミを詳しく見る,で依頼していた、書籍購入などに伴う経費精算が、サイト1カ所に集まり、様式も事前提示していたものから選択できるため、とても便利になった。また、システムでの申請となったことから「この申請出すのちょっと戸惑うなぁ」のようなものについても、堂々と申請出せるようになりました。サイト1カ所に集まり、様式も事前提示していたものから選択できるため、とても便利になった。また、システムでの申請となったことから「この申請出すのちょっと戸惑うなぁ」のようなものについても、堂々と申請出せるようになりました。(ちょっと戸惑う内容についても、会社の規定上申請が出せるため、堂々とできるようになってうれしい戸惑う内容についても、会社の規定上申請が出せるため、堂々とできるようになって嬉しい))楽楽精算の改善してほしい点申請が差し戻しされたときに、差し戻しコメントが記載されている場所がわかりにくい。また、差し戻しが誰からあったのかを直感的に理解できるようにしたい。楽楽精算導入で得られた効果・メリット申請様式が定まったことで、申請にかかる時間が激減した。これにより、業務に従事できる時間が増え間接事務時間が減ったことが自分及び会社にとってwinwinな関係だと感じた。
405,2023/05/17,申請と精算でアイコンが分かれており、目的に応じて業務する際にわかりやすい。申請画面も入力項目がシンプルで使いやすい。,スマホで使う際に画面によっては入力項目が小さくなってしまうので少し使いづらく、数字入力時にカナ入力になってしまうのでデフォルトでテンキー入力に切り替わってほしい。,スマホでも申請や精算、承認が行えるため、急に申請や承認が必要な際もパソコン立ち上げて対応する必要がなくなった。以前利用していた製品の解約理由対応が悪かったためこの口コミを詳しく見る,でアイコンが分かれており、目的に応じて業務する際にわかりやすい。申請画面も入力項目がシンプルで使いやすい。楽楽精算の改善してほしい点スマホで使う際に画面によっては入力項目が小さくなってしまうので少し使いづらく、数字入力時にカナ入力になってしまうのでデフォルトでテンキー入力に切り替わってほしい。楽楽精算導入で得られた効果・メリットスマホでも申請や精算、承認が行えるため、急に申請や承認が必要な際もパソコン立ち上げて対応する必要がなくなった。以前利用していた製品の解約理由対応が悪かったため
406,2023/05/17,精算する領収書をスマホで読み取ることで、交通費等の経費立て替え申請でき、経理も伝票を起こす必要がないため、手間が省ける。,パソコンで申請する際には、一度領収書をスマホで読み取ったものを、パソコンに送る必要がある点を改善して欲しい。システムの不具合がありましたか？特に無し。,経理担当者の伝票起票や、小口現金の面倒な事務手続が激減したことで、経理の業務負荷が軽減した。またペーパーレスにもつながった。,出張申請や精算が楽です。
407,2023/05/17,経費精算をする際、領収書ごとに上長へ承認を依頼すると、一つ一つ承認する必要がある為嫌がられるが、下書き機能があるので領収書を受け取ったらすぐ入力し下書き保存し、月末月初のタイミングでまとめて承認依頼を出す事が出来るので助かる。,強いて挙げるなら、領収書の支払い先や金額・日付などをいちいち入力しなければいけないのが面倒なので、領収書の写真をアップロードすれば、システム側で文字を自動で読み取りして少なくとも日付や金額くらいは自動入力されると助かる。,導入メリットとも重複するが、ある程度は書き溜めておいてまとめて承認依頼を出せる為、上長の工数削減に役立っている。この口コミを詳しく見る,する際、領収書ごとに上長へ承認を依頼すると、一つ一つ承認する必要がある為嫌がられるが、下書き機能があるので領収書を受け取ったらすぐ入力し下書き保存し、月末月初のタイミングでまとめて承認依頼を出す事が出来るので助かる。楽楽精算の改善してほしい点強いて挙げるなら、領収書の支払い先や金額・日付などをいちいち入力しなければいけないのが面倒なので、領収書の写真をアップロードすれば、システム側で文字を自動で読み取りして少なくとも日付や金額くらいは自動入力されると助かる。楽楽精算導入で得られた効果・メリット導入メリットとも重複するが、ある程度は書き溜めておいてまとめて承認依頼を出せる為、上長の工数削減に役立っている。
408,2023/05/16,簡単に経費精算ができます。すべて電子で手続きできるのが嬉しい。精算ステップわかりやすく誰でもわかります。,携帯の端末からもできるようにしてほしいです。あとはマニュアルが分かりづらい気がしました。カスタマーサポートの問い合わせ先が分かりづらいです。,経費精算が電子化されたのがとてもよいです。前までは、上司の印鑑をもらわないといけなかったのですが、このシステムを入れたおかげで解決しました。この口コミを詳しく見る,精算ができます。すべて電子で手続きできるのが嬉しい。精算ステップわかりやすく誰でもわかります。楽楽精算の改善してほしい点携帯の端末からもできるようにしてほしいです。あとはマニュアルが分かりづらい気がしました。カスタマーサポートの問い合わせ先が分かりづらいです。楽楽精算導入で得られた効果・メリット経費精算が電子化されたのがとてもよいです。前までは、上司の印鑑をもらわないといけなかったのですが、このシステムを入れたおかげで解決しました。
409,2023/05/16,前のシステムでは全て紙に印刷が必要で、出社しないと申請も承認も出来なかったが、在宅勤務でも、伝票の申請・承認作業が在宅勤務で出来るようになった。,添付ファイルの確認時に、Chromeだとダウンロードが毎回発生してしまう所。承認する際は、この点は不便だと感じている。システムの不具合がありましたか？導入当初、名前に反して楽々とはいかず、どの画面で何を申請すれば良いのか、分かりずらかった。今は慣れたこともあり、特に不便は感じていない。,在宅勤務の推進になる点はメリットだと思う。CMは誇張はあるが、実際経理＝紙だらけなのは確かなので、経費精算がペーパーレスになるのは良いと思う。以前利用していた製品の解約理由ペーパーレスに未対応の為,ペーパーレス推進や、在宅勤務推進には役立つと思う。
410,2023/05/16,外でいる時にも経費精算ができる点や乗換案内がついているので移動した所の料金をわざわざ検索しなくても良いのは便利だと感じています。後はやはり出張先とかでスマホとかだけでも気軽に経費精算ができるのは良いと思う。,写真をとって領収書をuploadをしてからの文字認識での経費精算ができるのだが、文字認識の精度がいまいちだと感じる。人の手書きは仕方ないと思うが、新幹線の領収書も難しいことがあり、ちょっと改善してほしいと思う。システムの不具合がありましたか？なかった,領収書の現物を持っていないといけないという手間が無くなったのが大きい。また月末の経費申請の際に、１つずつ訪問のクライアント先と経路をヤフー路線で毎回料金を確認しているような課題があった。これに大体１時間ぐらいは当然かかっていたが、Pasmoを通すだけで経路が表示され、クライアント先も候補で出てくるのでこのように調べるような手間が無くなった。この口コミを詳しく見る,にも経費精算ができる点や乗換案内がついているので移動した所の料金をわざわざ検索しなくても良いのは便利だと感じています。後はやはり出張先とかでスマホとかだけでも気軽に経費精算ができるのは良いと思う。楽楽精算の改善してほしい点写真をとって領収書をuploadをしてからの文字認識での経費精算ができるのだが、文字認識の精度がいまいちだと感じる。人の手書きは仕方ないと思うが、新幹線の領収書も難しいことがあり、ちょっと改善してほしいと思う。システムの不具合がありましたか？なかった楽楽精算導入で得られた効果・メリット領収書の現物を持っていないといけないという手間が無くなったのが大きい。また月末の経費申請の際に、１つずつ訪問のクライアント先と経路をヤフー路線で毎回料金を確認しているような課題があった。これに大体１時間ぐらいは当然かかっていたが、Pasmoを通すだけで経路が表示され、クライアント先も候補で出てくるのでこのように調べるような手間が無くなった。
411,2023/05/16,移動費用の精算で主に利用しているが、ICカードを読み込むと履歴が一括で表示され管理しやすい。社内での申請が簡単で利用しやすい。,備考欄をいちいち記入するのが少し手間に感じるので拡張機能として、音声機能を付けてタイピングの入力を不要にできたら便利。,いちいち手打ちでどこからどこに行ったと入力する必要がなく、ICカードを読み込むだけで直ぐに可視化できるので、不要な業務を限りなく少なくできている。この口コミを詳しく見る,精算で主に利用しているが、ICカードを読み込むと履歴が一括で表示され管理しやすい。社内での申請が簡単で利用しやすい。楽楽精算の改善してほしい点備考欄をいちいち記入するのが少し手間に感じるので拡張機能として、音声機能を付けてタイピングの入力を不要にできたら便利。楽楽精算導入で得られた効果・メリットいちいち手打ちでどこからどこに行ったと入力する必要がなく、ICカードを読み込むだけで直ぐに可視化できるので、不要な業務を限りなく少なくできている。
412,2023/05/15,挙動が軽いこと。前のシステムはとにかく遅かった。電車一本入力して登録押したら車内で5秒、社外では通信環境が良くても10秒待たされた。楽楽清算は、登録が早い。,承認ルートの記憶ができないこと手当が自動反映されないこと(2泊3日なので、日当3日等)明細のレイアウトが見にくいこと,入力が手早く済むようになったので、隙間時間にできるようになった。短いと分かっている隙間時間の活用選択肢が増えた。この口コミを詳しく見る,こと。前のシステムはとにかく遅かった。電車一本入力して登録押したら車内で5秒、社外では通信環境が良くても10秒待たされた。楽楽清算は、登録が早い。楽楽精算の改善してほしい点承認ルートの記憶ができないこと手当が自動反映されないこと(2泊3日なので、日当3日等)明細のレイアウトが見にくいこと楽楽精算導入で得られた効果・メリット入力が手早く済むようになったので、隙間時間にできるようになった。短いと分かっている隙間時間の活用選択肢が増えた。
413,2023/05/15,今まで紙で回覧や承認していていたものが全て電子化になってスピーディになりました。具体的に話しますと、今まで出張精算を紙で渡していましたが、例えば上司が遠方に出張してる場合、承認を貰えずに承認ルートの途中で止まってしまい、上司が帰ってくるまで待つしかありませんでした。しかし、楽々精算により、web上で精算書類を閲覧できるので、どこにいても承認することができます。上司が別の場所に常駐しており、そこまで精算書類を郵送で送っていましたが、個人情報を郵送で毎回送る点で非常に危ない状況でした。こちらもwebにデータを添付することで、書類の紛失するリスクが減りました。,今の楽々精算では、出張や出金伝票の精算の項目しかありません。弊社では、議案書もその他の項目を使って、回覧しております。このような議案書などの書類の項目を作って欲しいです。また、それらの項目をアプリで閲覧、承認ができるようにしてほしいです。今は、毎回、pc上で見て承認するしかありません。非常に便利になります。,以前はいつも上司が承認してくれないというクレームがありました。理由としては、遠方に出張しており、机の上に書類を置いても、出張から帰ってくるまで見てくれないというものでした。しかし、よくよく内容を見てみると、まず精算書類の提出がギリギリに出しており、前もって出張前に提出していれば、スピーディに承認が降りるはずのものが多々ありました。楽楽精算により、誰がいつ書類を提出したのか、いつ承認したのがが明確になることで、このような問題を解決できました。この口コミを詳しく見る,回覧や承認していていたものが全て電子化になってスピーディになりました。具体的に話しますと、今まで出張精算を紙で渡していましたが、例えば上司が遠方に出張してる場合、承認を貰えずに承認ルートの途中で止まってしまい、上司が帰ってくるまで待つしかありませんでした。しかし、楽々精算により、web上で精算書類を閲覧できるので、どこにいても承認することができます。上司が別の場所に常駐しており、そこまで精算書類を郵送で送っていましたが、個人情報を郵送で毎回送る点で非常に危ない状況でした。こちらもwebにデータを添付することで、書類の紛失するリスクが減りました。楽楽精算の改善してほしい点今の楽々精算では、出張や出金伝票の精算の項目しかありません。弊社では、議案書もその他の項目を使って、回覧しております。このような議案書などの書類の項目を作って欲しいです。また、それらの項目をアプリで閲覧、承認ができるようにしてほしいです。今は、毎回、pc上で見て承認するしかありません。非常に便利になります。楽楽精算導入で得られた効果・メリット以前はいつも上司が承認してくれないというクレームがありました。理由としては、遠方に出張しており、机の上に書類を置いても、出張から帰ってくるまで見てくれないというものでした。しかし、よくよく内容を見てみると、まず精算書類の提出がギリギリに出しており、前もって出張前に提出していれば、スピーディに承認が降りるはずのものが多々ありました。楽楽精算により、誰がいつ書類を提出したのか、いつ承認したのがが明確になることで、このような問題を解決できました。
414,2023/05/15,これまではExcelで毎月実際に移動したルートを一件一件、金額も含めて自分で入力して期限までに提出しなければいけませんでしたが、本製品を導入してからそういった面倒な入力作業から解放されました。,使っていて目立って困ったことは今のところありません。UIも良いですし、紙ベースでの申請から脱却できてメリットを多く感じています。,これまではExcelで毎月交通費申請をしていたため、必ず社用PCからでしか申請書の作成・提出ができませんでしたが、本製品はスマホも対応しているため、場所を選ばず空いたスキマ時間で気軽に申請できるようになり時間を有効に活用できるようになりました。この口コミを詳しく見る,Excelで毎月実際に移動したルートを一件一件、金額も含めて自分で入力して期限までに提出しなければいけませんでしたが、本製品を導入してからそういった面倒な入力作業から解放されました。楽楽精算の改善してほしい点使っていて目立って困ったことは今のところありません。UIも良いですし、紙ベースでの申請から脱却できてメリットを多く感じています。楽楽精算導入で得られた効果・メリットこれまではExcelで毎月交通費申請をしていたため、必ず社用PCからでしか申請書の作成・提出ができませんでしたが、本製品はスマホも対応しているため、場所を選ばず空いたスキマ時間で気軽に申請できるようになり時間を有効に活用できるようになりました。
415,2023/05/12,営業の立場として、旅費精算や経費精算に利用しています。楽楽精算の便利なポイントとして、『乗換案内』のような機能があり、駅名を入力するだけで乗車券の値段を計算してくれるところです。入力の時間が短縮できました。,特段思い当たりません。強いて言えば、旅費精算で弊社では不要な入力項目があります。こちらを削除しようとすると、導入費が上がってしまう理由が実装できない、と言った話があるとは伺いました。その辺りが少し柔軟になってくれればいいなとは思います。,上記の乗換案内機能に加え、領収書のスキャン機能があります。領収書を写真で撮ることで自動で項目が転記され、こちらも入力時間の短縮に繋げることができました。以前利用していた製品の解約理由費用の問題と聞いています。この口コミを詳しく見る,として、旅費精算や経費精算に利用しています。楽楽精算の便利なポイントとして、『乗換案内』のような機能があり、駅名を入力するだけで乗車券の値段を計算してくれるところです。入力の時間が短縮できました。楽楽精算の改善してほしい点特段思い当たりません。強いて言えば、旅費精算で弊社では不要な入力項目があります。こちらを削除しようとすると、導入費が上がってしまう理由が実装できない、と言った話があるとは伺いました。その辺りが少し柔軟になってくれればいいなとは思います。楽楽精算導入で得られた効果・メリット上記の乗換案内機能に加え、領収書のスキャン機能があります。領収書を写真で撮ることで自動で項目が転記され、こちらも入力時間の短縮に繋げることができました。以前利用していた製品の解約理由費用の問題と聞いています。
416,2023/05/08,各社ごとに必要なカスタマイズが可能である点や、様々な会社へと採用された実績があるので社員の理解も得やすく導入がスムーズな点などが良いですね。弊社のように子会社が多い場合、グループ全体でシステムをまとめることで経費精算業務が非常に効率的になります。,承認フローの設定方法や人事マスタの更新作業などが結構わかりにくいですね。そのほかにバージョンアップで追加される新機能の詳細な方法などもあると嬉しいです。,経費精算において重要な交通費精算において特に役立っています。乗り換え路線の検索や定期区間の自動控除、交通系ICカードの取り込み機能など交通費を申請する立場としても非常に簡単に行えるようになりました。この口コミを詳しく見る,必要なカスタマイズが可能である点や、様々な会社へと採用された実績があるので社員の理解も得やすく導入がスムーズな点などが良いですね。弊社のように子会社が多い場合、グループ全体でシステムをまとめることで経費精算業務が非常に効率的になります。楽楽精算の改善してほしい点承認フローの設定方法や人事マスタの更新作業などが結構わかりにくいですね。そのほかにバージョンアップで追加される新機能の詳細な方法などもあると嬉しいです。楽楽精算導入で得られた効果・メリット経費精算において重要な交通費精算において特に役立っています。乗り換え路線の検索や定期区間の自動控除、交通系ICカードの取り込み機能など交通費を申請する立場としても非常に簡単に行えるようになりました。
417,2023/05/07,ウェブ上で出張費や交通費の申請ができる点が最も重要です。紙での申請と比べると、申請書を印刷して上長から印鑑をもらって提出するという一連の流れを省略できます。この無駄な時間を業務にスライドできるので効率化に繋がります。,強いてあげるならば、人事異動の際にメンテナンスが発生することかと思います。特に上長が異動になったにも関わらず、そのままの状態で修正を依頼しなければいけないときがあります。どの製品にも言えることかもしれませんが。,これまで紙で申請していたのですが、楽楽精算によってすごく楽になったのは間違いありません。紙だと修正するのにも１からやり直さないといけなかったのですが、楽楽精算だと入力ミスも減り、本来の業務に時間を使えるようになったので、とても有効に時間を使えています。この口コミを詳しく見る,出張費や交通費の申請ができる点が最も重要です。紙での申請と比べると、申請書を印刷して上長から印鑑をもらって提出するという一連の流れを省略できます。この無駄な時間を業務にスライドできるので効率化に繋がります。楽楽精算の改善してほしい点強いてあげるならば、人事異動の際にメンテナンスが発生することかと思います。特に上長が異動になったにも関わらず、そのままの状態で修正を依頼しなければいけないときがあります。どの製品にも言えることかもしれませんが。楽楽精算導入で得られた効果・メリットこれまで紙で申請していたのですが、楽楽精算によってすごく楽になったのは間違いありません。紙だと修正するのにも１からやり直さないといけなかったのですが、楽楽精算だと入力ミスも減り、本来の業務に時間を使えるようになったので、とても有効に時間を使えています。
418,2023/05/07,精算がやりやすくなり、間違いが減るので差し戻しが少なくなる。社員誰でも問題なく操作ができる点がよい。,スマホでの領収書の読み取り機能が少し不便。読み取り精度は悪く無いが、どれも縦で撮影しなければならないので、撮影しにくい。システムの不具合がありましたか？特に無し,精算伝票による不備が減り総務のチェックが楽になると思います。申請前にこの項目は必須ですなどと表記されるのでわかりやすい。,精算業務内のチェックが大幅に減ります。
419,2023/05/07,経費伝票や確証類のペーパレス化、請求書のＯＣＲ読み込みによるインプット業務の省力化等、ユーザー側のメリットもあるけど経理部門の業務改革に役に立った,承認ルートや部門設定等色々細かく設定できるのは良いことだが、少し細かいのでもう少し簡略化すると導入スピードが上がると思う。,今まで経理部門の実務担当者は紙を受け取って仕訳入力して、振込データを作成し、最後にファイリングしていた業務が、最初から最後までワークフローにのって業務ができてるようになったこの口コミを詳しく見る,確証類のペーパレス化、請求書のＯＣＲ読み込みによるインプット業務の省力化等、ユーザー側のメリットもあるけど経理部門の業務改革に役に立った楽楽精算の改善してほしい点承認ルートや部門設定等色々細かく設定できるのは良いことだが、少し細かいのでもう少し簡略化すると導入スピードが上がると思う。楽楽精算導入で得られた効果・メリット今まで経理部門の実務担当者は紙を受け取って仕訳入力して、振込データを作成し、最後にファイリングしていた業務が、最初から最後までワークフローにのって業務ができてるようになった
420,2023/05/07,今まで経費の精算を現金手渡しで行っていたが、楽楽精算を導入してからは渡す側受け取る側の都合考えなくても済むようになった。,古い人間だからだろうがパスワードを入力してから開いて確認しなくてはいけないのがおっくうだ。パスワード忘れてしまうのでパスワード無しでも見れるのかな？,現金を直接受け渡しをしていた頃は渡す側受け取る側が休んでいたら精算が出来なかったが導入してからはスムーズに受け渡しが出来るでようになった。,楽になります。
421,2023/05/07,今まではExcelの手入力なので、最大で20件のみですが、取込みが非常に楽になりました。手入力の場合も乗り換え案内が装備されていて便利です。,スマホを機種変したら取込みが出来なくなり、サポートセンターに確認するとモバイルSuicaは動作補償外との事。手入力のみになるので残念でした。,今まで該当者のSuicaの履歴付け合わせが必要でしたが、システムを取り入れてから経理担当者もチェックする管理が非常に楽になります。この口コミを詳しく見る,xcelの手入力なので、最大で20件のみですが、取込みが非常に楽になりました。手入力の場合も乗り換え案内が装備されていて便利です。楽楽精算の改善してほしい点スマホを機種変したら取込みが出来なくなり、サポートセンターに確認するとモバイルSuicaは動作補償外との事。手入力のみになるので残念でした。楽楽精算導入で得られた効果・メリット今まで該当者のSuicaの履歴付け合わせが必要でしたが、システムを取り入れてから経理担当者もチェックする管理が非常に楽になります。
422,2023/05/06,旅費の精算に使用していますが、乗換案内との連携で旅費・距離の自動入力など必要と思われる機能は一通り揃っています。また、機能はシンプルで直感的に使用できると思いました。,社内ルールで備考欄に規定の内容を記載することになっているが、記入欄が狭いのが難点。書ける文字数自体は問題ないので、テキストエディタに記載してから貼り付けて対応している。システムの不具合がありましたか？特になし。,承認者が複数設定できるので、上司が休んでいても対応できる。また、履歴が参照でき、承認状態や振込予定日が表示されるので、振込金額が合っているかの確認が楽になった。この口コミを詳しく見る,に使用していますが、乗換案内との連携で旅費・距離の自動入力など必要と思われる機能は一通り揃っています。また、機能はシンプルで直感的に使用できると思いました。楽楽精算の改善してほしい点社内ルールで備考欄に規定の内容を記載することになっているが、記入欄が狭いのが難点。書ける文字数自体は問題ないので、テキストエディタに記載してから貼り付けて対応している。システムの不具合がありましたか？特になし。楽楽精算導入で得られた効果・メリット承認者が複数設定できるので、上司が休んでいても対応できる。また、履歴が参照でき、承認状態や振込予定日が表示されるので、振込金額が合っているかの確認が楽になった。
423,2023/05/06,今までは紙のレシートを伝票の裏に貼り付ける作業があったのですが、レシートの写真をアップロードするだけなので手間が減りました。,導入時に操作不明な点が多々あったので動画などの解説があれば年配の社員もなんとか対応できるようになると感じました。結局若手が全部説明してました。システムの不具合がありましたか？導入初期になぜかスマホの機種によってはアプリが上手く動作せず、スマホを再起動したりアプリを入れ直したりと対処が必要だった。,紙媒体での処理が減り、書庫のスペース整理に役立った。交通費精算をスマホアプリでできるようになったため、今まで月末まで処理を溜め込んでいた社員が自主的に作業するようになった。,社員が慣れさえすればとても便利
424,2023/05/06,会社へ導入され、使用する側のため金額等の評価はできませんが、以前の紙での経費申請に比べればとても便利になりました。,とくにはありませんが、強いてあげれば交通費精算の際の経路検索がバスと電車などが混じると駅名や停留所の検索が少し選択し辛いです。,とにかくペーパーレスになったのが１番です。今までは旧態然とした紙での申請で上長、その上とハンコ回しをしていましたが、それから開放されただけで満足です。この口コミを詳しく見る,され、使用する側のため金額等の評価はできませんが、以前の紙での経費申請に比べればとても便利になりました。楽楽精算の改善してほしい点とくにはありませんが、強いてあげれば交通費精算の際の経路検索がバスと電車などが混じると駅名や停留所の検索が少し選択し辛いです。楽楽精算導入で得られた効果・メリットとにかくペーパーレスになったのが１番です。今までは旧態然とした紙での申請で上長、その上とハンコ回しをしていましたが、それから開放されただけで満足です。
425,2023/05/06,マニュアルを読まなくても直観的に使えるインターフェイスであることから、比較的使いやすいサービスであると思う。,片道、往復が基本的には選択できる形ではあるが、実際には往復が選択できないケース：その他などがある点が使いづらいと思う。システムの不具合がありましたか？特に経験なし。,申請時の内容がそのまま請求時にコピペされることから、請求時の打ち込み作業が発生しない点が良いと思う。,使いやすく、比較的早く導入ができると思う。
426,2023/05/06,経費精算と交通費精算で利用していますが、操作が簡単で使いやすいです。シンプルな画面ですが、その分レスポンスもよく、遅いと感じたことはありません。,全体的に字が小さい気がしますので、人によっては（特に年配の方は）不満を感じるのではないかと思いました。システムの不具合がありましたか？今のところ特に不満はありません。,精算がとても効率化できました。スマホアプリから領収書を撮影・アップロードすることで提出がスムーズにできるようになりました。撮影した写真から価格等が自動入力されるのも助かります。精度も高いかとおもいます。,基本的に必要な機能を揃えており、価格も安いところが良いかと思います。品質も良いかと思います。
427,2023/05/05,経費精算するためのシステムで、入力フォームがわかりやすく、承認されたか通知が来るので、立替代金が返金されるまでの流れが見える点が良い。,特にありませんが、以前と同じような経費を精算するための繰り返し機能みたいなのがあればもっと便利になるかもしれません。システムの不具合がありましたか？今のところ、特にありません。,以前のシステムでは、入力時にいろいろ注意点があったり、もう上司や経理部の承認がおりたのか、いつ返金されるのか不明だったが、それらが簡単かつ明瞭になった。,経費精算に時間がかかると人件費もかかるので、スピーディに手続きできる点がとにかくオススメです。
428,2023/05/05,領収書などを張り付けたりして紙での管理をしていました。パソコンでデータ管理できるところがとても簡単で作業効率が格段にあがりました。使い方も感覚的にできるので、初心者でもわかりやすと思います。出張などの領収書や請求書などを以前は紙でやっていたので、処理に時間がかかっていました。導入後はデータ帳簿保存システムを使かうことにより作業がとてもスムーズになりました。,少し入力方法が分からない箇所があること、使い方やシステムに対してのサポート体制を充実させてほしい、柔軟性に少しかけること、チェック機能がない事、人間の目で最後は確認が必要なこと、クレジットカードとの連携に時間がかかるなどです。,紙を使用しないこと、承認などのフローがやりやすい。システムの処理が速いこと、紙で運用から楽楽精算導入後はすべてがWeb上で完結し、作業量の大幅削減できました。とても満足しております。価格が安い、導入10万、年間20万、安価で導入できたこと。この口コミを詳しく見る,を張り付けたりして紙での管理をしていました。パソコンでデータ管理できるところがとても簡単で作業効率が格段にあがりました。使い方も感覚的にできるので、初心者でもわかりやすと思います。出張などの領収書や請求書などを以前は紙でやっていたので、処理に時間がかかっていました。導入後はデータ帳簿保存システムを使かうことにより作業がとてもスムーズになりました。楽楽精算の改善してほしい点少し入力方法が分からない箇所があること、使い方やシステムに対してのサポート体制を充実させてほしい、柔軟性に少しかけること、チェック機能がない事、人間の目で最後は確認が必要なこと、クレジットカードとの連携に時間がかかるなどです。楽楽精算導入で得られた効果・メリット紙を使用しないこと、承認などのフローがやりやすい。システムの処理が速いこと、紙で運用から楽楽精算導入後はすべてがWeb上で完結し、作業量の大幅削減できました。とても満足しております。価格が安い、導入10万、年間20万、安価で導入できたこと。
429,2023/05/05,過去に利用したルートや申請内容をそのままコピーすることができるので、毎回申請の度にいちいち入力する必要がなく手間が省けます。,スマホでも利用できますが、PCに比べると少しUIが使いづらいです。PCに合わせたものなのか、スマホでも使いやすい画面にしてほしいです。,上述のように、コピーなどの利用で手間が省けています。それにより経費・交通費申請がルーティン化できて各種申請にかかる時間を削減できています。この口コミを詳しく見る,したルートや申請内容をそのままコピーすることができるので、毎回申請の度にいちいち入力する必要がなく手間が省けます。楽楽精算の改善してほしい点スマホでも利用できますが、PCに比べると少しUIが使いづらいです。PCに合わせたものなのか、スマホでも使いやすい画面にしてほしいです。楽楽精算導入で得られた効果・メリット上述のように、コピーなどの利用で手間が省けています。それにより経費・交通費申請がルーティン化できて各種申請にかかる時間を削減できています。
430,2023/05/04,製品名の通り各種精算・申請が簡単かつ楽にできています。申請フォーマットも分かりやすく入力しやすいです。,領収書のアップロード時に挙動が重かったり、読み取り内容が違っていたりすることがあるため、その点を改善してほしい。,これまではExcelのフォーマットで毎月自分で作成し、提出するという工程が発生していましたが、作成・提出という手順がなくなったことで毎月の工数が確実に削減できています。この口コミを詳しく見る,り各種精算・申請が簡単かつ楽にできています。申請フォーマットも分かりやすく入力しやすいです。楽楽精算の改善してほしい点領収書のアップロード時に挙動が重かったり、読み取り内容が違っていたりすることがあるため、その点を改善してほしい。楽楽精算導入で得られた効果・メリットこれまではExcelのフォーマットで毎月自分で作成し、提出するという工程が発生していましたが、作成・提出という手順がなくなったことで毎月の工数が確実に削減できています。
431,2023/05/04,様々な精算をタブから選択して、内容を記載するだけで経理に申請を行うことができる点が、使用者からすると楽で良いと思いました。,弊社で自作した説明書なのか、製品に付属する説明書なのか不明ですが、説明書の内容を読んでも、選択する項目が多く、出張旅費と言っても、一日なのか、連泊なのかで申請内容が異なるため間違えて申請することがあります。パターンごとに、申請内容の項目をどれにするかなどの説明が詳しく記載されていると嬉しいです。,システムを導入前は、会社で決められたフォーマットを印刷して内容を手書きして経理に提出する必要がありましたが、このシステムを使用することで、PC上で必要な情報を入力し、領収証もPDFにして読み込ませることで電子データとして申請が出来るようになりました。申請者は手書きする時間が省略でき、経理では確認の時間削減に繋がったと考えられます。,紙で経費や、旅費精算を行っている場合は、導入することによってPCで完結させることができ、申請時間や確認時間の削減につなげることができると思います。
432,2023/05/04,リモートワークでも難なく対応できるのが良い点です。近年はリモートワークが多くなり、当社でも多くの社員がリモートワークに取り組んでいます。ただ、会計業務についてはリモートワークに対処しにくいところもあるため、なかなかリモートワークが進まないのが現状です。そこで、この製品を導入、さしあたり経費精算業務をリモートワークで対処できないか検証したところ、全く問題なく処理ができるようになりました。これをきっかけに、他の会計業務についてもリモートワーク化の検討をしています。,今のところ特にありません。この製品をきっかけに会計業務全般についてリモートワーク化ができれば、言うこと無しです。システムの不具合がありましたか？特にありません。,ペーパレス化を推し進めることができた点がメリットです。これまで紙媒体でのやりとりが中心だった経費精算業務が、この製品でweb化を導入したことで、ペーパレス化を進めることができました。ペーパレス化は今や社会的な課題として取り上げられていますので、そうした課題を少しでも克服でききるようになったのは大きなメリットだと思っています。この口コミを詳しく見る,ークでも難なく対応できるのが良い点です。近年はリモートワークが多くなり、当社でも多くの社員がリモートワークに取り組んでいます。ただ、会計業務についてはリモートワークに対処しにくいところもあるため、なかなかリモートワークが進まないのが現状です。そこで、この製品を導入、さしあたり経費精算業務をリモートワークで対処できないか検証したところ、全く問題なく処理ができるようになりました。これをきっかけに、他の会計業務についてもリモートワーク化の検討をしています。楽楽精算の改善してほしい点今のところ特にありません。この製品をきっかけに会計業務全般についてリモートワーク化ができれば、言うこと無しです。システムの不具合がありましたか？特にありません。楽楽精算導入で得られた効果・メリットペーパレス化を推し進めることができた点がメリットです。これまで紙媒体でのやりとりが中心だった経費精算業務が、この製品でweb化を導入したことで、ペーパレス化を進めることができました。ペーパレス化は今や社会的な課題として取り上げられていますので、そうした課題を少しでも克服でききるようになったのは大きなメリットだと思っています。
433,2023/05/04,製品名通り、経費・交通費の精算が楽になりました。写真撮影、運賃の自動計算、過去の申請ルートの保存・呼び出しなど、これがあったら楽なのにという機能が揃っています。,今のところ困っていること、改善してほしいところはありません。機能・操作感ともに満足して使用できています。,満足度の高い製品ですが、特に領収書のアップロード機能は重宝しています。これにより領収書原本の扱いに困ることがなくなりました。この口コミを詳しく見る,、経費・交通費の精算が楽になりました。写真撮影、運賃の自動計算、過去の申請ルートの保存・呼び出しなど、これがあったら楽なのにという機能が揃っています。楽楽精算の改善してほしい点今のところ困っていること、改善してほしいところはありません。機能・操作感ともに満足して使用できています。楽楽精算導入で得られた効果・メリット満足度の高い製品ですが、特に領収書のアップロード機能は重宝しています。これにより領収書原本の扱いに困ることがなくなりました。
434,2023/05/04,自社では、従来、紙・Excelベースの手書き精算を行っていましたが、今年から「楽楽精算」を導入しました。領収書や請求書の電子化。電子帳簿保存法の施行により、電子化したデータを処理することで、原本が不要となりました。　電子化するのにも、本システムはスマホがあれば、専用アプリから領収書を撮影すると自動データ化により、　PDF化やPCに取込む手間がなくなり、精算申請をスマホのみで完結することができます。また、今までは紙を持ち回りで承認を得ていた為、承認者が不在時等でその移動時間が無駄になったり、居る時間を狙ってまた出直して承認を貰いに行ったりで非常に不便だったのが、本システムの承認機能で、　承認者の任意のタイミングで承認できるのは素晴らしいと感じました。また、期日が迫ると承認者へフォローアップする機能もあり、承認漏れが防げると思います。　電車や新幹線等の移動で出発駅や到着駅などの経路を入力すると、経路検索サービスの情報を基に交通運賃が　自動算出される為、今までは別のWebサイトで検索し、運賃を算出していた手間が省けました。,承認機能について。経費申請する際、添付ファイルは1つしか追加できない点。承認時コメントが、差し戻し時にしかできない点。モバイルアプリからの申請だと、承認者を追加できない点。,営業職で経費精算が多く、今までExcelや紙で処理を行っており、時間を取られていました。また、コロナの影響でテレワークの普及により、出社の頻度が減り、出社時にまとめて精算を行わなければならず、思い出したりする手間もあり、非効率でした。現状は「楽楽精算」を使う事で、テレワークでもWeb上で都度、経費をデータで一時保存できたり、とてもストレスなく、経費精算が出来るようになりました。この口コミを詳しく見る,従来、紙・Excelベースの手書き精算を行っていましたが、今年から「楽楽精算」を導入しました。領収書や請求書の電子化。電子帳簿保存法の施行により、電子化したデータを処理することで、原本が不要となりました。　電子化するのにも、本システムはスマホがあれば、専用アプリから領収書を撮影すると自動データ化により、　PDF化やPCに取込む手間がなくなり、精算申請をスマホのみで完結することができます。また、今までは紙を持ち回りで承認を得ていた為、承認者が不在時等でその移動時間が無駄になったり、居る時間を狙ってまた出直して承認を貰いに行ったりで非常に不便だったのが、本システムの承認機能で、　承認者の任意のタイミングで承認できるのは素晴らしいと感じました。また、期日が迫ると承認者へフォローアップする機能もあり、承認漏れが防げると思います。　電車や新幹線等の移動で出発駅や到着駅などの経路を入力すると、経路検索サービスの情報を基に交通運賃が　自動算出される為、今までは別のWebサイトで検索し、運賃を算出していた手間が省けました。楽楽精算の改善してほしい点承認機能について。経費申請する際、添付ファイルは1つしか追加できない点。承認時コメントが、差し戻し時にしかできない点。モバイルアプリからの申請だと、承認者を追加できない点。楽楽精算導入で得られた効果・メリット営業職で経費精算が多く、今までExcelや紙で処理を行っており、時間を取られていました。また、コロナの影響でテレワークの普及により、出社の頻度が減り、出社時にまとめて精算を行わなければならず、思い出したりする手間もあり、非効率でした。現状は「楽楽精算」を使う事で、テレワークでもWeb上で都度、経費をデータで一時保存できたり、とてもストレスなく、経費精算が出来るようになりました。
435,2023/05/03,UIがシンプルで慣れるまで、時間を要せず比較的使いやすいと思います。スマートフォンアプリ、WEB上という双方で入力できる為、使い勝手は高い,出張で発生した分を経費精算していくが、場合によっては交通網が複数の種類に渡る場合がある。その際に相手型一社を電車、バスをそれぞれの交通ルートを入力して精算する必要があり、一括で入力できるとより良いシステムの不具合がありましたか？特になし,会社としては経費削減が図れている。営業としては、ICカードと連携させることで経費精算の効率化を図ることができる以前利用していた製品の解約理由経費削減,シンプルな作りの経費精算システムを探している場合はおすすめかとおもいます
436,2023/05/02,PCだけでなくスマホでも使うことができ、領収書を撮影することでアップロードできるので空いた時間でサクッと申請することが出来る点が良いです。,直近発生したことですが、電車代の値上がりによって同月内で同区間で金額が変わってしまった場合でも日時から自動的にその日付の料金を設定してくれるとありがたいです。,普段在宅勤務か客先常駐のため、領収書についてアップロードだけで済み、提出が不要になったのでわざわざ本社に提出しにいく手間がなくなり、大変助かりました。この口コミを詳しく見る,なくスマホでも使うことができ、領収書を撮影することでアップロードできるので空いた時間でサクッと申請することが出来る点が良いです。楽楽精算の改善してほしい点直近発生したことですが、電車代の値上がりによって同月内で同区間で金額が変わってしまった場合でも日時から自動的にその日付の料金を設定してくれるとありがたいです。楽楽精算導入で得られた効果・メリット普段在宅勤務か客先常駐のため、領収書についてアップロードだけで済み、提出が不要になったのでわざわざ本社に提出しにいく手間がなくなり、大変助かりました。
437,2023/05/02,ICカードリーダーを使ってSuicaなどをタッチするだけで履歴が読み取られるので難しくなく使うことができる,モバイルSuicaを使っているがアプリの楽楽精算icリーダーを使おうとすると携帯１台だとかざす事が出来ないので携帯が2台必要になるところ,毎日入力する手間がないため時間が短縮できることがメリットだが、履歴が20件までしかSuicaに残らないため定期的にSuicaを読み取る必要はあるこの口コミを詳しく見る,リーダーを使ってSuicaなどをタッチするだけで履歴が読み取られるので難しくなく使うことができる楽楽精算の改善してほしい点モバイルSuicaを使っているがアプリの楽楽精算icリーダーを使おうとすると携帯１台だとかざす事が出来ないので携帯が2台必要になるところ楽楽精算導入で得られた効果・メリット毎日入力する手間がないため時間が短縮できることがメリットだが、履歴が20件までしかSuicaに残らないため定期的にSuicaを読み取る必要はある
438,2023/05/02,経費の精算をするにあたって、手軽にオンラインで申請する事ができ、無駄な時間を短縮する事ができて非常に助かっております。,交通費の申請を行うにあたって、ICカードの読み取りをしているのですが、利用しているIC端末から読み取るのに毎度PC側の設定を切り替えないと認識しないのが不便だと感じています。システムの不具合がありましたか？特にありませんでした。,楽楽精算を利用する事によって、本来は経理へ毎度郵送で送っていた交通費の申請や経費の申請が、オンラインで手軽に行うことができるので、無駄な切手代や郵送代を抑えることができております。,手軽にオンラインで経費精算を行うなら楽々精算がお勧めです。
439,2023/05/02,会社の事情に合わせて電子化できる部分を選択できること、導入までのサポートや説明会のサービスが充実しているところ,検索ボックスに過去に入力した内容がずっと残り続けているため、次に入力するときに邪魔になります。検索性が上がるといいと思う。,今までは紙で精算しており、申請者と庶務担当、経理担当のチェックにかなりの負担がかかっていました。導入までにかなり工数がかかりましたがその後はだいぶ楽になっています。この口コミを詳しく見る,に合わせて電子化できる部分を選択できること、導入までのサポートや説明会のサービスが充実しているところ楽楽精算の改善してほしい点検索ボックスに過去に入力した内容がずっと残り続けているため、次に入力するときに邪魔になります。検索性が上がるといいと思う。楽楽精算導入で得られた効果・メリット今までは紙で精算しており、申請者と庶務担当、経理担当のチェックにかなりの負担がかかっていました。導入までにかなり工数がかかりましたがその後はだいぶ楽になっています。
440,2023/05/02,駅名を入力して自動的に金額の計算をしてくれたり、過去の申請ルートを呼び出せたり便利な機能が揃っています。,1カ月の申請をまとめて行うことができないのが地味に不便です。期間や日程を指定してこのルートを何月何日利用したのか複数の申請をまとめて出来ると便利です。,領収書を撮影してアップロードできるため、領収書の原本を提出する必要がなくなったので月末まで保管・提出する手間がなくなりました。この口コミを詳しく見る,して自動的に金額の計算をしてくれたり、過去の申請ルートを呼び出せたり便利な機能が揃っています。楽楽精算の改善してほしい点1カ月の申請をまとめて行うことができないのが地味に不便です。期間や日程を指定してこのルートを何月何日利用したのか複数の申請をまとめて出来ると便利です。楽楽精算導入で得られた効果・メリット領収書を撮影してアップロードできるため、領収書の原本を提出する必要がなくなったので月末まで保管・提出する手間がなくなりました。
441,2023/05/02,元々操作も直感的で使いやすいシステムでした。先日社内規定の改定のせいか、紙の領収書提出が不要となり、写メで提出できるようになって便利さが加速。本当に助かります。,上司設定を手動で変えないといけない所です。組織が変わったり異動があった際は一括で変わればいいのにと思います。システムの不具合がありましたか？なし。,業務時間の短縮及び紙の節約、無駄な捺印作業の削減。これまでは領収書を紙に貼り、ハンコ集めが必要でしたが不要になり本当に便利になりました。以前利用していた製品の解約理由入力途中でログアウトすると一からやり直し,シンプルで使いやすい。スマホ操作も楽です
442,2023/05/02,交通系ICカードをリーダーにかざすことで、乗車履歴を読み取り、そのデータを使って交通費精算を行うことが可能,初期設定を自身で行う必要があるのだが、PCスキルの高くない人は苦戦すると思う。できることを事前に調べておき、何をやりたいかを予め決めておいて調べながら設定したほうがいいシステムの不具合がありましたか？不具合はなし,精算業務のミスが少なくなった、同時に手間も省かれ、全体的に効率化がなされた。申請する側も経理側も、双方ともに良い思いができるこの口コミを詳しく見る,カードをリーダーにかざすことで、乗車履歴を読み取り、そのデータを使って交通費精算を行うことが可能楽楽精算の改善してほしい点初期設定を自身で行う必要があるのだが、PCスキルの高くない人は苦戦すると思う。できることを事前に調べておき、何をやりたいかを予め決めておいて調べながら設定したほうがいいシステムの不具合がありましたか？不具合はなし楽楽精算導入で得られた効果・メリット精算業務のミスが少なくなった、同時に手間も省かれ、全体的に効率化がなされた。申請する側も経理側も、双方ともに良い思いができる
443,2023/05/01,今まではパソコンから各自で申請。その後総務の作業が発生していましたが、この製品に変えてから各自申請、総務は取りまとめのみという形になり効率化に繋がった。また、携帯で申請ができ外出先からでも申請できる為、領収書を溜めたりすることも無くなった。,領収書の添付場所が分かりにくいため、もう少し画像添付や領収書の登録方法を簡略、且つわかりやすくしてほしい。システムの不具合がありましたか？携帯からの画像連携ができなくなった時期があった。,今までは領収書を直接申請用紙に添付して紙で回付していたが、画像添付、送信のみでペーパレス化やに繋がった。また紙の領収書でなく、Web領収書の画像でも可になったのが有難い。以前利用していた製品の解約理由総務の業務が格段に減ること、効率化の観点から導入,何より携帯でタイムリーに申請できるのがいい！
444,2023/05/01,主に交通費申請で使用していますが、入力が簡単で金額の計算も自動で入力してくれるので、いくらだったか改めて調べなおす必要がないのが楽です。,普段は、以前入力した駅や経路を保存して呼び出すことが出来て楽なのだが、たまに履歴が消えていることがあります。原因も分からないですし、改善してほしいです。,以前までExcel形式で毎月の交通費の申請書を作成していたが、本製品の導入によってそもそも自分で申請書を記入する必要がなくなったので、工数削減になりました。この口コミを詳しく見る,申請で使用していますが、入力が簡単で金額の計算も自動で入力してくれるので、いくらだったか改めて調べなおす必要がないのが楽です。楽楽精算の改善してほしい点普段は、以前入力した駅や経路を保存して呼び出すことが出来て楽なのだが、たまに履歴が消えていることがあります。原因も分からないですし、改善してほしいです。楽楽精算導入で得られた効果・メリット以前までExcel形式で毎月の交通費の申請書を作成していたが、本製品の導入によってそもそも自分で申請書を記入する必要がなくなったので、工数削減になりました。
445,2023/05/01,交通費以外にも経費、交際費、支払依頼などの様々な経費に関わる項目を一元管理できるようになりました。承認過程も見れるためどこで止まっているかも一目でわかるのが便利です。,仕訳の抽出方法を指定できるのは便利だが、パターン化できるものが少ない気がします。思っていた仕訳にならないこともあるので精度が高まれば更に良いなと思います。,もともとはスプレッドシートで管理していたのですが、一度手違いで全部データが消えてしまったことがあり大変でした。このサービスを利用することでそういった失敗もなくなり、経費精算にかける時間を削減することが出来ました。この口コミを詳しく見る,にも経費、交際費、支払依頼などの様々な経費に関わる項目を一元管理できるようになりました。承認過程も見れるためどこで止まっているかも一目でわかるのが便利です。楽楽精算の改善してほしい点仕訳の抽出方法を指定できるのは便利だが、パターン化できるものが少ない気がします。思っていた仕訳にならないこともあるので精度が高まれば更に良いなと思います。楽楽精算導入で得られた効果・メリットもともとはスプレッドシートで管理していたのですが、一度手違いで全部データが消えてしまったことがあり大変でした。このサービスを利用することでそういった失敗もなくなり、経費精算にかける時間を削減することが出来ました。
446,2023/05/01,私はこの製品をビジネスマッチングとして紹介している立場の者です。導入企業さまからは、紙媒体の管理からデジタル管理に移行でき大変便利というお声を聞きます。,有料プランをオプションとしてつける形は仕方ないかと思いますが、費用を気にして導入を見送るお客さまもいらっしゃることが残念なところです。,精算のためにわざわざ出社する必要がなくなった、デジタル申請できるので提出者も管理者も管理が楽になった。この口コミを詳しく見る,品をビジネスマッチングとして紹介している立場の者です。導入企業さまからは、紙媒体の管理からデジタル管理に移行でき大変便利というお声を聞きます。楽楽精算の改善してほしい点有料プランをオプションとしてつける形は仕方ないかと思いますが、費用を気にして導入を見送るお客さまもいらっしゃることが残念なところです。楽楽精算導入で得られた効果・メリット精算のためにわざわざ出社する必要がなくなった、デジタル申請できるので提出者も管理者も管理が楽になった。
447,2023/04/30,毎月の交通費申請で発生する入力作業や計算処理が本製品によってほぼ自動化されて作業自体が簡単かつ楽になりました。,スマホでも申請はできるのですが、PCに比べて見づらさ使いづらさを感じます。また、スマホ版だと承認者の設定など出来ないことがあるので改善してほしいです。,Excelで作成・申請していた交通費申請が本製品に代わったことで、毎回金額を調べる手間や同じルートを何度も入力する手間がなくなり申請にかかる時間がかなり削減されました。この口コミを詳しく見る,費申請で発生する入力作業や計算処理が本製品によってほぼ自動化されて作業自体が簡単かつ楽になりました。楽楽精算の改善してほしい点スマホでも申請はできるのですが、PCに比べて見づらさ使いづらさを感じます。また、スマホ版だと承認者の設定など出来ないことがあるので改善してほしいです。楽楽精算導入で得られた効果・メリットExcelで作成・申請していた交通費申請が本製品に代わったことで、毎回金額を調べる手間や同じルートを何度も入力する手間がなくなり申請にかかる時間がかなり削減されました。
448,2023/04/28,写真での領収書の取り込みや過去のルートの参照・呼び出しなどユーザーの操作が簡単かつ手間のいらない優秀な機能をそろえたサービスです。,承認者が変わった際の設定のやり方がやや分かりづらいといった点は改善ポイントではありますが、たまにしか使わない上、メインの機能は使いやすいのであまり困ってはいません。,スマホからの操作もでき、使いやすいため移動時間や空いた時間でサクッと各種申請をすることができています。この口コミを詳しく見る,収書の取り込みや過去のルートの参照・呼び出しなどユーザーの操作が簡単かつ手間のいらない優秀な機能をそろえたサービスです。楽楽精算の改善してほしい点承認者が変わった際の設定のやり方がやや分かりづらいといった点は改善ポイントではありますが、たまにしか使わない上、メインの機能は使いやすいのであまり困ってはいません。楽楽精算導入で得られた効果・メリットスマホからの操作もでき、使いやすいため移動時間や空いた時間でサクッと各種申請をすることができています。
449,2023/04/25,楽楽精算を使って、スマホで領収書を撮影・入力するだけで、経費精算が簡単・スピーディになった。管理者も精算状況をリアルタイムで確認でき、業務効率化に貢献している。,楽楽精算は、スキャンした領収書が読み込みにくく、手動での入力が必要な場合がある。OCR技術の導入や、経費精算の自動化機能の強化が望まれる。システムの不具合がありましたか？特にトラブルはないがスキャンが読みづらいときがある,楽楽精算を利用することで、紙ベースの経費精算からの脱却が可能となり、業務の効率化やコスト削減が期待できる。例えば、営業先での交通費や飲食費の精算が即座にでき、時間の節約になる。また、精算プロセスの見える化により、従業員と管理者の間での認識ギャップを解消し、信頼関係の構築にも繋がる。,楽楽精算は、スマートフォンアプリで手軽に利用できるため、オンラインでもオフラインでも、いつでもどこでも経費の管理が可能です。また、複数の精算アプリを組み合わせて利用することもでき、より使い勝手が良くなります。そのため、経費の管理にお困りの企業や従業員にとって、非常に便利なツールと言えます。
450,2023/04/25,会社でたしか３年前とかに導入された経費精算システムです。いつもツールにはお世話になっておりますが、良いなというポイントがパッと思い浮かびませんでした。ごめんなさい参考にならないかもしれません。,領収書の拡張子がpdfにしか対応しておらず、一つあげるのにも大変です。。スマホで撮影、pcにエアドロップ、画像開いてpdfで省エネサイズで書き出し。ちなみに書き出しサイズを通常のままだと、これまた容量が大きいとエラーになるので注意が必要です。そしてサイズを下げてアップロードすると、OCRチェック処理に10秒以上待たされた上に、正常に読み取れないので結局自分がタイプしないといけません。領収書をスムーズに提出できるか、が肝なツールだと思うので、改善必須な一つだと思います。システムの不具合がありましたか？jpgpngといsった拡張子に未対応それ以外のバグといったものはあった記憶はありません。,経理部門はもしかしたら都合がよい機能が備わっているのかもしれません。通常利用の従業員サイドのほうが利用人数多いので、改善をしていかれないと現場不満からの解約につながらないかなと心配です。,とくにございません
451,2023/04/24,数年前から、利用者として管理部への交通費等の精算報告に利用しています。導入したては入力方法等不慣れでしたが、やり方を覚えると、ほとんどがプルダウン方式で簡単に作成することができます。おそらく管理部のスタッフの効率が格段に上がっていますし、利用者からの管理部への申請漏れもほとんどなくなりました。,特に無いのですが、強いて言うなら、領収書の添付方法がうまく利用できていません。一度写真でデータを読み込んでからデータに添付する作業がもう少し効率よくなればいいなと思います。,利用者（申請者）目線ですが、毎月行う作業として定着したため、経費申請の漏れが無くなりました。また、空き時間にアプリでぱぱっとできるのも利点だと思います。,管理者、利用者共に作業効率が上げられるシステムだと思います。
452,2023/04/23,製品名の通り、各種精算が楽にできる優れものです。過去の精算データの保存・呼び出し・写メでのアップロードなど機能が充実している上に使いやすいです。,今のところ特に改善してほしい点はないです。現状の機能で満足しているので、あまり余計な機能を付けて使いにくくならないようにしてほしいです。,精算時の書類作成・提出にかかる工数や提出の方法が簡単かつ、かなりの工数削減ができました。提出からの承認過程もリアルタイムで終えるため、申請漏れなどの管理もしやすいです。この口コミを詳しく見る,り、各種精算が楽にできる優れものです。過去の精算データの保存・呼び出し・写メでのアップロードなど機能が充実している上に使いやすいです。楽楽精算の改善してほしい点今のところ特に改善してほしい点はないです。現状の機能で満足しているので、あまり余計な機能を付けて使いにくくならないようにしてほしいです。楽楽精算導入で得られた効果・メリット精算時の書類作成・提出にかかる工数や提出の方法が簡単かつ、かなりの工数削減ができました。提出からの承認過程もリアルタイムで終えるため、申請漏れなどの管理もしやすいです。
453,2023/04/21,スマホから簡単に経費申請・承認ができ、領収書の撮影から自動で経費明細を作成してくれるため、手間が大幅に軽減される。承認の際にはコメントがつけられ、円滑なコミュニケーションが可能。さらに、申請状況の一括確認ができ、管理者の作業効率も向上する。価格も手ごろで、中小企業でも導入しやすい。,デザイン性や使い勝手の改善が必要。一部の機能が使いにくく、操作が煩雑に感じることがある。また、経費精算以外の機能がなく、他の業務との連携性に欠ける。さらに、申請や承認のフローに関しても、柔軟性が不足しているため、より多様なシチュエーションに対応できるよう改善が必要。,従業員の経費精算作業を効率化し、管理者の作業負担を軽減することができました。また、領収書の紛失や漏れなどのヒューマンエラーを減らし、正確な経費管理が可能になりました。楽楽精算を導入することで経費処理の作業時間が半分以下に短縮され、作業負担がかなり軽減された。この口コミを詳しく見る,簡単に経費申請・承認ができ、領収書の撮影から自動で経費明細を作成してくれるため、手間が大幅に軽減される。承認の際にはコメントがつけられ、円滑なコミュニケーションが可能。さらに、申請状況の一括確認ができ、管理者の作業効率も向上する。価格も手ごろで、中小企業でも導入しやすい。楽楽精算の改善してほしい点デザイン性や使い勝手の改善が必要。一部の機能が使いにくく、操作が煩雑に感じることがある。また、経費精算以外の機能がなく、他の業務との連携性に欠ける。さらに、申請や承認のフローに関しても、柔軟性が不足しているため、より多様なシチュエーションに対応できるよう改善が必要。楽楽精算導入で得られた効果・メリット従業員の経費精算作業を効率化し、管理者の作業負担を軽減することができました。また、領収書の紛失や漏れなどのヒューマンエラーを減らし、正確な経費管理が可能になりました。楽楽精算を導入することで経費処理の作業時間が半分以下に短縮され、作業負担がかなり軽減された。
454,2023/04/21,先方の送付希望に合わせて一回の操作でメールや郵送もしていただけるので手間が省けました。必要情報もこちらで設定ができ、一括で登録できるのも便利でした。,帳票データを一括取り込みした後に「承認依頼待ち」に入るのですが、開かずとも一括で「承認依頼」に流せると手間が省けて使いやすいです。,今まで一通一通メールにPDFを付けて請求書や支払通知書を送っていたので送付業務で2時間くらい要していましたが15分で終えることができました。郵送にも対応いただけるので大変使いやすいです。この口コミを詳しく見る,希望に合わせて一回の操作でメールや郵送もしていただけるので手間が省けました。必要情報もこちらで設定ができ、一括で登録できるのも便利でした。楽楽精算の改善してほしい点帳票データを一括取り込みした後に「承認依頼待ち」に入るのですが、開かずとも一括で「承認依頼」に流せると手間が省けて使いやすいです。楽楽精算導入で得られた効果・メリット今まで一通一通メールにPDFを付けて請求書や支払通知書を送っていたので送付業務で2時間くらい要していましたが15分で終えることができました。郵送にも対応いただけるので大変使いやすいです。
455,2023/04/21,いろいろな選択項目があり、簡単に請求書の処理をすることができる点。記入項目が確実にわかるので、申請の際不備がなく申請することができる。,請求書の写真の登録が少しめんどくさいように感じる。慣れたら、そこまで気にならないのかもしれませんが。,今までは自社の独自システムに申請をしていたが、不備なので承認されないことがあった。このシステムに切り替えてからはスムーズに精算ができていると思う。この口コミを詳しく見る,選択項目があり、簡単に請求書の処理をすることができる点。記入項目が確実にわかるので、申請の際不備がなく申請することができる。楽楽精算の改善してほしい点請求書の写真の登録が少しめんどくさいように感じる。慣れたら、そこまで気にならないのかもしれませんが。楽楽精算導入で得られた効果・メリット今までは自社の独自システムに申請をしていたが、不備なので承認されないことがあった。このシステムに切り替えてからはスムーズに精算ができていると思う。
456,2023/04/21,アプリとも連動しているので、領収書の読み取りや仕分けも楽です。また交通系ICカード連携た定期区間控除などミスがなくなりました。ミスがしやすい分野ですが、ほぼミスなく精算が可能です。出張時の日当計算・申請などもスッキリした画面になっておりますので、簡単に終わらすことが可能です。,システム側の問題よりも運用側に問題が大きいと思います。例えば、承認者がいない場合、承認までの時間がかかる…手作業の記入なので時間がかかる（経理側は楽だと思うが、実作業者は少々面倒くさい面がありますので、納得させるのに最初大変だと思います）システムの不具合がありましたか？特にありません。,（実作業よりも、あくまでも経理側として）精算業務の手間や時間削減になります。各種会計ソフトに合わせて変更できる点も良いですし、勘定科目を紐づけれる自動仕分け機能もありますので、経理側にとってはメリットが多いと思います。,経理部の方にとっては時間的・コスト的に効率化が図れますので、導入した方が絶対便利です。
457,2023/04/21,旅費精算も立替え精算も、これ1つ。日当･宿泊･交通費等、プルダウンから選択するだけで、メニュー形式になっているので操作が分かりやすい。また、スマホ連携なのでPCでもスマホでもどちらでも使えます。,入力が必須なところがわかりづらいので、もうちょっと分かりやすい方がいいです。またマイカー使った旅費精算でガソリン代精算が分かりづらいです。,精算作業の時間短縮と効率化が可能です。スマホでも入力できるのでリアルタイムで実績入力＆保存しておいて、最後に精算する事も可能です。以前利用していた製品の解約理由サポート終了による。この口コミを詳しく見る,立替え精算も、これ1つ。日当･宿泊･交通費等、プルダウンから選択するだけで、メニュー形式になっているので操作が分かりやすい。また、スマホ連携なのでPCでもスマホでもどちらでも使えます。楽楽精算の改善してほしい点入力が必須なところがわかりづらいので、もうちょっと分かりやすい方がいいです。またマイカー使った旅費精算でガソリン代精算が分かりづらいです。楽楽精算導入で得られた効果・メリット精算作業の時間短縮と効率化が可能です。スマホでも入力できるのでリアルタイムで実績入力＆保存しておいて、最後に精算する事も可能です。以前利用していた製品の解約理由サポート終了による。
458,2023/04/20,ICカードの読み取り機能があるので交通費精算が楽。自分で路線を入力しなくてもいいので手間が省けます。,立て替えた経費が口座に返金されたタイミングでお知らせがメールやLINEで届くようになるといいと思う。確認しやすいので。,もしも自分が精算ルールに反する申請をあげてしまいそうになったら、システムが自動で申請をブロックしてくれるのがとても助かる。一度申請をあげて、それを棄却されると再承認のためにまた入力する必要があり、指摘されたことをストレスに感じることがあるし、担当者も人力で確認してルール違反だとイライラすると思う。そんな誰も幸せにならないやりとりが発生しないのがとても良い。この口コミを詳しく見る,の読み取り機能があるので交通費精算が楽。自分で路線を入力しなくてもいいので手間が省けます。楽楽精算の改善してほしい点立て替えた経費が口座に返金されたタイミングでお知らせがメールやLINEで届くようになるといいと思う。確認しやすいので。楽楽精算導入で得られた効果・メリットもしも自分が精算ルールに反する申請をあげてしまいそうになったら、システムが自動で申請をブロックしてくれるのがとても助かる。一度申請をあげて、それを棄却されると再承認のためにまた入力する必要があり、指摘されたことをストレスに感じることがあるし、担当者も人力で確認してルール違反だとイライラすると思う。そんな誰も幸せにならないやりとりが発生しないのがとても良い。
459,2023/04/19,出先の際に経路登録をすることで簡単に交通費精算が行える。某乗り換え案内アプリと検索の仕方がわかりやすく、新幹線などの特急券にも対応。上席の承認が降りた時もすぐにメールでお知らせが届くのでとてもわかりやすい。,路線選択画面のUIがITシステムを使い慣れていない社員は理解しにくい、と職場で意見が出ている。ボタンの大きさなどもう少し大きい方がわかりやすいのかもしれない。システムの不具合がありましたか？トラブルなど特に大きな問題はなく利用させていただいてます。,以前務めていた企業の交通費計算は紙ベースだったこともあり、出先でもスマホひとつで経費計算、申請することができることで時間の有効活用をはかることができていると感じる。,簡単に使用することができるため、経費計算のし忘れにも効果的です。
460,2023/04/19,今まで使用していた精算システムでは、例えば交通費精算では往路を細かく手で入力していました。しかし、このシステムでは入力するのは出発地と目的地のみで簡単でした。,使用目的としては、とても使いやすいと思いますが、機能が多くて不要なものも多いように感じます。機能を取捨することを検討できると尚良い。,最大のメリットは精算にかかる時間の短縮だと思います。領収書などは、入力や紙への添付が不要なので便利です。,システム導入のコスパは長期目線で良いと思います
461,2023/04/19,交通費の申請などで、交通経路や金額が記憶しておけるため、わざわざ調べる手間がなくなり、スムーズに申請ができるようになった。,経費精算締切のタイミングでなにかしらのアナウンスをしてくれる機能があれば、もっと便利になると思います。,スマホ対応もしているため、通勤途中や移動中など電車の中での隙間時間を活用した経費精算申請を行えるようになり、生産性が上がった。この口コミを詳しく見る,請などで、交通経路や金額が記憶しておけるため、わざわざ調べる手間がなくなり、スムーズに申請ができるようになった。楽楽精算の改善してほしい点経費精算締切のタイミングでなにかしらのアナウンスをしてくれる機能があれば、もっと便利になると思います。楽楽精算導入で得られた効果・メリットスマホ対応もしているため、通勤途中や移動中など電車の中での隙間時間を活用した経費精算申請を行えるようになり、生産性が上がった。
462,2023/04/18,ICカードの読み取りにも対応しており、通常の電車賃であればチェックを入れるだけで申請を上げられるので楽,田舎の駅やバスの停留所にも対応してくれると嬉しい。スマホアプリ番号等も今後リリースしてくれると使いこなせる人が増えると思うシステムの不具合がありましたか？特に無し,出先でも申請を上げることが出来るので、経費の戻りが月内等に行える。移動費以外にも宿泊費等様々なジャンルの申請が可能。,ICカードの運賃利用が多い人におすすめ
463,2023/04/17,それまではエクセルで経費精算を管理していたが、領収書とエクセルに記載する金額のミス、内規違反などが多発しとても手間がかかっていた。しかし、統制品では自動でシステム連携してもらうため、人の手が介在しなくなってミスが減った。,手作業で登録した経費の金額が間違っていた時に、金額を訂正するのが面倒くさい。また、勘定項目を設定するときに、どの項目にすればいいのか戸惑うときがある。,やはり、エクセルで手作業で管理していた経費申請を自動化できたところ。特に、ICカードやクレジットカードの連携によって、転記せずとも自動で集計されるのはとても楽この口コミを詳しく見る,エクセルで経費精算を管理していたが、領収書とエクセルに記載する金額のミス、内規違反などが多発しとても手間がかかっていた。しかし、統制品では自動でシステム連携してもらうため、人の手が介在しなくなってミスが減った。楽楽精算の改善してほしい点手作業で登録した経費の金額が間違っていた時に、金額を訂正するのが面倒くさい。また、勘定項目を設定するときに、どの項目にすればいいのか戸惑うときがある。楽楽精算導入で得られた効果・メリットやはり、エクセルで手作業で管理していた経費申請を自動化できたところ。特に、ICカードやクレジットカードの連携によって、転記せずとも自動で集計されるのはとても楽
464,2023/04/16,経費精算のためにシステムを新規導入。それまでの紙ベースからの移行となると、従業員の間で戸惑いがあったのは確かである。,個人認証機能の頻度が高いと感じる。経費精算の頻度がそこまで多くないため、少し放置して久しぶりに使用するとログインの手間がある。,スマホ版での使用が可能なため、わざわざパソコンを立ち上げずにすむ。しかしながら、そこまでリアルタイムでの経費精算をしないため、結局はパソコンで精算することになる。この口コミを詳しく見る,ためにシステムを新規導入。それまでの紙ベースからの移行となると、従業員の間で戸惑いがあったのは確かである。楽楽精算の改善してほしい点個人認証機能の頻度が高いと感じる。経費精算の頻度がそこまで多くないため、少し放置して久しぶりに使用するとログインの手間がある。楽楽精算導入で得られた効果・メリットスマホ版での使用が可能なため、わざわざパソコンを立ち上げずにすむ。しかしながら、そこまでリアルタイムでの経費精算をしないため、結局はパソコンで精算することになる。
465,2023/04/16,主に交通費精算で使用していますが、操作も簡単で、かつ精算に必要かつ欲しい機能が揃っているため過不足なく良い製品だと思います。,交通費申請する際、予測変換がほしいです。駅名に誤字があると認識されないため、サジェスト機能があると訂正する手間が省けて便利かなと思います。,タクシー利用の際も領収書を写真で撮りアップロードするだけで取り込めるので、スマホ1つで完結して非常に便利です。この口コミを詳しく見る,精算で使用していますが、操作も簡単で、かつ精算に必要かつ欲しい機能が揃っているため過不足なく良い製品だと思います。楽楽精算の改善してほしい点交通費申請する際、予測変換がほしいです。駅名に誤字があると認識されないため、サジェスト機能があると訂正する手間が省けて便利かなと思います。楽楽精算導入で得られた効果・メリットタクシー利用の際も領収書を写真で撮りアップロードするだけで取り込めるので、スマホ1つで完結して非常に便利です。
466,2023/04/15,交通系ICカードをリーダーで読み込ませると、過去の電車の利用履歴が確認でき、そこから選択をして経費精算できるのがとても楽です。,特に不便なく使えているので改善してほしいポイントはないですが、各ボタンがもう少し大きい方が使いやすいような気はします。,以前までは、紙で交通費を精算して総務から現金で返金されていたのですが、楽楽精算が導入されてからPC上で簡単に申請ができ、振込での返金になったので、効率的で助かっています！この口コミを詳しく見る,カードをリーダーで読み込ませると、過去の電車の利用履歴が確認でき、そこから選択をして経費精算できるのがとても楽です。楽楽精算の改善してほしい点特に不便なく使えているので改善してほしいポイントはないですが、各ボタンがもう少し大きい方が使いやすいような気はします。楽楽精算導入で得られた効果・メリット以前までは、紙で交通費を精算して総務から現金で返金されていたのですが、楽楽精算が導入されてからPC上で簡単に申請ができ、振込での返金になったので、効率的で助かっています！
467,2023/04/15,外貨に対応していることです。それ以外にも、決算時の会計が導入前よりもスムーズになり、仕事の量が減りました。,Chrome以外のブラウザだと少し動作が重いです。後は、スマホからアクセスすることができないのもデメリットです。,月々の給料の会計が導入前よりも管理がラクになりました。ボーナスなどの管理もスムーズになりました。税務署関係の書類の提出も残業なしで提出することができました。この口コミを詳しく見る,していることです。それ以外にも、決算時の会計が導入前よりもスムーズになり、仕事の量が減りました。楽楽精算の改善してほしい点Chrome以外のブラウザだと少し動作が重いです。後は、スマホからアクセスすることができないのもデメリットです。楽楽精算導入で得られた効果・メリット月々の給料の会計が導入前よりも管理がラクになりました。ボーナスなどの管理もスムーズになりました。税務署関係の書類の提出も残業なしで提出することができました。
468,2023/04/15,楽楽精算はケータイで領収書を読み取れる点が非常に良いと感じました。ケータイで読み取った領収書をパソコンで確認できます。ウェブ上で一元管理できる点がIT化が進む世の中にぴったりだと思いました。,ユーザーとしてあまり改善してほしい点はないですが、この欄はなんなんだろう？とよくわからず使っている点はあります。システムの不具合がありましたか？今の所とくにありません。,私は支社に勤務しているのですが、領収書をケータイで読み取れることで、本社にいちいち領収書を送る手間を省くことができました。この口コミを詳しく見る,ケータイで領収書を読み取れる点が非常に良いと感じました。ケータイで読み取った領収書をパソコンで確認できます。ウェブ上で一元管理できる点がIT化が進む世の中にぴったりだと思いました。楽楽精算の改善してほしい点ユーザーとしてあまり改善してほしい点はないですが、この欄はなんなんだろう？とよくわからず使っている点はあります。システムの不具合がありましたか？今の所とくにありません。楽楽精算導入で得られた効果・メリット私は支社に勤務しているのですが、領収書をケータイで読み取れることで、本社にいちいち領収書を送る手間を省くことができました。
469,2023/04/15,「楽楽精算」とうたっている通り、慣れれば本当に楽に申請回りのことが完結されることができます。タクシーなどの領収書もこれまでは紙に貼り付けて提出しなければいけませんでしたが、写真撮影して提出できるようになったので、月初の申請のタイミングまで領収書を保管しておく必要がなくなり、そういった管理の面でも楽になりました。,初めて使ったときは、機能が充実している分、自分がどうすれば楽に申請が済むのかが、わかりにくかったです。,基本的に私は出社先が決まっており、同じルートでの出勤になるので、以前に申請したルート・行先が保存されて呼び出すことが出来る本サービスでの経費申請は、ものの数分で完了するため、時間をかけずに手続きできています。この口コミを詳しく見る,」とうたっている通り、慣れれば本当に楽に申請回りのことが完結されることができます。タクシーなどの領収書もこれまでは紙に貼り付けて提出しなければいけませんでしたが、写真撮影して提出できるようになったので、月初の申請のタイミングまで領収書を保管しておく必要がなくなり、そういった管理の面でも楽になりました。楽楽精算の改善してほしい点初めて使ったときは、機能が充実している分、自分がどうすれば楽に申請が済むのかが、わかりにくかったです。楽楽精算導入で得られた効果・メリット基本的に私は出社先が決まっており、同じルートでの出勤になるので、以前に申請したルート・行先が保存されて呼び出すことが出来る本サービスでの経費申請は、ものの数分で完了するため、時間をかけずに手続きできています。
470,2023/04/14,初見で説明書などを読まなくても項目さえ分かれば間違える事なく入力ができるため、ITの知識がなくても分かりやすいフォーム構成になっている。,請求書の添付をする際、PDFファイルを主にアップするが、弊社の社員数が多いため社員の健康診断の請求書が1度にアップできず2.3回に分けて申請が必要になることがしばしばある。大企業で従業員数が多い場合は弊社と同じようなことが起こりうると思うので改善して欲しい。,事務周りは未だに紙書類が多く、過去の書類など莫大な数を保管しなくてはならないため、保管スペースや処分する際にも費用がかかるため、楽楽精算を導入したことでそれらの懸念点が改善された点とリモートワークが浸透した現代において自宅や外出先でも申請ができる、紙の資源削減にもつながっており結果的に経費削減に成功した。この口コミを詳しく見る,書などを読まなくても項目さえ分かれば間違える事なく入力ができるため、ITの知識がなくても分かりやすいフォーム構成になっている。楽楽精算の改善してほしい点請求書の添付をする際、PDFファイルを主にアップするが、弊社の社員数が多いため社員の健康診断の請求書が1度にアップできず2.3回に分けて申請が必要になることがしばしばある。大企業で従業員数が多い場合は弊社と同じようなことが起こりうると思うので改善して欲しい。楽楽精算導入で得られた効果・メリット事務周りは未だに紙書類が多く、過去の書類など莫大な数を保管しなくてはならないため、保管スペースや処分する際にも費用がかかるため、楽楽精算を導入したことでそれらの懸念点が改善された点とリモートワークが浸透した現代において自宅や外出先でも申請ができる、紙の資源削減にもつながっており結果的に経費削減に成功した。
471,2023/04/14,領収書のエラーの無い自動読み取り機能が非常に便利、かつ読み取りミスも少なく、申請ユーザーにとっての申請負担が極めて少ないことがとても優れた点です。,慣れてしまえば全く問題無いのですが、領収書データ登録と、領収書データ呼び出しの2点がやや分かりづらい仕様になっているため、改善が行われるとなお良いと感じます。,スマートフォンからでも領収書読み取り対応が可能であり、同サービスがセールスポイントとしている「経費申請のためにわざわざ帰社」といった対応も不要、全般にユーザー目線に立った負担処理軽減がなされており、申請にかかる時間の削減に大いに寄与しております。この口コミを詳しく見る,ラーの無い自動読み取り機能が非常に便利、かつ読み取りミスも少なく、申請ユーザーにとっての申請負担が極めて少ないことがとても優れた点です。楽楽精算の改善してほしい点慣れてしまえば全く問題無いのですが、領収書データ登録と、領収書データ呼び出しの2点がやや分かりづらい仕様になっているため、改善が行われるとなお良いと感じます。楽楽精算導入で得られた効果・メリットスマートフォンからでも領収書読み取り対応が可能であり、同サービスがセールスポイントとしている「経費申請のためにわざわざ帰社」といった対応も不要、全般にユーザー目線に立った負担処理軽減がなされており、申請にかかる時間の削減に大いに寄与しております。
472,2023/04/13,PASMOの履歴を毎回、地下鉄の改札にいって印刷をする必要がなくなったこと。スマホで取り込むことが出来るは便利,領収書の写真を撮って申請するものの、OCR機能が弱く、4回に１回は誤入力が発生し、修正作業が必要になるところ。システムの不具合がありましたか？特になし。,領収書をペタペタ貼る作業から解放されたことが一番のメリットです。撮影した写真が社内に記録として残るようです。,紙が減らせます。
473,2023/04/11,経費だけでなく、稟議やその他諸々の処理がこのソフトでまとめてできるところ。過去の申請をコピーして利用も可能なので記入項目の確認の手間が省けるのが良い。,弊社では記録保存のために取下げられた稟議の消去が不可となっているため、取り下げ後もバッジがついた状態で残っている。差し戻しで再申請が必要なものと、取下げたものの区別ができるようフォルダ機能が使えるとありがたい。システムの不具合がありましたか？特になし。,稟議と支払依頼申請の紐付けることができるため、承認依頼先の部署が申請ごとに違っていても一連の流れを把握することができる。承認者が表示されるので、不明点があった際に誰に何を確認すべきか明確になり便利。,ソフト内にデータが残るため書類の紛失防止、紙の経費の節約にもなるほか、申請者承認者ともに時短になります。
474,2023/04/10,項目別に精算申請できるのはもちろん、一時保存やコピーもできるので使いやすいです。同じ内容を都度申請するのがとても面倒だったので、導入してから文字通り作業が楽になりました。,自分自身は特に不満はありませんが、例えばパソコン作業等が苦手な方や高齢者の方々操作する場合は、若干戸惑うかなと思います。,自分の仕事場では、同じ内容の申請が何度も発生するので、コピー機能等作業に手間がかからず出来るのが一番有難く思う部分です。この口コミを詳しく見る,算申請できるのはもちろん、一時保存やコピーもできるので使いやすいです。同じ内容を都度申請するのがとても面倒だったので、導入してから文字通り作業が楽になりました。楽楽精算の改善してほしい点自分自身は特に不満はありませんが、例えばパソコン作業等が苦手な方や高齢者の方々操作する場合は、若干戸惑うかなと思います。楽楽精算導入で得られた効果・メリット自分の仕事場では、同じ内容の申請が何度も発生するので、コピー機能等作業に手間がかからず出来るのが一番有難く思う部分です。
475,2023/04/10,明細の作成から上長への申請、経理担当による承認まで一貫して行えるクラウド型の経費精算システム。証憑書類もスマホ等で写真を撮って添付することが出来るため、領収書やレシートを保管しておく必要もなくなった。,経費の科目を選ぶ際にどの勘定科目を設定するべきなのか分かり辛いことがある。領収書を写真で撮影した際に購入店舗や購入品名を読み取って自動予測で科目を選択してくれる機能があると、更にスムーズに明細が作れると感じる。,交通費の精算がとても楽になった。個人設定に通勤定期区間を登録することができ、精算した経路から定期区間を自動で控除し金額を算出してくれる。経路についても計算ツールを備えているため出発駅と到着駅を入力するだけで自動で経路を導いてくれる。この口コミを詳しく見る,から上長への申請、経理担当による承認まで一貫して行えるクラウド型の経費精算システム。証憑書類もスマホ等で写真を撮って添付することが出来るため、領収書やレシートを保管しておく必要もなくなった。楽楽精算の改善してほしい点経費の科目を選ぶ際にどの勘定科目を設定するべきなのか分かり辛いことがある。領収書を写真で撮影した際に購入店舗や購入品名を読み取って自動予測で科目を選択してくれる機能があると、更にスムーズに明細が作れると感じる。楽楽精算導入で得られた効果・メリット交通費の精算がとても楽になった。個人設定に通勤定期区間を登録することができ、精算した経路から定期区間を自動で控除し金額を算出してくれる。経路についても計算ツールを備えているため出発駅と到着駅を入力するだけで自動で経路を導いてくれる。
476,2023/04/09,導入前は紙の書類で経費申請していたので、いまどこまで決裁が通っているのか確認が難しかったところを導入後は一目瞭然、決裁がどの担当者で止まっているか確認でき、決裁が下りるまでの不安やイライラの解消につながっている。出張申請では、項目を選択すると、日当の計算が自動でされ、自分で入力する手間がなく記入忘れもなくストレスフリーで良いです。,利用していて困ったことは、領収書の写真を撮ってデータをアップロードするのですが、写真の読み取り精度？があまりよくないようで、自分で入力しなおさないといけないことがある点です。あるとうれしい点は、申請から２日とか申請者が任意で設定した日数を超過して決裁が進まない場合に、止まっている担当者に通知がいくような仕組みがあるとうれしいです。こちらで進捗を確認して、止めている人にわざわざ電話やメールで催促するのが億劫なため。システムの不具合がありましたか？今のところ、解決できないトラブルには見舞われていません。営業マンレベルでわからない点も、業務グループの担当者に聞けば解決できました。,導入後に得られたメリットとしては、紙の書類で決裁をまわしていた時よりも短期間で決裁がおりるようになった点です。自動で入力される箇所もあり、ミスの回避にもつながっています。紙の時だと、最終決裁者までいってから不備が見つかって、初めから書類の訂正とまわし直しとなると、決裁が最終的におりるまでずいぶん手間と時間がかかることもありました。急ぎで承認がほしい場合には特にストレスになっていたので、このストレスがなくなったおかげで、本来の業務に集中できることにつながっています。この口コミを詳しく見る,の書類で経費申請していたので、いまどこまで決裁が通っているのか確認が難しかったところを導入後は一目瞭然、決裁がどの担当者で止まっているか確認でき、決裁が下りるまでの不安やイライラの解消につながっている。出張申請では、項目を選択すると、日当の計算が自動でされ、自分で入力する手間がなく記入忘れもなくストレスフリーで良いです。楽楽精算の改善してほしい点利用していて困ったことは、領収書の写真を撮ってデータをアップロードするのですが、写真の読み取り精度？があまりよくないようで、自分で入力しなおさないといけないことがある点です。あるとうれしい点は、申請から２日とか申請者が任意で設定した日数を超過して決裁が進まない場合に、止まっている担当者に通知がいくような仕組みがあるとうれしいです。こちらで進捗を確認して、止めている人にわざわざ電話やメールで催促するのが億劫なため。システムの不具合がありましたか？今のところ、解決できないトラブルには見舞われていません。営業マンレベルでわからない点も、業務グループの担当者に聞けば解決できました。楽楽精算導入で得られた効果・メリット導入後に得られたメリットとしては、紙の書類で決裁をまわしていた時よりも短期間で決裁がおりるようになった点です。自動で入力される箇所もあり、ミスの回避にもつながっています。紙の時だと、最終決裁者までいってから不備が見つかって、初めから書類の訂正とまわし直しとなると、決裁が最終的におりるまでずいぶん手間と時間がかかることもありました。急ぎで承認がほしい場合には特にストレスになっていたので、このストレスがなくなったおかげで、本来の業務に集中できることにつながっています。
477,2023/04/08,領収書を撮影するだけで、自動でデータ化されます。この機能は僕もかなり助けられていますね。手入力の手間がなくなるため、精算漏れも防げます。事前申請機能も充実しており、経費利用の確認や内部統制の強化が可能です。各種カードやAmazonビジネスの利用明細も自動取り込みできるため、手入力のミスを防ぎます。弊社では社内備品をAmazonで購入することが多いのでこの機能もいいですね。また申請内容も自動で仕訳され、会計ソフトとの連携もバッチリだと経理の子が言ってました。振込データも自動生成できるため、面倒な作業がなくなります。,客観的に見て個人的には、もう少しカスタマイズ性があると良いと思います。また、アプリ内のUI/UXも改善してほしいです。慣れてきても少し使いにくそうです。,経費処理の手間が大幅に削減されました。以前は手入力が必要で、ミスも多かったため、精算にかかる時間も長く従業員の方たちのストレスがたまっていました。しかし、これを使うことで、交通費、経費、請求書などの入力の手間が省けます。また、事前申請機能もあるため、不要な費用を防ぎ、内部統制も強化できるようになりました。全体的に、楽楽精算は非常に便利で、弊社の経理業務をやってくれる担当者がコア業務に集中できるようになってます。この口コミを詳しく見る,影するだけで、自動でデータ化されます。この機能は僕もかなり助けられていますね。手入力の手間がなくなるため、精算漏れも防げます。事前申請機能も充実しており、経費利用の確認や内部統制の強化が可能です。各種カードやAmazonビジネスの利用明細も自動取り込みできるため、手入力のミスを防ぎます。弊社では社内備品をAmazonで購入することが多いのでこの機能もいいですね。また申請内容も自動で仕訳され、会計ソフトとの連携もバッチリだと経理の子が言ってました。振込データも自動生成できるため、面倒な作業がなくなります。楽楽精算の改善してほしい点客観的に見て個人的には、もう少しカスタマイズ性があると良いと思います。また、アプリ内のUI/UXも改善してほしいです。慣れてきても少し使いにくそうです。楽楽精算導入で得られた効果・メリット経費処理の手間が大幅に削減されました。以前は手入力が必要で、ミスも多かったため、精算にかかる時間も長く従業員の方たちのストレスがたまっていました。しかし、これを使うことで、交通費、経費、請求書などの入力の手間が省けます。また、事前申請機能もあるため、不要な費用を防ぎ、内部統制も強化できるようになりました。全体的に、楽楽精算は非常に便利で、弊社の経理業務をやってくれる担当者がコア業務に集中できるようになってます。
478,2023/04/08,小難しい機能がなく、かなり簡略化されたデザイン、システムなので、操作性や申請までのステップがスムーズ,経費精算アイコンが見にくいのと、機能が弱いと感じる。ボタンを押して項目確認、ボタンクリックだが、マウスオーバーで項目確認できた方が便利。簡単に操作できるのは良いが、もう少し使いやすいUIだと助かります。,いつでも、どこでも都度経費精算を行えるので経費精算漏れがない。交通費精算は、乗り換え案内機能があるので、手間も掛からず間違いがなく便利です。この口コミを詳しく見る,能がなく、かなり簡略化されたデザイン、システムなので、操作性や申請までのステップがスムーズ楽楽精算の改善してほしい点経費精算アイコンが見にくいのと、機能が弱いと感じる。ボタンを押して項目確認、ボタンクリックだが、マウスオーバーで項目確認できた方が便利。簡単に操作できるのは良いが、もう少し使いやすいUIだと助かります。楽楽精算導入で得られた効果・メリットいつでも、どこでも都度経費精算を行えるので経費精算漏れがない。交通費精算は、乗り換え案内機能があるので、手間も掛からず間違いがなく便利です。
479,2023/04/08,交通費の申請など、毎月ほぼ決まっている内容を入力することが多いが、経路や金額を記憶しておけるため入力ミスなどがなくわざわざ調べる手間がなくなった。,申請〆切日が近づいたり当日になって、まだ申請が完了していないとアラートを飛ばすよう設定できるようになると申請漏れがなくなり便利になると思います。,申請者としての利用がメインだが、申請したものが今どの状態にあるのかフローで確認できるのが便利。特に期限ギリギリで申請したものがきちんと承認されているのを見ることができるのは安心できる。この口コミを詳しく見る,請など、毎月ほぼ決まっている内容を入力することが多いが、経路や金額を記憶しておけるため入力ミスなどがなくわざわざ調べる手間がなくなった。楽楽精算の改善してほしい点申請〆切日が近づいたり当日になって、まだ申請が完了していないとアラートを飛ばすよう設定できるようになると申請漏れがなくなり便利になると思います。楽楽精算導入で得られた効果・メリット申請者としての利用がメインだが、申請したものが今どの状態にあるのかフローで確認できるのが便利。特に期限ギリギリで申請したものがきちんと承認されているのを見ることができるのは安心できる。
480,2023/04/07,各種経費精算と決裁を全て、部長決裁、専務決裁、会長決裁に分けて取込むことができたことで、決裁に要する時間の短縮とペーパーレス化が達成された。その設定の段階で優れたサポートを頂いた。,一度申請したものを修正したり、取り消したりする際に作業工程が面倒である。また、取り消した申請を記録から削除する工程も面倒である。,各種経費精算と決裁を全て、部長決裁、専務決裁、会長決裁に分けて取込むことができたことで、決裁に要する時間の短縮とペーパーレス化が達成された。,ワークフローは活用すべし。パソコンに加えてスマホにアプリを入れておけば便利。
481,2023/04/07,電子承認システムを活用することで、経理グループで一元管理できることと、「乗換案内機能」が備わっている為、出張旅費（交通費）や日当の間違いが激減した。（不正請求防止の観点でも効果あり。）,利用者からすると、「日当の入力」では毎回苦労している感があります。また、承認時に「乗換案内機能」による「金額の適正化」が確認でき、領収書の読み取り機能があればなお良いとおもいます。システムの不具合がありましたか？印刷画面に自動移行しない時がたまにある。,弊社では、以前の「紙申請」時には、「片道100KM以上の出張」で日当を出しているが、「乗換案内等で確認しない（感覚でやっている）申請者」が多く、承認時にいちいち「乗換案内」で確認していたが、現在は申請者自身で「乗換案内」で確認させている。,いい加減な申請者を撲滅するためにも導入は必須です。（CMどおり、「そんなの経理でやっておいてよ～」と言わせないために・・・））
482,2023/04/07,操作性やUIもよく、年配の社員でも問題なく使えています。また、様々な申請ルールを設定できるため、自社の内部統制に柔軟に対応できる点もメリットとして感じています。また、申請画面レイアウトをある程度自由に設定できるため、元々使っていた申請書に近い申請画面を構築することもでき、従業員の心理的抵抗感も低いと感じます。,一度承認・確定してしまうと修正や取り消しができず、一部データが再利用できない点は唯一社内で苦言がでるポイントです。ただ、不正防止の観点からは一概にデメリットとは言えませんので、申請をする際は従業員に十分気を付けて処理をしてもらう必要があります。システムの不具合がありましたか？特に大きな問題はありません。但し、ICカード連携オプションを利用している際に、都内の電車の乗り換え履歴が実際の乗車経路と違うことがありました。（但し、乗車賃自体は合計で合致していたため、経理・実務上は問題ありませんでした。）サポートに確認したところ、ICカードの履歴情報の仕様上、改札を通らない乗換は、乗車賃が同じの別ルートが表示されてしまうことが稀にあるそうです。,経理としては小口現金を廃止できたことが一番大きく感じます。全てクラウド上での申請で、現金の授受がなくなったため、昨今の両替手数料問題にも悩まされずに済みました。また電子帳簿保存法対応オプションを利用したおかげで、申請書などの保管が不要となり、保管書類の大幅な削減にも成功しました。「楽楽精算」導入の決め手知名度が高く、従業員の認知度が高いため。また、OCR機能などのオプションが充実していたため。,多彩な申請レイアウトやフロー、申請ルールが設定できるので、規模の大きい企業におすすめです。
483,2023/04/07,経費申請に当たり、証票が必要な場合が多くありますが、PDF、画像イメージ、ICカード履歴と様々な証票が利用可能なため使いやすいです。,出張費精算の際、事前に申請を提出する必要がある点は使いにくいと思いました。登録は任意に設定できるようにしたいです。,今までは証票は紙のものを提出し、上長の捺印も必要だった為、経費精算のためにわざわざ出社する必要がありました。ただ、イメージやICカード履歴を登録できるようになった為、自宅からでも経費精算が可能になりました,ICカード履歴を活用できる点
484,2023/04/05,OCR対応の経費精算ソフトの為、一番の使い所としては請求書や領収書のスキャニング&登録までをシステムで行える、という点だと感じます。,スキャニングの精度にやや難がある(綺麗な字でこれは読み取れるだろう、という文字が識別不能だったり、逆にボヤけてて怪しい文字は何故かきっちり読み取れたり、など)完全に人間いらずで登録できる程の精度ではないので、改善に期待です。,入力工程の削減に役立つことは間違いないです。以前は、決算期に4人程で一斉に対応していた経費登録作業が、2人でかつより短い時間内での処理にすることができるようになりました。この口コミを詳しく見る,の経費精算ソフトの為、一番の使い所としては請求書や領収書のスキャニング&登録までをシステムで行える、という点だと感じます。楽楽精算の改善してほしい点スキャニングの精度にやや難がある(綺麗な字でこれは読み取れるだろう、という文字が識別不能だったり、逆にボヤけてて怪しい文字は何故かきっちり読み取れたり、など)完全に人間いらずで登録できる程の精度ではないので、改善に期待です。楽楽精算導入で得られた効果・メリット入力工程の削減に役立つことは間違いないです。以前は、決算期に4人程で一斉に対応していた経費登録作業が、2人でかつより短い時間内での処理にすることができるようになりました。
485,2023/04/05,経費の申請、計算が全てブラウザ上で終わるのでとても楽になりました。紙でしているとどうしても上長への確認も出張等で不在な時はできませんが、PCさえあれば可能なのがいいです。,パスワードが分からなくなった際、必ず管理者に連絡しなければならない事。パスワードを記憶させてしまってる自分が悪いが面倒臭い,以前は紙にて申請を行っていましたが、ペーパーレス化が進み導入。紙の経費削減にもなりとてもいいと思いました。この口コミを詳しく見る,、計算が全てブラウザ上で終わるのでとても楽になりました。紙でしているとどうしても上長への確認も出張等で不在な時はできませんが、PCさえあれば可能なのがいいです。楽楽精算の改善してほしい点パスワードが分からなくなった際、必ず管理者に連絡しなければならない事。パスワードを記憶させてしまってる自分が悪いが面倒臭い楽楽精算導入で得られた効果・メリット以前は紙にて申請を行っていましたが、ペーパーレス化が進み導入。紙の経費削減にもなりとてもいいと思いました。
486,2023/04/04,パソコンが苦手な方でも直感的に操作できます。又、インボイス制度にも対応されており変化にも柔軟に対応しています。,とても良いソフトだと思っており、改善点は思い当たりませんが、欲を言えばもう少し安くしていただけると助かります。,経費精算の処理を電子化できるのでペーパーレス化が実現した。いちいち承認をもらう手間が省け効率が大幅に向上した。この口コミを詳しく見る,苦手な方でも直感的に操作できます。又、インボイス制度にも対応されており変化にも柔軟に対応しています。楽楽精算の改善してほしい点とても良いソフトだと思っており、改善点は思い当たりませんが、欲を言えばもう少し安くしていただけると助かります。楽楽精算導入で得られた効果・メリット経費精算の処理を電子化できるのでペーパーレス化が実現した。いちいち承認をもらう手間が省け効率が大幅に向上した。
487,2023/04/03,PCで毎日いつでもログインして利用が可能でした。使い方が難しくなくスマートに申請することができた。,経費申請を行う際に、入力部分の範囲が狭めで文字が小さいので見にくかったです。もう少しストレスなく使いたかった。,以前は都度、用紙に経費内訳を記入して上司に申請しなくてはいけなかったので、楽楽精算になってからはスピーディーに申請できるようになった。この口コミを詳しく見る,いつでもログインして利用が可能でした。使い方が難しくなくスマートに申請することができた。楽楽精算の改善してほしい点経費申請を行う際に、入力部分の範囲が狭めで文字が小さいので見にくかったです。もう少しストレスなく使いたかった。楽楽精算導入で得られた効果・メリット以前は都度、用紙に経費内訳を記入して上司に申請しなくてはいけなかったので、楽楽精算になってからはスピーディーに申請できるようになった。
488,2023/04/02,以前使っていたサービスはオーダーメイドのため、コストが割高でしたが、切り替えた事でコストダウン、また必要な機能が全て網羅されていましたのでこのシステム1件で問題なく使用できています。,定期代の料金変更が反映されるまでタイムラグがあるので、改善していただけたらスムーズに処理ができるようになります。システムの不具合がありましたか？バス等賃料改定が反映されるまでのタイムラグがある,クラウド型のため、どこにいても経費申請等ができるので精算漏れがなくなりました。申請から承認までの流れがスムーズになりました。以前利用していた製品の解約理由MJSLINKⅡワークフローこの口コミを詳しく見る,いたサービスはオーダーメイドのため、コストが割高でしたが、切り替えた事でコストダウン、また必要な機能が全て網羅されていましたのでこのシステム1件で問題なく使用できています。楽楽精算の改善してほしい点定期代の料金変更が反映されるまでタイムラグがあるので、改善していただけたらスムーズに処理ができるようになります。システムの不具合がありましたか？バス等賃料改定が反映されるまでのタイムラグがある楽楽精算導入で得られた効果・メリットクラウド型のため、どこにいても経費申請等ができるので精算漏れがなくなりました。申請から承認までの流れがスムーズになりました。以前利用していた製品の解約理由MJSLINKⅡワークフロー
489,2023/04/02,経費精算をいつでもどこでも簡単に行える点。マニュアルも分かりやすいのでパソコンが苦手な方でも利用しやすい点,少し細かいですが、日付を誤って入力した際に日付の修正を1個1個行っています。選択範囲チェックすることでをまとめて変更出来る便利かと思います。,今までは紙ベースでの経費精算書類を起票して経理部へ提出していましたので。必ず出社しての対応が必要でしたが、在宅勤務時などにも経費精算が出来るので経費精算する側&経理部双方にメリットがあると思う。,誰でも簡単に利用出来ます！
490,2023/04/02,スマートフォンで写真を撮り精算したい領収書をアプリでダウンロードして楽に申請が出来ます。上長に申請する時に具体的に内容を書けるのが良いです。,問題点は特にありません。写真のサイズを変更したり編集出来たらなお良いかもしれません。アプリが対象外のスマホだと実装するのが面倒かもしれません。,メリットとしては、いつどこで何の精算か整理出来ます。スムーズに精算申請が出来、手間がかからないメリットがあります。スマートフォンで領収書を保存出来るので、精算の申請が素早く出来るようになりました。上長に申請する時に具体的に何の精算か一目で分かるので、短期間で精算が出来るようになりました。この口コミを詳しく見る,ォンで写真を撮り精算したい領収書をアプリでダウンロードして楽に申請が出来ます。上長に申請する時に具体的に内容を書けるのが良いです。楽楽精算の改善してほしい点問題点は特にありません。写真のサイズを変更したり編集出来たらなお良いかもしれません。アプリが対象外のスマホだと実装するのが面倒かもしれません。楽楽精算導入で得られた効果・メリットメリットとしては、いつどこで何の精算か整理出来ます。スムーズに精算申請が出来、手間がかからないメリットがあります。スマートフォンで領収書を保存出来るので、精算の申請が素早く出来るようになりました。上長に申請する時に具体的に何の精算か一目で分かるので、短期間で精算が出来るようになりました。
491,2023/04/01,UIがシンプルで使いやすい。ユーザーからしてみれば経費精算が主な使い道なので、あまり必要ない機能がなく操作しやすいのは良い。,特段困っていることはないが、経費精算の締切のタイミングでメールなどでアナウンスをしてくれる機能があればもっと便利になると思います。,以前はExcelにて毎月の交通費を決められたフォーマットに入力していたが、本製品では一度通ったルートを呼び出すことができるため、毎回入力する手間がなく交通費精算にかかる時間が激減した。この口コミを詳しく見る,プルで使いやすい。ユーザーからしてみれば経費精算が主な使い道なので、あまり必要ない機能がなく操作しやすいのは良い。楽楽精算の改善してほしい点特段困っていることはないが、経費精算の締切のタイミングでメールなどでアナウンスをしてくれる機能があればもっと便利になると思います。楽楽精算導入で得られた効果・メリット以前はExcelにて毎月の交通費を決められたフォーマットに入力していたが、本製品では一度通ったルートを呼び出すことができるため、毎回入力する手間がなく交通費精算にかかる時間が激減した。
492,2023/03/28,操作しやすく、入力も簡単で今まで使ったルートなどを保存しておくことができるため申請がすごく楽になった。,スマホから写真を撮って領収書の読み取りを行う際、カメラが上手く起動しない、うまく読み取れないことがあるため改善してほしい。,スマホにも対応しているため通勤途中や移動中に電車の中で空いた時間を活用して経費精算申請を行えるため、わざわざそのための時間を取らずによくなった。この口コミを詳しく見る,く、入力も簡単で今まで使ったルートなどを保存しておくことができるため申請がすごく楽になった。楽楽精算の改善してほしい点スマホから写真を撮って領収書の読み取りを行う際、カメラが上手く起動しない、うまく読み取れないことがあるため改善してほしい。楽楽精算導入で得られた効果・メリットスマホにも対応しているため通勤途中や移動中に電車の中で空いた時間を活用して経費精算申請を行えるため、わざわざそのための時間を取らずによくなった。
493,2023/03/28,領収書読み取り機能があり、撮影が終わると自動でデータ化する機能が非常に便利です。数字の入力ミスや打ち間違いがなくなり、スムーズに経費精算を行えます。,特にありませんが、強いて言うなら入力の際に文字制限があるので、必要事項が全て書けないときがあります。制限をなくしてほしいです。,導入前はエクセルに交通費や経費の数値を入力、プリントアウトし現物の領収書を総務に提出という、非常に工数と手間がかかる仕組みでストレスを感じていました。楽楽精算を導入したことで、申請がほぼウェブで完結するので上記の作業がなくなり、作業が簡素化されました。この口コミを詳しく見る,取り機能があり、撮影が終わると自動でデータ化する機能が非常に便利です。数字の入力ミスや打ち間違いがなくなり、スムーズに経費精算を行えます。楽楽精算の改善してほしい点特にありませんが、強いて言うなら入力の際に文字制限があるので、必要事項が全て書けないときがあります。制限をなくしてほしいです。楽楽精算導入で得られた効果・メリット導入前はエクセルに交通費や経費の数値を入力、プリントアウトし現物の領収書を総務に提出という、非常に工数と手間がかかる仕組みでストレスを感じていました。楽楽精算を導入したことで、申請がほぼウェブで完結するので上記の作業がなくなり、作業が簡素化されました。
494,2023/03/27,操作も簡単で、分かりやすく重い・落ちやすいといったこともないので、ストレスなく交通費精算を行うことができるのが凄く良いです。,領収書などからの読み取りがたまにうまくいかないことがあるので、精度の改善をしてもらえるとありがたいです。,交通費精算について、ルート登録などが出来る為、毎回入力やコピペをする手間がなくなり申請にかかる時間がかなり削減することができた。この口コミを詳しく見る,で、分かりやすく重い・落ちやすいといったこともないので、ストレスなく交通費精算を行うことができるのが凄く良いです。楽楽精算の改善してほしい点領収書などからの読み取りがたまにうまくいかないことがあるので、精度の改善をしてもらえるとありがたいです。楽楽精算導入で得られた効果・メリット交通費精算について、ルート登録などが出来る為、毎回入力やコピペをする手間がなくなり申請にかかる時間がかなり削減することができた。
495,2023/03/26,マイページから個人毎の定期区間を設定することができ、交通費精算のデータを作るときは自動で定期区間を差し引いた金額を算出してくれます。このソフトを導入する前は自分で手計算していたため、とても便利になりました。,スマホからも操作できるのですが、パソコンに比べて画面の構成が分かり辛く操作に苦労します。スマホはアプリ版から操作することを前提としているためか、ブラウザはスマホ仕様に対応させていないのだと思います。外出先でスマホから申請データを作ることもあるので、スマホブラウザにも対応する画面構成にして欲しいです。,公共交通機関で使用するICカードを読み込ませるだけで利用明細のデータを取り込むことができるため、自分でひとつひとつデータを作る必要がなく時短に繋がっています。外出の多い営業職は交通費の申請の量が膨大になるため、この作業を短縮できるのはとても助かります。この口コミを詳しく見る,から個人毎の定期区間を設定することができ、交通費精算のデータを作るときは自動で定期区間を差し引いた金額を算出してくれます。このソフトを導入する前は自分で手計算していたため、とても便利になりました。楽楽精算の改善してほしい点スマホからも操作できるのですが、パソコンに比べて画面の構成が分かり辛く操作に苦労します。スマホはアプリ版から操作することを前提としているためか、ブラウザはスマホ仕様に対応させていないのだと思います。外出先でスマホから申請データを作ることもあるので、スマホブラウザにも対応する画面構成にして欲しいです。楽楽精算導入で得られた効果・メリット公共交通機関で使用するICカードを読み込ませるだけで利用明細のデータを取り込むことができるため、自分でひとつひとつデータを作る必要がなく時短に繋がっています。外出の多い営業職は交通費の申請の量が膨大になるため、この作業を短縮できるのはとても助かります。
496,2023/03/23,交通費精算をよく利用しています。行き先を入力すればルート検索で金額が出るため、間違いがない。重複申請がないように、自分で確認できるのもよい。,申請済みの内容を確認するボタンが小さいので、パッと見つけにくい。申請済み一覧の表示をわかりやすくしてほしい。一覧の中に金額と、勘定科目も表示して欲しい。申請忘れを防ぐために下書き保存をしたい。メモ機能があるとなお良いと思う。,ICカードと切符の金額、どちらも表示され、選択することができるので親切！また、支払い日がわかるのはとても便利である。この口コミを詳しく見る,をよく利用しています。行き先を入力すればルート検索で金額が出るため、間違いがない。重複申請がないように、自分で確認できるのもよい。楽楽精算の改善してほしい点申請済みの内容を確認するボタンが小さいので、パッと見つけにくい。申請済み一覧の表示をわかりやすくしてほしい。一覧の中に金額と、勘定科目も表示して欲しい。申請忘れを防ぐために下書き保存をしたい。メモ機能があるとなお良いと思う。楽楽精算導入で得られた効果・メリットICカードと切符の金額、どちらも表示され、選択することができるので親切！また、支払い日がわかるのはとても便利である。
497,2023/03/22,アプリ利用で領収書の読み取りが出来て読み取り精度が高いので入力がとても簡単。精算の電子化にも対応しているとのことで利用が始まりましたが、実務での精算が簡単になりました。,パソコン利用の場合読み取りがうまくできないので、不便に感じるときがありました。承認ルートも設定を簡単に変更できるとよいのですが、ユーザー利用で詳しくわかっていないためかと思います。,領収書精算がこれまでの手入力からアプリでの読み取りになり読み取り精度も高いので、簡単かつ業務のスピードアップになりました。この口コミを詳しく見る,で領収書の読み取りが出来て読み取り精度が高いので入力がとても簡単。精算の電子化にも対応しているとのことで利用が始まりましたが、実務での精算が簡単になりました。楽楽精算の改善してほしい点パソコン利用の場合読み取りがうまくできないので、不便に感じるときがありました。承認ルートも設定を簡単に変更できるとよいのですが、ユーザー利用で詳しくわかっていないためかと思います。楽楽精算導入で得られた効果・メリット領収書精算がこれまでの手入力からアプリでの読み取りになり読み取り精度も高いので、簡単かつ業務のスピードアップになりました。
498,2023/03/20,会社での出張や交通費精算の時に利用していますが、今まで使っていた精算ソフトと比べて、かなり楽に精算できています。,会社のパソコンから見ていて思ったのが、コンパクトにまとめられているのはいいのだが、初期設定の文字が小さく見づらく感じた。もう少し大きい文字だと見やすいと思いました。,出張中の時間がない時でも、サクッと申請ができたり、パソコンでなくてもスマホからも申請できるため、より手軽に申請ができるようになったと思います。この口コミを詳しく見る,張や交通費精算の時に利用していますが、今まで使っていた精算ソフトと比べて、かなり楽に精算できています。楽楽精算の改善してほしい点会社のパソコンから見ていて思ったのが、コンパクトにまとめられているのはいいのだが、初期設定の文字が小さく見づらく感じた。もう少し大きい文字だと見やすいと思いました。楽楽精算導入で得られた効果・メリット出張中の時間がない時でも、サクッと申請ができたり、パソコンでなくてもスマホからも申請できるため、より手軽に申請ができるようになったと思います。
499,2023/03/19,今まで紙で申請していた経費や交通費の精算が、在宅でもできるようになったこと、電子帳簿保存法に対応しているので、紙の保存をしなくていいこと。,ブラウザ版は昔から重宝しているのだが、アプリが不便な印象。システムの問題なのか会社の基幹システムの問題なのかはまだ調査中,在宅勤務率の増加。不要な紙の削減、保存帳票の管理の手間が省けたこと。印鑑をつくために出社している管理職がいなくなったこの口コミを詳しく見る,申請していた経費や交通費の精算が、在宅でもできるようになったこと、電子帳簿保存法に対応しているので、紙の保存をしなくていいこと。楽楽精算の改善してほしい点ブラウザ版は昔から重宝しているのだが、アプリが不便な印象。システムの問題なのか会社の基幹システムの問題なのかはまだ調査中楽楽精算導入で得られた効果・メリット在宅勤務率の増加。不要な紙の削減、保存帳票の管理の手間が省けたこと。印鑑をつくために出社している管理職がいなくなった
500,2023/03/19,経費精算にはかかせないシステム。領収書や請求書などを、電子はもちろん紙領収書もスマホアプリ連携でスキャン。駅間の乗り換え検索も正確で助かっている。,強いてあげるなら、領収書スキャンする精度をあげてほしい。日付がまちがっていたり、店名が反映しなかったり、結局手打ち入力が発生することがある。システムの不具合がありましたか？特にないです。,今まで手書きで精算処理をしていたため、処理スピードが格段にあがった。過去の履歴も見れるので、申請忘れや効率もアップした。,スピードと効率化を求めるならぜひ。
501,2023/03/19,直感的に使用できパソコン、スマートフォンどちらからでも申請可能なので、作業効率を改善することができました。,個人的に使用頻度が多い「駐車場代・〇〇様訪問の為」みたいなパターンを記憶させる機能があると助かります。,領収書の写真をアップロードするだけで文字の読み取りを行ってくれるので、入力時間の短縮になり時間短縮になってます。この口コミを詳しく見る,用できパソコン、スマートフォンどちらからでも申請可能なので、作業効率を改善することができました。楽楽精算の改善してほしい点個人的に使用頻度が多い「駐車場代・〇〇様訪問の為」みたいなパターンを記憶させる機能があると助かります。楽楽精算導入で得られた効果・メリット領収書の写真をアップロードするだけで文字の読み取りを行ってくれるので、入力時間の短縮になり時間短縮になってます。
502,2023/03/18,交通費精算から、その他の接待交際費の精算まで、経費に関連する業務を本ツールに集約することで業務効率化につながっております。,特にございません。ページも視覚的にわかりやすい作りとなっておりますので、特段使用していて不具合を感じることはなく、不慣れな人にとっても使いやすいツールかと思います。,フロント業務というよりかは、ミドル・バックオフィスの業務において、従前は紙での経費精算業務を行っていたものが電子化できたため、業務の効率化が可能となったとともに、紙申請が必要な為だけに出社をするといった非効率化運営をなくすことができたのが大きいと感じています。この口コミを詳しく見る,から、その他の接待交際費の精算まで、経費に関連する業務を本ツールに集約することで業務効率化につながっております。楽楽精算の改善してほしい点特にございません。ページも視覚的にわかりやすい作りとなっておりますので、特段使用していて不具合を感じることはなく、不慣れな人にとっても使いやすいツールかと思います。楽楽精算導入で得られた効果・メリットフロント業務というよりかは、ミドル・バックオフィスの業務において、従前は紙での経費精算業務を行っていたものが電子化できたため、業務の効率化が可能となったとともに、紙申請が必要な為だけに出社をするといった非効率化運営をなくすことができたのが大きいと感じています。
503,2023/03/18,今までは領収書を申請した用紙に糊付けして、保管していたがスマホで写真を撮るだけで添付できるようになり、経費申請がとても楽になった。また乗り換え検索もできるのがとても便利です。,交通費申請の際、往復のルートではなく行きと帰りが異なる時の入力方法が少しややこしかった。慣れると簡単になってくると思います。,今までは経費担当者に全ての領収書が回ってきていたが、細かい細目等を選択する必要がなくなったので、誰もが申請できるようになったこと。この口コミを詳しく見る,収書を申請した用紙に糊付けして、保管していたがスマホで写真を撮るだけで添付できるようになり、経費申請がとても楽になった。また乗り換え検索もできるのがとても便利です。楽楽精算の改善してほしい点交通費申請の際、往復のルートではなく行きと帰りが異なる時の入力方法が少しややこしかった。慣れると簡単になってくると思います。楽楽精算導入で得られた効果・メリット今までは経費担当者に全ての領収書が回ってきていたが、細かい細目等を選択する必要がなくなったので、誰もが申請できるようになったこと。
504,2023/03/15,PC、携帯から経費精算ができる為、電車移動の営業マンには移動中に入力ができ、時間短縮が可能。また、電車やバスの駅名もマスター化されている為、料金を計算する事も不要になった。,スマホで入力する際に、選択する文字が小さい為、打ち間違えが発生してしまう。もう少し大きなボタンにしてくれると有難い。システムの不具合がありましたか？メンテナンス等はあったが、その時間だけ使用を避ければ良いので特に問題はなかった。,ミスが少なくなった。今までエクセルに、駅の区間、運賃を自分で調べて入力しており、転記ミスや計算ミスが多く発生していた。この口コミを詳しく見る,から経費精算ができる為、電車移動の営業マンには移動中に入力ができ、時間短縮が可能。また、電車やバスの駅名もマスター化されている為、料金を計算する事も不要になった。楽楽精算の改善してほしい点スマホで入力する際に、選択する文字が小さい為、打ち間違えが発生してしまう。もう少し大きなボタンにしてくれると有難い。システムの不具合がありましたか？メンテナンス等はあったが、その時間だけ使用を避ければ良いので特に問題はなかった。楽楽精算導入で得られた効果・メリットミスが少なくなった。今までエクセルに、駅の区間、運賃を自分で調べて入力しており、転記ミスや計算ミスが多く発生していた。
505,2023/03/11,出張の申請から精算まで電子申請なので、上長が不在の時でも外出先から承認してもらうことができる。今までは紙だったので全て手書きだったが電子申請になったので、記入する手間が省けた。領収書の写真を撮ると自動で金額が反映する点も便利だと感じた。,出張申請をしてから精算する際に、経費精算の画面から呼び出せない点は改善してほしい。承認者が複数いた場合に、途中で差し戻された時にまた最初の人から承認をしないといけない点も改善してほしい。,今までは紙での運用だったので、冗長が不在の時に精算が出来ず、会社からの振り込みが遅くなることがあったが、楽楽精算は外出先からでも承認できるため、申請から精算までがスムーズになった。,電子申請
506,2023/03/07,面倒なルールを覚えることもなく、簡単な操作で使うことが可能。スマホのアプリからも利用でき、いつでもどこでも精算できる。,使い始めたばかりであまり思いつきませんが、交通費精算での経路検索がもう少しわかりやすいといいと思います。,今まで使っていたシステムは出社時に精算が必要でしたが、楽楽精算では外出先でも操作できるため、通勤時間の合間などで精算できるようになりました。この口コミを詳しく見る,ルを覚えることもなく、簡単な操作で使うことが可能。スマホのアプリからも利用でき、いつでもどこでも精算できる。楽楽精算の改善してほしい点使い始めたばかりであまり思いつきませんが、交通費精算での経路検索がもう少しわかりやすいといいと思います。楽楽精算導入で得られた効果・メリット今まで使っていたシステムは出社時に精算が必要でしたが、楽楽精算では外出先でも操作できるため、通勤時間の合間などで精算できるようになりました。
507,2023/03/07,経費精算時に必要となる領収書など、根拠となる資料を全てデータ添付できるので、紙で回覧し承認を得ていたものが、データで上司まで簡単に閲覧してもらえることに大きな利点を感じます。,承認フローの中で、自分が承認し、その後に閲覧した者(上司)が申請を差戻した場合、コメントが見れないことが不便です。申請のどこに不備があったのか、自分が閲覧した際にどこを見落としたのか、確認できればより使いやすくなると思います。,電子化により、支払い処理ができるまでの時間が早くなりました。またペーパーレス化により、領収書を紙に糊付け保存するといった手間が省けるようになりました。,交通費精算の場合は定期区間を登録しておくと、より簡単に申請が可能です。データを電子化し、業務効率化を実践しましょう。
508,2023/03/07,ICカード情報、クレジットカード情報、領収書情報などと連携でき、連携した情報をそのまま使用出来る事が非常に便利。,クレジットカードの利用明細が反映されるのに時間がかかる（カード会社の問題かも知れませんが）。これを改善して欲しい。,アプリで紙の領収書を簡単に取り込めるため、紙の領収書が嵩張る事がなくなった。また、サイトの中でも乗り換え案内検索が出来るため、別サイトで運賃を調べる必要がなく時間短縮に繋がった。,日本のサイト独特の使いにくさが少なく、痒い所にも手が届くお勧めのツールです。
509,2023/03/06,経理が導入を決定し、3年以上前から使用しています。基本的には月次の交通費精算の入力で使用していますが、よくできた製品だと感じています。「定期区間」の概念が存在しており、電車通勤の場合、事前に登録した「定期区間」を除く形で費用精算をすることができ、定期区間に被る形で電車での移動を行った際に自動でこの計算が行われることは便利だと感じています。その入力も、乗車区間を入力すると、自動で乗換案内のデータを引っ張ってくるらしく、ユーザーとしては楽に使うことができます。,経費精算・交通費精算の際に「二度手間」のような証跡添付フローを経由するのが少々難点だと感じています。入力の画面から直接証跡を添付することができず、「領収書登録」のような画面から領収書をアカウントに登録し、その情報を入力の画面で引っ張ってくる形で添付します。この導線が正直イケてないように思います。直接入力の画面で添付できると便利ですね。システムの不具合がありましたか？今まで目立った障害は経験していません。,入力側のユーザーとしてのメリットですが、単純に月次の交通費精算の入力が簡素化できるところでメリットを感じています。「マイパターン」という機能で、よく利用する区間を登録することができるので、訪問頻度の高い訪問先・そしてその交通手段単位で入力内容を予め登録することができるので、交通費精算の入力作業が大幅に楽になると感じています。訪問先がある程度固定化されている方であれば、締日間近に一気に入力できるレベルで簡素だと思います。,交通費・経費等の煩雑かつ大量な処理をなるべく楽に管理したい経理担当者におすすめです。
510,2023/03/06,ペーパレス化が進んだことがこの製品の良い点です。それまでは紙媒体での手続きだったため、時間がかかっていただけでなく、紙という資源を無駄に使っていました。我が社では従業員が多いため、この思いは人一倍強く感じていました。この製品ではパソコンやスマートフォンを使っての処理となりますので、スピーディーに処理が出来ることに加えて、紙という資源を使う必要が無くなり、まさに一石二鳥です。,改善してほしい点については特にありません。非常に優れている製品だと思います。問題などもありませんので、満足しています。システムの不具合がありましたか？ありません。,内部統制を強化してくれる点がメリットです。社内ルールを詳細に規定・登録することで、不適切な処理の防止に役立っています。近年は企業内の不適切処理が大きな社会問題化となっていますので、こうした機能は非常に重要だと感じています。この口コミを詳しく見る,化が進んだことがこの製品の良い点です。それまでは紙媒体での手続きだったため、時間がかかっていただけでなく、紙という資源を無駄に使っていました。我が社では従業員が多いため、この思いは人一倍強く感じていました。この製品ではパソコンやスマートフォンを使っての処理となりますので、スピーディーに処理が出来ることに加えて、紙という資源を使う必要が無くなり、まさに一石二鳥です。楽楽精算の改善してほしい点改善してほしい点については特にありません。非常に優れている製品だと思います。問題などもありませんので、満足しています。システムの不具合がありましたか？ありません。楽楽精算導入で得られた効果・メリット内部統制を強化してくれる点がメリットです。社内ルールを詳細に規定・登録することで、不適切な処理の防止に役立っています。近年は企業内の不適切処理が大きな社会問題化となっていますので、こうした機能は非常に重要だと感じています。
511,2023/03/03,領収書を全て写真で保存からアップロードできるので非常に便利。またクレジットカードと紐づけできるので、その点も良い。,利用する会社側の問題かもしれないが、やり方が複雑で導入したばかりの頃は、ほとんどの社員が混乱していた。,領収書が溜まらなく、経理へ送る必要も無くなり、精算にかける時間を大幅に短縮できた。クレジットカードとも紐づくので、入力ミスも無くなった。この口コミを詳しく見る,て写真で保存からアップロードできるので非常に便利。またクレジットカードと紐づけできるので、その点も良い。楽楽精算の改善してほしい点利用する会社側の問題かもしれないが、やり方が複雑で導入したばかりの頃は、ほとんどの社員が混乱していた。楽楽精算導入で得られた効果・メリット領収書が溜まらなく、経理へ送る必要も無くなり、精算にかける時間を大幅に短縮できた。クレジットカードとも紐づくので、入力ミスも無くなった。
512,2023/03/03,以前は紙媒体で起票して、わざわざ印鑑を所定の部署に赴き承認してもらっておりましたが、帳票が電子化できるのでそのような手間がなくなりました。,スマホのカメラで領収書を撮影するとき、たまに読み込みエラーが出る事があり、非常に面倒に感じる事がありました。,在宅勤務がいまだにあるため、紙媒体での領収書をすぐに提出できなかったのですが、スマホから送れるので業務の効率が大幅に向上しました。この口コミを詳しく見る,体で起票して、わざわざ印鑑を所定の部署に赴き承認してもらっておりましたが、帳票が電子化できるのでそのような手間がなくなりました。楽楽精算の改善してほしい点スマホのカメラで領収書を撮影するとき、たまに読み込みエラーが出る事があり、非常に面倒に感じる事がありました。楽楽精算導入で得られた効果・メリット在宅勤務がいまだにあるため、紙媒体での領収書をすぐに提出できなかったのですが、スマホから送れるので業務の効率が大幅に向上しました。
513,2023/03/03,経費精算にまつわる大半の機能が備えられ、PCのみでなく、スマホやタブレットからも入力可能。領収書をカメラで撮影しそのまま添付という作業が楽にできる。,PC上で交通費精算を行う際、乗り換え案内機能を使用することができるが、路線図から使用した駅を選択することも可能。その際、駅選択の感度が良すぎて誤入力をしてしまうことが多い。,出張先での簡易的な経費精算申請が短時間で可能。また領収書のない精算（バスや電車）も乗換案内を使用して、金額が自動入力される。,王道の経費精算システム
514,2023/03/03,スマホからも入力ができ、乗換案内機能がついている為、移動区間の電車料金を調べなくて良い。領収書の画像添付ができるので便利。,スマホで見ると画面サイズが小さくなる為見にくく入力がしづらい。機能面では充実していた為、見やすさの部分だけだと思う。システムの不具合がありましたか？特になかった。,前職では業務にかかわる交通費精算を都度、領収書を書いて精算していた為かなり面倒だったのが1ヶ月分まとめて入力できるので手間が減った。社内にいなくても外出先からスマホで入力できる為精算漏れがなくなった。,シンプルで使いやすい
515,2023/03/03,楽楽精算はスマホアプリと連動しており、領収書の写真を撮るだけでAIが内容を読み取り、自動で申請できるため非常に楽である。また領収書を受け取るとその場で写真を取っておくだけでよく、領収書を無くす心配がないためトラブルも防ぐことができる。,写真からの文字認識がまだまだ十分とはいえず、特に新幹線の領収書やスマートIC利用券の識字率は良くないため、後で手直しが必要になる。また、他者の申請状況を確認できないため他人の目から正しい申請をしているかチェックされないため、不正申請の可能性があるかもしれない。,サービス導入前はエクセルの規定フォーマットに旅費精算額を記載し、印刷したものに領収書の現物を糊付けして提出と煩雑で時間がかかった。楽楽精算では紙が不要で、領収書そのものも不要、申請に時間がかからないので効率的といったメリットを感じる。この口コミを詳しく見る,スマホアプリと連動しており、領収書の写真を撮るだけでAIが内容を読み取り、自動で申請できるため非常に楽である。また領収書を受け取るとその場で写真を取っておくだけでよく、領収書を無くす心配がないためトラブルも防ぐことができる。楽楽精算の改善してほしい点写真からの文字認識がまだまだ十分とはいえず、特に新幹線の領収書やスマートIC利用券の識字率は良くないため、後で手直しが必要になる。また、他者の申請状況を確認できないため他人の目から正しい申請をしているかチェックされないため、不正申請の可能性があるかもしれない。楽楽精算導入で得られた効果・メリットサービス導入前はエクセルの規定フォーマットに旅費精算額を記載し、印刷したものに領収書の現物を糊付けして提出と煩雑で時間がかかった。楽楽精算では紙が不要で、領収書そのものも不要、申請に時間がかからないので効率的といったメリットを感じる。
516,2023/03/01,旅費や経費の申請に使用していました。スキャンで金額が自動表示されたり、交通系ICを登録すると入力不要でとても簡単なシステムでした。未入力や間違いがあると教えてくれるのでミスが少なくなり、経理も楽だったようです。,少し見にくかったので、入力箇所をもう少しわかりやすくしてもらえると、更に楽に申請、精算ができると思います。,スマホからでも申請できるので、会社にいなくてもどこでも申請ができるところ。入力ミスが少なくなるところ,旅費交通費、経費の申請がどこでもできて便利です。
517,2023/03/01,初期設定からメニュー、運用で触る入力画面まで、基本的にはシンプルで分かりやすい画面。また、経費以外の仕訳の入力が行えること、仕訳の定型パターンが登録しておけることから、経費精算以外にもこのシステム上で仕訳を入力し、「経費＋入力仕訳」をエクスポート、会計システムで取り込み、を行う事で、柔軟な仕訳入力ソフトとしても使えており大変助かっている。,少し複雑な式を組もうとすると、このソフト独自のプログラムを組むところが少し難易度が高く感じる。しかしサポートに問い合わせると対応方法を教えてくれるのでカバーはできていると思う。,経費精算システムの本筋とは外れるが、柔軟な仕訳の入力ができることがとても助かっている。社内では財務会計ソフトとして某パッケージソフトを使用しているが、そのソフト内では金額の自動振り分け等の仕訳補助の機能が弱く、手動で計算の上仕訳を起こす必要があったりした。しかし楽楽精算が柔軟な仕訳の入力が可能となっており、仕訳の入力画面としても使うことで仕訳入力の運用がとても助かった。,経費精算の他、経理の仕訳入力として使用することも可能でした。
518,2023/02/25,クラウド型の経費精算システムです。Web上で明細作成から申請提出まで一連のフローが完結するため、リモートワーク環境でも滞りなく経費精算を済ませられます。このシステムを導入するまでは紙ベースで申請依頼書を作成し、本社経理部まで出向く必要がありました。,明細を作るとき、経費科目をイチから選択しなければならないのが面倒です。支払先や購入品目から経費科目を予測し、いくつか候補を絞ってくれるような機能があると科目選択の手間が減って更なる時間短縮・工数削減に繋がると思います。システムの不具合がありましたか？,明細作成の際に使用頻度の高い明細項目をマイパターンとして登録出来たり、交通費精算で自身の定期区間を予め設定しておくとその区間を自動で控除してくれたりなど、細かいけれども「あったら便利」という機能がしっかり搭載されているため、使い勝手が非常に良いです。特に交通費精算について、以前は自分で手計算して定期区間を控除していたので、これを自動で済ませてくれるのは本当に有難いです。この口コミを詳しく見る,の経費精算システムです。Web上で明細作成から申請提出まで一連のフローが完結するため、リモートワーク環境でも滞りなく経費精算を済ませられます。このシステムを導入するまでは紙ベースで申請依頼書を作成し、本社経理部まで出向く必要がありました。楽楽精算の改善してほしい点明細を作るとき、経費科目をイチから選択しなければならないのが面倒です。支払先や購入品目から経費科目を予測し、いくつか候補を絞ってくれるような機能があると科目選択の手間が減って更なる時間短縮・工数削減に繋がると思います。システムの不具合がありましたか？楽楽精算導入で得られた効果・メリット明細作成の際に使用頻度の高い明細項目をマイパターンとして登録出来たり、交通費精算で自身の定期区間を予め設定しておくとその区間を自動で控除してくれたりなど、細かいけれども「あったら便利」という機能がしっかり搭載されているため、使い勝手が非常に良いです。特に交通費精算について、以前は自分で手計算して定期区間を控除していたので、これを自動で済ませてくれるのは本当に有難いです。
519,2023/02/25,Web上で経費の事前申請から事後の承認、支払い手続きまで一気通貫で行えることで、その後のデータ管理も含め、経費精算業務の効率化につながるツールだと感じております。,特にありません。UIも含め、視覚的に非常にわかりやすいシステムであり、特段通常のユーザーとしての使用において困ることはありません。,これまでの経費精算業務については、紙の申請書に交通費の経路を入力し、上司に印鑑をもらって、経理に承認をもらうというプロセスであったものが、Web上で申請を行えば、その後の振込処理まで一気に終わることとなったため、当該業務時間の削減に大きく寄与しております。この口コミを詳しく見る,経費の事前申請から事後の承認、支払い手続きまで一気通貫で行えることで、その後のデータ管理も含め、経費精算業務の効率化につながるツールだと感じております。楽楽精算の改善してほしい点特にありません。UIも含め、視覚的に非常にわかりやすいシステムであり、特段通常のユーザーとしての使用において困ることはありません。楽楽精算導入で得られた効果・メリットこれまでの経費精算業務については、紙の申請書に交通費の経路を入力し、上司に印鑑をもらって、経理に承認をもらうというプロセスであったものが、Web上で申請を行えば、その後の振込処理まで一気に終わることとなったため、当該業務時間の削減に大きく寄与しております。
520,2023/02/23,シンプルなUIのため、どのボタンがどの精算機能にリンクしているのか分かり易く、直感的に操作できます。入力画面の項目もカスタマイズが可能なので、それぞれの会社の管理会計やデータ分析に合わせた明細項目をセットできます。,写真撮影によるOCR入力の他に、音声認識による文字入力にも対応して貰えたら嬉しいです。レシートや請求書の内容を読み上げ、それを認識して自動で各欄にデータ反映してくれるようになったら明細作成のスピードが更に上がりそうだと感じます。,マイパターンという機能があり、定期的に発生するような明細パターンは予め登録しておくことで明細作成時に呼び出すことができ、入力の短縮に繋げられます。また過去明細を参照してそのままコピーすることも出来るため、明細作成に関するストレスが大幅に削減できています。この口コミを詳しく見る,UIのため、どのボタンがどの精算機能にリンクしているのか分かり易く、直感的に操作できます。入力画面の項目もカスタマイズが可能なので、それぞれの会社の管理会計やデータ分析に合わせた明細項目をセットできます。楽楽精算の改善してほしい点写真撮影によるOCR入力の他に、音声認識による文字入力にも対応して貰えたら嬉しいです。レシートや請求書の内容を読み上げ、それを認識して自動で各欄にデータ反映してくれるようになったら明細作成のスピードが更に上がりそうだと感じます。楽楽精算導入で得られた効果・メリットマイパターンという機能があり、定期的に発生するような明細パターンは予め登録しておくことで明細作成時に呼び出すことができ、入力の短縮に繋げられます。また過去明細を参照してそのままコピーすることも出来るため、明細作成に関するストレスが大幅に削減できています。
521,2023/02/18,ほとんどすべての会計システムと連携しているのでとても楽です。また、サポートがついており、しっかりと対応してくれ、不明点があっても解決法を提案してくれたのもポイントです。,平均年齢が高い会社だと向いてないかもしれません。まず初期設定が複雑だったりスマートフォンのカメラを使用するため、うまくいかない場合があります。また、調べれば簡単に出てくるようなことを不安をあおるような紹介をしてるのもちょっと気になりました。（私が気にしすぎているだけかもしれませんが）それでもサポートがついてるので大丈夫だと思います。,「自動化」されているので打ち間違いが起きないので間違いも起きず確認作業もいらなくなりました。また、出張などがあると忘れないうちにすぐExcelに申請を上げていましたが、移動中に申請ができるので空き時間に申請ができ効率的です。この口コミを詳しく見る,べての会計システムと連携しているのでとても楽です。また、サポートがついており、しっかりと対応してくれ、不明点があっても解決法を提案してくれたのもポイントです。楽楽精算の改善してほしい点平均年齢が高い会社だと向いてないかもしれません。まず初期設定が複雑だったりスマートフォンのカメラを使用するため、うまくいかない場合があります。また、調べれば簡単に出てくるようなことを不安をあおるような紹介をしてるのもちょっと気になりました。（私が気にしすぎているだけかもしれませんが）それでもサポートがついてるので大丈夫だと思います。楽楽精算導入で得られた効果・メリット「自動化」されているので打ち間違いが起きないので間違いも起きず確認作業もいらなくなりました。また、出張などがあると忘れないうちにすぐExcelに申請を上げていましたが、移動中に申請ができるので空き時間に申請ができ効率的です。
522,2023/02/18,今までは別で電車代を調べていたが、電車の乗り換えも選択できるようになり、出張精算がとても簡単にできるようになった。,社内の運用だけなのかもしれないが、領収書の添付データを先に登録し、精算登録の時に紐づける必要がある。システムの不具合がありましたか？特になし,以前は事務所に戻ってからしか出張精算ができなかったが、出張の帰り道でもスマホから登録ができるようになり、やり忘れを防ぐことができるこの口コミを詳しく見る,で電車代を調べていたが、電車の乗り換えも選択できるようになり、出張精算がとても簡単にできるようになった。楽楽精算の改善してほしい点社内の運用だけなのかもしれないが、領収書の添付データを先に登録し、精算登録の時に紐づける必要がある。システムの不具合がありましたか？特になし楽楽精算導入で得られた効果・メリット以前は事務所に戻ってからしか出張精算ができなかったが、出張の帰り道でもスマホから登録ができるようになり、やり忘れを防ぐことができる
523,2023/02/17,いままで経費精算は必ず出社が必要でしたし、領収書のかさばる書類が面倒でしたが、これはデータで申請が出来るため、承認スピードも速くとてもありがたいです。,特に追加して欲しい機能はありませんが、全て領収書のデータ取込で内容データ化され反映がされるといいなと思っています。打ち込みは人間のミスしかないので。,Amazonの購入を楽楽精算に紐づけて使用できています。そのため購入の承認から、支払の承認まですべて楽楽精算内で完結でき、ペーパーレスなのがとてもよくなりました。この口コミを詳しく見る,費精算は必ず出社が必要でしたし、領収書のかさばる書類が面倒でしたが、これはデータで申請が出来るため、承認スピードも速くとてもありがたいです。楽楽精算の改善してほしい点特に追加して欲しい機能はありませんが、全て領収書のデータ取込で内容データ化され反映がされるといいなと思っています。打ち込みは人間のミスしかないので。楽楽精算導入で得られた効果・メリットAmazonの購入を楽楽精算に紐づけて使用できています。そのため購入の承認から、支払の承認まですべて楽楽精算内で完結でき、ペーパーレスなのがとてもよくなりました。
524,2023/02/16,スマホで撮影して精算できるところが最大のメリットです。紙ベースで精算していた頃と比べると体感10倍は楽になりました。また、今後インボイスや電子帳簿保存を導入するためには必須なツールかなと感じております。,縦長の領収書に関してはなんの問題もないのですが、横長の領収書に関しては撮影しにくいのでそこを改善して欲しいです。,まず紙を使わなくて良くなって、ペンを使って書くこともなくなった。それによって紙購入が減り、保存場所も必要なくなり、書いたあとの保存の手間も保存場所も必要なくなった。本当にありがたい。「楽楽精算」導入の決め手インボイス導入や電子帳簿保存に対応するために楽楽精算を導入しました。,紙ベースで保存してる会社さんであれば基本的には導入するべきツールかなと思ってます。
525,2023/02/15,会社側が導入して、ユーザーとして利用していますが。アプリから簡単にログインできて、領収書のアップなども直感的に出来るため簡単に申請ができて便利です。,導入時の初回ログインなど、会社からどのように連携されるかで、なかなかログインできない場合があるので、メールなどからダイレクトログインできるとより、便利になると思います。,テレワークでの業務が増えているので、今までのように経理部に書面を作成して原本を提出、などの工程が減ったので、時間効率が上がりました。この口コミを詳しく見る,入して、ユーザーとして利用していますが。アプリから簡単にログインできて、領収書のアップなども直感的に出来るため簡単に申請ができて便利です。楽楽精算の改善してほしい点導入時の初回ログインなど、会社からどのように連携されるかで、なかなかログインできない場合があるので、メールなどからダイレクトログインできるとより、便利になると思います。楽楽精算導入で得られた効果・メリットテレワークでの業務が増えているので、今までのように経理部に書面を作成して原本を提出、などの工程が減ったので、時間効率が上がりました。
526,2023/02/14,以前使っていたシステムは全て手入力でコピペができず、その点で大変使いづらく時間がかかったが、このサービスに関してはコピペもできるので、申請作業の効率化が図れた。,結局領収書は別添だったので、このサービス上にスキャンデータを添付して申請できるシステムだと良かった（サービスとしてはあるがうちの会社が導入してなかっただけかもしれませんが…）,単純に以前の経費システムは社内LANからでないと入れなかったので外回りやテレワーク先では申請ができなかった。こちらはネット環境あれば入れたので申請作業が大変便利になった以前利用していた製品の解約理由単純に使い勝手が悪かったこの口コミを詳しく見る,いたシステムは全て手入力でコピペができず、その点で大変使いづらく時間がかかったが、このサービスに関してはコピペもできるので、申請作業の効率化が図れた。楽楽精算の改善してほしい点結局領収書は別添だったので、このサービス上にスキャンデータを添付して申請できるシステムだと良かった（サービスとしてはあるがうちの会社が導入してなかっただけかもしれませんが…）楽楽精算導入で得られた効果・メリット単純に以前の経費システムは社内LANからでないと入れなかったので外回りやテレワーク先では申請ができなかった。こちらはネット環境あれば入れたので申請作業が大変便利になった以前利用していた製品の解約理由単純に使い勝手が悪かった
527,2023/02/14,経費精算ソフト。特段特有な機能は無いが、経費申請を行い、申請⇒承認までスムーズにいけば口座までの入金も早い。シンプルで分かりやすく動作も軽い。,特段不満を感じてはいないが、承認から口座への入金スピードがもう少し早ければ利用者の評価も高まるのではないかと思われる。システムの不具合がありましたか？特に不具合・トラブルは無い。,社内の経費精算として活用しています。随時、定期的な精算は様々ありますが、入力項目もシンプルで承認されれば自動的に口座へ入金される為とても楽。この口コミを詳しく見る,フト。特段特有な機能は無いが、経費申請を行い、申請⇒承認までスムーズにいけば口座までの入金も早い。シンプルで分かりやすく動作も軽い。楽楽精算の改善してほしい点特段不満を感じてはいないが、承認から口座への入金スピードがもう少し早ければ利用者の評価も高まるのではないかと思われる。システムの不具合がありましたか？特に不具合・トラブルは無い。楽楽精算導入で得られた効果・メリット社内の経費精算として活用しています。随時、定期的な精算は様々ありますが、入力項目もシンプルで承認されれば自動的に口座へ入金される為とても楽。
528,2023/02/13,出張や接待などの精算が電子化できて、クラウド型なのでいつでもどこでもできるようになりました。領収書の紛失などのリスクも減ります。,領収書の登録がpdfしかできない。jpgなどの画像データを登録すると自動でpdfに変換してくれると人手間省け、その場で登録できる。スマホで写真を撮ってすぐに登録できるようになるので領収書紛失のリスクが減り、精算申請作業もさらにスピーディーになる。システムの不具合がありましたか？今のところ不具合はありません。,会社に出勤せずに、在宅のまま出張精算ができました。精算申請作業も出張先のホテルで、しかもスマホでほぼほぼ終わらせることができました。今まで紙でやっていたので出勤して印刷して申請しており、連休や他の出張などを挟むと、申請が完了したのかも分からない状態だったので、申請状況までスマホで確認できるのが助かった。,出張や接待の多い営業マンにオススメです。
529,2023/02/13,主に経費精算ツールとして、会社で利用させていただいています。以前は手作業管理だったので、紙が大量で大変だったし、紛失によってちゃんと精算されてない問題が多々あったが解決した。,改善してほしいとまでのレベルではないのですが、たまに、数字を間違って読み取られることがあるので、そこが惜しい。システムの不具合がありましたか？数字の読み取り間違い程度です。,紙管理だと、保管や管理が大変で紛失のリスクがあったのですが、そこが改善され、かつ、スピーディーに経費の精算が可能となって大変便利になりました。また、レシートを読み取る機能が割と正確で便利です。,スピーディーで人為的なミスが防げる点は、手管理より、はるかにおススメです。
530,2023/02/12,元々は、紙に記入して申請→現金をもらうシステムで、楽楽精算になって、入力とかめんどくさいなと思ったのですが、システムを深く理解してなくても、順に入力するだけで済んで、経理の方から割とスピーディに振り込まれているので、助かる。,使っていて、今のところ困る点はないのですが、領収証添付の場合、結局はプリントアウトして出さ無いとダメな点が面倒で、領収証の写真とか添付できるツールがあるといいのかな？と思いましたが、そもそも領収証って実物ありきの世界だから、それは無理なんでしょうね。システムの不具合がありましたか？特に無いと思います。,ペーパーレスを推進しているので、今までの紙ベースの申請システムから変更してムダ紙が減りました。担当者に頼んでお金を返してもらう手間が減りました。この口コミを詳しく見る,に記入して申請→現金をもらうシステムで、楽楽精算になって、入力とかめんどくさいなと思ったのですが、システムを深く理解してなくても、順に入力するだけで済んで、経理の方から割とスピーディに振り込まれているので、助かる。楽楽精算の改善してほしい点使っていて、今のところ困る点はないのですが、領収証添付の場合、結局はプリントアウトして出さ無いとダメな点が面倒で、領収証の写真とか添付できるツールがあるといいのかな？と思いましたが、そもそも領収証って実物ありきの世界だから、それは無理なんでしょうね。システムの不具合がありましたか？特に無いと思います。楽楽精算導入で得られた効果・メリットペーパーレスを推進しているので、今までの紙ベースの申請システムから変更してムダ紙が減りました。担当者に頼んでお金を返してもらう手間が減りました。
531,2023/02/12,経費精算、交通費精算、出張精算などをデータで管理・申請できることが良い。途中の承認・経理部署の承認までも印鑑レスで申請ができ、途中の段階ですぐ取り下げを行うこともできる。法人のクレジットカードも連携することができるので便利である。,ローカルエリアのバス料金が実際と異なっている場合があるので、なるべくリアルタイムに反映させてほしいと思う。,経費関連を基本的にペーパレスで完結させることができ、データで管理・承認まで終わらせることができることが良い。,使っていて大きな問題点は特に感じないため、どの企業にとっても汎用性は高いと思う。
532,2023/02/12,私は代理店としてこの商品を提案しておりますが、最も良い点は領収書をスマホで読み取り、送信をするだけということです。今までは伝票を起票して裏に領収書を貼っていたものが電子化され、業務効率が図れます。また、管理者側からしても自身の会社のフォーマットで作成できるので非常に便利だと思います。,競合会社の製品よりも、製品の品質、サイトの見やすさなどは優れていますが、マネーフォワードやフリーなどと比べると少し値段は張ってしまうと思います。システムの不具合がありましたか？ワークフローをするときにエラーがおこってしまった。ただし、株式会社ラクスさんは導入当初は完全なフォロー体制を敷いているので安心して電話することができる。,今まで経理担当者が伝票の処理で忙殺されていたが、楽楽精算導入により約2倍くらい業務時間が短縮になったと聞きました。従業員としてもスマホで読み取り送信するだけなので、どこにいても精算ができるという便利さがある。,他社製品よりは若干値段は高いですが、従業員30人以上いる会社では特に効率化が図れると思いますのでお勧めです。
533,2023/02/11,オンライン上で経費管理が一括でできるため、自分のチームだけでなく他部署が何で経費を使っているのか知ることができる点。,自動保存されてしまい、気づかずうちにミスを起こしてしまうことがあること。自動もありがたいが、手動と選べ、使い分けられるとさらに嬉しい。システムの不具合がありましたか？特になし,エクセルと連携することによって、効率よく経費管理ができる。以前は手書きだったため経費管理のファイルを見失うことが減った。,大人数組織に向いています
534,2023/02/11,経費に関わる全てを一元管理できるシステムです。今まで大変だった経理作業が楽楽という名前の通り楽になりました。人的ミスも減り、経理作業の効率化の他に作業員の負担も減ります。,実装されると嬉しい機能は特に無いですが、利用していて困ったことは、初期設定等が少し大変なことです、自分で全て設定しなければいけないので、最初だけ大変です。,今まで経理作業は複数人で行っていて、人が多い為かミス等も多かったのですが、楽楽精算を導入してから作業人数が減らすことができ、コストの軽減、負担の減少が出来ました。最初は覚えるシステムや設定事項なども多かったのですが、覚えてからは楽楽精算に任せておけば後は大丈夫、もしもの時のサポートもしてくれているそうで、頼りっぱなしです。この口コミを詳しく見る,る全てを一元管理できるシステムです。今まで大変だった経理作業が楽楽という名前の通り楽になりました。人的ミスも減り、経理作業の効率化の他に作業員の負担も減ります。楽楽精算の改善してほしい点実装されると嬉しい機能は特に無いですが、利用していて困ったことは、初期設定等が少し大変なことです、自分で全て設定しなければいけないので、最初だけ大変です。楽楽精算導入で得られた効果・メリット今まで経理作業は複数人で行っていて、人が多い為かミス等も多かったのですが、楽楽精算を導入してから作業人数が減らすことができ、コストの軽減、負担の減少が出来ました。最初は覚えるシステムや設定事項なども多かったのですが、覚えてからは楽楽精算に任せておけば後は大丈夫、もしもの時のサポートもしてくれているそうで、頼りっぱなしです。
535,2023/01/20,従来、紙ベースで精算を行っていた企業では基本的には電子ベースになるため、場所を選ばない。また、使い始めでも比較的使いやすい仕様になっている。,管理しやすくなったが、使用する際、入力スペースが狭く、また文字が小さいため、見にくい印象がある。テキスト欄を見やすくして頂きたいです。システムの不具合がありましたか？レシートの読み取りは、仕方ないが、誤認識があるため、チェックが必要。,従来の紙ベース、および印鑑での承認、提出などがなくなり、電子ベースになったため、承認・提出にかかるコストが低減された。,紙媒体で精算作業を行っている企業にはお勧めです。
536,2023/01/18,主に経費精算の時に利用しています。他社の経費システムを利用したことがないため比べることはできませんが、時間をかけずに申請が終わる点と、社内のどこまで承認されているのか一目でわかる点、全ての承認が終わったらメールで通知がくる点がとても便利です。,過去自分が使ったことのある項目が自動的に出てきたり、入力できる文字数に制限がなくなると、今より使いやすくなるかと思います。,申請後に上司が期限までに承認をしてくれていないことがあり、どこまで承認されたか一目で分かるため、早く気づくことができました。この口コミを詳しく見る,算の時に利用しています。他社の経費システムを利用したことがないため比べることはできませんが、時間をかけずに申請が終わる点と、社内のどこまで承認されているのか一目でわかる点、全ての承認が終わったらメールで通知がくる点がとても便利です。楽楽精算の改善してほしい点過去自分が使ったことのある項目が自動的に出てきたり、入力できる文字数に制限がなくなると、今より使いやすくなるかと思います。楽楽精算導入で得られた効果・メリット申請後に上司が期限までに承認をしてくれていないことがあり、どこまで承認されたか一目で分かるため、早く気づくことができました。
537,2023/01/18,これまでは台紙を印刷して領収書を糊付けして本社の経理へ送付していたが、既定の期日内であればスマホで領収書を撮影し、WEB上で経費精算が完結できるようになった。また、スマホでも作業できるため、場所を選ばず作業できる。,規定の期日を経過した場合は台紙を印刷する必要があるが、規定内でも要保存と出たりするので、規定内なのかどうかの判別がややこしい。,パソコンでの作業や出社してから台紙を印刷する作業が発生していたが、スマホで完結できるのでちょっとした移動中にスマホで部下の申請を承認できるため、時間短縮に繋がった。また、台紙の印刷も基本は不要のため、印刷コストの削減など業務の効率化に繋がった。,直行直帰が多い営業部隊がある企業におススメしたいです。
538,2023/01/17,領収書の入力がスキャナー、スマートフォンからでき、自動の読み取り機能も比較的優秀である。旅費計算の場合も経路と金額も出てきて簡単便利である。,経費精算の場合、請求書と支払い済の領収書を登録した際に金額がダブルで計上されてしまった。弊社担当者に確認したが、別々に登録できる方法があるのかがわからず、領収書のみ登録して請求書は紙で提出することになった。,以前は、パソコンネットワーク上で書類作成、申請を行い、領収書等とともに紙で打ち出し、提出しており、不備があるとその都度修正、打ち出しの作業があったが、本製品ではネットワーク上でほぼ完了するため、時間と紙の節約が可能となった。,経費精算、旅費精算にお困りの方におすすめです。
539,2023/01/17,ICカードからの読み取りや、簡単にルート検索ができ、手軽に時間をかけずに交通費精算ができる点。出張申請やワークフローも一括して同じシステムでできる点。,関西支店に勤めている関係で、基本は関西の交通機関しか使わないのですが、いつも路線図から検索しようとすると関東圏がデフォルトで出てくるので微妙に手間だと感じてしまう。システムの不具合がありましたか？特に不具合に感じた点はありません。,交通費精算やその他出張費・経費申請、ワークフロー申請（顧客登録・業者登録等）が同じ楽楽精算に一括されたので、都度異なるフォルダを開いて申請書を探しにいったり、以前は紙で申請していたワークフローなども印刷・ハンコをもらう手間がなくなった点。また、電子申請だと申請完了が滞っている場合に、承認者の誰の元で止まっているかも明白なので、声をかけて早めに申請を回すこともできる。以前利用していた製品の解約理由デスクネッツから社内システム全体が変わったから,申請窓口を一括で管理し、電子化することで申請者・承認者共に利用しやすくなりました。
540,2023/01/17,定期券を買わずに通勤しているため、交通費の申請に使用していますが、入力がしやすいのと、領収書も撮影するだけで簡単に申請項目が入力できるところが良い。,アプリもあるので使っているが、PC版と比べて設けられている設定が少ないのが残念なので、増やしてくれたら嬉しい。システムの不具合がありましたか？トラブルではないですが、ログインの時に都度IDを求められるのが少し面倒に感じています。,交通費の申請などを主な用途としていますが、社外から空き時間を使って簡単に経費の精算ができるため、無駄を省けるところが時間のない社会人にとっての最大メリットだと感じた。,時間の節約にオススメです。
541,2023/01/16,スマホでも領収書の写メで自動入力してくれるため入力の手間が省ける。承認も分かりやすく見やすく直ぐに承認できて便利。,特に強くは望んでいないが、プルダウンの項目選択が操作しやすくなれば良いと思う。項目が多いと探すのが大変なので。,今まで会社のPCから領収書を添付して入力したりの手間があったが、これは外出先からでも簡単に操作できて、ストレスが軽減した。,難しい操作もなく写真画像で自動入力なので記載が本当に楽です。
542,2023/01/16,従来、紙媒体の領収書に上長の捺印をもらって提出という古典的な方法をとってました。このソフトが導入された際は使い方も混乱しましたが、処理する場所を選ばない点でも利便性のほうが上回ってます。（特にコロナ禍で在宅が増えてから）,細かいですが、請求項目を上下させる際にドラッグ＆ドロップなので簡単にできればよいと思いました。今は矢印を都度クリックしないといけないのが微妙に不便。,領収書をスマホで読み込んでアップデートできるのが良い。今までは請求書に捺印、A4紙に糊付けという手順だったので、数が多いと非常に時間がかかる。万が一差し戻された場合には糊付けをはがさないといけない等の煩雑さがありました。これらが解消できました。また、出張が終わって、帰宅してからすぐに精算できるのもありがたいです。この口コミを詳しく見る,体の領収書に上長の捺印をもらって提出という古典的な方法をとってました。このソフトが導入された際は使い方も混乱しましたが、処理する場所を選ばない点でも利便性のほうが上回ってます。（特にコロナ禍で在宅が増えてから）楽楽精算の改善してほしい点細かいですが、請求項目を上下させる際にドラッグ＆ドロップなので簡単にできればよいと思いました。今は矢印を都度クリックしないといけないのが微妙に不便。楽楽精算導入で得られた効果・メリット領収書をスマホで読み込んでアップデートできるのが良い。今までは請求書に捺印、A4紙に糊付けという手順だったので、数が多いと非常に時間がかかる。万が一差し戻された場合には糊付けをはがさないといけない等の煩雑さがありました。これらが解消できました。また、出張が終わって、帰宅してからすぐに精算できるのもありがたいです。
543,2023/01/16,交通費などの立替精算が楽。制度変更により領収書の原本保存がいらなくなったのか、写真だけで完了するので支店勤務としては楽で助かる。勘定科目を間違ったとしても、経理側で勝手に変更して承認してくれるので楽。経理側もかなり楽なのでは？私は営業職です。,仕方のないことかもしれないが、領収書の取り込みが雑なことがある。領収書撮影時、他のものが写らないようにしなければならないのが面倒なので、撮影したら自動で領収書のみの画像に加工して欲しい。,今までの経費精算はエクセルに打ち込み、印刷して領収書を貼り付ける方法だったため、月末まで貯め込むと大変な作業であった。これを使ってからは原本不要なのでサクサク申請できる。またミスがあった場合すぐに返却されるため、時間のロスが少ないのが1番のメリット。支店から郵送していたのでミスがあると厄介だったが、それが解消された。この口コミを詳しく見る,の立替精算が楽。制度変更により領収書の原本保存がいらなくなったのか、写真だけで完了するので支店勤務としては楽で助かる。勘定科目を間違ったとしても、経理側で勝手に変更して承認してくれるので楽。経理側もかなり楽なのでは？私は営業職です。楽楽精算の改善してほしい点仕方のないことかもしれないが、領収書の取り込みが雑なことがある。領収書撮影時、他のものが写らないようにしなければならないのが面倒なので、撮影したら自動で領収書のみの画像に加工して欲しい。楽楽精算導入で得られた効果・メリット今までの経費精算はエクセルに打ち込み、印刷して領収書を貼り付ける方法だったため、月末まで貯め込むと大変な作業であった。これを使ってからは原本不要なのでサクサク申請できる。またミスがあった場合すぐに返却されるため、時間のロスが少ないのが1番のメリット。支店から郵送していたのでミスがあると厄介だったが、それが解消された。
544,2023/01/16,一通り使い方の説明を受けて割と直感的に使えました。主に旅費精算で使っていますが特に問題ありません。経路のパターン登録できるのは便利です。,旅費精算で経路（路線と料金）の登録ができるのは良いが、申請パターン自体（日時以外の、申請フローとか行先、目的等）の登録ができないのは不便。繰り返し同じところに行く場合いちいち経路以外の情報を毎回入力するのは面倒。ある程度テンプレートが決まっているのは仕方ないと思うが、入力が不要な情報などはカスタマイズできるようにしてほしい。どれが必須でどれが不要かわかりにくいし画面が見にくい。システムの不具合がありましたか？導入後半年だが今のところは特にない。,これまで社内オリジナルの申請システムに慣れてはいたが、精算の種別により手順やツールが異なるため不便だったが、各種精算系の申請がひとまとめになって煩雑さがなくなった。,市販のツールからの乗り換えであれば特にお勧めできるポイントはないが、これまでオリジナルのツールを使っていたり、古いシステムを使っているのであれば導入する価値はあると思います。カスタマイズの面でいまいち融通が利かないところはありますが（もしかしたら自分が知らないだけかもしれませんが）概ね使い勝手は良いと思います。導入費用も、維持含めて割安だと思います。
545,2023/01/15,スマホアプリでも同期できて、PCがない外出中でも費用立替発生直後に簡単に精算処理が可能で、精算処理を忘れるリスクも減らせました。,取り込んだ領収書データに電子押印できる機能があるとうれしいです。当社では領収書に日付印を押印するルールがあるため。,電帳法対応が大きなメリット。これまではシステム上で申請後に申請書をプリントアウト、領収書原紙を添付して担当部署へ郵送していましたが、電帳法対応後は全てシステム内で精算が完結できる。,精算申請者よりも経理担当者の工数が大きく削減できます。
546,2023/01/15,楽楽精算で経費精算をするようになって約1年ほどになりますが、スマホアプリでレシートなどを読み取ってくれるので入力の手間も少なく、時間をかけずにスムーズに精算ができます。,特別に改善点等はありませんが、社内での稟議の際に手書きで記入し回覧をまわす事があるので、手書き文字も読み取れるようになるとなお良いかと思います。,やはり従来の紙での回覧、稟議に変わって電子での回覧に変わることで紙の節約にもなるし、スマホでの回覧も可能になり、時間短縮にはなっていると思います。,日本一選ばれているということもあって導入して損はないと思います。
547,2023/01/15,Web上での経費（主に交通費）申請に使用しております。従前は紙で出力した用紙に上司に印鑑をもらって、総務に出すといったプロセスを踏んでいましたが、Web上での申請～承認までのプロセスが完結することで非常に効率化に繋がっております。,一部の経費申請については一部紙を使用する場面（主に領収書等が発生するもの）がありますので、もう少し広範なものに対応できるようになるといいかもしれません。但しこちらについては、私の会社のみの取り扱いかもしれませんので、開発によっては回避できる性質化もしれません。,コロナ禍以降、在宅勤務での働き方がメインになるなかで、従前は経費申請のためだけに出社をして対応するということがありましたが、楽楽精算導入後は自宅にてすべて完結することができ、無駄な出社というのがなくなったのが最大のメリットと感じています。この口コミを詳しく見る,の経費（主に交通費）申請に使用しております。従前は紙で出力した用紙に上司に印鑑をもらって、総務に出すといったプロセスを踏んでいましたが、Web上での申請～承認までのプロセスが完結することで非常に効率化に繋がっております。楽楽精算の改善してほしい点一部の経費申請については一部紙を使用する場面（主に領収書等が発生するもの）がありますので、もう少し広範なものに対応できるようになるといいかもしれません。但しこちらについては、私の会社のみの取り扱いかもしれませんので、開発によっては回避できる性質化もしれません。楽楽精算導入で得られた効果・メリットコロナ禍以降、在宅勤務での働き方がメインになるなかで、従前は経費申請のためだけに出社をして対応するということがありましたが、楽楽精算導入後は自宅にてすべて完結することができ、無駄な出社というのがなくなったのが最大のメリットと感じています。
548,2023/01/15,経費精算、申請と稟議申請フローがとてもシンプルで使いやすい。あとホテル宿泊やAmazonなど外部サイトも連動できて、経費精算がとても便利です。,領収書が必要な精算時の処理がめんどくさいです。スマホから領収書写真を撮影して、連動させてインポートできると便利です。,経費申請と精算、その他稟議申請と承認などすべて一つのアプリで一元管理できるので使用側の効率はとてもよくなります。,このようなアプリは、シンプルがベストだと思う。
549,2023/01/14,自動入力機能が充実しているところです。最初使用する際にある程度必要な項目や情報を整理しておけば、以降使う際自動で入力される為毎回の作業の短縮化になりました。,入力の際文字数制限がある為案外そこに引っかかってしまう事が多々あります…また添付可能なファイルがPDFなのでCSV等他にも添付できるようになってほしいです。,今まで紙処理が大半だったので承認の際に上の方へ回って私の元へ戻ってくるまで大幅な時間を要していましたが、楽楽精算を使用することで効率がとても上がりました。また私自身が今どこまで承認されているか確認できるため、止まっている際直接伝えられるのも良い点だと思います。,導入費用も比較的安く出来るので中小企業こそ紙処理からの導入の一歩として使ってほしいです。
550,2023/01/14,出張旅費精算などはとてもやりやすくなったと感じています。社内の決裁書類についても当該サービスを活用して回覧しているのですが、添付資料を一旦回覧してから決裁書をもう一度システムにて回覧する必要があり逆に手間が増えたと感じている。,他場所の決裁書類などを簡単に確認、情報共有出来る仕組みがあればさらに便利だと思う。自動的に登録した人に通知がいくなど。,出張旅費の精算は自動で電車の運賃なども計算してくれる点は非常に便利だと思うが、金額が正しいか毎回確認する必要がある。過去の履歴をコピーした際に日付が最新に置き換わるとさらに良い。この口コミを詳しく見る,算などはとてもやりやすくなったと感じています。社内の決裁書類についても当該サービスを活用して回覧しているのですが、添付資料を一旦回覧してから決裁書をもう一度システムにて回覧する必要があり逆に手間が増えたと感じている。楽楽精算の改善してほしい点他場所の決裁書類などを簡単に確認、情報共有出来る仕組みがあればさらに便利だと思う。自動的に登録した人に通知がいくなど。楽楽精算導入で得られた効果・メリット出張旅費の精算は自動で電車の運賃なども計算してくれる点は非常に便利だと思うが、金額が正しいか毎回確認する必要がある。過去の履歴をコピーした際に日付が最新に置き換わるとさらに良い。
551,2023/01/13,スマホ一つで完結できる所が何よりも良いです。アプリから領収書の写真を撮り必要事項を記載し申請するだけで終わります。必要事項記載も1分もあれば終わります。,領収書を付加する場合、一回一回撮っては必要事項確認、撮っては必要事項確認と続くので、まとめて領収書の写真を撮れる機能があるとものすごく便利です。,今までは会社独自の申請システムで領収書の精算を行っており、それがパソコンのみでしか申請が不可でした。楽楽精算を導入した事によりスマホで完結することができ、出先などでも行えるため業務の効率化が飛躍的によくなりました。この口コミを詳しく見る,で完結できる所が何よりも良いです。アプリから領収書の写真を撮り必要事項を記載し申請するだけで終わります。必要事項記載も1分もあれば終わります。楽楽精算の改善してほしい点領収書を付加する場合、一回一回撮っては必要事項確認、撮っては必要事項確認と続くので、まとめて領収書の写真を撮れる機能があるとものすごく便利です。楽楽精算導入で得られた効果・メリット今までは会社独自の申請システムで領収書の精算を行っており、それがパソコンのみでしか申請が不可でした。楽楽精算を導入した事によりスマホで完結することができ、出先などでも行えるため業務の効率化が飛躍的によくなりました。
552,2023/01/13,スマホアプリを使えば、領収書をカメラで撮影すると施設名や金額が自動で入力されるため便利。精算の承認フロー状況が見やすい。定期券の範囲を登録でき、電車移動時の差額の精算が楽。,定例で出張する場合などで、時間や備考欄への記載内容が同じ精算をする場合は、フォームが保存できるようになるとよい。システムの不具合がありましたか？私の知る限り、社内でトラブルが起きたという話は耳にしておりません。,楽楽精算導入前は領収書を申請書に糊で貼り付け提出しておりましたが、導入後はペーパーレス化することができました。この口コミを詳しく見る,リを使えば、領収書をカメラで撮影すると施設名や金額が自動で入力されるため便利。精算の承認フロー状況が見やすい。定期券の範囲を登録でき、電車移動時の差額の精算が楽。楽楽精算の改善してほしい点定例で出張する場合などで、時間や備考欄への記載内容が同じ精算をする場合は、フォームが保存できるようになるとよい。システムの不具合がありましたか？私の知る限り、社内でトラブルが起きたという話は耳にしておりません。楽楽精算導入で得られた効果・メリット楽楽精算導入前は領収書を申請書に糊で貼り付け提出しておりましたが、導入後はペーパーレス化することができました。
553,2023/01/12,当社では経費精算や請求書処理などで使用していますが、用途に合わせてカテゴリーや属性を細かく設定出来るので助かっています。またよく申請する案件については「一覧」から履歴を検索して簡単にコピー出来るので便利です。,申請一覧から確認したいデータをクリックすると別ウィンドウで立ち上がるのですが、少し文字が小さめなので個人設定で文字サイズを選択出来るとありがたいです。（ブラウザで拡大すると他サイトの表示もまとめて大きくなるので）システムの不具合がありましたか？今のところはないです。,電子取引推進に伴い、請求書や領収書は証憑を保管しておく必要があるのですが、楽楽精算で書類をアップロードすることが出来るのでわざわざ請求書データを別保管する必要がないので助かっています。必要な際は申請履歴からすぐに証憑データを確認できるのも便利です。,カスタマイズ性が高いと思うので会社の用途にそった運用が出来ます。
554,2023/01/12,交通費、経費、飲酒補助、出張費用など用途に分けて精算できる。上司の承認フローも確認できるので止まっている際に連絡もしやすい。,領収書の登録が必要である。明細作成欄でも領収書登録と添付ができるとわかりやすいしもっと簡単になると思う。,交通費精算の際に最安値ルートを検索してくれるので、他のサイトに飛んでルート確認や計算をしなくてもいいので簡素化できている。この口コミを詳しく見る,費、飲酒補助、出張費用など用途に分けて精算できる。上司の承認フローも確認できるので止まっている際に連絡もしやすい。楽楽精算の改善してほしい点領収書の登録が必要である。明細作成欄でも領収書登録と添付ができるとわかりやすいしもっと簡単になると思う。楽楽精算導入で得られた効果・メリット交通費精算の際に最安値ルートを検索してくれるので、他のサイトに飛んでルート確認や計算をしなくてもいいので簡素化できている。
555,2023/01/11,これまでいちいち紙の請求書を送ってもらっていたが、デジタルで完結するようになったので入力の手間や紛失のリスクが減った。,請求書の処理は楽になるがまだまだ領収書の処理が多いため、こちらも自動的に読み取ってもらえるようにしてほしい,大量かつ複数の取引先から届く大量の請求書をミスなく入力するだけで月に何時間も手がかかっていたところ、自動化により労働時間が削減された。この口コミを詳しく見る,ちいち紙の請求書を送ってもらっていたが、デジタルで完結するようになったので入力の手間や紛失のリスクが減った。楽楽精算の改善してほしい点請求書の処理は楽になるがまだまだ領収書の処理が多いため、こちらも自動的に読み取ってもらえるようにしてほしい楽楽精算導入で得られた効果・メリット大量かつ複数の取引先から届く大量の請求書をミスなく入力するだけで月に何時間も手がかかっていたところ、自動化により労働時間が削減された。
556,2023/01/11,出張申請がスムーズに行えます。経路検索から出張申請への反映までシームレスに行えるため、出張申請の工数削減につながると、実際に使ってみて実感しています。,申請画面の明細部が、もう少し洗練されていると、より良いかなとは感じました。表のフォーマットになっていますが、各セルがどういう内容が記載されているセルなのか、直感的にわかりづらいと思っています。,本サービスの一番良い点は、経路の検索および交通費用の計算も行ってくれるところです。以前使用していた旅費精算システムでは、経路は手入力であり、事前の経路申請も別途経路検索ツールで調べる必要がありましたが、楽楽精算では経路検索から申請への反映まで行ってくれるため、非常に効率的に出張申請が可能になりました。この口コミを詳しく見る,スムーズに行えます。経路検索から出張申請への反映までシームレスに行えるため、出張申請の工数削減につながると、実際に使ってみて実感しています。楽楽精算の改善してほしい点申請画面の明細部が、もう少し洗練されていると、より良いかなとは感じました。表のフォーマットになっていますが、各セルがどういう内容が記載されているセルなのか、直感的にわかりづらいと思っています。楽楽精算導入で得られた効果・メリット本サービスの一番良い点は、経路の検索および交通費用の計算も行ってくれるところです。以前使用していた旅費精算システムでは、経路は手入力であり、事前の経路申請も別途経路検索ツールで調べる必要がありましたが、楽楽精算では経路検索から申請への反映まで行ってくれるため、非常に効率的に出張申請が可能になりました。
557,2023/01/11,経理担当者として利用していますが、情シスにいちいち依頼することなく、起票画面の項目を変更したり、上限額超過や領収書添付不備のエラーを設定することができます。人にくる前にシステムが不備を指摘してくれるので、指摘の心苦しさもなく助かります。,承認フローコードは一度設定したら変更できない点です。頭に0をつけずに設定してしまい、1.11.12.2.21.22と並んでしまっています。全削除して再設定するのは手間なので、並べ方等で改善できませんでしょうか？また退職者ステータスにすると31日退職で、支払い処理は翌月している場合、精算から除かれる点は解決していただけると助かります。,今まで不備があった利用者にいちいちチャットで連絡していたのですが、コメント付きで差し戻せばいいだけになったのでかなり楽になりました。電子帳簿に対応しているので、支店や在宅勤務者の領収書送付の郵便代や紙原本の並べ替えの業務がなくなりとても効率化されました。,エクセルで経費精算をされているのであれば、経理の残業代より安く利用できると思います。
558,2023/01/10,レシートを撮り、データで取り込んだレシートから金額や支払先や利用日を読み取ってある程度作ってくれるので、入力間違いが減ります。法人カードの利用分は法人カード利用履歴として楽楽精算に取り込まれているので、精算し忘れがなくなります。年初に割り当てた経費予算に対しての進捗も追えるので管理がしやすいです。,使いながら覚えるといった感じで、あまり操作マニュアルが詳しくないです。従来の書面の精算より確実に楽々精算の方が精算業務が捗るはずではあるのですが、特に中年世代の方はいつまでも楽々精算にに慣れず精算業務に時間を割いているイメージ（当社だけなのかは分かりません）,当方は使用経費を精算報告する立場ですが、特に本社の会計部は楽楽精算の導入で大幅な業務効率化になってあると思う。在宅勤務が浸透したので、以前の書面ベースの経費システムでは会計部の社員は自宅に書面を持ち帰ることができないので（情報管理上）在宅勤務ができなかったと思うが、楽楽精算があることで会計部の社員も在宅勤務で業務を行うことができていると思う。この口コミを詳しく見る,撮り、データで取り込んだレシートから金額や支払先や利用日を読み取ってある程度作ってくれるので、入力間違いが減ります。法人カードの利用分は法人カード利用履歴として楽楽精算に取り込まれているので、精算し忘れがなくなります。年初に割り当てた経費予算に対しての進捗も追えるので管理がしやすいです。楽楽精算の改善してほしい点使いながら覚えるといった感じで、あまり操作マニュアルが詳しくないです。従来の書面の精算より確実に楽々精算の方が精算業務が捗るはずではあるのですが、特に中年世代の方はいつまでも楽々精算にに慣れず精算業務に時間を割いているイメージ（当社だけなのかは分かりません）楽楽精算導入で得られた効果・メリット当方は使用経費を精算報告する立場ですが、特に本社の会計部は楽楽精算の導入で大幅な業務効率化になってあると思う。在宅勤務が浸透したので、以前の書面ベースの経費システムでは会計部の社員は自宅に書面を持ち帰ることができないので（情報管理上）在宅勤務ができなかったと思うが、楽楽精算があることで会計部の社員も在宅勤務で業務を行うことができていると思う。
559,2023/01/10,申請から承認まで全てシステム内で行えてスムーズな点です。また、よく利用する経路の登録ができるので、同じ内容を申請する際に手順が省けます。,パソコンでの使用は特に問題ないのですがスマホからシステムを開くと少々文字や選択ボタンがずれてしまっていて、扱いにくく感じます。,経理として申請を承認する立場なのですが、後回しになりがちな経費の申請もスマホからも行えるので、催促する事なく回っていることが大変助かります。この口コミを詳しく見る,認まで全てシステム内で行えてスムーズな点です。また、よく利用する経路の登録ができるので、同じ内容を申請する際に手順が省けます。楽楽精算の改善してほしい点パソコンでの使用は特に問題ないのですがスマホからシステムを開くと少々文字や選択ボタンがずれてしまっていて、扱いにくく感じます。楽楽精算導入で得られた効果・メリット経理として申請を承認する立場なのですが、後回しになりがちな経費の申請もスマホからも行えるので、催促する事なく回っていることが大変助かります。
560,2023/01/10,申請内容を一時保存できるため、手の空いたタイミングでこまめに入力することができる。また、同じ申請の中では、申請内容をコピーすることができ、交通費など同じ内容を繰り返し入力する手間を省くことができる。,交通費の申請時に経路登録ができると嬉しい。また、領収書PDFの登録動線がわかりづらいため、申請時のファイル選択画面からも移動できるようにして欲しい。,承認や差し戻しがメールで通知され、不備や経理からの確認事項で受理されなかった場合にもすぐに気がつくことができたこの口コミを詳しく見る,一時保存できるため、手の空いたタイミングでこまめに入力することができる。また、同じ申請の中では、申請内容をコピーすることができ、交通費など同じ内容を繰り返し入力する手間を省くことができる。楽楽精算の改善してほしい点交通費の申請時に経路登録ができると嬉しい。また、領収書PDFの登録動線がわかりづらいため、申請時のファイル選択画面からも移動できるようにして欲しい。楽楽精算導入で得られた効果・メリット承認や差し戻しがメールで通知され、不備や経理からの確認事項で受理されなかった場合にもすぐに気がつくことができた
561,2022/12/27,これまでは紙ベースの経費精算様式に内訳や金額を手書きで記していたため、一ヶ所でも書き間違いをしてしまうと最初から書き直しになっていました。システム上で明細を作れるようになってからは内容の修正や削除がとても簡単になり、無駄な手間を削減することに繋がっています。,明細を作るときに対応する科目を選ぶ欄があるのですが、消耗品費なのか備品費なのかなど、どれを選ぶのが適当なのか分からなくなることがあります。摘要欄の記載内容から自動で判別してアシストする機能などがあれば会計知識が浅いスタッフでも使い易くなると思います。,クラウドシステムを導入したことでリモートでの経費申請が実現されました。コロナ禍以降は客先への直行直帰やリモートワークが推奨されるようになりましたが、経費精算のためには経理部に直接赴かなければならず、そのためだけに事務所に出社するという無駄が生まれていました。クラウドシステムの導入によってこの無駄が削減でき、働き方自由化の後押しにもなっていると強く感じます。この口コミを詳しく見る,紙ベースの経費精算様式に内訳や金額を手書きで記していたため、一ヶ所でも書き間違いをしてしまうと最初から書き直しになっていました。システム上で明細を作れるようになってからは内容の修正や削除がとても簡単になり、無駄な手間を削減することに繋がっています。楽楽精算の改善してほしい点明細を作るときに対応する科目を選ぶ欄があるのですが、消耗品費なのか備品費なのかなど、どれを選ぶのが適当なのか分からなくなることがあります。摘要欄の記載内容から自動で判別してアシストする機能などがあれば会計知識が浅いスタッフでも使い易くなると思います。楽楽精算導入で得られた効果・メリットクラウドシステムを導入したことでリモートでの経費申請が実現されました。コロナ禍以降は客先への直行直帰やリモートワークが推奨されるようになりましたが、経費精算のためには経理部に直接赴かなければならず、そのためだけに事務所に出社するという無駄が生まれていました。クラウドシステムの導入によってこの無駄が削減でき、働き方自由化の後押しにもなっていると強く感じます。
562,2022/12/25,月末月初にまとめて行う経費精算が、スマホを活用してスムーズに申請できるので、システムの有無で大きくスピードが変わります。,一度に申請できるものに限りがあるので、その点が払拭されれば、もっと利便性が上がるかと思います。ただ一番の利点は経理の生産性向上かと思うのでそこが改善できていれば問題ないとは考えます。,メンバーや他人の交通費を承認する際に、最安ルートを使っているかなどが把握しやすい。併せて交通費を自動で計算してくれるため、その点が楽です。この口コミを詳しく見る,まとめて行う経費精算が、スマホを活用してスムーズに申請できるので、システムの有無で大きくスピードが変わります。楽楽精算の改善してほしい点一度に申請できるものに限りがあるので、その点が払拭されれば、もっと利便性が上がるかと思います。ただ一番の利点は経理の生産性向上かと思うのでそこが改善できていれば問題ないとは考えます。楽楽精算導入で得られた効果・メリットメンバーや他人の交通費を承認する際に、最安ルートを使っているかなどが把握しやすい。併せて交通費を自動で計算してくれるため、その点が楽です。
563,2022/12/23,数年前から利用していますが、何よりシンプルで使いやすいです。乗換案内も自動で出してくれるので余計な時間を取られることがなくなりました。また今までは領収書を添付であげて承認後に原本を貼付けして提出のフローだったが、電帳法により添付をあげるだけで済むようになったので大変便利,正直言って改善してほしい点はない。強いてあげるとしたら自分の所属上長を検索上位にするロジックが組まれるとより良い,こちらのサービス導入前までは紙に行先・要件を記入、ネットで交通費検索、提出前に押印などの極めて煩雑は作業が必要であったが、今ではボタン数回押せば完了できるので業務短縮ができるようになったこの口コミを詳しく見る,利用していますが、何よりシンプルで使いやすいです。乗換案内も自動で出してくれるので余計な時間を取られることがなくなりました。また今までは領収書を添付であげて承認後に原本を貼付けして提出のフローだったが、電帳法により添付をあげるだけで済むようになったので大変便利楽楽精算の改善してほしい点正直言って改善してほしい点はない。強いてあげるとしたら自分の所属上長を検索上位にするロジックが組まれるとより良い楽楽精算導入で得られた効果・メリットこちらのサービス導入前までは紙に行先・要件を記入、ネットで交通費検索、提出前に押印などの極めて煩雑は作業が必要であったが、今ではボタン数回押せば完了できるので業務短縮ができるようになった
564,2022/12/22,請求書をあらかじめ登録することで、必要な項目が自動入力されます。操作は感覚的にわかり、簡単に使いこなせています。承認状況も一目瞭然なので、差戻時にも即座に対応できます。,経費精算を行う際、明細備考欄の文字数制限が、半角100文字・全角50文字です。特殊なケースなどで、たくさん入力したい際に全て入力できず、別のコメント欄等を使用することになります。全て備考欄に入力できた方が、承認者も見やすいと思います。システムの不具合がありましたか？請求書を読み込めないことがありました。一度印刷してから再度スキャナーで読み込むとエラーがなくなりました。,導入前は、社内稟議は別システム、経費精算は手書きで行っていました。別システムで承認済みの稟議を紙ベースで印刷・添付し、経費精算を行っていましたが、社内稟議から経費精算まで同一システムで一貫して行うことで、業務効率がよくなりました。この口コミを詳しく見る,らかじめ登録することで、必要な項目が自動入力されます。操作は感覚的にわかり、簡単に使いこなせています。承認状況も一目瞭然なので、差戻時にも即座に対応できます。楽楽精算の改善してほしい点経費精算を行う際、明細備考欄の文字数制限が、半角100文字・全角50文字です。特殊なケースなどで、たくさん入力したい際に全て入力できず、別のコメント欄等を使用することになります。全て備考欄に入力できた方が、承認者も見やすいと思います。システムの不具合がありましたか？請求書を読み込めないことがありました。一度印刷してから再度スキャナーで読み込むとエラーがなくなりました。楽楽精算導入で得られた効果・メリット導入前は、社内稟議は別システム、経費精算は手書きで行っていました。別システムで承認済みの稟議を紙ベースで印刷・添付し、経費精算を行っていましたが、社内稟議から経費精算まで同一システムで一貫して行うことで、業務効率がよくなりました。
565,2022/12/21,交通費等の申請をスマホやコピー機でスキャンすることで完了できます。出発点と到着点を入力するだけで自動で交通費を計算してくれることも大きな利点。,一つだけ挙げるとすれば、スマホでスキャンするときに読み取れない場合が稀にあります。その精度を改善してもらえれば完璧なシステムだと思います。,領収書等の打ち間違いがなくなることや、時間を大幅に短縮できたことで人員を他の仕事に回すことができています。また、データベース化によっていつでもどこでも経費の承認申請ができます。この口コミを詳しく見る,申請をスマホやコピー機でスキャンすることで完了できます。出発点と到着点を入力するだけで自動で交通費を計算してくれることも大きな利点。楽楽精算の改善してほしい点一つだけ挙げるとすれば、スマホでスキャンするときに読み取れない場合が稀にあります。その精度を改善してもらえれば完璧なシステムだと思います。楽楽精算導入で得られた効果・メリット領収書等の打ち間違いがなくなることや、時間を大幅に短縮できたことで人員を他の仕事に回すことができています。また、データベース化によっていつでもどこでも経費の承認申請ができます。
566,2022/12/20,電車の交通費などは、乗り換え検索でピンポイントで使用したルートを選ぶことができるので、間違えにくいし楽。,しばらくは使い方が慣れなかった。用語が堅く、UIがあまり感覚的ではないので、そのあたりを改善して欲しい。システムの不具合がありましたか？特にありません。,経理精算する本社が遠く離れているので、期日に間に合わない請求書などはPDF添付で一旦処理してもらえるなどとても助かる。この口コミを詳しく見る,費などは、乗り換え検索でピンポイントで使用したルートを選ぶことができるので、間違えにくいし楽。楽楽精算の改善してほしい点しばらくは使い方が慣れなかった。用語が堅く、UIがあまり感覚的ではないので、そのあたりを改善して欲しい。システムの不具合がありましたか？特にありません。楽楽精算導入で得られた効果・メリット経理精算する本社が遠く離れているので、期日に間に合わない請求書などはPDF添付で一旦処理してもらえるなどとても助かる。
567,2022/12/20,申請や精算が画面内で行えるところが非常に良いです。また、メールに申請経路等が承認されると通知が来るので、忘れることなく手続きができます。,申請や精算一覧のボタンが小さいため、クリックするのが大変。ボタンを大きくしてもらえると間違えずに済みます。,紙に印刷しハンコを押さなければならない面倒なものでしたが、それが無くなったことで双方の手間が省けました。申請経路でどこで止まっているか状況がわかるのがありがたいです。この口コミを詳しく見る,が画面内で行えるところが非常に良いです。また、メールに申請経路等が承認されると通知が来るので、忘れることなく手続きができます。楽楽精算の改善してほしい点申請や精算一覧のボタンが小さいため、クリックするのが大変。ボタンを大きくしてもらえると間違えずに済みます。楽楽精算導入で得られた効果・メリット紙に印刷しハンコを押さなければならない面倒なものでしたが、それが無くなったことで双方の手間が省けました。申請経路でどこで止まっているか状況がわかるのがありがたいです。
568,2022/12/19,変則な承認ルートを自在に変更でき、簡単な操作で申請ができる。また、紙の場合は、会社にいないと申請、精算ができなかったが、外でもできるようになったのがうれしい。,差戻し、否認をするときに、コメントをつけてますが、申請中の伝票に対してできるチャット機能があると便利。,承認者の確認が早くなるだけでなく、申請者もパソコン、スマホから操作でき、何を精算したかも簡単に確認でき、重複精算、支払がなくなる。この口コミを詳しく見る,ルートを自在に変更でき、簡単な操作で申請ができる。また、紙の場合は、会社にいないと申請、精算ができなかったが、外でもできるようになったのがうれしい。楽楽精算の改善してほしい点差戻し、否認をするときに、コメントをつけてますが、申請中の伝票に対してできるチャット機能があると便利。楽楽精算導入で得られた効果・メリット承認者の確認が早くなるだけでなく、申請者もパソコン、スマホから操作でき、何を精算したかも簡単に確認でき、重複精算、支払がなくなる。
569,2022/12/18,今まで出張の申請や精算はすべて紙で行っていましたが、楽楽精算導入により電子化され印鑑不要になり煩わしさが減りました。,特にはないのですが、添付ファイルの形式が限られていることが不便に感じる場合があります。pdf以外も添付できるようにしていただきたい。,紙での処理の場合、課長から部長、部長から経理部へ…と承認が回される中で今どこで進捗が止まっているのかなど不明でしたが、楽楽精算だと今どの部門の人のところにあるのか見えるので安心です。過去、精算の書類を紛失されたことがあるのですが、そういった心配もなくなりました。この口コミを詳しく見る,の申請や精算はすべて紙で行っていましたが、楽楽精算導入により電子化され印鑑不要になり煩わしさが減りました。楽楽精算の改善してほしい点特にはないのですが、添付ファイルの形式が限られていることが不便に感じる場合があります。pdf以外も添付できるようにしていただきたい。楽楽精算導入で得られた効果・メリット紙での処理の場合、課長から部長、部長から経理部へ…と承認が回される中で今どこで進捗が止まっているのかなど不明でしたが、楽楽精算だと今どの部門の人のところにあるのか見えるので安心です。過去、精算の書類を紛失されたことがあるのですが、そういった心配もなくなりました。
570,2022/12/18,スマホでの撮影、複合機でのスキャンどちらでも領収書の撮影ができ、便利です。また、申請された内容をもとに経理ソフトへのデータ、振込データの作成も可能なので、今までは現金で精算を行い、また別で入力をしなければいけませんでしたが、その手間を削減することができました。,スマホアプリを読み込んだ際、若干数値や領収書の宛名がずれて表示されることがあります。今後の改善に期待できればと思います。システムの不具合がありましたか？改善してほしい点で先ほど挙げたように、スマホアプリでの表示が若干ずれることがある点は、今後改善してほしいです。,ペーパレスでデータを残せるため、領収書の長期保存不要になり、フローの短縮・業務改善に繋がりました。結果的に事務作業の手間数も減り、効率化できました。,領収書の保管にお困りの会社、ペーパーレス化を進めたい企業に向いていると思います。
571,2022/12/18,楽楽精算を使用してから、カード決済の締め処理や支払い管理が容易になった点です。また、登録したカードを使用した支払いの履歴を確認できるので、支払いの可視化も可能になりました。さらに、支払いをレシートで確認できるので、支払いの記録もしっかりとることが可能です。楽楽精算は使いやすいインターフェースを備えており、カード決済の管理を効率化してくれます。,決済が完了しない場合、取引をキャンセルする方法がありません。取引をキャンセルする機能が実装されると、楽楽精算を利用する際の不安を低減できます。,楽楽精算を利用することで、社内の精算作業時間を短縮できました。例えば、社内の部門が活動費を支払う際に、楽楽精算を利用することで、承認者が社内の責任者を経由することなく、承認を行うことができます。また、楽楽精算を採用することで発行される支出精算書を取り扱う業務も自動化され、複数の場所で精算書を取り扱う手間を大幅に削減することができました。これにより、部門間の精算作業が迅速かつ効率的に行えるようになり、以前と比べて社内の精算作業時間が短縮されました。この口コミを詳しく見る,使用してから、カード決済の締め処理や支払い管理が容易になった点です。また、登録したカードを使用した支払いの履歴を確認できるので、支払いの可視化も可能になりました。さらに、支払いをレシートで確認できるので、支払いの記録もしっかりとることが可能です。楽楽精算は使いやすいインターフェースを備えており、カード決済の管理を効率化してくれます。楽楽精算の改善してほしい点決済が完了しない場合、取引をキャンセルする方法がありません。取引をキャンセルする機能が実装されると、楽楽精算を利用する際の不安を低減できます。楽楽精算導入で得られた効果・メリット楽楽精算を利用することで、社内の精算作業時間を短縮できました。例えば、社内の部門が活動費を支払う際に、楽楽精算を利用することで、承認者が社内の責任者を経由することなく、承認を行うことができます。また、楽楽精算を採用することで発行される支出精算書を取り扱う業務も自動化され、複数の場所で精算書を取り扱う手間を大幅に削減することができました。これにより、部門間の精算作業が迅速かつ効率的に行えるようになり、以前と比べて社内の精算作業時間が短縮されました。
572,2022/12/16,よく利用する路線・経路をお気に入り登録できるので、交通費精算の際はそこから呼び出すだけなのは便利です。,弊社の設定の仕方が良くないのかもしれませんが、承認フローや各種申請の登録をする際に、手順が多く面倒です。,これまでエクセルに必要事項を記入し、プリントアウトして裏面に領収書を貼付し精算していましたが、それらがすべてオンラインになり、過去のデータなども確認できるようになり便利だと感じました。おそらく、経理担当者はもっと便利で作業効率・生産性が向上していると思われます。,経費精算や各種申請をアナログ運用している企業にはおすすめです！
573,2022/12/16,スマホのアプリで領収書やレシートを撮影すると自動で内容を読み取ってくれるのが便利です。パソコンとも連動しているので精算がすごく楽になりました。,ボタンの位置やデザインが直感的にわかりづらいところがあるので、もっとわかりやすくしてほしいと感じました。,領収書やレシートを紙の台紙に貼り付けて処理していたものがスマホやパソコンで完結できるようになり、経費精算にかかる時間がかなり短縮されました。この口コミを詳しく見る,プリで領収書やレシートを撮影すると自動で内容を読み取ってくれるのが便利です。パソコンとも連動しているので精算がすごく楽になりました。楽楽精算の改善してほしい点ボタンの位置やデザインが直感的にわかりづらいところがあるので、もっとわかりやすくしてほしいと感じました。楽楽精算導入で得られた効果・メリット領収書やレシートを紙の台紙に貼り付けて処理していたものがスマホやパソコンで完結できるようになり、経費精算にかかる時間がかなり短縮されました。
574,2022/12/15,経費精算と会計データを連動でき、現金のやり取りも不要なので事務効率化が測れるパッケージソフトとなっている点が良い。,インボイス制度など税制が変わった時に対応方針を発表するのが少し遅いと感じているので、そこを改善していただきたいです。,任意の分かりやすい名称の科目を設定できるので、経費を精算する際に科目誤りが減った。また、過去の履歴が見れるので問い合わせが減った。この口コミを詳しく見る,会計データを連動でき、現金のやり取りも不要なので事務効率化が測れるパッケージソフトとなっている点が良い。楽楽精算の改善してほしい点インボイス制度など税制が変わった時に対応方針を発表するのが少し遅いと感じているので、そこを改善していただきたいです。楽楽精算導入で得られた効果・メリット任意の分かりやすい名称の科目を設定できるので、経費を精算する際に科目誤りが減った。また、過去の履歴が見れるので問い合わせが減った。
575,2022/12/13,楽楽精算を活用することにより、会社の部門間での支払いを簡単、安全、効率的に行うことができました。具体的には、発生した請求書を共有して支払いを行うことが可能になり、面倒な手続きを省略できました。また、オンラインで承認を取ることも可能になり、専門的な精算担当者を確保する必要がなくなりました。,複数回にわたる手続きを行う場合、1回目の手続きを行うと残りの手続きを自動化する機能を搭載してほしいです。また、支払情報を複数回入力する必要がある場合、入力情報を保存しておいて、支払いを行う際に自動的に入力する機能を実装してほしいです。,楽楽精算を導入したことで、毎月の精算作業が約2割短縮され、更に複雑な税金計算が自動化されました。精算のミスを抑え、更に精算作業の時間を短縮して、業務量を維持できるようになりました。この口コミを詳しく見る,活用することにより、会社の部門間での支払いを簡単、安全、効率的に行うことができました。具体的には、発生した請求書を共有して支払いを行うことが可能になり、面倒な手続きを省略できました。また、オンラインで承認を取ることも可能になり、専門的な精算担当者を確保する必要がなくなりました。楽楽精算の改善してほしい点複数回にわたる手続きを行う場合、1回目の手続きを行うと残りの手続きを自動化する機能を搭載してほしいです。また、支払情報を複数回入力する必要がある場合、入力情報を保存しておいて、支払いを行う際に自動的に入力する機能を実装してほしいです。楽楽精算導入で得られた効果・メリット楽楽精算を導入したことで、毎月の精算作業が約2割短縮され、更に複雑な税金計算が自動化されました。精算のミスを抑え、更に精算作業の時間を短縮して、業務量を維持できるようになりました。
576,2022/12/11,マイパターン設定ができるので、同じ内容を申請する際に一から入力する必要がないのはかなり良い点だと思います。,承認者の入力を毎回しなくてはいけないのが面倒。承認者が変わるってなかなかないと思うので、固定ないし選択制になるといいなと思う。,これまでは経費精算が紙とメールでの申請だったのでいちいち書類を探して申請して、差し戻しをされて…と時間がかかっていたが、楽楽精算になってからすべてがクラウド上で行えるので、無駄な時間がなくなった。この口コミを詳しく見る,ン設定ができるので、同じ内容を申請する際に一から入力する必要がないのはかなり良い点だと思います。楽楽精算の改善してほしい点承認者の入力を毎回しなくてはいけないのが面倒。承認者が変わるってなかなかないと思うので、固定ないし選択制になるといいなと思う。楽楽精算導入で得られた効果・メリットこれまでは経費精算が紙とメールでの申請だったのでいちいち書類を探して申請して、差し戻しをされて…と時間がかかっていたが、楽楽精算になってからすべてがクラウド上で行えるので、無駄な時間がなくなった。
577,2022/12/10,他県にある経理部への請求書原紙の発送、確認、受け取りミスによる手間がなくなった。公共交通機関をわざわざ別の交通系サイトで調べたり、交通系電子マネーの履歴を調べたりする必要がなくなった。,領収書のカメラ読み取り後の金額欄自動表示が手書きだと読み切れないことが多い。機械文字でも間違っていることが多々あるので、精度が増すとさらに便利。ちなみに、JR東海など新幹線利用の場合、会社名が東京などと表示される。（領収書発行側の記載にもよるが）葬儀の生花購入で、項目選択時、花代で検索するとでてくるが、検索タイトルをある程度認識しておかないと検索時間がかかる。,発送費の削減、社内便での発送量減少、発送手間の削減、過去は領収書を台紙に糊付けして表面のみ貼り、何枚も作る必要あったが、その面倒もなくなった。この口コミを詳しく見る,経理部への請求書原紙の発送、確認、受け取りミスによる手間がなくなった。公共交通機関をわざわざ別の交通系サイトで調べたり、交通系電子マネーの履歴を調べたりする必要がなくなった。楽楽精算の改善してほしい点領収書のカメラ読み取り後の金額欄自動表示が手書きだと読み切れないことが多い。機械文字でも間違っていることが多々あるので、精度が増すとさらに便利。ちなみに、JR東海など新幹線利用の場合、会社名が東京などと表示される。（領収書発行側の記載にもよるが）葬儀の生花購入で、項目選択時、花代で検索するとでてくるが、検索タイトルをある程度認識しておかないと検索時間がかかる。楽楽精算導入で得られた効果・メリット発送費の削減、社内便での発送量減少、発送手間の削減、過去は領収書を台紙に糊付けして表面のみ貼り、何枚も作る必要あったが、その面倒もなくなった。
578,2022/12/10,Web上で経費精算の手続きが行え、申請から承認までシステム上で完結できることで、紙で行っていた業務が相当程度削減できております。,紙の領収書が必要になるケースは、それのみを別途ミドルバックに渡す必要があるため、これを写真で処理できるような機能があればよいかなと思います。,交通費の精算を行うためだけに出社してということがこれまでありましたが、本製品導入により、完全にリモートで各種経費精算が行えるようになり、業務の効率化に繋がっております。この口コミを詳しく見る,経費精算の手続きが行え、申請から承認までシステム上で完結できることで、紙で行っていた業務が相当程度削減できております。楽楽精算の改善してほしい点紙の領収書が必要になるケースは、それのみを別途ミドルバックに渡す必要があるため、これを写真で処理できるような機能があればよいかなと思います。楽楽精算導入で得られた効果・メリット交通費の精算を行うためだけに出社してということがこれまでありましたが、本製品導入により、完全にリモートで各種経費精算が行えるようになり、業務の効率化に繋がっております。
579,2022/12/10,楽楽精算は領収書などをスマホアプリで写真を読むことができ、簡単にデータ化できるため非常に便利だと思う。,経理側に提出する側の私からは改善してほしい事は特にありません。追加機能で音声で入力できたら面白いかもしれません。,今までは紙やExcelデータで経理側に経費精算を行っていて、勘定科目などわからないことばっかりだったが楽楽精算は選んでいくだけなので簡単で時間短縮できた。この口コミを詳しく見る,領収書などをスマホアプリで写真を読むことができ、簡単にデータ化できるため非常に便利だと思う。楽楽精算の改善してほしい点経理側に提出する側の私からは改善してほしい事は特にありません。追加機能で音声で入力できたら面白いかもしれません。楽楽精算導入で得られた効果・メリット今までは紙やExcelデータで経理側に経費精算を行っていて、勘定科目などわからないことばっかりだったが楽楽精算は選んでいくだけなので簡単で時間短縮できた。
580,2022/12/09,月末月初になると社内業務もバタバタしている中で、経費や交通費の精算は意外と時間を取られてしまうので、それが効率的に行える点は業務効率が上がりとても良いです。レシート、領収書の画像取り込みで情報入力されて楽になりましたし、スマホでできるのがとても良いです。,会社の設定側の問題かもしれませんが、経費項目がどれが該当するか分かりにくいので、例えば、主題や内容を認識して該当の経費項目の候補を絞ってくれる機能があるとよいです。システムの不具合がありましたか？特に気になるところはありませんが、稀にレシート、領収書情報がうまく読み取られず誤字・誤登録がされることがありますが、OCR精度としては低くはないと思います。,経費・交通費精算は必要ではあるけども、仕事の優先順位としては下がるので、どうしても月末月初ぎりぎりに処理しがちです。それがスマホやPCでスムーズに処理できると、会社としても残業代や無駄な人件費の削減にもなると思うので、その点がよいと思います。上長承認や経理の承認があるので、そちらの方々も業務不可が軽減したと感じます。,主業務以外の経費削減、業務効率化を図りたい会社にはとてもお薦めです。
581,2022/12/09,コピーがしやすくて何枚も同じ入力をするときに便利です。営業部間での処理・管理のしやすさで効率アップしている,領収書など取り込む時にまとめて取り込めたらいい。あとから金額、会社名などまとめて訂正できたらもっと便利になる,営業部間での対応がスムーズです。間違いがあった際もリアルタイムで差し戻しでき、わかりやすいです。画面もシンプルで無駄がない。以前利用していた製品の解約理由営業部間での管理がしにくい,みんながわかりやすい
582,2022/12/08,レイアウトや項目の設定等、カスタマイズ性に優れているため、色々な状況に合わせた経費精算を設定できます。これまでの紙媒体による申請を辞め、電子帳簿保存法にも対応できるシステムのため、今後も活用していきたいです。また支払依頼機能を使い、従来の手書き伝票を使った支払依頼も改善していきたいです。,一度に申請できるものに限りがあるため、一日に何度も電車を使う場合などは降りる駅ごとに経費申請が必要な点は改善して欲しいです。,当初は、紙による申請書と領収書の束から精算金額を起こす処理を経理で行っていました。この点をシステム導入で変えたいと思ったのですが、精算方法自体を小口現金から振込に変えることまで全社で理解していただけたので、更なる業務効率化に繋がりました。「楽楽精算」導入の決め手価格が安く、使い勝手が良いと思ったため。,経費精算を自動化したい方におすすめです。
583,2022/12/06,手書きと比べ圧倒的に楽。履歴も追える、乗換案内も連動している。会社ごとの手当設定もでき、幅広い。管理しやすい。,項目の順番において入れ替えができないところ。また、乗り換え案内への切り替えがややもたつくように感じる。,大量の手書き、精算書類をネット管理できる。履歴も追えるので管理しやすい。事前の申請、承認も可能であり一連の流れで管理できる。,管理がしやすい
584,2022/12/06,定期や交通費の精算に利用しています。交通費の精算の際は、モバイルSuicaを読み取って履歴を抽出してくれるのでとっても入力が便利です。,定期券を登録する際に、入力がわかりにくく正式名称がサジェストとうまく一致しないことがあるのは改善してほしいです。,今まで定期券や交通費の精算は手書き伝票を利用していましたが、楽楽精算を利用するようになり、webだけで完結できるようになりました！書き損じた際に最初から修正する手間や修正されても用紙を無駄にすることなく、スムーズに精算が行えています。この口コミを詳しく見る,費の精算に利用しています。交通費の精算の際は、モバイルSuicaを読み取って履歴を抽出してくれるのでとっても入力が便利です。楽楽精算の改善してほしい点定期券を登録する際に、入力がわかりにくく正式名称がサジェストとうまく一致しないことがあるのは改善してほしいです。楽楽精算導入で得られた効果・メリット今まで定期券や交通費の精算は手書き伝票を利用していましたが、楽楽精算を利用するようになり、webだけで完結できるようになりました！書き損じた際に最初から修正する手間や修正されても用紙を無駄にすることなく、スムーズに精算が行えています。
585,2022/12/05,導入は丁寧なサポートもあり、比較的すんなりできました。導入後は請求書の発行もスムーズにできて助かっています。,フォーマットがある程度決まっているので、便利な面もあるが、柔軟にいろいろなフォームを自分で作成できるとさらに便利になると思います。システムの不具合がありましたか？特にありません,請求書の封入作業の手間と間違いがなくなりました。また郵便代もかからず、発行はその日にできるのでお客様にも喜ばれています。,請求書発行のコストを削減したい方におすすめです
586,2022/12/05,毎月交通費精算があるため頻繁に利用していますが、定期券内外を自動で判断して計算してくれる点はありがたい。,出張申請と精算が少し手間に感じるが、恐らく経理部門側の効率化を目的とした可能であるため、致し方なし(許容範囲)と考えます。,これまでエクセルによる申請を行なっていたためシステム化しただけでも大きく業務の削減につながっている。先に述べたように定期券内か否かを自動で判断してくれるため、申請者側としては大変楽になった。この口コミを詳しく見る,精算があるため頻繁に利用していますが、定期券内外を自動で判断して計算してくれる点はありがたい。楽楽精算の改善してほしい点出張申請と精算が少し手間に感じるが、恐らく経理部門側の効率化を目的とした可能であるため、致し方なし(許容範囲)と考えます。楽楽精算導入で得られた効果・メリットこれまでエクセルによる申請を行なっていたためシステム化しただけでも大きく業務の削減につながっている。先に述べたように定期券内か否かを自動で判断してくれるため、申請者側としては大変楽になった。
587,2022/12/05,交通費を入力する際に、マイパターンとして記憶してくれることや、最安ルート、最速ルートなどが一発で出てくるのはすごく分かりやすいです。,マイパターンから明細へ登録する際に、ひとつのマイパターンを毎日適応するには、一回一回メインの申請画面へ戻って入力しなければならないのが手間だと思います。,部下や研修生など、他人の交通費を承認する際に、最安ルートを使っているかなど分かり易い為、調べる手間が省けました。,仕様もわかりやすく、使いやすいと思います。自分が入力するのもそうですが、他人の交通費を承認するのがとても楽になるかと思います。
588,2022/12/05,精算作業を安全に、かつスムーズに行うことができることが特徴です。簡単な操作で精算ができるため、利用者もストレスなく作業を完了することができます。さらに、精算履歴の管理も可能なため、今後の予算管理が容易になります。また、楽楽精算を通じて複数人での精算作業を行うことが可能です。複数人が共同で精算を行うことで、精算作業をスピーディーに行うことができます。このような点から、楽楽精算は、精算作業を効率的に行うことができる便利なツールとなっています。,定期的な入金をしている場合、自動的に更新される機能を搭載してほしい。複数のデバイスで使用できるようにしてほしい。スマートフォンなどでの操作がしやすいような画面構成にしてほしい。,利用することで、従来の不便な精算手続きを簡素化し、企業の経費を効率的に運営できるようになりました。例えば、私たちの会社は、営業マンが複数の場所を回ることが多く、複数の場所からの出張費用の精算が従来、非常に手間がかかっていました。しかし、「楽楽精算」を導入することで、営業マンは複数の場所からの出張費用を簡単に精算することができるようになりました。交通費などを手元で精算できるので経費申請作業の負担が大幅に軽減され、経費管理も効率的になりました。この口コミを詳しく見る,安全に、かつスムーズに行うことができることが特徴です。簡単な操作で精算ができるため、利用者もストレスなく作業を完了することができます。さらに、精算履歴の管理も可能なため、今後の予算管理が容易になります。また、楽楽精算を通じて複数人での精算作業を行うことが可能です。複数人が共同で精算を行うことで、精算作業をスピーディーに行うことができます。このような点から、楽楽精算は、精算作業を効率的に行うことができる便利なツールとなっています。楽楽精算の改善してほしい点定期的な入金をしている場合、自動的に更新される機能を搭載してほしい。複数のデバイスで使用できるようにしてほしい。スマートフォンなどでの操作がしやすいような画面構成にしてほしい。楽楽精算導入で得られた効果・メリット利用することで、従来の不便な精算手続きを簡素化し、企業の経費を効率的に運営できるようになりました。例えば、私たちの会社は、営業マンが複数の場所を回ることが多く、複数の場所からの出張費用の精算が従来、非常に手間がかかっていました。しかし、「楽楽精算」を導入することで、営業マンは複数の場所からの出張費用を簡単に精算することができるようになりました。交通費などを手元で精算できるので経費申請作業の負担が大幅に軽減され、経費管理も効率的になりました。
589,2022/12/04,システムとして画面は見やすく、領収書なしの交通費など、簡単な経費精算にはいい。ただ電帳法に対応してから、請求書、領収書のアップロードに関し、申請不備が増加。「楽々ではない」と申請者からのクレームが増えたのは事実。,申請後、請求書や領収書のアップロードに不備があった際の修正に手間がかかるとのことだった。明細を複数に分けるのもやりなおしなのが不便とのこと。,交通費を自動計算(定期料金)してくれるのは楽。また定期的なシステム改善も安心で、ユーザーとしてはありがたい。この口コミを詳しく見る,して画面は見やすく、領収書なしの交通費など、簡単な経費精算にはいい。ただ電帳法に対応してから、請求書、領収書のアップロードに関し、申請不備が増加。「楽々ではない」と申請者からのクレームが増えたのは事実。楽楽精算の改善してほしい点申請後、請求書や領収書のアップロードに不備があった際の修正に手間がかかるとのことだった。明細を複数に分けるのもやりなおしなのが不便とのこと。楽楽精算導入で得られた効果・メリット交通費を自動計算(定期料金)してくれるのは楽。また定期的なシステム改善も安心で、ユーザーとしてはありがたい。
590,2022/12/03,スマホに専用アプリを入れておけば、それを通して領収書を撮影すると、支払い先や支払日が自動入力されるので、手間が省けて嬉しいです。また、データで受け取る領収書であっても簡単に取り込めるのでこれも手間が省けて嬉しいです。,自動入力されるのはよいですが、時々微妙に異なる取り込み結果になっていることがあるので、その精度のアップを期待したいです。システムの不具合がありましたか？申請する側であれば楽になったと思いますが、承認する側ではチェックに慣れが必要かもしれません。確認対象が大量に届いて上司はあたふたしていました。,領収書の精算にかかる時間は減ったと思います。出先でも精算できるので、空き時間を有効活用できていると感じます。,外出する社員の旅費精算が月末などに集中してしまうことの解決につながると思います。
591,2022/12/01,会社で導入しています。使い方はシンプルで、マニュアルなど見なくてもすぐ使えるようになります。アプリもあるのが良いですね。,乗り換え検索や出張申請がもう少しサクサク使えると嬉しい。乗り換えが実際と異なる時があり手打ちで入力することがあるので。,社内管理が簡潔化されていると思う。手作業よりも間違いやトラブルが減ったと思う。交通費も出張申請もまとめてできて便利です。以前利用していた製品の解約理由会社都合この口コミを詳しく見る,しています。使い方はシンプルで、マニュアルなど見なくてもすぐ使えるようになります。アプリもあるのが良いですね。楽楽精算の改善してほしい点乗り換え検索や出張申請がもう少しサクサク使えると嬉しい。乗り換えが実際と異なる時があり手打ちで入力することがあるので。楽楽精算導入で得られた効果・メリット社内管理が簡潔化されていると思う。手作業よりも間違いやトラブルが減ったと思う。交通費も出張申請もまとめてできて便利です。以前利用していた製品の解約理由会社都合
592,2022/12/01,交通費申請を行う際に、経路検索から費用を取り込むこと。また、マイルートとしてよく使う外訪経路を登録しておくことができること。,PDFはアップロードに容量制限があること。支払先などで発行されたPDFデータによっては、容量を下げる必要がある。,領収書を読み込むと自動で支払先や、日付の入力がされるため、手間なく、金額の入力ミスも防げるのでストレスなく使えます。この口コミを詳しく見る,を行う際に、経路検索から費用を取り込むこと。また、マイルートとしてよく使う外訪経路を登録しておくことができること。楽楽精算の改善してほしい点PDFはアップロードに容量制限があること。支払先などで発行されたPDFデータによっては、容量を下げる必要がある。楽楽精算導入で得られた効果・メリット領収書を読み込むと自動で支払先や、日付の入力がされるため、手間なく、金額の入力ミスも防げるのでストレスなく使えます。
593,2022/11/30,写真を撮るだけで内容が反映されるので手間が省けるのが良いです。スマホバージョンはアプリになっているところも良いです。,一度読み込んで申請した後に、編集を行うのが難しい(どこから編集したらいいのかわからなくなる)ことです。,領収書の記載内容を入力しないといけなかったところが、写真を撮ると自動で反映されるようになったので、時間短縮に繋がりました。領収書1枚に30秒はかかっていたところが、3秒くらいで記入できるようになりました。この口コミを詳しく見る,だけで内容が反映されるので手間が省けるのが良いです。スマホバージョンはアプリになっているところも良いです。楽楽精算の改善してほしい点一度読み込んで申請した後に、編集を行うのが難しい(どこから編集したらいいのかわからなくなる)ことです。楽楽精算導入で得られた効果・メリット領収書の記載内容を入力しないといけなかったところが、写真を撮ると自動で反映されるようになったので、時間短縮に繋がりました。領収書1枚に30秒はかかっていたところが、3秒くらいで記入できるようになりました。
594,2022/11/29,申請者の申請から経費精算までがシステム内で完結し、会計システム連携もスムーズに行えるのでスプシ管理していたことから比べるとDB管理やチェック工数が大幅に減りました。,前払費用の管理が別途必要なこと、ワークフローオプションの連携がいまいちであることです。前払費用に関しては別途管理もやむを得ない部分がありますが、ワークフローについてはオプションとしてある以上もう少し汎用性が高いと良いかと思います。システムの不具合がありましたか？システム面での汎用性が高いことから専門のものがいない場合はカスタマーサービスへの問い合わせがメインになりますが、その点についてはあまりハンズオンとは言えないのでマニュアルを読み込むなどの負担があります。（費用感からやむを得ないと思いつつも、活かしきれない気持ちもあり）,経理の工数削減、内部統制の強化など。経費工数削減については上に書いた通りです。申請者の申請から支払い、計上まで一貫して行われる必要があることから、正確性については意識を高くする必要があり、その分内部統制強化につながりました。以前利用していた製品の解約理由自由度が高すぎ、社内での内部統制に工数がかかっていた,迷ったらこれに限ります。
595,2022/11/26,分かり易く直感的なGUI画面で、PCに慣れていない高齢スタッフでも、簡単に操作できるようになりました（周りのスタッフのサポート稼働が軽減されました）,アクセスが集中すると、GUI画面が重くなり、画面が強制終了してしまうケースがあり、投入データの再登録が必要なケースがあるため、改善してほしい。,申請がシステム化されたことによって、交通費精算の申請が効率的になったこと。結果として稼働削減につながったこと。この口コミを詳しく見る,直感的なGUI画面で、PCに慣れていない高齢スタッフでも、簡単に操作できるようになりました（周りのスタッフのサポート稼働が軽減されました）楽楽精算の改善してほしい点アクセスが集中すると、GUI画面が重くなり、画面が強制終了してしまうケースがあり、投入データの再登録が必要なケースがあるため、改善してほしい。楽楽精算導入で得られた効果・メリット申請がシステム化されたことによって、交通費精算の申請が効率的になったこと。結果として稼働削減につながったこと。
596,2022/11/23,経費精算の状況がわかること。データを参考にできること。経費申請者自らがどの経費を申請したかどうかわかること,わからないことがあり電話連絡をしたが、人によって対応の差が激しいこと。非常に丁寧に教えてくれる人もいれば、それはわからないですねと対応してくれない人もいた。システムの不具合がありましたか？Suica読み込みの不具合,経費申請時に必要としていた書類提出の削減や、外出先でスマホで対応できることから営業部の負担の軽減につながった。経理として多少の調整は必要ではあるが、データを落として会計システムに入れることで業務改善につながったこの口コミを詳しく見る,状況がわかること。データを参考にできること。経費申請者自らがどの経費を申請したかどうかわかること楽楽精算の改善してほしい点わからないことがあり電話連絡をしたが、人によって対応の差が激しいこと。非常に丁寧に教えてくれる人もいれば、それはわからないですねと対応してくれない人もいた。システムの不具合がありましたか？Suica読み込みの不具合楽楽精算導入で得られた効果・メリット経費申請時に必要としていた書類提出の削減や、外出先でスマホで対応できることから営業部の負担の軽減につながった。経理として多少の調整は必要ではあるが、データを落として会計システムに入れることで業務改善につながった
597,2022/11/22,経費精算をする際、領収書を提出し、やりとりをするのではなく。データ化しとても効率化とともに紙の無駄などを無くすことができたサービス。,改善して欲しい点と言えばデータの読み取りの際に少し難があるくらいでしょうか。しかしほとんどストレスなく読み取ってくれるため、たまにです。,すぐに経費精算をしたい際、いつでもできる。そして簡易的にデータで送ることも出来るので、簡潔に行いたい時は便利です。,とてもストレスフリーに使えます！
598,2022/11/21,主に交通費精算で使用しています。乗換案内などの機能が付属しているので、自分で調べずとも電車の交通費を瞬時に反映してくれるのがとてもありがたいです。,領収書や新幹線切符などは原本で送付しなければいけないため、結局ペーパーレスにならない。写真のアップロードなどそういった機能があればペーパレスになるのかなと感じる。,在宅勤務をしているのと、上司が遠方にいるので直接の申請をしなくていいこと。自動で承認になっているところがありがたい。この口コミを詳しく見る,精算で使用しています。乗換案内などの機能が付属しているので、自分で調べずとも電車の交通費を瞬時に反映してくれるのがとてもありがたいです。楽楽精算の改善してほしい点領収書や新幹線切符などは原本で送付しなければいけないため、結局ペーパーレスにならない。写真のアップロードなどそういった機能があればペーパレスになるのかなと感じる。楽楽精算導入で得られた効果・メリット在宅勤務をしているのと、上司が遠方にいるので直接の申請をしなくていいこと。自動で承認になっているところがありがたい。
599,2022/11/20,今までは従業員が提出した領収書や申請書内容を手で入力していたため、時間がかかっていた。ソフト導入後は、カメラを使った自動データ取り込みや、自動仕訳機能によって可能な限り入力作業を減らすことができた。,「OCR機能」が上手く取り込めないことがあり、精算内容を手入力で行う方が早く取り込めたといった場面がある。,今まではExcelで経費精算を行っており、計算ミスや精算まで時間がかかるなど問題が多かったです。導入後はソフトで精算内容を取り込むことができ、月初2営業日には経費精算が完了、月次決算の早期化を実現することができました。この口コミを詳しく見る,業員が提出した領収書や申請書内容を手で入力していたため、時間がかかっていた。ソフト導入後は、カメラを使った自動データ取り込みや、自動仕訳機能によって可能な限り入力作業を減らすことができた。楽楽精算の改善してほしい点「OCR機能」が上手く取り込めないことがあり、精算内容を手入力で行う方が早く取り込めたといった場面がある。楽楽精算導入で得られた効果・メリット今まではExcelで経費精算を行っており、計算ミスや精算まで時間がかかるなど問題が多かったです。導入後はソフトで精算内容を取り込むことができ、月初2営業日には経費精算が完了、月次決算の早期化を実現することができました。
600,2022/11/20,紙で申請して精算していた、承認から支払いまで時間のかかっていた中身が短くなり便利になりました。申請と支払い履歴も残るので申請忘れの心配も減りました。,申請後のPDFデータはどこかに保存する必要がありますが、クラウド保存かつ印刷できると便利だと思います。一時申請後承認前に金額違いなどの訂正機能もあると良いです。,紙が廃止されました。申請履歴が見られるので申請忘れの防止に寄与しています。支払いの履歴もメールと記録で確認できるのも助かっています。,紙での申請のしくみにはもう戻れません
601,2022/11/19,とにかく覚えやすいです。2年ほど前に会社で導入しましたが、導入前は新しいシステムに対して、覚えるのが大変等の声があがっていましたが、実際に使用してみると、非常に簡単に覚えられます。また、領収書がデート内で添付できるので、リモートワークでも承認が楽です。,現時点の使用状況で不満は特にありませんが、申請に対して承認する側が、申請者事にソート管理できると、より使いやすいかもしれません。というのも、部下が多いため、申請内容に誤りがあるとそれを探しに行くのが少し面倒なので。,リモートワークが多くなっているため、以前のシステムだと領収書を出社時にしか確認できませんでしたが、楽楽精算は領収書を添付できるので、いつでも確認できることがメリットです。以前利用していた製品の解約理由コストとアップデートの難易度が高いためこの口コミを詳しく見る,えやすいです。2年ほど前に会社で導入しましたが、導入前は新しいシステムに対して、覚えるのが大変等の声があがっていましたが、実際に使用してみると、非常に簡単に覚えられます。また、領収書がデート内で添付できるので、リモートワークでも承認が楽です。楽楽精算の改善してほしい点現時点の使用状況で不満は特にありませんが、申請に対して承認する側が、申請者事にソート管理できると、より使いやすいかもしれません。というのも、部下が多いため、申請内容に誤りがあるとそれを探しに行くのが少し面倒なので。楽楽精算導入で得られた効果・メリットリモートワークが多くなっているため、以前のシステムだと領収書を出社時にしか確認できませんでしたが、楽楽精算は領収書を添付できるので、いつでも確認できることがメリットです。以前利用していた製品の解約理由コストとアップデートの難易度が高いため
602,2022/11/17,駅名、バス停名から運賃を自動で計算してくれる点、勘定科目が固定で個別指定できるため経理側でも確認が少なく済み、安定した処理が可能な点。,申請業務自体は定例のものになるので、申請理由等をテンプレートから選べると時短につながるので便利だと感じる。,実際の外出時の交通機関の経路を忘れてしまった場合でも、定期券区間も考慮した運賃を計算できるため、交通費精算時の運賃を調べる業務が大幅に減った。この口コミを詳しく見る,停名から運賃を自動で計算してくれる点、勘定科目が固定で個別指定できるため経理側でも確認が少なく済み、安定した処理が可能な点。楽楽精算の改善してほしい点申請業務自体は定例のものになるので、申請理由等をテンプレートから選べると時短につながるので便利だと感じる。楽楽精算導入で得られた効果・メリット実際の外出時の交通機関の経路を忘れてしまった場合でも、定期券区間も考慮した運賃を計算できるため、交通費精算時の運賃を調べる業務が大幅に減った。
603,2022/11/17,電車、新幹線、タクシーなどの営業で利用する交通費申請が携帯一つでその場でできる点がとても良いと思います。,やり方が悪かったかもしれないが、交通費申請をするときに直接駅名などを入れてしまうとエラーが出てしまうことがあったので直してほしいと思います。,これまではパソコンからしか営業交通費の申請ができなかったため、一度会社に帰社する必要がありましたが、こちらのシステムを導入したことで営業後、携帯から申請できるようになり、そのまま自宅に直帰できるようになりました。この口コミを詳しく見る,線、タクシーなどの営業で利用する交通費申請が携帯一つでその場でできる点がとても良いと思います。楽楽精算の改善してほしい点やり方が悪かったかもしれないが、交通費申請をするときに直接駅名などを入れてしまうとエラーが出てしまうことがあったので直してほしいと思います。楽楽精算導入で得られた効果・メリットこれまではパソコンからしか営業交通費の申請ができなかったため、一度会社に帰社する必要がありましたが、こちらのシステムを導入したことで営業後、携帯から申請できるようになり、そのまま自宅に直帰できるようになりました。
604,2022/11/17,誰でも簡単に使うことができます。領収書の写真をとると自動で情報を読み込んでくれるところや、承認者を自分で設定しなくて良いところがとても便利です。,消費税の税率などで自動で読み込んだ情報が間違っていた場合に気づきにくいところがあります。初期設定が大変です。,社用の携帯からも写真を撮るだけで簡単に登録することができるので、時間を短縮することができます。またリモート勤務をしている人も簡単に経費精算でき、いろいろな働き方に対応できると思います。この口コミを詳しく見る,に使うことができます。領収書の写真をとると自動で情報を読み込んでくれるところや、承認者を自分で設定しなくて良いところがとても便利です。楽楽精算の改善してほしい点消費税の税率などで自動で読み込んだ情報が間違っていた場合に気づきにくいところがあります。初期設定が大変です。楽楽精算導入で得られた効果・メリット社用の携帯からも写真を撮るだけで簡単に登録することができるので、時間を短縮することができます。またリモート勤務をしている人も簡単に経費精算でき、いろいろな働き方に対応できると思います。
605,2022/11/16,領収書を取り込んだ時に自動で金額などを読み取ってくれる。過去の領収書一覧が見れるので、わからなくなった時に参照しやすい。,領収書の取引日など、何を指すのか分かりにくい。差し戻しになった際、領収書情報の修正がややこしくて大変。システムの不具合がありましたか？マニュアルが会社独自になるので、利用者は、見ても解決できないことも多い。領収書の訂正の仕方など、会社にかかわらず共通する操作はマニュアルをつけてほしい。,経理担当の元に向かう必要がないのはとても楽です。領収書も、PDFデータが原本であれば提出不要なので、どこに居ても精算可能なのは便利です。,紙のやりとりよりは確実に使いやすいです。
606,2022/11/16,ICカードの取込機能を使うことで、交通費の精算がとても楽になっています。移動が多いため、これまで区間の申請等苦労していました。,会社から貸与されたスイカで精算していますが、今後モバイルスイカにも対応して頂ければ切替たいと思っています。,これまで経費精算を月末にまとめて行っていましたが、相当な時間を使っていました。その時間を半分以下に減らすことが出来ています。この口コミを詳しく見る,の取込機能を使うことで、交通費の精算がとても楽になっています。移動が多いため、これまで区間の申請等苦労していました。楽楽精算の改善してほしい点会社から貸与されたスイカで精算していますが、今後モバイルスイカにも対応して頂ければ切替たいと思っています。楽楽精算導入で得られた効果・メリットこれまで経費精算を月末にまとめて行っていましたが、相当な時間を使っていました。その時間を半分以下に減らすことが出来ています。
607,2022/11/15,特別にシステムを会社のパソコンにダウンロードしたりする必要がなく、楽楽精算のウェブにログインするだけで利用できることです。,知らないだけかもしれないが、1週間とかまとめて申請できるようにしてほしい。領収書、レシートのコスト管理が大変。最終的に提出が必要なので、そこもデジタル化して完結してほしい。システムの不具合がありましたか？紙ベースからの切り替えがうまくいかず、例外的に紙ベースでも処理できるようにしたりしたら、以前より複雑な業務になってしまうことがあった。,データがサーバに保存されるので特定のパソコンからではなく、出先でスマホからでも経費を承認してもらうことができた。,精算業務の手間と時間の削減、経費精算に関わるコスト削減、サポートも万全
608,2022/11/15,アプリで月々の経費精算ができます。今まで手入力していた領収書の内容も、スキャンすることで簡単に登録ができ、上長の押印などもシステム上で完結するためとても便利です。,PC版を使っていると、ボタンが小さいように感じる。アプリで使う分には特に気にならないが、良く押すボタンは大きくしてもらえるとさらに使用しやすいと思う。システムの不具合がありましたか？とくになし,経費精算は手間がかかるもので、領収証を月末まで溜めて後からまとめて清算していたが、アプリから簡単にできるようになりこまめに清算するようになったことで、処理をする経理部の負担も軽減された。,営業など外出が多い方でもアプリで出先で手続きできるのでとても便利です
609,2022/11/14,今まで、社員個人の請求処理を紙ベースと自社PCツールにて管理していたが、楽楽精算だけのペーパーレス処理ができるようになった,導入した直後は、明細書等をどこに登録していいか分からないため、請求一例的な手順書をトップページに入れてほしいですねシステムの不具合がありましたか？操作ミスによる、出金のトラブル等は若干ありました。添付した明細書が違ったりとか,導入以前、社員は紙ベースを出力しレシートを添付し上司のサインをもらい、経理課に提出という流れで手間が非常に掛ったが、PCでの処理だけで対応できるので、時間管理の課題が解決できた,初めは戸惑いますが、慣れれば早いです経理の負担は間違いなく軽減されます
610,2022/11/13,以前は社内の独自のシステムでエクセル提出も必要な経費精算をやっていた。この製品を導入されてから、操作に慣れるまで時間がかかると思ったが、直感的に操作ができ、すぐに慣れることができた。今までのシステムでは、申請の承認が止まっていてもどこで止まっているかわからず、経費の精算が遅くなることが多かった。このシステムでは、申請がどこまで進んでいるのか可視化されており、承認が止まっている場合もどこで止まっているかがわかるので、承認されるまでのスピードがアップした。また、今までは手当や日当の計算が移動距離や役職よって異なるため、毎々手間がかかっていた。このシステムでは距離に応じた手当や役職に応じた日当計算されるようになったので、申請が容易になった。,精算に関連する領収書を添付する際、ダイアログボックスからファイルをアップロードしなけらばならないため、領収書のファイルを探し、添付に時間がかかる。ドラッグ＆ドロップで領収書をアップロードできるようになれば、かなり効率的になるのに残念です。スマホにアプリを入れていれば精算は楽になるかもしれないが、会社のセキュリティ上、会社のパソコンでしか使用ができない。大前提としてパソコンから楽に精算できる仕様にしてほしい。,以前のシステムでは経費精算はパソコンでしかできなかったため、社内的な経費申請期限前は夜遅くなっても帰社して申請する必要があった。楽楽精算はクラウドサービスのため、スマホさえあれば、移動時間や空き時間に申請ができるため、経費精算のため遅くまで会社に残ることがなくなった。この口コミを詳しく見る,の独自のシステムでエクセル提出も必要な経費精算をやっていた。この製品を導入されてから、操作に慣れるまで時間がかかると思ったが、直感的に操作ができ、すぐに慣れることができた。今までのシステムでは、申請の承認が止まっていてもどこで止まっているかわからず、経費の精算が遅くなることが多かった。このシステムでは、申請がどこまで進んでいるのか可視化されており、承認が止まっている場合もどこで止まっているかがわかるので、承認されるまでのスピードがアップした。また、今までは手当や日当の計算が移動距離や役職よって異なるため、毎々手間がかかっていた。このシステムでは距離に応じた手当や役職に応じた日当計算されるようになったので、申請が容易になった。楽楽精算の改善してほしい点精算に関連する領収書を添付する際、ダイアログボックスからファイルをアップロードしなけらばならないため、領収書のファイルを探し、添付に時間がかかる。ドラッグ＆ドロップで領収書をアップロードできるようになれば、かなり効率的になるのに残念です。スマホにアプリを入れていれば精算は楽になるかもしれないが、会社のセキュリティ上、会社のパソコンでしか使用ができない。大前提としてパソコンから楽に精算できる仕様にしてほしい。楽楽精算導入で得られた効果・メリット以前のシステムでは経費精算はパソコンでしかできなかったため、社内的な経費申請期限前は夜遅くなっても帰社して申請する必要があった。楽楽精算はクラウドサービスのため、スマホさえあれば、移動時間や空き時間に申請ができるため、経費精算のため遅くまで会社に残ることがなくなった。
611,2022/11/10,他の同様商品を使用したことがないので比較は出来ないのですが、以前は紙での運用だったのがシステム運用になったので、精算申請が楽になりました。交通費などもいちいち路線検索のサイトに繋がなくてもこのシステム上から検索、そのまま反映ができるので楽です。,パソコンの方はそれほど感じないですが、スマホの方は若干使いづらい印象があります。精算申請の入力をし始めてから、領収書登録を事前にしてなかったことに気付くことがよくあるので、精算申請画面からそのまま領収書登録の画面にアクセスできて、そのまま入力が続けられるといいのにな、と思います。,以前は出張時の精算は会社に戻ってからパソコンでデータ入力してプリントして、上司に印鑑をもらって…という流れでしたが、システム導入後はスマホだけで申請が簡潔できるので、出張の帰り道の新幹線で申請が完了し、後は上長や担当者がシステム上で確認してくれるのを待っているだけなので、とても楽です！経費精算申請にかかる時間が削減されました。経理部の人間ではないので分かりませんが、おそらく経理部側もかなり楽になっていると思います。この口コミを詳しく見る,品を使用したことがないので比較は出来ないのですが、以前は紙での運用だったのがシステム運用になったので、精算申請が楽になりました。交通費などもいちいち路線検索のサイトに繋がなくてもこのシステム上から検索、そのまま反映ができるので楽です。楽楽精算の改善してほしい点パソコンの方はそれほど感じないですが、スマホの方は若干使いづらい印象があります。精算申請の入力をし始めてから、領収書登録を事前にしてなかったことに気付くことがよくあるので、精算申請画面からそのまま領収書登録の画面にアクセスできて、そのまま入力が続けられるといいのにな、と思います。楽楽精算導入で得られた効果・メリット以前は出張時の精算は会社に戻ってからパソコンでデータ入力してプリントして、上司に印鑑をもらって…という流れでしたが、システム導入後はスマホだけで申請が簡潔できるので、出張の帰り道の新幹線で申請が完了し、後は上長や担当者がシステム上で確認してくれるのを待っているだけなので、とても楽です！経費精算申請にかかる時間が削減されました。経理部の人間ではないので分かりませんが、おそらく経理部側もかなり楽になっていると思います。
612,2022/11/10,PCでもスマホでも登録できる便利さ。領収書も写真撮影可能なのが良いです。また前回の申請内容をコピーして使えるため、入力ミスが減りました。,前回申請をコピーして利用したときに、明細を編集すると上書き保存されず、古い明細も残ってしまうのが少し見辛いです。システムの不具合がありましたか？特にありません。,出社せずとも精算が出来ること、上司の帰社を待って押印をもらう必要もなくなり、出先から承認可能。これによって締め日に間に合わないなどの問題が減りました。,スマホからの登録がとても便利です！
613,2022/11/10,今までは紙のレシートなどを一点一点確認しながら別紙に貼り付け経理担当に提出していたが、ケータイアプリ活用によって全てデジタルで管理ができ、依頼もスムーズに行えるようになった。,クレカの反映が即日行えると月末の処理が月内で完結し、もっとスムーズに業務を行えるのにと思ったことが何回かございました。,対象人数が増えれば増えるほど工数削減時間にメリットが出るかと思いました。写真として収めておけば自動で読み取ってくれたりする点が良いかと思います。,従業員数50以上くらいの企業に
614,2022/11/08,楽楽精算の良い点はとにかく簡単に交通費や駐車場代の申請ができることです。コインパーキングのレシートを写真で撮るだけで利用日などの情報を自動で記入してくれるところが便利に思います。,レシートを写真で読ませた時の画像解析精度をもっと改善してもらいたいです。角度や明るさによってはうまく読み取ることができないので、もう少し改善してもらいたいです。システムの不具合がありましたか？レシートを写真で読ませた時の画像解析がうまくいかないことがあった。,スマホから駐車場代や交通費の申請ができるので、事務所での処理がなくなって勤務時間の短縮になった。私の会社では楽楽精算を導入したことによって直行直帰が可能になりました。,直行直帰には最適です。
615,2022/11/06,まだ交通費の精算しか使っていないが　画面が見やすく　操作も分かりやすかった。申請から承認までが簡潔なのも良い。,まだ使い始めで今のところ特に改善して欲しいところは見つかっていないが　まだまだ使っていない機能があるので今後は出てくるかも。システムの不具合がありましたか？特にありません。,手書きの書類提出が無くなったため　紙や配送料も削減でき　自分のスマホ画面で管理するため　いつでも確認できるのが良い。この口コミを詳しく見る,の精算しか使っていないが　画面が見やすく　操作も分かりやすかった。申請から承認までが簡潔なのも良い。楽楽精算の改善してほしい点まだ使い始めで今のところ特に改善して欲しいところは見つかっていないが　まだまだ使っていない機能があるので今後は出てくるかも。システムの不具合がありましたか？特にありません。楽楽精算導入で得られた効果・メリット手書きの書類提出が無くなったため　紙や配送料も削減でき　自分のスマホ画面で管理するため　いつでも確認できるのが良い。
616,2022/11/06,精算の申請をする側の意見です。それまで既存のエクセルファイルに、いちいちレシートの金額を入力して、添付してハンコを貰って、経理に郵送してと、、、手間ばかりかかっていましたが、それら全てから解放されて、経費申請が簡素化されて時間を有効活用出来てます。,実装されると嬉しい機能ですが、レシートや領収書の写真を撮っただけで、金額、支払い先等の情報が自動的に入力されるようになると良いなと感じています。システムの不具合がありましたか？特にありません。,このシステムを利用する事で、金額の計算間違いが無くなります。また、紙に印刷して郵送してといった申請にかかるタイムラグが無くなり、便利です。,とにかく簡単で誰でも使い易いです。
617,2022/11/06,交通費などの少額の経費精算から、施策などで使った支払いの申請まで楽楽精算で完結できとても便利です。シンプルで分かりやすいUIなので、入力の煩わしさも感じません。誰でもすぐに使いこなせるものだと思います。,一回一回別ウィンドウで開くのは不便に感じます。特にノートパソコン一台で作業する際は、複数ウィンドウで開いてしまうため操作がしにくいです。これは希望ですが、定期的に発生する支払いに関してはリマインド機能とかがあると良さそうだなとも思いました。,オンライン上で申請が完結するので大きな時短になっています。私は申請する側ですが、承認者の負担も軽減されたと聞いています。また、過去のものや現在の申請状況を一覧で見ることができ、タスク漏れ防止にも繋がっています。この口コミを詳しく見る,の少額の経費精算から、施策などで使った支払いの申請まで楽楽精算で完結できとても便利です。シンプルで分かりやすいUIなので、入力の煩わしさも感じません。誰でもすぐに使いこなせるものだと思います。楽楽精算の改善してほしい点一回一回別ウィンドウで開くのは不便に感じます。特にノートパソコン一台で作業する際は、複数ウィンドウで開いてしまうため操作がしにくいです。これは希望ですが、定期的に発生する支払いに関してはリマインド機能とかがあると良さそうだなとも思いました。楽楽精算導入で得られた効果・メリットオンライン上で申請が完結するので大きな時短になっています。私は申請する側ですが、承認者の負担も軽減されたと聞いています。また、過去のものや現在の申請状況を一覧で見ることができ、タスク漏れ防止にも繋がっています。
618,2022/11/04,当初、ログイン後の画面がわかりにくいと思っていたが、使っていくと慣れてくる。シンプルな画面構成になっており、承認が必要な案件がわかりやすくなっている。,デフォルトだと、すべての申請が自分にメールで通知が届くので、自分の部下からのみ通知が来るように制限したが、設定方法がわかりにくい。,メールで通知が来る際も、誰から誰へどの種類の精算申請がきたかがわかって便利。外出時は外からパソコンで操作できて、わざわざ会社に戻る必要がなくなった。以前利用していた製品の解約理由サービス提供が終了しサポートがなくなったから,導入コストは安い方だと思う
619,2022/11/04,最終経理に領収書を送らないといけないが、先に楽楽精算を使って申請することによって、経理からの振込みが早いです。,選択項目がもっと増えたら良いなと思いました。来客用のお茶代を申請しようときたところ、該当する項目がなく困りました。,上司への承認や経理への申請がかなりスムーズで、申請してから翌日には承認が通りました。書類で申請していた時より時間短縮になったので、業務の効率化に最適だと思いました。また申請時に印刷するをクリックすると印刷画面が出てくる点も良いと思いました。この口コミを詳しく見る,領収書を送らないといけないが、先に楽楽精算を使って申請することによって、経理からの振込みが早いです。楽楽精算の改善してほしい点選択項目がもっと増えたら良いなと思いました。来客用のお茶代を申請しようときたところ、該当する項目がなく困りました。楽楽精算導入で得られた効果・メリット上司への承認や経理への申請がかなりスムーズで、申請してから翌日には承認が通りました。書類で申請していた時より時間短縮になったので、業務の効率化に最適だと思いました。また申請時に印刷するをクリックすると印刷画面が出てくる点も良いと思いました。
620,2022/11/03,主に交通費申請として利用していますが、機能が絞ってあるため、手順が簡潔で、初めて触る人でも容易に手続きを進められる点はいいと思います。,部署を兼務していた際、部署情報を切り替えができず、そのやり方も特にヘルプ機能がなかったため、対応できず、不便な思いをしました。,コロナ禍によるテレワークにより定期券の購入がなくなり、毎月の交通費を個別に申請する必要が出てきたのですが、普段使うルートを「お気に入り」として登録すれば以後、お気に入りボタンを押すだけで、そのルートが申請できるようになったのは楽チンかつミスがなくなるので助かりました。この口コミを詳しく見る,申請として利用していますが、機能が絞ってあるため、手順が簡潔で、初めて触る人でも容易に手続きを進められる点はいいと思います。楽楽精算の改善してほしい点部署を兼務していた際、部署情報を切り替えができず、そのやり方も特にヘルプ機能がなかったため、対応できず、不便な思いをしました。楽楽精算導入で得られた効果・メリットコロナ禍によるテレワークにより定期券の購入がなくなり、毎月の交通費を個別に申請する必要が出てきたのですが、普段使うルートを「お気に入り」として登録すれば以後、お気に入りボタンを押すだけで、そのルートが申請できるようになったのは楽チンかつミスがなくなるので助かりました。
621,2022/11/02,出張や日常の交通費の申請をすることが多いのですが、このツールがあれば他のサイトに飛んで検索する手間も省くことができ、様々なルートを提示してくれる点。経費精算においても、項目設定から簡単に処理ができる点はとても良い,今のままでも十分ですが、あえていうなら、前に入力した内容がある特定の言葉でリストで表示されたりすると更に楽と感じるシステムの不具合がありましたか？特に感じる点はないです！,日常の業務に追われる中でついつい後回しにしがちな経費精算、月締めで焦ってやるようなことが減ると思います。今までは経理にかなり負担をしいていたなと反省します,手軽かつ煩わしさも解消してくれる点は申請者も処理者にとってもWinWin
622,2022/10/30,コロナ禍を機にリモートワークが推奨されるようになったのですが、経費精算だけは本社経理部に直接赴かなければならず、そのためだけに出社が必要という環境でした。このシステムを導入してからはウェブ上で経費明細の作成や上長への承認申請が出来るため、わざわざ本社に赴く必要がなくなり、リモートで全てが完結するようになりました。,レシートを写真に撮影して添付することが出来るのですが、その時にレシートの内容を読み取って購入品目や金額、税率などを自動入力してくれるようになったら明細作成の工数が減って時間短縮になると思います。,交通費の精算は専用のフォームがあるのですが、乗換案内と連携しているため出発駅と到着駅を選択するだけでルートや金額を算出してくれるのがとても便利です。また個人ごとに通勤定期のデータを設定することができ、定期範囲内の交通費は自動で控除されます。これまでは手計算でやっていたので、交通費精算の手間を減らすことが出来ています。この口コミを詳しく見る,機にリモートワークが推奨されるようになったのですが、経費精算だけは本社経理部に直接赴かなければならず、そのためだけに出社が必要という環境でした。このシステムを導入してからはウェブ上で経費明細の作成や上長への承認申請が出来るため、わざわざ本社に赴く必要がなくなり、リモートで全てが完結するようになりました。楽楽精算の改善してほしい点レシートを写真に撮影して添付することが出来るのですが、その時にレシートの内容を読み取って購入品目や金額、税率などを自動入力してくれるようになったら明細作成の工数が減って時間短縮になると思います。楽楽精算導入で得られた効果・メリット交通費の精算は専用のフォームがあるのですが、乗換案内と連携しているため出発駅と到着駅を選択するだけでルートや金額を算出してくれるのがとても便利です。また個人ごとに通勤定期のデータを設定することができ、定期範囲内の交通費は自動で控除されます。これまでは手計算でやっていたので、交通費精算の手間を減らすことが出来ています。
623,2022/10/29,領収書などをデータで添付することもでき、承認者側の領収書管理が楽になった。また、その場で現金を用意する必要もなくなり大きな業務効率化につながった。,一度差し戻しと承認を間違えて押してしまい、不備があるものを承認してしまった。取り消しができないため、承認ボタンを押した後に、もう一度確認ボタンを表示してもらえると嬉しい。,各人の指定口座に直接経費が振り込まれるため、会社として現金を持っておく必要がなくなりセキュリティ面も向上した。金庫に入れておく現金が減り、管理が楽になった。この口コミを詳しく見る,をデータで添付することもでき、承認者側の領収書管理が楽になった。また、その場で現金を用意する必要もなくなり大きな業務効率化につながった。楽楽精算の改善してほしい点一度差し戻しと承認を間違えて押してしまい、不備があるものを承認してしまった。取り消しができないため、承認ボタンを押した後に、もう一度確認ボタンを表示してもらえると嬉しい。楽楽精算導入で得られた効果・メリット各人の指定口座に直接経費が振り込まれるため、会社として現金を持っておく必要がなくなりセキュリティ面も向上した。金庫に入れておく現金が減り、管理が楽になった。
624,2022/10/29,UIがシンプルで使いやすいです。月1回申請するかしないかくらいの頻度ですが、毎度マニュアルを見なくても迷わず申請できているので助かります。,領収書の添付をするときにクリック数が多く感じます。別のアップロード画面からアップロード→選択させるのではなく直接アップロードできるようになったらもっと使いやすくなると思います。,導入前までは紙申請でハンコでの押印が必要だったため、在宅勤務できる環境でもそのための出社が必要な状況でした。楽楽精算導入後は精算のための出社が必要なくなったのでありがたいです。この口コミを詳しく見る,プルで使いやすいです。月1回申請するかしないかくらいの頻度ですが、毎度マニュアルを見なくても迷わず申請できているので助かります。楽楽精算の改善してほしい点領収書の添付をするときにクリック数が多く感じます。別のアップロード画面からアップロード→選択させるのではなく直接アップロードできるようになったらもっと使いやすくなると思います。楽楽精算導入で得られた効果・メリット導入前までは紙申請でハンコでの押印が必要だったため、在宅勤務できる環境でもそのための出社が必要な状況でした。楽楽精算導入後は精算のための出社が必要なくなったのでありがたいです。
625,2022/10/28,アプリで領収書を写真撮るだけで簡単に精算ができ、無駄なレポートや筆記がいらず、簡単にすぐにできます！,全て読み取りができてまとめて投稿する機能がほしい！又、もう少し自動反映をバージョンアップしてほしい。,今まで、領収書の内容を紙に書いて、経理にまわして、確認して、いろんな部署にまわしてをしてた事が、決まった部署にすぐ周り確認ができるし、簡単に経費処理ができる！この口コミを詳しく見る,収書を写真撮るだけで簡単に精算ができ、無駄なレポートや筆記がいらず、簡単にすぐにできます！楽楽精算の改善してほしい点全て読み取りができてまとめて投稿する機能がほしい！又、もう少し自動反映をバージョンアップしてほしい。楽楽精算導入で得られた効果・メリット今まで、領収書の内容を紙に書いて、経理にまわして、確認して、いろんな部署にまわしてをしてた事が、決まった部署にすぐ周り確認ができるし、簡単に経費処理ができる！
626,2022/10/25,非常にシンプルで使いやすい。画面がシンプルな分何も気にせず淡々と経費精算を行えるので、ストレスが少ないのが助かっている。,画面がシンプルだが、古臭い昔のサイト画面ぽくもあるため、オシャレになるとよりユーザーが増えるかもしれない。,交通費の精算に関して、入力内容を保存できるため、只々保存することで月末にまとめて申請する手間が省けている。,シンプルイズベスト！
627,2022/10/24,経費精算など全てオンラインで行う事が出来るので、印刷などが必要ない。後から何に幾ら使ったか記録として残っているので把握しやすい。,経費精算する際に領収書を別で登録してからでないと使えないので改善して欲しい。利用目的項目が多すぎてどこに分類すればいいか分からない。システムの不具合がありましたか？承認者を多く必要としており、お金の振込までに1ヶ月以上かかる場合がある。,これまでは領収書を本部に送って経費精算を行っていた為、その場で出来ないので忘れたまま月を跨いでしまう事があった。それが携帯で出来るようになった為、忘れずにその場で出来るようになった。この口コミを詳しく見る,ど全てオンラインで行う事が出来るので、印刷などが必要ない。後から何に幾ら使ったか記録として残っているので把握しやすい。楽楽精算の改善してほしい点経費精算する際に領収書を別で登録してからでないと使えないので改善して欲しい。利用目的項目が多すぎてどこに分類すればいいか分からない。システムの不具合がありましたか？承認者を多く必要としており、お金の振込までに1ヶ月以上かかる場合がある。楽楽精算導入で得られた効果・メリットこれまでは領収書を本部に送って経費精算を行っていた為、その場で出来ないので忘れたまま月を跨いでしまう事があった。それが携帯で出来るようになった為、忘れずにその場で出来るようになった。
628,2022/10/23,交通費精算において、乗換にも柔軟に対応しており、レシート読み込みなども便利。ワークフローの機能もあり、社内での申請が簡単にできる。,インターフェースについては微妙な印象をうけました。自動読み込み後も修正が必要になってくることが多く、手間に感じることがありました。,申請から承認までが一元管理できるため、無駄な工数が削減された。操作性も難易度が低く、新規利用者へのレクチャーもほぼ不要で利用できるようになった。,紙管理のままであれば、かなりオススメです。
629,2022/10/23,交通費の申請はよく行く所をマイパターンで登録できる点が非常に使い勝手がいいです。領収書も写真を撮れば相手先も自動入力してくれるので、IT音痴の方でも使いやすいと思います。,写真の読み取り精度をもう少し上げて欲しいです。交通費の乗り換え設定がバス等が絡むと少々ややこしくなる点を改善して欲しいです。システムの不具合がありましたか？トラブルは今のところありませんが前述の通り領収書の写真の読み取り精度が少々悪いです。,経理や総務の負担が減るので将来的な人件費の削減に繋がると思います。精算で利用する方も書類を書いたりファイリングする必要が無いので助かります。,とにかく名前の通り業務が楽になります！
630,2022/10/22,出張申請の際、乗換案内の経路検索を使うと、そのまま料金が入力される！申請と精算の際に経路が変わった場合などは、変更点がわかりやすく赤字等で表示されるので見やすい。,出張精算を忘れている時、アプリから通知が届く設定などがあると精算を忘れず良いと思う。特に、年度を跨ぐ前には通知がくるような機能があれば良いと思う。,出張の精算とともに、コメントを記入できるので、復命書を書く手間が省けた。スマホでも完結できるので、移動時間で申請が済むようになった。この口コミを詳しく見る,際、乗換案内の経路検索を使うと、そのまま料金が入力される！申請と精算の際に経路が変わった場合などは、変更点がわかりやすく赤字等で表示されるので見やすい。楽楽精算の改善してほしい点出張精算を忘れている時、アプリから通知が届く設定などがあると精算を忘れず良いと思う。特に、年度を跨ぐ前には通知がくるような機能があれば良いと思う。楽楽精算導入で得られた効果・メリット出張の精算とともに、コメントを記入できるので、復命書を書く手間が省けた。スマホでも完結できるので、移動時間で申請が済むようになった。
631,2022/10/22,今までは紙の伝票を見て経理担当者が会計ソフトに手打ちしていたのですが、楽楽清算を導入してから、担当者が入力したものをそのまま会計ソフトに連携できるようになったので、業務が簡素化されました。,慣れるまでは経費の申請の方法がややこしいため、各担当者が慣れるまで少し混乱がありました。また、最初の設定にも時間がかかりました。しかし、導入してから1ヶ月ほどで慣れてきたので混乱も無くなりました。,レシートをスキャンして、そのレシートの金額や取引先をそのまま反映させるので打ち間違いが無くなりました。それによって、経理担当者は、申請者の申請内容の精査だけに集中できるようになりました。この口コミを詳しく見る,の伝票を見て経理担当者が会計ソフトに手打ちしていたのですが、楽楽清算を導入してから、担当者が入力したものをそのまま会計ソフトに連携できるようになったので、業務が簡素化されました。楽楽精算の改善してほしい点慣れるまでは経費の申請の方法がややこしいため、各担当者が慣れるまで少し混乱がありました。また、最初の設定にも時間がかかりました。しかし、導入してから1ヶ月ほどで慣れてきたので混乱も無くなりました。楽楽精算導入で得られた効果・メリットレシートをスキャンして、そのレシートの金額や取引先をそのまま反映させるので打ち間違いが無くなりました。それによって、経理担当者は、申請者の申請内容の精査だけに集中できるようになりました。
632,2022/10/21,Suicaの情報を読み取って自動で入力してくれるので、会社の移動用のSuicaを作成しておくことで毎月の交通費精算がとても楽になります！！,クレジットカード精算の処理をする際の請求書データの取り込みが少し手間に感じてます。クレジットカード精算の処理画面から地続きで行えるようにしていただけるととてもありがたいです。,以前の精算システムとは違い、摘要に応じた承認者、決裁者を自動設定してくれますし、紙での押印処理等の手間もスキップできるようになったため、1つ1つの経費精算の手間が本当に減りました。この口コミを詳しく見る,の情報を読み取って自動で入力してくれるので、会社の移動用のSuicaを作成しておくことで毎月の交通費精算がとても楽になります！！楽楽精算の改善してほしい点クレジットカード精算の処理をする際の請求書データの取り込みが少し手間に感じてます。クレジットカード精算の処理画面から地続きで行えるようにしていただけるととてもありがたいです。楽楽精算導入で得られた効果・メリット以前の精算システムとは違い、摘要に応じた承認者、決裁者を自動設定してくれますし、紙での押印処理等の手間もスキップできるようになったため、1つ1つの経費精算の手間が本当に減りました。
633,2022/10/20,申請者視点でいうと、最大の利点は特にマニュアルがなくても直感的に操作できる点です。シンプルなUIと導線設計が素晴らしいです。,出張申請の際、おすすめの宿泊先などを目的地までの距離や、安さなどからリコメンドしてくれると有り難いです。,交通費、出張、立替精算、ほぼすべての精算業務を一つのツールで行えるので便利です。操作性がよいので、誰でもミスなく申請できる点が利点で、結果上長や経理部に差し戻されることも少ないため、業務効率化にも繋がっていると思います。この口コミを詳しく見る,でいうと、最大の利点は特にマニュアルがなくても直感的に操作できる点です。シンプルなUIと導線設計が素晴らしいです。楽楽精算の改善してほしい点出張申請の際、おすすめの宿泊先などを目的地までの距離や、安さなどからリコメンドしてくれると有り難いです。楽楽精算導入で得られた効果・メリット交通費、出張、立替精算、ほぼすべての精算業務を一つのツールで行えるので便利です。操作性がよいので、誰でもミスなく申請できる点が利点で、結果上長や経理部に差し戻されることも少ないため、業務効率化にも繋がっていると思います。
634,2022/10/19,経費精算は経理システムをあまり使わない部署でも使用しますが、見た目がシンプルかつ分かりやすいので使いやすい。,科目を絞るときに迷う時がある。この時はこの科目など経理に知識がわからない人もわかりやすい例などがあるとさらに良い。,以前のシステムは使いにくく浸透していなかったが、楽楽精算を使用することで様々な社員に経費精算の処理が分かりやすく「使うのに抵抗がない」と言われるようになった。以前利用していた製品の解約理由以前使用していたシステムの親会社が営業不振のためこの口コミを詳しく見る,経理システムをあまり使わない部署でも使用しますが、見た目がシンプルかつ分かりやすいので使いやすい。楽楽精算の改善してほしい点科目を絞るときに迷う時がある。この時はこの科目など経理に知識がわからない人もわかりやすい例などがあるとさらに良い。楽楽精算導入で得られた効果・メリット以前のシステムは使いにくく浸透していなかったが、楽楽精算を使用することで様々な社員に経費精算の処理が分かりやすく「使うのに抵抗がない」と言われるようになった。以前利用していた製品の解約理由以前使用していたシステムの親会社が営業不振のため
635,2022/10/19,紙ベースの伝票を作成しなくてよくなった。電子決済であるため、途中で紛失する心配がなくなった。決済に掛かる時間も短い。,多機能なこともあるが、使用方法が複雑。特に領収書のスキャンデータの保存先が分かりづらい。操作が直感的に判別できるUIにしてほしい。,在宅勤務が増えたが、家にいても経費処理が出来る点はメリットである。また、スマホのアプリでも申請できるのは便利。この口コミを詳しく見る,伝票を作成しなくてよくなった。電子決済であるため、途中で紛失する心配がなくなった。決済に掛かる時間も短い。楽楽精算の改善してほしい点多機能なこともあるが、使用方法が複雑。特に領収書のスキャンデータの保存先が分かりづらい。操作が直感的に判別できるUIにしてほしい。楽楽精算導入で得られた効果・メリット在宅勤務が増えたが、家にいても経費処理が出来る点はメリットである。また、スマホのアプリでも申請できるのは便利。
636,2022/10/18,毎月末の経費、交通費精算がパソコン一つで申請出来る点。コピペ機能などもあるので、時短かつ業務効率改善に欠かせないツール。,領収書を写メで撮影・アップロードするだけで、経費精算に必要な情報がデータが入力されるような機能があれば更に時短出来ると思う。システムの不具合がありましたか？特になし。,サイズもバラバラな領収書などの経費精算を管理出来るので、外回りによる経費が多い営業と管理する経理の両者が時短、業務効率改善出来た。この口コミを詳しく見る,費、交通費精算がパソコン一つで申請出来る点。コピペ機能などもあるので、時短かつ業務効率改善に欠かせないツール。楽楽精算の改善してほしい点領収書を写メで撮影・アップロードするだけで、経費精算に必要な情報がデータが入力されるような機能があれば更に時短出来ると思う。システムの不具合がありましたか？特になし。楽楽精算導入で得られた効果・メリットサイズもバラバラな領収書などの経費精算を管理出来るので、外回りによる経費が多い営業と管理する経理の両者が時短、業務効率改善出来た。
637,2022/10/18,出張等の交通費申請がデータで全て完結するので、提出が短時間で行える。いい意味でシンプルなシステムであるため、利用する側は簡単なマニュアルで理解できる。,特に問題なく利用できている。強いて言うならば、スキャンで読み取った数字がたまに間違えている程度で、それほど影響はない。システムの不具合がありましたか？今のところ不具合はない。,不備を教えてくれるので、差し戻して再提出というやり取りがなくなった。出張の度に交通費申請をしなければならないが、過去に提出したものと同じルートの場合は、提出済みのものを修正利用できるため、時間短縮になった。,提出先の担当者が不在でも、自身のタイミングで提出できるので、便利です。
638,2022/10/18,基本的にデザインが見やすく、経費精算ツールを使用するのは現職が初めてでしたが、不便なく使いこなせております。,申請の際には新たに画面を開く仕様ですが、交通費精算の際に出発駅と到着駅を入力後、乗換案内でさらに別画面に遷移するのがやや不便に感じております。最も適したルートだけでいいので同画面内に出れば複数画面開かず済むので助かりますが、新たに開発するほどの不便さではないです。,前職では外交の際は会社の最寄駅から訪問先の最寄駅の最安値のみ経費が出る仕様でしたが、こちらのサービスでは複数ルートから選択することができ、実際にかかった費用で申請できるのが助かっています。この口コミを詳しく見る,ザインが見やすく、経費精算ツールを使用するのは現職が初めてでしたが、不便なく使いこなせております。楽楽精算の改善してほしい点申請の際には新たに画面を開く仕様ですが、交通費精算の際に出発駅と到着駅を入力後、乗換案内でさらに別画面に遷移するのがやや不便に感じております。最も適したルートだけでいいので同画面内に出れば複数画面開かず済むので助かりますが、新たに開発するほどの不便さではないです。楽楽精算導入で得られた効果・メリット前職では外交の際は会社の最寄駅から訪問先の最寄駅の最安値のみ経費が出る仕様でしたが、こちらのサービスでは複数ルートから選択することができ、実際にかかった費用で申請できるのが助かっています。
639,2022/10/17,立替経費については導入前までは現金精算だったので、小口現金の管理や出納にとても手間がかかってた。導入後はそういった繁雑作業が無くなり、基幹システムへのデータ連携で業務効率が上がった。,そもそも価格が安いという事とトレードオフではあるが、導入時の各種マスターや承認フローの設定を全て自社でやらなくてはならず、そこそこ知識のある人でないとハードルが高いかも。もちろんベンダーのフォローはありますが。システムの不具合がありましたか？一度だけベンダー側の不具合で利用できない事があった。締日近くではなかったため社内的に支障はなかったが。,小口現金の管理が不要となり、また基幹システムとのデータ連携で手入力から解放された点がなんといってもメリット。「楽楽精算」導入の決め手経費精算合理化,とにかくコスパ高いです。
640,2022/10/17,ITに詳しくない一般ユーザーですが、すごくシンプルで直感的に操作できます。交通費もICカードと連携できるのですごく楽です。,UIがちょっと古めかしい、今どき感が無いのが残念です。やたらと機能が多くなりすぎて重くなったりするのも困りますが、もう少し改善して欲しいです。,今まではだいぶ前に自社開発していて、誰もアップデートしていなくていちいち入力に時間がかかり、使いにくいものだったので、大幅に改善しました。担当者からは価格も安く抑えられたとのことだったので、良かったと思います。以前利用していた製品の解約理由自社開発だったがアップデートが無く使いにくかった。この口コミを詳しく見る,くない一般ユーザーですが、すごくシンプルで直感的に操作できます。交通費もICカードと連携できるのですごく楽です。楽楽精算の改善してほしい点UIがちょっと古めかしい、今どき感が無いのが残念です。やたらと機能が多くなりすぎて重くなったりするのも困りますが、もう少し改善して欲しいです。楽楽精算導入で得られた効果・メリット今まではだいぶ前に自社開発していて、誰もアップデートしていなくていちいち入力に時間がかかり、使いにくいものだったので、大幅に改善しました。担当者からは価格も安く抑えられたとのことだったので、良かったと思います。以前利用していた製品の解約理由自社開発だったがアップデートが無く使いにくかった。
641,2022/10/17,まず操作画面がシンプルで分かりやすいです。間違うことはほぼ無いと思います。加えてデザインも直観的で分かりやすく最小限の操作で済みます。,若干、操作ボタンが小さいように感じます。もう少しボタンが大きければ押しやすく見つけやすいと思います。,まず申請作業の大幅な時間短縮ができました。また、間違いがあった場合も承認者と同じ画面を見ながら確認できるので安心かつ分かりやすいです。この口コミを詳しく見る,面がシンプルで分かりやすいです。間違うことはほぼ無いと思います。加えてデザインも直観的で分かりやすく最小限の操作で済みます。楽楽精算の改善してほしい点若干、操作ボタンが小さいように感じます。もう少しボタンが大きければ押しやすく見つけやすいと思います。楽楽精算導入で得られた効果・メリットまず申請作業の大幅な時間短縮ができました。また、間違いがあった場合も承認者と同じ画面を見ながら確認できるので安心かつ分かりやすいです。
642,2022/10/16,何より入力項目がわかりやすく、PCレベルの低い人でも使えるようになるのに時間がかからないことから、多数への横テンが容易であること。,スマホ版のアプリもあるが、適用できないこともある。（PC版と比べてライト版？のようになっており、詳細の操作が出来ない）,以前と比べて出張の経費精算に手こずることがなくなった。前職では紙で行っていた時だとわざわざ紙に通し番号を書き原本提出、データはシステム上で提出と二度手間だったが、転職後の会社では楽楽精算で撮影して送付するだけなので楽々。この口コミを詳しく見る,項目がわかりやすく、PCレベルの低い人でも使えるようになるのに時間がかからないことから、多数への横テンが容易であること。楽楽精算の改善してほしい点スマホ版のアプリもあるが、適用できないこともある。（PC版と比べてライト版？のようになっており、詳細の操作が出来ない）楽楽精算導入で得られた効果・メリット以前と比べて出張の経費精算に手こずることがなくなった。前職では紙で行っていた時だとわざわざ紙に通し番号を書き原本提出、データはシステム上で提出と二度手間だったが、転職後の会社では楽楽精算で撮影して送付するだけなので楽々。
643,2022/10/16,1年ほど前に新しく社内に導入されました。それまでは手書き資料での精算をしていた時代遅れの会社でしたが、楽楽精算を導入後、申請作業が飛躍的に簡単になりました。また、50歳以上が8割占める年配の多い会社ですが、記入項目も分かりやすく全員問題なく利用してます。,とても使いやすいので、特に改善点や困ったことはありません。強いていえば、差し戻しのメールを見落とした時にHP内でもう少し差し戻しが来てることを強調してほしいです。,これまでの経費申請はとても効率が悪く、特に交通費の申請が多いのでとても手間が掛かっていましたが、楽楽精算導入後は申請が簡単で仕事の作業効率があがりました。この口コミを詳しく見る,に新しく社内に導入されました。それまでは手書き資料での精算をしていた時代遅れの会社でしたが、楽楽精算を導入後、申請作業が飛躍的に簡単になりました。また、50歳以上が8割占める年配の多い会社ですが、記入項目も分かりやすく全員問題なく利用してます。楽楽精算の改善してほしい点とても使いやすいので、特に改善点や困ったことはありません。強いていえば、差し戻しのメールを見落とした時にHP内でもう少し差し戻しが来てることを強調してほしいです。楽楽精算導入で得られた効果・メリットこれまでの経費申請はとても効率が悪く、特に交通費の申請が多いのでとても手間が掛かっていましたが、楽楽精算導入後は申請が簡単で仕事の作業効率があがりました。
644,2022/10/15,領収書を本社に出しに行く時間を他の業務に充てられるので、時間効率は良くなります。システムの力を借りている為、総時間は短縮できています。,申請してから承認ルートまでが長い為、承認通知回数をあげてもらいたいです。交通費精算がICカードでしか読み込めない状態だと思います。AppleWatchなどカード以外からの読み込みが行えるようにしてほしいです。,現場で仕事してる者としては領収書は後で出してお金は早く貰えるので、お財布が楽です。ただ、少し変な領収書は読み込めないので、性能を上げてもらえると嬉しいです。カメラの性能にもよる為、確実な事は言えませんが、性能性の向上があれば良いです。この口コミを詳しく見る,社に出しに行く時間を他の業務に充てられるので、時間効率は良くなります。システムの力を借りている為、総時間は短縮できています。楽楽精算の改善してほしい点申請してから承認ルートまでが長い為、承認通知回数をあげてもらいたいです。交通費精算がICカードでしか読み込めない状態だと思います。AppleWatchなどカード以外からの読み込みが行えるようにしてほしいです。楽楽精算導入で得られた効果・メリット現場で仕事してる者としては領収書は後で出してお金は早く貰えるので、お財布が楽です。ただ、少し変な領収書は読み込めないので、性能を上げてもらえると嬉しいです。カメラの性能にもよる為、確実な事は言えませんが、性能性の向上があれば良いです。
645,2022/10/15,日々の経費精算手続きがスマートフォンで簡単に出来るようになり、領収書の提出も画像の登録のみで行なえる点が良い,スマートフォンのアプリで申請手続きが出来るようになってから、特に不便だと感じた点はありません。,経費精算業務において、以前はPCから社内のVPNに接続してからでないと申請手続きが出来なかったが、本サービスを導入後はスマートフォンで簡単に申請や登録が出来るようになったため、帰宅途中の電車内等、隙間時間で申請が出来るようになったことこの口コミを詳しく見る,精算手続きがスマートフォンで簡単に出来るようになり、領収書の提出も画像の登録のみで行なえる点が良い楽楽精算の改善してほしい点スマートフォンのアプリで申請手続きが出来るようになってから、特に不便だと感じた点はありません。楽楽精算導入で得られた効果・メリット経費精算業務において、以前はPCから社内のVPNに接続してからでないと申請手続きが出来なかったが、本サービスを導入後はスマートフォンで簡単に申請や登録が出来るようになったため、帰宅途中の電車内等、隙間時間で申請が出来るようになったこと
646,2022/10/15,直近ペーパーレスが進み、経費の精算も楽楽精算上のみでの申請になった。判子も楽楽精算上でできる。画面も操作しやすく楽である。また、申請したものの現状承認状況も確認しやすい。自社は稟議が必要な高額な費用はDBを使用しているので一括化されると楽であると感じている。,申請した際に、自動プリントアウト機能があるが正直不要。それよりは申請後に申請した書類を印刷しやすくしてほしい。今でも申請後に印刷できるが操作がめんどう。また自社は振込月3回だが増やせるのだろうか?システムの不具合がありましたか？特になし,申請後の承認状況が、自分のPC上で確認できるのは非常に便利。ペーパーレスにも対応しているので判子の手間もなくなった。また、部下が申請したものも見れるのも良い。この口コミを詳しく見る,ーレスが進み、経費の精算も楽楽精算上のみでの申請になった。判子も楽楽精算上でできる。画面も操作しやすく楽である。また、申請したものの現状承認状況も確認しやすい。自社は稟議が必要な高額な費用はDBを使用しているので一括化されると楽であると感じている。楽楽精算の改善してほしい点申請した際に、自動プリントアウト機能があるが正直不要。それよりは申請後に申請した書類を印刷しやすくしてほしい。今でも申請後に印刷できるが操作がめんどう。また自社は振込月3回だが増やせるのだろうか?システムの不具合がありましたか？特になし楽楽精算導入で得られた効果・メリット申請後の承認状況が、自分のPC上で確認できるのは非常に便利。ペーパーレスにも対応しているので判子の手間もなくなった。また、部下が申請したものも見れるのも良い。
647,2022/10/15,以前使用していた自社の精算システムから今回楽楽精算に変わったのですが、精算処理が翌日には完了しており、思ったより早いと感じました。,領収書を複数枚一度にスキャンした時の読み取りの精度が悪く、ほとんど手入力しないといけなくなるため改善してほしいです。また新規導入時は社内でやり方の説明会もありましたが、実際にやる際はやり方が分からない人が続出していたため、システム内に簡易のHOWTOがあればいいなと思いました。,楽楽精算を導入することでペーパーレスで精算手続きできます。環境にも優しい上に、コピー機がない場所でも手続きできるためスムーズに処理できて助かりました。この口コミを詳しく見る,ていた自社の精算システムから今回楽楽精算に変わったのですが、精算処理が翌日には完了しており、思ったより早いと感じました。楽楽精算の改善してほしい点領収書を複数枚一度にスキャンした時の読み取りの精度が悪く、ほとんど手入力しないといけなくなるため改善してほしいです。また新規導入時は社内でやり方の説明会もありましたが、実際にやる際はやり方が分からない人が続出していたため、システム内に簡易のHOWTOがあればいいなと思いました。楽楽精算導入で得られた効果・メリット楽楽精算を導入することでペーパーレスで精算手続きできます。環境にも優しい上に、コピー機がない場所でも手続きできるためスムーズに処理できて助かりました。
648,2022/10/15,バス停の入力もできるので、バスを利用した際の交通費の精算もこのシステムだけで完結ができるのが良い点である。,マイパターンという機能があるが、通勤ルートなど、すぐに入力できる機能があれば、入力の手間が更に省けるので、実装されれば嬉しい。,交通費の精算を行う際に、どのルートが一番早くて、どのルートが最安値なのかがすぐ分かるので、ルート選択がすぐできる。この口コミを詳しく見る,力もできるので、バスを利用した際の交通費の精算もこのシステムだけで完結ができるのが良い点である。楽楽精算の改善してほしい点マイパターンという機能があるが、通勤ルートなど、すぐに入力できる機能があれば、入力の手間が更に省けるので、実装されれば嬉しい。楽楽精算導入で得られた効果・メリット交通費の精算を行う際に、どのルートが一番早くて、どのルートが最安値なのかがすぐ分かるので、ルート選択がすぐできる。
649,2022/10/14,"私の勤務する現場では経費を精算する際は一件ごとに申請書を作成する必要があり、承認の権限を持つマネジャーに対面でそれを提出する必要がありました。店舗にマネジャーが来る日まで待たなければなりませんし、シフトの兼ね合いでタイミングが合わないと2,3カ月待たされるのも珍しくありませんでした。システムを導入してからはweb上で明細を作るだけで済み、そのまま申請依頼を送るだけなので完全に自分のタイミングで申請を提出できます。提出が済めばあとは承認されるのを待つだけなので、現場のスタッフは非常に手軽に、そして迅速に経費精算を済ませられるようになりました。",経費の明細を一時保存している場合、定期的にリマインドする機能が欲しいです。明細を作り、あとで発生する経費と纏めて申請しようと思って保存しておき、そのまま忘れてしまうことがありました。例えば1週間ごとに「〇〇件の一時保存があります、申請をお忘れなく。」などとメールで配信する機能があると申請忘れがなくなって助かります。,経費精算のフローがシンプルになったことで、経費発生からの精算完了までの時間的ラグが少なくなりました。上にも書いたように経費精算を数ヶ月単位で待たされることが常態化していて、スタッフ個人の金銭事情を圧迫することに繋がっていました。システム上で申請依頼を提出できるようになったことでマネジャー（承認者）出勤のタイミングを気にする必要がなくなり、シフトを組みやすくなることにも繋がっています。この口コミを詳しく見る,"る現場では経費を精算する際は一件ごとに申請書を作成する必要があり、承認の権限を持つマネジャーに対面でそれを提出する必要がありました。店舗にマネジャーが来る日まで待たなければなりませんし、シフトの兼ね合いでタイミングが合わないと2,3カ月待たされるのも珍しくありませんでした。システムを導入してからはweb上で明細を作るだけで済み、そのまま申請依頼を送るだけなので完全に自分のタイミングで申請を提出できます。提出が済めばあとは承認されるのを待つだけなので、現場のスタッフは非常に手軽に、そして迅速に経費精算を済ませられるようになりました。楽楽精算の改善してほしい点経費の明細を一時保存している場合、定期的にリマインドする機能が欲しいです。明細を作り、あとで発生する経費と纏めて申請しようと思って保存しておき、そのまま忘れてしまうことがありました。例えば1週間ごとに「〇〇件の一時保存があります、申請をお忘れなく。」などとメールで配信する機能があると申請忘れがなくなって助かります。楽楽精算導入で得られた効果・メリット経費精算のフローがシンプルになったことで、経費発生からの精算完了までの時間的ラグが少なくなりました。上にも書いたように経費精算を数ヶ月単位で待たされることが常態化していて、スタッフ個人の金銭事情を圧迫することに繋がっていました。システム上で申請依頼を提出できるようになったことでマネジャー（承認者）出勤のタイミングを気にする必要がなくなり、シフトを組みやすくなることにも繋がっています。"
650,2022/10/13,ペーパーレス化が進み、紙の保管が楽になりました。Web上での保管になりますので、必要な時に必要な情報が得られる点が良い。,経理部門の負担は軽減されたと思うが、逆に申請者にとっては従来より申請書類を揃える手間暇が掛かっている印象がある。,以前は紙での申請をおこなっていた為、経理部門が受領後にシステムに打ち込んでいた。入力の手間や記入ミスによる差し戻し等があったが、Webでワンストップでできるようになって負担が軽減された。,経理部門の負担軽減
651,2022/10/13,直感的に操作ができ、初心者でも使いやすい。経路検索機能もあり入力間違いもなく精算ができる。ワークフロー的に申請から承認をしていくため漏れがなく都合のいいタイミングで作業ができる,読み込ませるレシート画像を事前にシステムに取り込まないといけないところ。作業的には申請入力しているところに画像読み取り機能があるとよいシステムの不具合がありましたか？特になし,自動入力補助機能により今までハンド入力していた旅費経路や旅費入力の入力間違いがなくなった。また紙運用でなくシステム上での申請から承認のため時短短縮（申請者の都合に合わせて申請書を持っていき印鑑を押してもらう必要がない）およびペーパーレスが実現できたこの口コミを詳しく見る,作ができ、初心者でも使いやすい。経路検索機能もあり入力間違いもなく精算ができる。ワークフロー的に申請から承認をしていくため漏れがなく都合のいいタイミングで作業ができる楽楽精算の改善してほしい点読み込ませるレシート画像を事前にシステムに取り込まないといけないところ。作業的には申請入力しているところに画像読み取り機能があるとよいシステムの不具合がありましたか？特になし楽楽精算導入で得られた効果・メリット自動入力補助機能により今までハンド入力していた旅費経路や旅費入力の入力間違いがなくなった。また紙運用でなくシステム上での申請から承認のため時短短縮（申請者の都合に合わせて申請書を持っていき印鑑を押してもらう必要がない）およびペーパーレスが実現できた
652,2022/10/13,経費計上の際利用。今まで電子データを添付できなかったけど、写真で簡単に添付できるのは助かっている。経理部門が丁寧なマニュアルを作成してくれたので迷うこともない,自分であとで確認する際、交通費や手土産などセットで閲覧できるとよいなあと思いました。精算項目ごとに確認が必要なので…,過去のシステムでは紙面で提出が求められていたので、それに比べて手間が減りました。在宅勤務を取り入れた今の働き方に沿っているこの口コミを詳しく見る,際利用。今まで電子データを添付できなかったけど、写真で簡単に添付できるのは助かっている。経理部門が丁寧なマニュアルを作成してくれたので迷うこともない楽楽精算の改善してほしい点自分であとで確認する際、交通費や手土産などセットで閲覧できるとよいなあと思いました。精算項目ごとに確認が必要なので…楽楽精算導入で得られた効果・メリット過去のシステムでは紙面で提出が求められていたので、それに比べて手間が減りました。在宅勤務を取り入れた今の働き方に沿っている
653,2022/10/12,画面構成が分かりやすく、定期券区間の自動減額など、細かいところまで気が利いていると思う。社員、承認者、会計承認者、振込担当者への業務フロー構成が分かりやすく、設定も難しくないとのこと。,ユーザとしては、改善希望する点は特になく、良いシステムだが、経理部の方々の話を言うと、画面カスタマイズ作業が難しかったらしい。,Excelや請求用紙での対応から、入力ー上司承認ー経理承認ー振込とデータで流れていく仕組みに変わったことで、ペーパーレス、オンライン承認が実現でき、在宅勤務も容易になった。,バージョンアップにより、過去搭載していなかった機能がどんどん追加されていくのが楽しみ。
654,2022/10/11,シンプルな画面構成で利用しやすい。詳細なマニュアルなどを配布しなくても直感的に操作できる。交通費精算では予めユーザー毎に定期区間を設定しておくことでそれを考慮した金額を自動計算してくれる。システムを導入する前はこれを経理スタッフが手計算によって求めていたため、大幅な工数の削減となった。,定期区間の登録や科目のカスタマイズなど設定次第でどこまでも使い易く出来るのだが、一方で使い勝手のいい設定を作り込むのにはかなりの労力と時間が掛かり事務的な負担は大きい。初期設定についてはある程度のパッケージを用意してもらえるともっと導入しやすくなると思う。,クラウド型のため社員が各々の好きなタイミングで申請できる。経理部が対面で現金精算していたときは月末になると経費精算の長蛇の列ができ、それだけで一日が終わることも珍しくなかった。システム化されてからは都度申請できることから月末に一極集中することもなくなり、申請のデータをそのまま会計に連動することも出来て支払いから伝票起票まで一連の作業がスムーズになった。この口コミを詳しく見る,画面構成で利用しやすい。詳細なマニュアルなどを配布しなくても直感的に操作できる。交通費精算では予めユーザー毎に定期区間を設定しておくことでそれを考慮した金額を自動計算してくれる。システムを導入する前はこれを経理スタッフが手計算によって求めていたため、大幅な工数の削減となった。楽楽精算の改善してほしい点定期区間の登録や科目のカスタマイズなど設定次第でどこまでも使い易く出来るのだが、一方で使い勝手のいい設定を作り込むのにはかなりの労力と時間が掛かり事務的な負担は大きい。初期設定についてはある程度のパッケージを用意してもらえるともっと導入しやすくなると思う。楽楽精算導入で得られた効果・メリットクラウド型のため社員が各々の好きなタイミングで申請できる。経理部が対面で現金精算していたときは月末になると経費精算の長蛇の列ができ、それだけで一日が終わることも珍しくなかった。システム化されてからは都度申請できることから月末に一極集中することもなくなり、申請のデータをそのまま会計に連動することも出来て支払いから伝票起票まで一連の作業がスムーズになった。
655,2022/10/11,ITリテラシーの低い会社なので、誰でも使える・分かりやすい・見やすいが必要でしたが全てクリアしていてトータル的に見てとても良いです。,組織ツリーの運用に少し工数がかかります。（組織変更が多い会社なので）その辺の運用に慣れていないと導入側管理側の工数が増えたという印象を持つ人もいました。システムの不具合がありましたか？特にないです。サポートも問題ないです。,ユーザーからの声で多いのは、交通費精算に乗換案内機能がついてい点です。以前に比べ導入後は結構な時間短縮になっています。紙からシステムへの切り替えだったのでハードルはあったものの、1か月もすれば慣れていたので、年齢問わず誰でも使いこなせます。この口コミを詳しく見る,シーの低い会社なので、誰でも使える・分かりやすい・見やすいが必要でしたが全てクリアしていてトータル的に見てとても良いです。楽楽精算の改善してほしい点組織ツリーの運用に少し工数がかかります。（組織変更が多い会社なので）その辺の運用に慣れていないと導入側管理側の工数が増えたという印象を持つ人もいました。システムの不具合がありましたか？特にないです。サポートも問題ないです。楽楽精算導入で得られた効果・メリットユーザーからの声で多いのは、交通費精算に乗換案内機能がついてい点です。以前に比べ導入後は結構な時間短縮になっています。紙からシステムへの切り替えだったのでハードルはあったものの、1か月もすれば慣れていたので、年齢問わず誰でも使いこなせます。
656,2022/10/09,出張の申請や精算の本社とのやり取りがこのソフト1つで電子で行う事が出来、尚且つ操作方法も簡単で申請ミスが格段に減少した。,旅費精算などで領収書やレシートからデータを取り込んで処理するのですが、複数になると読み込まない事があるので、精度が上がればなお良いと感じた。,数年前までは、出張申請したホテルや各種交通機関の手配は、自ら店舗の小口から購入することがあったが、人と人との現金のやり取りが無くなった事で、現金トラブルのリスクも減少したのが良かった。この口コミを詳しく見る,や精算の本社とのやり取りがこのソフト1つで電子で行う事が出来、尚且つ操作方法も簡単で申請ミスが格段に減少した。楽楽精算の改善してほしい点旅費精算などで領収書やレシートからデータを取り込んで処理するのですが、複数になると読み込まない事があるので、精度が上がればなお良いと感じた。楽楽精算導入で得られた効果・メリット数年前までは、出張申請したホテルや各種交通機関の手配は、自ら店舗の小口から購入することがあったが、人と人との現金のやり取りが無くなった事で、現金トラブルのリスクも減少したのが良かった。
657,2022/10/09,システムとして使いやすく、担当者がユーザーに説明するのも簡単だと思う。交通費の精算も経路設定がわかりやすい,ユーザーの登録が決められた期間しか出来ず、期の途中で復帰したときに自分が使えるかどうか分からなかった,今まで使っていたシステムより、申請や承認の画面がわかりやすく、上司から間違いを指摘されたときも修正が早く出来たこの口コミを詳しく見る,して使いやすく、担当者がユーザーに説明するのも簡単だと思う。交通費の精算も経路設定がわかりやすい楽楽精算の改善してほしい点ユーザーの登録が決められた期間しか出来ず、期の途中で復帰したときに自分が使えるかどうか分からなかった楽楽精算導入で得られた効果・メリット今まで使っていたシステムより、申請や承認の画面がわかりやすく、上司から間違いを指摘されたときも修正が早く出来た
658,2022/10/09,業務でかかる費用に精算をpcあるいは社用携帯でパパッと申請できる点はとても便利です。以前の会社ではレシートを精算用の申請書に貼り、提出保管していましたが、とても手間でした。それがこのサービスを導入すると手間が省け、とても楽です。,精算時に目的別に申請しないといけないので、各カテゴリーで分け、一括で精算できる機能が欲しいです。出張費と駐車場費、接待費などを別々に精算申請しないとならず、これを一度で各目的に分け、精算できれば楽だなと思います。システムの不具合がありましたか？これまで使用し、特にありません。,これまで経費精算でかなりな時間を要していた企業であれば、導入することでその時間を短縮し、短縮した時間で他の作業に充てることができると思います。,経費精算を楽々に！
659,2022/10/09,一番の利点は領収書のPDFファイルを作れば自動的に文字おこしをしてくれるので、数字のうち間違えがありません。また、スキャンデータが残るので領収証の紛失もなくなります。,申請者の印鑑などをWeb上で押せるようにするとさらに便利になると思います。現状は印刷して、印鑑を押しているのでペーパーレスになっていません。,経費精算のレシートは個別にスキャンする必要がありますが、申請はまとめて１０件程度できますので経費精算にかかる時間が大幅に減りました。以前利用していた製品の解約理由経費精算の入力誤りが多いため,AIによる経費精算システム
660,2022/10/08,交通費申請で定期期間を登録すると、それを考慮して自動計算してくれる。交通費申請で乗換ルートを検索して選択するが、最も安いルートなど特徴を示してくれる。会計システムへのデータ連携がしやすい。,分かりやすいが、処理メニューが簡素なので見やすさを意識してもらえると嬉しい。細かい登録設定が多いと思う。,社員・口座情報・承認ルートの登録や、交通費・出張・経費の申請・精算、会計システムへのデータ取込まで一貫して使いやすい。この口コミを詳しく見る,で定期期間を登録すると、それを考慮して自動計算してくれる。交通費申請で乗換ルートを検索して選択するが、最も安いルートなど特徴を示してくれる。会計システムへのデータ連携がしやすい。楽楽精算の改善してほしい点分かりやすいが、処理メニューが簡素なので見やすさを意識してもらえると嬉しい。細かい登録設定が多いと思う。楽楽精算導入で得られた効果・メリット社員・口座情報・承認ルートの登録や、交通費・出張・経費の申請・精算、会計システムへのデータ取込まで一貫して使いやすい。
661,2022/10/08,この製品の導入のおかげで、経費精算にかかる時間が短縮できました。自動仕訳や振込データ生成、会計ソフトとの連携などの多彩な機能により、処理時間が格段に向上しました。経費精算の処理件数が多いので、この利点は非常にありがたいです。,導入コストがやや高い感じはしましたが、機能面では満足していますので、改善してほしい点は特にありません。システムの不具合がありましたか？なし。,テレワーク下でも対応できる点がメリットです。弊社ではテレワーク化を積極的に進めている関係上、自宅で業務を行うことも多くなりましたが、そんな状況下でも、この製品を使えば難なく経費精算ができますので、処理遅延などのリスクもありません。この口コミを詳しく見る,導入のおかげで、経費精算にかかる時間が短縮できました。自動仕訳や振込データ生成、会計ソフトとの連携などの多彩な機能により、処理時間が格段に向上しました。経費精算の処理件数が多いので、この利点は非常にありがたいです。楽楽精算の改善してほしい点導入コストがやや高い感じはしましたが、機能面では満足していますので、改善してほしい点は特にありません。システムの不具合がありましたか？なし。楽楽精算導入で得られた効果・メリットテレワーク下でも対応できる点がメリットです。弊社ではテレワーク化を積極的に進めている関係上、自宅で業務を行うことも多くなりましたが、そんな状況下でも、この製品を使えば難なく経費精算ができますので、処理遅延などのリスクもありません。
662,2022/10/08,これまで紙の領収書を経理の職員に渡して経費精算していたのが、電子の領収書を読み取って申請するだけでとても便利になった。,勘定科目や入力項目がたくさんあるため、わたしのような年寄りには少し難しいかもしれないのと、携帯のアプリだと少し使いにくいので改善されると嬉しいかな。システムの不具合がありましたか？アプリの使い方が難しい以外は特にありません。,経理の人との対面でのやりとりがなくなったのでコロナ渦ではとても合理的なやり方になったと思う。紙の領収書が無くなったとしても、ＰＤＦ領収書を発行してくれるホテルなどだと、後からも安心して精算することが出来るようになった。,経理の担当職員の業務効率化にはとてもよいシステムだと思います。
663,2022/10/07,この製品は、すべてweb上で完結するので、リモートワークが始まり、紙で処理する必要がありません。リモートワークに適したツールです。,出張先が複数あるとその都度、申請を行う必要があります。必ずしも1箇所訪問して帰社しない場合、入力が複雑になり、申請者の負担が増加します。,リモートワークが始まり、紙で申請を処理出来なくなりました。そのため、出勤しなくても対応可能なこのツールはとても便利です。紙だと入力ミスの確認作業も必要ですが、こちらは入力ミスは申請が降りないので、確認作業も減り、作業効率が上がりました。,リモートワークの申請作業に向いています
664,2022/10/07,経費精算と交通費精算が楽になった。テレワークが増え、基本的にはハンコや紙などがいらないので社外からの申請もしやすい。,弊社の使い方の問題かもしれないが、申請後は最終的に紙で出力して経理部に提出していたため、他部署へもシステム上で回覧できるようにしてほしい。,申請者の交通費精算のルート計算や金額計算などの手間を省けるため、出張が多い時はかなり業務が削減できる。この口コミを詳しく見る,交通費精算が楽になった。テレワークが増え、基本的にはハンコや紙などがいらないので社外からの申請もしやすい。楽楽精算の改善してほしい点弊社の使い方の問題かもしれないが、申請後は最終的に紙で出力して経理部に提出していたため、他部署へもシステム上で回覧できるようにしてほしい。楽楽精算導入で得られた効果・メリット申請者の交通費精算のルート計算や金額計算などの手間を省けるため、出張が多い時はかなり業務が削減できる。
665,2022/10/06,楽楽精算導入までは、毎月末にまとめて精算していましたが、週ごとに精算をまとめたりできるので領収書の保管方法が楽になりました。特に、交通費の精算方法はSUICAなどのICカードを読み込んで連携できるので、入力が楽で助かります。,領収書の添付に関してはPDFに変換しての作業があるのがひと手間です。スマホのカメラで領収書を読み込んだら、そこでPDFに変わる専用のアプリが欲しいと思いました。システムの不具合がありましたか？ICカード読み取り方法で手間取りました。,精算方法が紙からデジタルへの転換点での導入ソフトということで、いち社員としても日々の作業の効率化に役立っていると思います。,使い勝手は良いと思います。
666,2022/10/06,精算内容がデジタル化されて見やすくなり、クラウド上で承認をして貰えるので判子を貰いにいく手間が省けて時間短縮になりとても便利です。,電車の乗換案内がちょっと使いづらいです。入力している時間でしか経路が出てこないので、実際に乗った時間で出てくると嬉しいです。,面倒な表を作らなくてよくなり、とても時間短縮になったのと、承認がネット上で出来るので早くなりました。また精算をまとめる側も楽になりました。,不要な書類が減ります
667,2022/10/05,スマホから申請⇒承認まで完結できるという点です。どこでも申請ができる為忘れないように出張の帰り道などでも申請ができるという事です。また紙で記載するわけではないので、訂正も楽になり時間効率が向上しました。,請求書登録を行ったのにも関わらず、また精算画面にアクセスしなければいけないところとＰＤＦデータを用意しなければいけない為、読み込みだけで精算が全て完了できるとより便利だと思います。,従来は紙での申請でしたので、申請するものが多くある時にはその記載をするだけで膨大な時間と手間がかかっていましたが、このシステムにより申請側も時間短縮、承認側も時間短縮になり、トータルメリットが非常に大きいです。この口コミを詳しく見る,申請⇒承認まで完結できるという点です。どこでも申請ができる為忘れないように出張の帰り道などでも申請ができるという事です。また紙で記載するわけではないので、訂正も楽になり時間効率が向上しました。楽楽精算の改善してほしい点請求書登録を行ったのにも関わらず、また精算画面にアクセスしなければいけないところとＰＤＦデータを用意しなければいけない為、読み込みだけで精算が全て完了できるとより便利だと思います。楽楽精算導入で得られた効果・メリット従来は紙での申請でしたので、申請するものが多くある時にはその記載をするだけで膨大な時間と手間がかかっていましたが、このシステムにより申請側も時間短縮、承認側も時間短縮になり、トータルメリットが非常に大きいです。
668,2022/10/04,交通費や宿泊費等の精算を毎月行なっていますが、運賃の計算もシステム上でできて、無駄な入力や検索が不要です。計算ミスや経路間違いもなくなり、精算業務は大幅に削減できて、非常に満足度の高いシステムです。,出張前に申請機能があるのですが、その際に楽楽精算で新幹線やホテルの予約までできてしまえば、更に楽になると思います。,私は部下の交通費精算のチェックをするのですが、金額ミスや漏れが圧倒的に少なくなりました。管理職側としても業務効率向上ができました。,非常に使いやすいので、初めての交通費精算システムの導入時にはオススメできます！
669,2022/10/03,経費精算システムの中でも機能がシンプルで、操作性も良く使いやすいです。特に交通費精算については駅名の自動読み込みや自動計算、ICカード読み込み等、手間を削減できる機能があり、助かってます。,仕方ないことですが、導入時においては初期設定や登録に時間を要することや、オプション機能も多いので、お得なパッケージプランがあるとさらに導入しやすいですね。システムの不具合がありましたか？大きなトラブルはありませんが、操作方法が浸透するまでは苦労しました。,今まで紙の回覧で行なっていた経費精算をワークフローによるシステム化ができたため、効率化だけでなく、不正防止や誤申請防止等、内部統制上のメリットもありました。また、ユーザー側としても交通費精算の機能など、使いやすい機能があるため好評です。,シンプルで使いやすいシステムであるためおすすめです。
670,2022/10/03,会社での建て替え交通費の精算申請に使用していますが、操作性が良く画面を見るだけで何をしたらいいのかがわかる点が使いやすいと感じます。またシステムのデザイン性も良く、色使いなどが親しみやすく感じます。,いくつか地点を経由した交通費申請をする際に、候補経路をいくつか提示してもらいますが、その表示方法が範囲が狭く見づらく感じるので改善されれば良いと感じましたシステムの不具合がありましたか？特にありません,以前は紙ベースでも経費申請だったので、自分で交通費を計算したりする必要があり手間だと感じていましたが、楽楽精算に変わったことでボタン一つで申請ができるようになり業務効率化に繋がりましたこの口コミを詳しく見る,て替え交通費の精算申請に使用していますが、操作性が良く画面を見るだけで何をしたらいいのかがわかる点が使いやすいと感じます。またシステムのデザイン性も良く、色使いなどが親しみやすく感じます。楽楽精算の改善してほしい点いくつか地点を経由した交通費申請をする際に、候補経路をいくつか提示してもらいますが、その表示方法が範囲が狭く見づらく感じるので改善されれば良いと感じましたシステムの不具合がありましたか？特にありません楽楽精算導入で得られた効果・メリット以前は紙ベースでも経費申請だったので、自分で交通費を計算したりする必要があり手間だと感じていましたが、楽楽精算に変わったことでボタン一つで申請ができるようになり業務効率化に繋がりました
671,2022/10/03,以前から紙で給与確認や交通費精算等を行なっており、作業が煩雑化しておりました。今回導入したことでその点が解消されました。,利用して困った事は、紙媒体とは違い不慣れなスタッフに落とし込む事です。ソフトの問題というよりはリテラシーの問題でしょうか。,まずは紙の削減です。カルテも電子カルテを導入しさらなる削減に向けて行動していました。またいつでもどこでも確認や処理時間にあてる事ができる様になったのが助かりました。この口コミを詳しく見る,で給与確認や交通費精算等を行なっており、作業が煩雑化しておりました。今回導入したことでその点が解消されました。楽楽精算の改善してほしい点利用して困った事は、紙媒体とは違い不慣れなスタッフに落とし込む事です。ソフトの問題というよりはリテラシーの問題でしょうか。楽楽精算導入で得られた効果・メリットまずは紙の削減です。カルテも電子カルテを導入しさらなる削減に向けて行動していました。またいつでもどこでも確認や処理時間にあてる事ができる様になったのが助かりました。
672,2022/10/03,領収書などもスキャンを行い、紙の書類削減につながった。紙での保管も不要のため利用しやすいと思いました。,画面の操作をもう少し分かりやすくして欲しいです。ICカード読み込みする際など、適用するにはチェックが必要かがわかりにくかったです。,領収書を保管することの手間が減りました。データ化にすることで後から確認する際にも簡単に閲覧出来て便利です。以前利用していた製品の解約理由会社の意向で変更この口コミを詳しく見る,もスキャンを行い、紙の書類削減につながった。紙での保管も不要のため利用しやすいと思いました。楽楽精算の改善してほしい点画面の操作をもう少し分かりやすくして欲しいです。ICカード読み込みする際など、適用するにはチェックが必要かがわかりにくかったです。楽楽精算導入で得られた効果・メリット領収書を保管することの手間が減りました。データ化にすることで後から確認する際にも簡単に閲覧出来て便利です。以前利用していた製品の解約理由会社の意向で変更
673,2022/10/02,事前の仮払金申請や経費精算申請など幅広く対応しており、駅名から運賃を自動で計算するシステムも便利な点。,定型で毎回はいる申請文章があるため、プルダウン等で選択ができるとより、申請に手間がないと感じました。,毎月の経費精算に手間取ることなく、直感的な操作で申請が行えるため、経理側へ回す際のミスなども軽減できている点。この口コミを詳しく見る,金申請や経費精算申請など幅広く対応しており、駅名から運賃を自動で計算するシステムも便利な点。楽楽精算の改善してほしい点定型で毎回はいる申請文章があるため、プルダウン等で選択ができるとより、申請に手間がないと感じました。楽楽精算導入で得られた効果・メリット毎月の経費精算に手間取ることなく、直感的な操作で申請が行えるため、経理側へ回す際のミスなども軽減できている点。
674,2022/10/02,出発地と目的地を入力すると、交通経路を調べて計算してくれるので大変便利です。経路もおかしなルートになりません。,特にありません。他社で他のソフトウェアも使用したことがありますが、操作も簡単で特別使いやすいと思います。,交通費精算が経路と共に記載できるのでエラーも起こりにくく、スムーズに承認がおります。業務効率化に役立ちます。この口コミを詳しく見る,的地を入力すると、交通経路を調べて計算してくれるので大変便利です。経路もおかしなルートになりません。楽楽精算の改善してほしい点特にありません。他社で他のソフトウェアも使用したことがありますが、操作も簡単で特別使いやすいと思います。楽楽精算導入で得られた効果・メリット交通費精算が経路と共に記載できるのでエラーも起こりにくく、スムーズに承認がおります。業務効率化に役立ちます。
675,2022/10/01,スマホでも簡単に入力できる。ジョルダンの乗換案内を内蔵しているため、定期区間の控除がシステム内でできるのは大変便利だ。,操作マニュアルが簡素化すぎて最初は使い方の理解ができなかった。新しく入社する人のためにも、細かなマニュアルを希望します。,経理担当者が作業負担が軽減されたと言っておりました。導入費用も安価と聞いておりますので、中小企業でも導入しやすいと思います。この口コミを詳しく見る,簡単に入力できる。ジョルダンの乗換案内を内蔵しているため、定期区間の控除がシステム内でできるのは大変便利だ。楽楽精算の改善してほしい点操作マニュアルが簡素化すぎて最初は使い方の理解ができなかった。新しく入社する人のためにも、細かなマニュアルを希望します。楽楽精算導入で得られた効果・メリット経理担当者が作業負担が軽減されたと言っておりました。導入費用も安価と聞いておりますので、中小企業でも導入しやすいと思います。
676,2022/10/01,領収書をスマホ撮影またはスキャンで取り込むと、あとはオンライン上で、決裁まで終わります。ペーパーレスと、事務所に出なくとも申請〜決裁まで終わり、便利です。閲覧権限のある人は、誰がどんな申請をしたか、チェックすることもできます。,領収書データを取り込み登録する画面が別にあるのが煩わしい。勘定科目などの明細を入れる画面から、直接取り込めるようにしてほしいです。システムの不具合がありましたか？特になし,紙を出力して領収書を貼って…という作業がなくなり、また、集まった紙の束を本社に郵送する作業もなくなり、事務作業が圧倒的に減りました。以前利用していた製品の解約理由ペーパーレスではなかったため,ペーパーレスによる事務作業が軽減されます。
677,2022/09/30,クラウド型のシステムなので、時間や場所を選ばずに経費申請と承認が行えます。リモートワークが普及している職場環境でもスムーズな経費精算のフローが構築できるため、社員の働き方の自由度を高めることにも繋がると思います。なにより、紙での申請書を脱することが出来たのが大きいですね。内容の追加や削除・修正が容易なのはデジタルならではのメリットです。,申請時に対応する勘定科目を選ばなければならない為、一定の経理知識がないと扱いに苦労します。損益管理表が読める程度の知識があれば問題ありませんが、そうでない場合は操作方法の前に科目の考え方を指導しなければなりません。精算する物品の名称などからある程度自動で判断してくれたら楽になると思います。,経費精算において時間と場所を選ばないというのはとても便利です。紙の申請書で運用していた時は経費精算の為だけに本社経理部に来なければならず、また承認者が外出等で不在の場合は帰ってくるまで待つか、もしくは出直す必要がありました。本システムを導入してからはそういった無駄の一切を省くことができ、精算業務におけるストレスが激減しました。リモートワークを行っている社員が多い現場であれば親和性が高いと感じます。この口コミを詳しく見る,のシステムなので、時間や場所を選ばずに経費申請と承認が行えます。リモートワークが普及している職場環境でもスムーズな経費精算のフローが構築できるため、社員の働き方の自由度を高めることにも繋がると思います。なにより、紙での申請書を脱することが出来たのが大きいですね。内容の追加や削除・修正が容易なのはデジタルならではのメリットです。楽楽精算の改善してほしい点申請時に対応する勘定科目を選ばなければならない為、一定の経理知識がないと扱いに苦労します。損益管理表が読める程度の知識があれば問題ありませんが、そうでない場合は操作方法の前に科目の考え方を指導しなければなりません。精算する物品の名称などからある程度自動で判断してくれたら楽になると思います。楽楽精算導入で得られた効果・メリット経費精算において時間と場所を選ばないというのはとても便利です。紙の申請書で運用していた時は経費精算の為だけに本社経理部に来なければならず、また承認者が外出等で不在の場合は帰ってくるまで待つか、もしくは出直す必要がありました。本システムを導入してからはそういった無駄の一切を省くことができ、精算業務におけるストレスが激減しました。リモートワークを行っている社員が多い現場であれば親和性が高いと感じます。
678,2022/09/26,日々の通勤から営業で使用する交通費や経費申請が容易に行えます。また経費申請が異なる部署の場合でも使い分けが可能です。,システムメンテナンスが多い印象があります。空いた時間に貯めた経費申請を行う場合、メンテナンスと重なる時が稀にあります。,今までは領収書と印刷した申請データを纏めて提出しておりましたが、スマホアプリと連動させる事で領収書もデータ取り込みが出来るようになり、印刷データ＋領収書原本の添付が不要となりました。この口コミを詳しく見る,から営業で使用する交通費や経費申請が容易に行えます。また経費申請が異なる部署の場合でも使い分けが可能です。楽楽精算の改善してほしい点システムメンテナンスが多い印象があります。空いた時間に貯めた経費申請を行う場合、メンテナンスと重なる時が稀にあります。楽楽精算導入で得られた効果・メリット今までは領収書と印刷した申請データを纏めて提出しておりましたが、スマホアプリと連動させる事で領収書もデータ取り込みが出来るようになり、印刷データ＋領収書原本の添付が不要となりました。
679,2022/09/22,電車やバスでの交通費精算が多いのですが、よく使うルートを登録できるので便利なところと領収書もカメラで撮影しておけばいい点。これまでは無くしたりして面倒があったので。,まとめて申請ができるようになるといい点（日ごとは面倒なので）と日付を入力しないといけないところ。入力項目はもう少し簡素でもいいかな。,これまでは経費精算は紙ベースで行っていたのでいちいち手間がかかっていたり上司が不在だったりリモートワークの日は承認してもらえないストレスがありましたがWEB上で行うので時間が大幅に削減できました。また、スマホでも申請できるので移動中に前日の経費精算申請をしたりと時間の有効活用にもなっています。この口コミを詳しく見る,での交通費精算が多いのですが、よく使うルートを登録できるので便利なところと領収書もカメラで撮影しておけばいい点。これまでは無くしたりして面倒があったので。楽楽精算の改善してほしい点まとめて申請ができるようになるといい点（日ごとは面倒なので）と日付を入力しないといけないところ。入力項目はもう少し簡素でもいいかな。楽楽精算導入で得られた効果・メリットこれまでは経費精算は紙ベースで行っていたのでいちいち手間がかかっていたり上司が不在だったりリモートワークの日は承認してもらえないストレスがありましたがWEB上で行うので時間が大幅に削減できました。また、スマホでも申請できるので移動中に前日の経費精算申請をしたりと時間の有効活用にもなっています。
680,2022/09/21,主に交通費精算に使用していますが、今までネットで運賃を検索していましたが、こちらに切り替えてからはＰＡＳＭＯの履歴から引っ張って来られるのでとても便利だし楽になりました。,・過去に入力申請した分からコピーして新規で入力できたらいいなと思います。・間違って提出してしまったら一旦上司に取り消ししてもらうのでなく、そのまま訂正できればいいなと思います。システムの不具合がありましたか？いまのところありません。,経理担当者的にはまとめるのにとても楽になり、仕事の効率があがったようです。また、私たち従業員も慣れてくると以前のシステムより申請がラクになりました。,精算や、管理する側にも楽になります。
681,2022/09/21,交通費や経費精算を簡単に行うことができる。またスマートフォン向けアプリを利用することもできるので、ちょっとした時間に作業できる。,初期設定が少し複雑でわかりづらかった。ITツールの操作が苦手な担当者にとっては使いづらいという声もあった。,経理担当者の業務負担を軽減をすることができる。紙代、コピー代、人件費といったコストをカットすることができる。この口コミを詳しく見る,費精算を簡単に行うことができる。またスマートフォン向けアプリを利用することもできるので、ちょっとした時間に作業できる。楽楽精算の改善してほしい点初期設定が少し複雑でわかりづらかった。ITツールの操作が苦手な担当者にとっては使いづらいという声もあった。楽楽精算導入で得られた効果・メリット経理担当者の業務負担を軽減をすることができる。紙代、コピー代、人件費といったコストをカットすることができる。
682,2022/09/20,入力画面がかなり分かりやすい。紙でのやりとりが減ったので社内のペーパーレス化ができました。経理の作業も減った。,かなり入力しやすく使いやすいので特にはありませんが、たまにおかしい経路が表示されてしまうことがあります。,入力したものを修正したうえで申請できるので、効率が上がった。過去は捺印する必要があったが、その必要はなくなりました。この口コミを詳しく見る,かなり分かりやすい。紙でのやりとりが減ったので社内のペーパーレス化ができました。経理の作業も減った。楽楽精算の改善してほしい点かなり入力しやすく使いやすいので特にはありませんが、たまにおかしい経路が表示されてしまうことがあります。楽楽精算導入で得られた効果・メリット入力したものを修正したうえで申請できるので、効率が上がった。過去は捺印する必要があったが、その必要はなくなりました。
683,2022/09/20,以前は、領収書・請求書を1枚ずつ内訳を作成して、合わせていくというとても時間がかかり、紛失等のリスクもあったが、スマホ、パソコンで作業する事により、時間短縮、紛失等のリスクも減った。,領収書・請求書の写真を撮る際に、税率が8%、10%、非課税と3つになる場合は、2回に分けて登録しないといけないため、税率の項目を制限なしにしてほしい。システムの不具合がありましたか？メンテナンス等以外で不具合などを感じたことは無い。,1度申請した分については、履歴が残り、また同じものや、似たものについては、コピーして、写真や、振込先・立替者のみを変更するだけで良いためとても効率良く、経費申請を行うことができる。,初めは分かりにくく慣れないと思いがちですが、いざやってみるととても簡単で時間もそんなにかからず経費申請ができます。
684,2022/09/20,今の会社で経費精算用に使っています。管理者ではないので詳しく分かりませんが、自社用にかなりカスタムできるみたいです。交通費や出張費などの経費だけではなく、リモートワーク手当も楽楽精算から申請しています。,UIが少し古い。クリックする度に新しいタブが開くのでややこしい。交通費など1日ずつ申請しないといけないのでまとめて登録できる機能があれば嬉しいです。システムの不具合がありましたか？今のところないです,紙で申請するよりはかなり手間がはぶけています。業務の隙間にポチポチすれば経費申請できるので助かっています。この口コミを詳しく見る,経費精算用に使っています。管理者ではないので詳しく分かりませんが、自社用にかなりカスタムできるみたいです。交通費や出張費などの経費だけではなく、リモートワーク手当も楽楽精算から申請しています。楽楽精算の改善してほしい点UIが少し古い。クリックする度に新しいタブが開くのでややこしい。交通費など1日ずつ申請しないといけないのでまとめて登録できる機能があれば嬉しいです。システムの不具合がありましたか？今のところないです楽楽精算導入で得られた効果・メリット紙で申請するよりはかなり手間がはぶけています。業務の隙間にポチポチすれば経費申請できるので助かっています。
685,2022/09/20,直感的で操作しやすく、通常使用する範囲ではマニュアルや説明会は特に必要なく使用することができて満足です。乗換案内システムとも連携していて使いやすい。,当社の設定の問題かもしれませんが、ワークフローが若干わかりにくい、使いにくいところがあり、確認が手間。システムの不具合がありましたか？不具合やトラブルはありません。,導入前はエクセル入力の用紙を、庶務が最短経路や料金を確認していたが、乗換案内と連携しているので、そのチェックの手間がなくなり業務改善することができ、派遣を雇う必要がなくなった。,乗換案内と自動連携しているところが素晴らしいです。
686,2022/09/20,はじめはcmを見て本当にこんな安い価格で出来るのか心配だったけどいざ使ってみるとすごく楽で自動計算なので今まで苦手だった事が得意になった,使いやすいけど処理時間がちょっと長く急いでいる時は結構入略ミスが増えてしまう。あと出来ればもう少し安くしてほしい,精算プログラムで入力したら検索が多くすごく助かりました素早く計算されてそのままの数字が自動で反映されるので良かったこの口コミを詳しく見る,mを見て本当にこんな安い価格で出来るのか心配だったけどいざ使ってみるとすごく楽で自動計算なので今まで苦手だった事が得意になった楽楽精算の改善してほしい点使いやすいけど処理時間がちょっと長く急いでいる時は結構入略ミスが増えてしまう。あと出来ればもう少し安くしてほしい楽楽精算導入で得られた効果・メリット精算プログラムで入力したら検索が多くすごく助かりました素早く計算されてそのままの数字が自動で反映されるので良かった
687,2022/09/20,ペーパーレスで精算書が作成できるので、紙と違って修正する際など、とても効率がいい。領収書もスマホで読み取るだけで登録されるので非常に便利。,文字が見づらいため、もう少し大きくして欲しいのと、初期設定がちょっとやっかいで、終わるまでに時間がかかりました。,テレワークでも十分に対応が可能で便利な他、紙の領収書を保管しなくていいので、そのスペースを他に使える。この口コミを詳しく見る,スで精算書が作成できるので、紙と違って修正する際など、とても効率がいい。領収書もスマホで読み取るだけで登録されるので非常に便利。楽楽精算の改善してほしい点文字が見づらいため、もう少し大きくして欲しいのと、初期設定がちょっとやっかいで、終わるまでに時間がかかりました。楽楽精算導入で得られた効果・メリットテレワークでも十分に対応が可能で便利な他、紙の領収書を保管しなくていいので、そのスペースを他に使える。
688,2022/09/19,会社の経費精算に利用しています。元々はシステムと紙で精算していたのですが、楽楽精算を使うようになってからシステム上だけで精算出来る様になり、同時にスマホ用アプリも利用出来る様になったのでアプリ上で精算を完了出来る様になり大変楽になりました。,アプリのUIがもう少し分かり易くなるといいなと思います。またスマホアプリのログインに生体（指紋）認証が使えると尚良いです。,以前までは経費精算を完了する為に必ず会社に行かなければなりませんでしたが、今では社外にいながら精算の申請が完了出来る様になりました。それに伴い精算工程全体の処理も早くなりました。,経費精算のトータルコスト削減を目指す方におすすめ。
689,2022/09/19,会社で、主に出張時の交通費精算に利用しています。申請・承認がシステム上でスムーズにできますし、振込したい口座を自由に設定できたので便利です。乗車区間の料金検索ができたり、定期の範囲を設定できるのも便利です。,楽楽精算というシステム名が、すごくチープなシステムのように思えてしまい残念です。（実際はとても便利で仕様等も問題ないシステムです。）,前社は経費精算システムに入力した申請書を紙で印刷し、領収書を添付し上司に申請、承認依頼を行っていたので、現在は依然に比べかなり事務時間が削減され精算が楽になりました。この口コミを詳しく見る,に出張時の交通費精算に利用しています。申請・承認がシステム上でスムーズにできますし、振込したい口座を自由に設定できたので便利です。乗車区間の料金検索ができたり、定期の範囲を設定できるのも便利です。楽楽精算の改善してほしい点楽楽精算というシステム名が、すごくチープなシステムのように思えてしまい残念です。（実際はとても便利で仕様等も問題ないシステムです。）楽楽精算導入で得られた効果・メリット前社は経費精算システムに入力した申請書を紙で印刷し、領収書を添付し上司に申請、承認依頼を行っていたので、現在は依然に比べかなり事務時間が削減され精算が楽になりました。
690,2022/09/19,請求書のペーパーレス化として、エンドユーザーに提案しております。クラウドサービスで、安価ということもあり導入しやすいと思います。,楽楽精算、楽楽明細など楽楽シリーズがすべて兼ね備わっているサービスがあればより良いと思います。宜しくお願いします。システムの不具合がありましたか？特にありません。,電子帳簿保存法の法改正の煽りを受けて、検討するユーザーが非常に多いと思います。インボイス制度にも一部対応出来そうです。,請求書ペーパーレス化を検討するなら導入をおすすめします。
691,2022/09/19,経路も検索できるので、覚えておく必要もなく、感覚的に使用できるので非常に便利です。コーポレートカードとの連携で自動反映なので、タクシーや新幹線などでも本当に楽できます。,現在の用途範囲では改善してほしい機能は特にありませんが、よく使う駅などの登録ができるとさらに便利に使えるように感じます。システムの不具合がありましたか？特に聞いていません,レシートや領収書の管理がなくなり、わざわざ経理に書類を提出することもないので、利用者と集計者どちらにも利があると感じます。導入してもトレードオフする削減効果が高いと感じます,とにかく便利。全員が楽になるシステム
692,2022/09/19,経費精算の際にわざわざ決裁者と直接コミュニケーションを取る必要がなく、管理画面上ですべて申請までのフローが完結しているのが良い点だと感じる。,経費精算のために領収書をアップする際にPDF形式でしかアップができず、スマホで撮ってPCで確認可能なコミュニケーションツールに送った後にPDF化する、というのが少し面倒に感じる。また、たまに領収書の文字の読み込み精度が良くないタイミングがある。（会社名が異なって読み込まれる、等）,今の仕事において業務の効率化は最大の取り組み課題・目標になるため、工数・時間削減が一番のメリットだと感じています。実際に中間管理職になってからは経費精算を行う機会も多く、数が多くなればなるほど領収書の管理も面倒になってくるが、領収書の文字読み取り機能や交通費計算の際の運賃反映はひとつの申請に対して少なくとも2~3分程度削減できている印象があり、それだけで月1時間は時間を創出できているかと思います。この口コミを詳しく見る,際にわざわざ決裁者と直接コミュニケーションを取る必要がなく、管理画面上ですべて申請までのフローが完結しているのが良い点だと感じる。楽楽精算の改善してほしい点経費精算のために領収書をアップする際にPDF形式でしかアップができず、スマホで撮ってPCで確認可能なコミュニケーションツールに送った後にPDF化する、というのが少し面倒に感じる。また、たまに領収書の文字の読み込み精度が良くないタイミングがある。（会社名が異なって読み込まれる、等）楽楽精算導入で得られた効果・メリット今の仕事において業務の効率化は最大の取り組み課題・目標になるため、工数・時間削減が一番のメリットだと感じています。実際に中間管理職になってからは経費精算を行う機会も多く、数が多くなればなるほど領収書の管理も面倒になってくるが、領収書の文字読み取り機能や交通費計算の際の運賃反映はひとつの申請に対して少なくとも2~3分程度削減できている印象があり、それだけで月1時間は時間を創出できているかと思います。
693,2022/09/18,ファイルを取り込んだだけでどこの会社の明細と自動で読み取っていて、本当に名前の通り楽々精算で早く経理に申請できていい。,最初に入る時の項目？は会社が設定しているのかわからないがわかりづらいので、アイコンの大きさや柄で区別できないならせめてマウスの動き通り上から下に流れる画面にして欲しい。横にスクロールする画面は見えにくい。システムの不具合がありましたか？今のところなし,代わりに経費処理を回される事が多かったが、楽々精算になってからは各々がしてくれるようになったため、目に見えて負担が減った。この口コミを詳しく見る,取り込んだだけでどこの会社の明細と自動で読み取っていて、本当に名前の通り楽々精算で早く経理に申請できていい。楽楽精算の改善してほしい点最初に入る時の項目？は会社が設定しているのかわからないがわかりづらいので、アイコンの大きさや柄で区別できないならせめてマウスの動き通り上から下に流れる画面にして欲しい。横にスクロールする画面は見えにくい。システムの不具合がありましたか？今のところなし楽楽精算導入で得られた効果・メリット代わりに経費処理を回される事が多かったが、楽々精算になってからは各々がしてくれるようになったため、目に見えて負担が減った。
694,2022/09/18,交通費を申請する時にそのアプリ内に乗り換え案内がついているのが地味に便利。アプリを使い分けしなくていいだけでも時間の効率化を図れる。,便利ではあるが、交通費の申請をする時に乗り換えをひとつひとつ入力しなければならないこと。何行かに分けるのが少し面倒くさいかもしれない。システムの不具合がありましたか？なし,今まではパソコンで申請かつそれを印刷すて事務に提出しなければいけなかったので、事務の方のタイミングなどを伺うなど気を遣うこともあったが、PCで申請のみなので楽になった！,紙媒体が面倒くさいと感じている方におすすめ！
695,2022/09/18,会社にもよると思うが、交通費、出張、経費全てに申請及び精算が必要なため、全て分けて申請することができるところが非常に使いやすい。,領収書の添付の際に、１つ１つ登録してからでないと添付できないのが不便に感じる。そのままファイルに添付できる仕様にして頂けると、より利用しやすくなるかなと思います。,交通費、出張、経費を分けて申請・精算ができるので自身の経費に対する意識を高めることができる。また管理者も各ジャンルに分けて申請が来るので管理しやすいかと思います。この口コミを詳しく見る,ると思うが、交通費、出張、経費全てに申請及び精算が必要なため、全て分けて申請することができるところが非常に使いやすい。楽楽精算の改善してほしい点領収書の添付の際に、１つ１つ登録してからでないと添付できないのが不便に感じる。そのままファイルに添付できる仕様にして頂けると、より利用しやすくなるかなと思います。楽楽精算導入で得られた効果・メリット交通費、出張、経費を分けて申請・精算ができるので自身の経費に対する意識を高めることができる。また管理者も各ジャンルに分けて申請が来るので管理しやすいかと思います。
696,2022/09/18,最近楽楽が導入されました。よくCMで見るけどどうなんだろうと思いながら使いましたが、他電車アプリでいちいち確認することもなく、ある程度欲しい機能が既に備わっていてシステムが素晴らしいと思いました。領収書を台紙にのりで貼り付ける作業が、もういらない！これだけでとても楽！なにより、家でもスマホひとつで簡単に申請、承認までしてもらえるシステムというのが良いです。経理に向かい出さなくて良い(アナログすぎますね)ペーパーレスですし(環境にもいい)、導入してくれてよかったと思います。,慣れてしまえば、以前より格段に使いやすいものですが、しいていうならスマホアプリの画面がパソコンの画面に似た感じなので見づらい…。こうなると、歳上の方などはやはりやりづらいと言っていて、もうすこし見やすく改善してもらえると更に良いかもしれない。システムの不具合がありましたか？今のところ私はないです。,今のシステムを使う前は特に、出張や外出が多い月は領収書をまとめて保管しておくことが大変で、時にはなくしたりもしてしまったことが、電子化に変わることによって昔ながらの作業がいらなくなる、イコール、間違いも格段に無くなりました。,なにより無駄な紙の提出もなくなること、利用者自身導入されてよかったと思うし楽になるので導入おすすめです。
697,2022/09/18,会社の出張や経費の精算について、非常に簡単に処理が出来るので業務効率化が図れます。特に、交通費の金額等も自動計算される点に関しても、大変助かっております。,現段階では非常に使いやすくて利便性の高いと思いますが、領収書関係の書類もパソコン上で申請が可能になると、より良いサービスになると思います。システムの不具合がありましたか？今の所、サービスの不具合やトラブルは一切ありません。,仕事上で必要である経費関係の申請が全て、楽楽精算上で完結出来るので、慣れてしまえばストレス無く、誰でも簡単に手軽に利用可能であると思います。,会社の経費関係全般は楽楽精算で全て完結出来るのでオススメのサービスです。
698,2022/09/18,交通費申請の際に、乗車駅と降車駅を入れると、乗換案内がでてきて、ルートと金額が1発で入力できて便利です。,交通費を申請する際、電車とバスを一緒に申請できたらいいなとおもいます。また、レシートを画像で提出できる機能があると便利かと思います。システムの不具合がありましたか？とくになし,紙などで申請すると後でやろうとして、申請を忘れがちですが、携帯からもすぐに申請ができ、申請漏れを防ぎスムーズに申請を、行うことができます。この口コミを詳しく見る,の際に、乗車駅と降車駅を入れると、乗換案内がでてきて、ルートと金額が1発で入力できて便利です。楽楽精算の改善してほしい点交通費を申請する際、電車とバスを一緒に申請できたらいいなとおもいます。また、レシートを画像で提出できる機能があると便利かと思います。システムの不具合がありましたか？とくになし楽楽精算導入で得られた効果・メリット紙などで申請すると後でやろうとして、申請を忘れがちですが、携帯からもすぐに申請ができ、申請漏れを防ぎスムーズに申請を、行うことができます。
699,2022/09/18,定期や出張の交通費申で使用、駅すぱあとと連携しているため交通費精算が区間を操作するだけで簡単に正確な交通費を割り出せた,路線図および時刻表から情報を引っ張れるのは書いた通りだが時間帯指定できない。定期申請で５通りぐらい候補出るが最安優先が第一候補出てくるためとんちんかんな経路ででることもしばしば、検索した時刻も引っ張ってくれると有難い,SEとして顧客への訪問が多いので、当該製品利用で月に１時間以上は時間の削減につながったかと思います。前いた会社では自分が移動した経路をExcelなどに記入し、申請とExcelなどの提出が必須となり、二重の手間が掛かっていたので。この口コミを詳しく見る,の交通費申で使用、駅すぱあとと連携しているため交通費精算が区間を操作するだけで簡単に正確な交通費を割り出せた楽楽精算の改善してほしい点路線図および時刻表から情報を引っ張れるのは書いた通りだが時間帯指定できない。定期申請で５通りぐらい候補出るが最安優先が第一候補出てくるためとんちんかんな経路ででることもしばしば、検索した時刻も引っ張ってくれると有難い楽楽精算導入で得られた効果・メリットSEとして顧客への訪問が多いので、当該製品利用で月に１時間以上は時間の削減につながったかと思います。前いた会社では自分が移動した経路をExcelなどに記入し、申請とExcelなどの提出が必須となり、二重の手間が掛かっていたので。
700,2022/09/18,web上で精算を完了できるのは良い。領収書も電子的に添付できるので、完全なペーパーレスを実現できる。,機能は十分と思うが、操作性は良いとは言えない。直感的に操作すると思ったように動かず苦労した。慣れの問題もあるとは思う。,紙の領収書の提出、管理が不要で手間と資源を低減出来る。システム自体の動作は軽量で、操作感に慣れさえすれば素早く申請できて、工数低減出来ると思う。この口コミを詳しく見る,精算を完了できるのは良い。領収書も電子的に添付できるので、完全なペーパーレスを実現できる。楽楽精算の改善してほしい点機能は十分と思うが、操作性は良いとは言えない。直感的に操作すると思ったように動かず苦労した。慣れの問題もあるとは思う。楽楽精算導入で得られた効果・メリット紙の領収書の提出、管理が不要で手間と資源を低減出来る。システム自体の動作は軽量で、操作感に慣れさえすれば素早く申請できて、工数低減出来ると思う。
701,2022/09/17,経費精算の入力するページにおける経費種類の選択肢も充実していて、入力していく項目も使いやすく良かったです。,特にないのですが、唯一、経費の種類など入力していくページの入力欄が結構小さいので、入力欄が横並びより縦並びの方が見やすいかもしれないです。システムの不具合がありましたか？特にありません。,やはり紙での処理がとても軽減されている点です。まとめて入力したものを1枚印刷して提出しているので、スピーディーに済んでいます。,作業のスピードが上がります。
702,2022/09/17,これまでは経費精算の際に、上司から承認をもらうのに紙が必須でしたが、このサービス上で処理できるようなった。,UIやUXはいまいちだと思います。見た目がダサいです。これからの改善に期待しています。そのほかは特に不満ありません。,社歴の長い会社なので基本的に全てが紙文化でした。新型コロナウイルスによりテレワークを推進する中で、経費精算のためだけに出社することもありましたが、このサービスを導入したことにより、家からでも経費精算が可能になりました。この口コミを詳しく見る,経費精算の際に、上司から承認をもらうのに紙が必須でしたが、このサービス上で処理できるようなった。楽楽精算の改善してほしい点UIやUXはいまいちだと思います。見た目がダサいです。これからの改善に期待しています。そのほかは特に不満ありません。楽楽精算導入で得られた効果・メリット社歴の長い会社なので基本的に全てが紙文化でした。新型コロナウイルスによりテレワークを推進する中で、経費精算のためだけに出社することもありましたが、このサービスを導入したことにより、家からでも経費精算が可能になりました。
703,2022/09/17,アプリを使って領収書を撮影すると、自動で店名や料金が読み込まれるので、いちいち手入力しなくて良い点。,同じ店名の領収書が複数枚あることが多いので、店名や金額が同じ場合に内訳を自動入力できるとさらに良い。,今まで手入力で経費精算をしていたため、時間がかかるのと金額等の入力ミスが多くなっていたが、こちらの製品を使うとある程度自動入力してくれるため、ミスも減り時間も大幅に短縮できた。この口コミを詳しく見る,って領収書を撮影すると、自動で店名や料金が読み込まれるので、いちいち手入力しなくて良い点。楽楽精算の改善してほしい点同じ店名の領収書が複数枚あることが多いので、店名や金額が同じ場合に内訳を自動入力できるとさらに良い。楽楽精算導入で得られた効果・メリット今まで手入力で経費精算をしていたため、時間がかかるのと金額等の入力ミスが多くなっていたが、こちらの製品を使うとある程度自動入力してくれるため、ミスも減り時間も大幅に短縮できた。
704,2022/09/17,操作が簡単でとてもわかりやすいです。承認ルートも各人ごとに設定できて、領収書なども電子データでアップすればよいので、手間がかからずストレスフリーです。,公共交通機関のルート検索をする際に、一般的でない経路が出てくることがあるので、これがなくなるともっとよい。システムの不具合がありましたか？特になし,出張のたびに経理に紙で経費申請していたが、パソコンで申請でき、スピーディーに処理されるので精算が省力化、迅速化した。,操作も簡単です
705,2022/09/17,このサービスを約半年程度使っています。楽楽精算に変えてから経費精算の時間が以前の半分程度になり、後から見返す際も見やすいので非常に助かっています。,改善してほしい点は一つです。領収書を添付した際に証票にチェックマークを入れますが、あの作業を自動にして欲しいです。,利用者側の意見ですが時間の創出ができました。普段忙しい中で経費精算の時間はなるべく短い方がいいため時間ができるのはありがたいです。朝の数分を使えば経費精算ができるため助かっています以前利用していた製品の解約理由導入に携わっていないのでわからないこの口コミを詳しく見る,スを約半年程度使っています。楽楽精算に変えてから経費精算の時間が以前の半分程度になり、後から見返す際も見やすいので非常に助かっています。楽楽精算の改善してほしい点改善してほしい点は一つです。領収書を添付した際に証票にチェックマークを入れますが、あの作業を自動にして欲しいです。楽楽精算導入で得られた効果・メリット利用者側の意見ですが時間の創出ができました。普段忙しい中で経費精算の時間はなるべく短い方がいいため時間ができるのはありがたいです。朝の数分を使えば経費精算ができるため助かっています以前利用していた製品の解約理由導入に携わっていないのでわからない
706,2022/09/17,入社前の健康診断の費用精算で使用しました。在宅ワーカーにとって、遠方からでも郵送などの手間がなく、申請できてとても助かりました。,会社から特に使い方の説明がなかったこともありますが、初見では使いにくそうな印象を受けるデザインでした。入力をするところにカーソルを合わせたとき、吹き出しなどが表示されて説明してくれたりすると初めて使う人も迷わないと思いました。,遠方に住む在宅ワーカーでも、郵送でのやり取りがなく、経費精算ができる点は大きなメリットに感じました。在宅ワークが増えている昨今、こういったツールはなくてはならないと感じました。この口コミを詳しく見る,康診断の費用精算で使用しました。在宅ワーカーにとって、遠方からでも郵送などの手間がなく、申請できてとても助かりました。楽楽精算の改善してほしい点会社から特に使い方の説明がなかったこともありますが、初見では使いにくそうな印象を受けるデザインでした。入力をするところにカーソルを合わせたとき、吹き出しなどが表示されて説明してくれたりすると初めて使う人も迷わないと思いました。楽楽精算導入で得られた効果・メリット遠方に住む在宅ワーカーでも、郵送でのやり取りがなく、経費精算ができる点は大きなメリットに感じました。在宅ワークが増えている昨今、こういったツールはなくてはならないと感じました。
707,2022/09/17,申請者にとって、出先の電車や新幹線の中などでも領収証を撮影してモバイルから精算手続きができたり、上長の決裁や承認がツール上で可能な点が非常に便利。,領収証の読み込み可能な文字数に制限がある点。また、モバイルのアプリとWEB版でやや勝手が異なるので、統一感のあるUIにしてほしい。,経理としてはツールから出力したデータを会計システムに取り込めるという点や、事前に登録された定期券経路を控除した交通費の自動計算が可能という点が実務上助かっている。特に後者の確認はかなり手間のかかる作業だったため、大いに業務効率が改善した。以前利用していた製品の解約理由エクセルの経費精算書を所定様式として利用していたが、業務が煩雑だったこの口コミを詳しく見る,って、出先の電車や新幹線の中などでも領収証を撮影してモバイルから精算手続きができたり、上長の決裁や承認がツール上で可能な点が非常に便利。楽楽精算の改善してほしい点領収証の読み込み可能な文字数に制限がある点。また、モバイルのアプリとWEB版でやや勝手が異なるので、統一感のあるUIにしてほしい。楽楽精算導入で得られた効果・メリット経理としてはツールから出力したデータを会計システムに取り込めるという点や、事前に登録された定期券経路を控除した交通費の自動計算が可能という点が実務上助かっている。特に後者の確認はかなり手間のかかる作業だったため、大いに業務効率が改善した。以前利用していた製品の解約理由エクセルの経費精算書を所定様式として利用していたが、業務が煩雑だった
708,2022/09/16,実は以前にも利用していて乗り換えたのですが、また戻ってきた次第です。申請してしまえば領収書の保管が不要なことは非常に魅力的です。,強いて言えば、領収書にわざわざ日付をかかないといけないことが若干手間です。特に営業のような移動の多い職種だと余計に感じてしまいます。,営業は限られた時間の中で最大限活動するにはどうしたらいいかを常に考えています。その為、携帯から領収書の写真を撮ってすぐに申請できることは締め日に慌てることがないので、経費申請に対して今まで持っていた億劫な気持ちがなくなりました。以前利用していた製品の解約理由経費申請していない人に通知がいかないので経費申請を忘れることがあり、全員が揃わないと経費がおりず数ヶ月経費が返ってこないことがあった為。,経費申請漏れは間違いなく減ります。
709,2022/09/16,カメラを使った自動データ取り込みや自動仕訳により、手入力と比べて大幅な時間節約やコストカットが可能になりました。クラウドサービスを採用しているので、データ管理が容易なのも良いです。CMを観たことがある人も多いと思いますが、知名度が高いだけあってサポート体制も万全でとても安心できます。,初期設定が多少複雑でした。とても便利なOCR機能ですが、スマホのカメラ性能によっては読み取りに手間取ってしまうことがありました。ただし最近の機種なら全く問題はないです。システムの不具合がありましたか？現在まで不具合やトラブルなどは一切ありません。,従来だとどうしても紙の資料を確認する必要がありましたが、楽楽精算を利用することでWeb上で業務が完結するようになり、とても作業効率が上がりました。以前利用していた製品の解約理由期待した費用対効果が得られなかった。,業務負担を軽減でき、コストカットも行える最高のツールです！
710,2022/09/16,会社の経費精算や出張手当、交通費の申請に使用しています。見やすいインターフェイスのおかげで迷うことなく目的の事務処理を行うことができます。,繰り返し入力するような、頻度の高い精算処理を手軽に行えると助かります。事務処理に時間をかけたくありません。,素早く事務処理をこなす事が出来るので、時間を取られることはないでしょう。また、煩わしい事務処理をストレスなく処理できます。この口コミを詳しく見る,精算や出張手当、交通費の申請に使用しています。見やすいインターフェイスのおかげで迷うことなく目的の事務処理を行うことができます。楽楽精算の改善してほしい点繰り返し入力するような、頻度の高い精算処理を手軽に行えると助かります。事務処理に時間をかけたくありません。楽楽精算導入で得られた効果・メリット素早く事務処理をこなす事が出来るので、時間を取られることはないでしょう。また、煩わしい事務処理をストレスなく処理できます。
711,2022/09/15,領収書をスキャンしてPDFファイルにしたものを読み込むと日付・金額・何に利用したかを自動で入力してくれます。そのデータをもとにどのような経費かを選択するだけで申請ができます。また、そのどのような経費かの項目もよく利用するものはピン止めできるので慣れると申請作業は1分以内で行うことができるようになります。,領収書をPDF化して読み込みが自動なのは便利ですが、問題はそのPDF化を1枚1枚行わないといけないためこれを一度にまとめて数枚ずつスキャンできるようにして貰えるとさらに効率的に申請が行えます。,承認作業まではペーパーレスで行うことができます。また、領収書をスキャンしているので紛失の心配がありません。使い方としても無駄が少ないためすぐに使いこなせるようになります。以前利用していた製品の解約理由領収書を手入力していたため、領収書データの保管がされていなかったため,スキャンで入力作業が省けるのは他の清算システムとの大きな違いだと思います。
712,2022/09/15,これまでエクセルを印刷して判を押して提出していた面倒な作業がデジタル化されたことで手間も時間も短縮した。,最寄りの駅を探すのにいつも時間がかかってしまうので（簡単な方法があるのかも知らないが）便利になるとうれしい。システムの不具合がありましたか？今のところなし。,出張や交通費精算にかかる手間や時間が明らかに短縮されたと思う。経理の担当者が行ったりきたりすることもなくなったので、良いと思う。,よい製品だとおもいます。
713,2022/09/13,フルリモートワークで遠隔地から会社に勤務していると、精算を直接、会社でやるのはかなり難しいです。このツールを使用すれば、そんな悩みが解決されます。UIもシンプルで導入のハードルも高くないと思います。,画面の切り替えがモーダル？のような感じで次々ページが開かれていくのが少し不便に感じます。設定を変えられたらいいのになと思います。システムの不具合がありましたか？特にありません。,毎月、経費の精算がWebで完結するので費用対効果はかなりでかいかなと思います。また、コロナ禍になって気軽に会社へ足を運ぶことがないので、簡単に精算できて助かっています。,リモートワークをしているなら絶対にあった方がいい！
714,2022/09/12,ユーザーとしては簡単に経費精算の入力ができ、承認作業もマニュアル等不要で実行できました。直感的に操作できるので、年配の社員でも問題なく操作できたことが良い点です。,もう少し備考や注意事項、ポップアップが分かりやすく出るようになると有難いです。また乗り換え案内との連携がもう少しスピードアップすると良いです。システムの不具合がありましたか？特に不具合はありませんでした。,小口現金担当者は毎週個別に小口現金を用意し出金作業をしていたのが、ほとんどゼロになったので、1人あたり月で40時間程度の作業減となりました。また、数字では表しづらいですが、現金紛失や金額が合わないといったリスクもなくなったので、部署の管理者としては有難いです。,ユーザーとしては使いやすいので、あとは管理者側の設定と費用の問題だと思います。
715,2022/09/11,Web環境があれば時間や場所を気にせず経費の精算が行えます。申請データを作成する段階で勘定科目や部署が選択されるため、仕訳の起票など会計データへの落とし込みも容易になりました。,申請データを作るとき、使用頻度が高い明細は定型登録しておけるとデータの作成がスムーズになると感じます。特に電車やバスを利用した交通費はルートも金額もある程度決まっているため、定型データを呼び出すだけで明細が作れると工数の削減に繋がると感じます。,これまでは紙ベースで申請書を作り、直接現金を受け渡す形で経費精算を行っていました。このシステムを導入してからは申請されたデータをもとに口座に振込む形で処理できるようになったため、会計データとの連携はもちろん、現金管理を省くことにも繋がりました。この口コミを詳しく見る,があれば時間や場所を気にせず経費の精算が行えます。申請データを作成する段階で勘定科目や部署が選択されるため、仕訳の起票など会計データへの落とし込みも容易になりました。楽楽精算の改善してほしい点申請データを作るとき、使用頻度が高い明細は定型登録しておけるとデータの作成がスムーズになると感じます。特に電車やバスを利用した交通費はルートも金額もある程度決まっているため、定型データを呼び出すだけで明細が作れると工数の削減に繋がると感じます。楽楽精算導入で得られた効果・メリットこれまでは紙ベースで申請書を作り、直接現金を受け渡す形で経費精算を行っていました。このシステムを導入してからは申請されたデータをもとに口座に振込む形で処理できるようになったため、会計データとの連携はもちろん、現金管理を省くことにも繋がりました。
716,2022/09/08,交通費の精算が書類でなく、アプリにて行えるのがとても便利。経費が発生した直後、忘れないうちに申請が可能です。,申請の際に備考欄があちこち出てくるので、どこに記入をしたらいいのかいまいちわからず全てに記入してしまうので、一つにして欲しい。,煩わしい交通費精算が手軽にアプリで行えるので業務効率のアップに繋がる、申請忘れなども減り社員の満足度は上がると思う。この口コミを詳しく見る,算が書類でなく、アプリにて行えるのがとても便利。経費が発生した直後、忘れないうちに申請が可能です。楽楽精算の改善してほしい点申請の際に備考欄があちこち出てくるので、どこに記入をしたらいいのかいまいちわからず全てに記入してしまうので、一つにして欲しい。楽楽精算導入で得られた効果・メリット煩わしい交通費精算が手軽にアプリで行えるので業務効率のアップに繋がる、申請忘れなども減り社員の満足度は上がると思う。
717,2022/09/08,紙での記入が不要になり、申請が非常に簡単になった。過去の履歴も簡単に参照できるため、大幅な時間削減になっている。,領収書の登録ができないため、申請はウェブでできるが、完全に紙を使わないというわけにはいかない。領収書も取り込めてウェブ申請できるようにしてほしい。システムの不具合がありましたか？特になし,わざわざ経理課に連絡せずに申請できるため、申請作業が圧倒的に早くなった。部署ごとにアカウントを作成しているため、他の人の履歴も見られて、申請時の参考にすることができる。この口コミを詳しく見る,が不要になり、申請が非常に簡単になった。過去の履歴も簡単に参照できるため、大幅な時間削減になっている。楽楽精算の改善してほしい点領収書の登録ができないため、申請はウェブでできるが、完全に紙を使わないというわけにはいかない。領収書も取り込めてウェブ申請できるようにしてほしい。システムの不具合がありましたか？特になし楽楽精算導入で得られた効果・メリットわざわざ経理課に連絡せずに申請できるため、申請作業が圧倒的に早くなった。部署ごとにアカウントを作成しているため、他の人の履歴も見られて、申請時の参考にすることができる。
718,2022/09/08,エンドユーザーですが簡単に経費精算できます。前職では経費精算にオラクルを使用していましたが、使いにくくて辟易していました。今はストレスもなく経費精算できています。,困ったことはあまりないのですが、会社名（特に顧客先）半角カタカナで登録しないといけないのがちょっと面倒だなと思います。ただこれは社内の決定かもしれず、楽楽精算の仕様ではないかもしれません。システムの不具合がありましたか？とくにありません。,経費精算が他のシステムと比べると楽にできるので、エンドユーザー視点ではストレスフリーです。面倒だと思い先延ばしにすることがなくなりました。,簡単に経費精算できます。
719,2022/09/08,これまでは経費精算の申請書に大量のレシートを添付し経理担当者に提出するというアナログな精算フローだったが、これを導入することでシステム上で申請が可能になり、金額の誤りなども減って経費精算に費やす労力が大幅に削減された。,勘定科目や税率を自分で選択しなければならない為、経理の知識に乏しいスタッフではミスが目立つ。ある程度カテゴリ分けが出来たり、AIによる自動判別などが実現したら申請者側のストレスも減るのではないだろうか。,webを利用することで場所や時間を気にせず経費精算の申請が可能になる。特に現場で働くスタッフは経費精算のためだけに本社に寄らねばならなかったため、その無駄を削減できたことに関して喜んでいるスタッフが多かった。この口コミを詳しく見る,経費精算の申請書に大量のレシートを添付し経理担当者に提出するというアナログな精算フローだったが、これを導入することでシステム上で申請が可能になり、金額の誤りなども減って経費精算に費やす労力が大幅に削減された。楽楽精算の改善してほしい点勘定科目や税率を自分で選択しなければならない為、経理の知識に乏しいスタッフではミスが目立つ。ある程度カテゴリ分けが出来たり、AIによる自動判別などが実現したら申請者側のストレスも減るのではないだろうか。楽楽精算導入で得られた効果・メリットwebを利用することで場所や時間を気にせず経費精算の申請が可能になる。特に現場で働くスタッフは経費精算のためだけに本社に寄らねばならなかったため、その無駄を削減できたことに関して喜んでいるスタッフが多かった。
720,2022/09/08,精算書の作成、承認がペーパーレスでできるようになりました。勘定科目も自由に設定できて助かります。乗換案内機能など、ありがたい機能も。領収書もスキャナか携帯の写真でupできるので良いです。,管理者によって使い勝手がだいぶ左右される気がします。これは制作会社のせいではないのですが、勘定科目の種類や異動社員の情報など、リストの変更に合わせて自動で修正できるような機能があったらいいと思います。システムの不具合がありましたか？異動後の社員がいつまでも表示されていてちょっと邪魔でした。管理者の怠慢でしょうか。,紙を使わなくて良いので、回覧中に紛失したり、次の部署へ持っていく手間がなくなりました。どこで止まっているかも一目瞭然。大助かりです。承認者や精算者が不在でも代理申請・承認ができるのでとても便利です。,すべてWeb上で完結できるので、テレワークにも最適です。
721,2022/09/08,色々な経費の精算のために使用中です。主に出張や取引先への訪問時の交通費です。交通系ICをカードリーダーにかざすと利用した経路などの情報が自動で表示されるため便利です。,領収書読み込みの機能のさらなる進化を求めています。現状は、たまに自動で作成されるデータが間違っているためです。,入力する箇所が少なく、請求にかかる時間が短く済み業務を圧迫することが少ないです。電子帳簿保存法にも対応しているため「この請求書って捨てていいんだっけ、提出だっけ」と混乱することが減りました。この口コミを詳しく見る,の精算のために使用中です。主に出張や取引先への訪問時の交通費です。交通系ICをカードリーダーにかざすと利用した経路などの情報が自動で表示されるため便利です。楽楽精算の改善してほしい点領収書読み込みの機能のさらなる進化を求めています。現状は、たまに自動で作成されるデータが間違っているためです。楽楽精算導入で得られた効果・メリット入力する箇所が少なく、請求にかかる時間が短く済み業務を圧迫することが少ないです。電子帳簿保存法にも対応しているため「この請求書って捨てていいんだっけ、提出だっけ」と混乱することが減りました。
722,2022/09/08,Web上で経費精算手続きが完了（主に交通費精算で使用）するのに加え、自動的に定期券を保有している区間はチェックしてくれることで、交通費精算でのミスが減りました。,特にありませんが、定期券の使用区間を自分自身で入れる必要があるため、転勤や引越しがあった場合は社内の身上システムと連携があったりすると便利かなと思います。,経費精算においてミスを極小化できることから、バックオフィスと複数回やり取りするといったプロセスがなくなりました。また、従前は紙の申請書を使用していたため、こちらで入力したものを出力、バックオフィスで再入力という無駄なプロセスをなくせたことで業務の効率化につながっていると思います。この口コミを詳しく見る,経費精算手続きが完了（主に交通費精算で使用）するのに加え、自動的に定期券を保有している区間はチェックしてくれることで、交通費精算でのミスが減りました。楽楽精算の改善してほしい点特にありませんが、定期券の使用区間を自分自身で入れる必要があるため、転勤や引越しがあった場合は社内の身上システムと連携があったりすると便利かなと思います。楽楽精算導入で得られた効果・メリット経費精算においてミスを極小化できることから、バックオフィスと複数回やり取りするといったプロセスがなくなりました。また、従前は紙の申請書を使用していたため、こちらで入力したものを出力、バックオフィスで再入力という無駄なプロセスをなくせたことで業務の効率化につながっていると思います。
723,2022/09/07,経費精算などが楽にできること、また、ページなどが比較的分かり易いと感じました。申請した後に他の人から承認してもらうなど、システムが良くできています,もっと、モダン的なデザインが良いと思います。すごく、昔ながらのデザインで、最近の時代には似つかわしいと感じましたシステムの不具合がありましたか？特に不具合が起きたことはありません。,今までは紙でやって送ったり、ハンコをいただいていたものが、ウェブで申請、承認などをできるようになり、申請側と受理側のそれぞれの業務の効率化につがったと思います。この口コミを詳しく見る,どが楽にできること、また、ページなどが比較的分かり易いと感じました。申請した後に他の人から承認してもらうなど、システムが良くできています楽楽精算の改善してほしい点もっと、モダン的なデザインが良いと思います。すごく、昔ながらのデザインで、最近の時代には似つかわしいと感じましたシステムの不具合がありましたか？特に不具合が起きたことはありません。楽楽精算導入で得られた効果・メリット今までは紙でやって送ったり、ハンコをいただいていたものが、ウェブで申請、承認などをできるようになり、申請側と受理側のそれぞれの業務の効率化につがったと思います。
724,2022/09/07,よく使う電車などお気に入り登録ができて、いちいち入力しなくていい点がよかった。また、自動で手当の計算をしてくれる点がよかった。,エビデンスの添付を事前に別画面でしないといけなくて、申請する画面にて、エビデンスの添付ができたらいいなと思ったシステムの不具合がありましたか？特にありません。,携帯からでも申請、承認ができるので、移動中などにも手軽にできるので、帰社した時に、本来の仕事に集中ができている。この口コミを詳しく見る,車などお気に入り登録ができて、いちいち入力しなくていい点がよかった。また、自動で手当の計算をしてくれる点がよかった。楽楽精算の改善してほしい点エビデンスの添付を事前に別画面でしないといけなくて、申請する画面にて、エビデンスの添付ができたらいいなと思ったシステムの不具合がありましたか？特にありません。楽楽精算導入で得られた効果・メリット携帯からでも申請、承認ができるので、移動中などにも手軽にできるので、帰社した時に、本来の仕事に集中ができている。
725,2022/09/06,大量に発生する領収書の管理がしやすくなり、作業の効率が上がった点。職業柄、社員全体の交際費や交通費精算回数が多いため、紙での管理には時間がかかった。電子管理になったことで、経理の人の作業時間短縮に繋がっている。,初期の設定が難しかったと聞く。経理担当者が会社に1人しかいないため、設定も任せてしまったのだが、担当者がITに慣れておらず導入に時間がかかった。,経理担当者の精算管理の業務量が減り、他の業務にかける時間が増えたと聞く。特に、会議費が5000円超えた場合に交際費へと変換してくれる機能が他社との交流機会の多い自社に向いている。この口コミを詳しく見る,する領収書の管理がしやすくなり、作業の効率が上がった点。職業柄、社員全体の交際費や交通費精算回数が多いため、紙での管理には時間がかかった。電子管理になったことで、経理の人の作業時間短縮に繋がっている。楽楽精算の改善してほしい点初期の設定が難しかったと聞く。経理担当者が会社に1人しかいないため、設定も任せてしまったのだが、担当者がITに慣れておらず導入に時間がかかった。楽楽精算導入で得られた効果・メリット経理担当者の精算管理の業務量が減り、他の業務にかける時間が増えたと聞く。特に、会議費が5000円超えた場合に交際費へと変換してくれる機能が他社との交流機会の多い自社に向いている。
726,2022/09/06,従来は表計算ソフトで精算処理を行ってましたが、楽楽精算を導入してからは、費目も選択式で分かり易く、クラウドなのでリモートでも精算できるようになり、とても便利になりました。,特にありませんが、フォントがたまに見づらいと感じることがあります。またＯＣＲ機能で領収書などのデータを取り込めると良いです。,経費精算がペーパレスになったことで、経費精算のためだけに出社する手間がなくなりました。計算ミスなどもなくなりました。この口コミを詳しく見る,算ソフトで精算処理を行ってましたが、楽楽精算を導入してからは、費目も選択式で分かり易く、クラウドなのでリモートでも精算できるようになり、とても便利になりました。楽楽精算の改善してほしい点特にありませんが、フォントがたまに見づらいと感じることがあります。またＯＣＲ機能で領収書などのデータを取り込めると良いです。楽楽精算導入で得られた効果・メリット経費精算がペーパレスになったことで、経費精算のためだけに出社する手間がなくなりました。計算ミスなどもなくなりました。
727,2022/09/06,部門別や項目別に費用計上が出来る点、承認確認及び修正に関しても、タイムリーに出来て非常に良いと思います。,現状として費用項目が分類されている点。例えば出張と経費・接待費と申請が別々になっている点をひとまとめに精算できると非常に助かります。,伝票の記入が無くなった点と、一度本社へ送った後に修正などが発生すると対応等に非常に時間がかかる点や業務に支障がある点ですが、申請がシステムによりタイムリーに確認が行われるため、修正もその場で対応が出来る点。この口コミを詳しく見る,目別に費用計上が出来る点、承認確認及び修正に関しても、タイムリーに出来て非常に良いと思います。楽楽精算の改善してほしい点現状として費用項目が分類されている点。例えば出張と経費・接待費と申請が別々になっている点をひとまとめに精算できると非常に助かります。楽楽精算導入で得られた効果・メリット伝票の記入が無くなった点と、一度本社へ送った後に修正などが発生すると対応等に非常に時間がかかる点や業務に支障がある点ですが、申請がシステムによりタイムリーに確認が行われるため、修正もその場で対応が出来る点。
728,2022/09/06,初心者でも使えると思います。経理の人間は伝票、領収書等を紙で確認していたところからPDFでの確認となり、書類減、紙の節約等になると思います。,写メの読み取り精度が微妙なところと、原価の枠の割り当てが自動ではないので、申請者は手間が増えます。あらかじめの自動振分機能が欲しいです。,経理の方は処理が楽になったようです。又、紙の使用が減る様です。会社規模によりますが、経理の労働時間数削減が可能なのではないでしょうか。この口コミを詳しく見る,使えると思います。経理の人間は伝票、領収書等を紙で確認していたところからPDFでの確認となり、書類減、紙の節約等になると思います。楽楽精算の改善してほしい点写メの読み取り精度が微妙なところと、原価の枠の割り当てが自動ではないので、申請者は手間が増えます。あらかじめの自動振分機能が欲しいです。楽楽精算導入で得られた効果・メリット経理の方は処理が楽になったようです。又、紙の使用が減る様です。会社規模によりますが、経理の労働時間数削減が可能なのではないでしょうか。
729,2022/09/06,操作が直感的にできるので、担当者が交代しても引継ぎに時間がかかりません。画面レイアウトが見やすく、作業を続けていても目への負担が少ないように感じます。,コーポレートカードの紐づけ処理が複雑なこと。なかなか覚えられません。紙の領収書を読み通る機能があれば処理はさらに効率的になると思いますシステムの不具合がありましたか？CSVのインポートができないときがあります,精算業務が簡単かつ効率的にできるようになったので、本来の業務へ集中できるようになった。取引先も楽楽精算を利用しているので、小口現金処理も簡単。,ITセキュリティも心配無用で安心して利用できます。
730,2022/09/05,Web上で経費精算の承認を取ることができるので、承認するために出社するなどの非効率な業務をなくすことができました。,交通費の申請を承認する際、ICカード履歴のPDFと称号をする必要があるが、手間がかかるのでこれを機械化してほしい。システムの不具合がありましたか？ありません。,以前は承認するために出社するなど無駄な出社がありました。導入以降は申請者も承認者も無駄な通勤をなくすことができるので、業務効率化に繋がりました。,ITに疎い当社でもすぐに定着しましたので、定着するかどうか不安な企業には良いかもしれません。
731,2022/09/05,私は営業職ですので、交通費や出張費の申請が頻繁にありますが、楽々精算に変えて以降は劇的に精算業務が楽になりました。これまでは自分で交通機関と金額を計算してシステム入力していましたが、システムで経路検索してくれますし、承認ルートと進捗も見れるので、無駄な問い合わせもしなくなりました。,導入前から改善できていることが多く、正直あまりないのですが、あえて言うなら飛行機のLCC費用や特殊な料金設定も楽々精算上で調べることができれば、良いなぁとは思います。（難しいことはわかっていますが。。）システムの不具合がありましたか？1年以上使っていますが、特に不具合はないです。,交通費精算で計算ミスや経路ミスがなくなりました。これまでは本人が自分で調べて計算していましたが、楽々精算導入後はそのような作業が不要になったので、ミスもなく、非常に楽になりました。,交通費精算業務に手間を感じている会社は絶対導入した方が良いと思います。
732,2022/09/04,領収書をスマホで読み取るだけで、宛名や金額が自動で登録されるのは便利だと思いました。また、申請履歴をコピーして次回の申請時に再利用できるのも便利だと思いました。,改善点としては、申請履歴をコピーした際、いちいち日付を変更しなければならない点。コピーしたのちに、日付変更を1つ1つやるのではなく、複数ルートを選択して日付選択できるような機能があるといい。,以前は、パソコンを開いて領収書を登録するという作業が必要だったため、パソコンを開かない時間が多い場合に、申請し忘れが多かったが、スマホで領収書登録できることで、申請漏れが減った。この口コミを詳しく見る,マホで読み取るだけで、宛名や金額が自動で登録されるのは便利だと思いました。また、申請履歴をコピーして次回の申請時に再利用できるのも便利だと思いました。楽楽精算の改善してほしい点改善点としては、申請履歴をコピーした際、いちいち日付を変更しなければならない点。コピーしたのちに、日付変更を1つ1つやるのではなく、複数ルートを選択して日付選択できるような機能があるといい。楽楽精算導入で得られた効果・メリット以前は、パソコンを開いて領収書を登録するという作業が必要だったため、パソコンを開かない時間が多い場合に、申請し忘れが多かったが、スマホで領収書登録できることで、申請漏れが減った。
733,2022/09/04,今まで経費の精算が、Excelなどの申請ベースだっため、Webでの申請が可能、申請の承認ワークフローが整備される。と、利用者側としてはそれだけでも利便性が上がりました。,自社の制度上によるものかもしれませんが、GUIが直感的に操作できるとは言いがたいところです。便利ではあるものの、いかにもなGUIが気になります。システムの不具合がありましたか？今まで使用した中ではありません。,申請の押印作業などが明確にフロー化され、スムーズに処理されるのがよくわかります。また、わざわざ会社に出社して申請する必要がなくなったこともこのご時世ではありがたい限りです。,未導入の企業は是非。
734,2022/09/04,全てパソコンまたは携帯から申請が行えることです。項目も分かりやすく、どの項目で計上したら良いか悩まず申請することが出来ました。,導入されたばかりなので現状改善してもらいたい点は見つかってません。(前のシステムが悪すぎて良いところしかないため),今までは精算項目が分からず、申請書を出すまでに時間がかかっていました。申請書を出したあとも、プリントアウト→領収書の糊付け、郵送…と手間がとてもかかっていましたが、その手間が全て省かれたので助かりました。この口コミを詳しく見る,ンまたは携帯から申請が行えることです。項目も分かりやすく、どの項目で計上したら良いか悩まず申請することが出来ました。楽楽精算の改善してほしい点導入されたばかりなので現状改善してもらいたい点は見つかってません。(前のシステムが悪すぎて良いところしかないため)楽楽精算導入で得られた効果・メリット今までは精算項目が分からず、申請書を出すまでに時間がかかっていました。申請書を出したあとも、プリントアウト→領収書の糊付け、郵送…と手間がとてもかかっていましたが、その手間が全て省かれたので助かりました。
735,2022/09/04,以前は経理書類は昔ながらのレシートの張り付けでしたが、全てクラウド上での済ませれるのはかなり便利です。,とくに今のままでも十分に満足ですが、あまり操作に慣れてない年齢層への取説とかの充実があればなと思います。,まず月末の精算がかなり楽になりました。リモートワークを導入と同時にこの製品を導入しました。わざわざ会社に行かなくてかなり楽になりました。この口コミを詳しく見る,書類は昔ながらのレシートの張り付けでしたが、全てクラウド上での済ませれるのはかなり便利です。楽楽精算の改善してほしい点とくに今のままでも十分に満足ですが、あまり操作に慣れてない年齢層への取説とかの充実があればなと思います。楽楽精算導入で得られた効果・メリットまず月末の精算がかなり楽になりました。リモートワークを導入と同時にこの製品を導入しました。わざわざ会社に行かなくてかなり楽になりました。
736,2022/09/04,この製品導入までは経費精算は紙処理が主流だったため、処理に要する時間がかかりストレスを感じていました。そこでこの製品導入によって経費精算のデジタル化を導入。会計ソフトと連携することで、経費精算処理に係る時間短縮はもちろんのこと、処理負担の軽減にもつながりました。,改善してほしい点は現時点ではありません。導入してから約10ヶ月ほどですが、今のところ問題なく使っています。システムの不具合がありましたか？ありません。,経費精算のデジタル化により、テレワークでも対応できる点がメリットです。弊社では出張や立替といったケースが多いため、経費精算業務も増えていましたが、それがテレワークでも対応できるというのは非常にありがたいです。この口コミを詳しく見る,入までは経費精算は紙処理が主流だったため、処理に要する時間がかかりストレスを感じていました。そこでこの製品導入によって経費精算のデジタル化を導入。会計ソフトと連携することで、経費精算処理に係る時間短縮はもちろんのこと、処理負担の軽減にもつながりました。楽楽精算の改善してほしい点改善してほしい点は現時点ではありません。導入してから約10ヶ月ほどですが、今のところ問題なく使っています。システムの不具合がありましたか？ありません。楽楽精算導入で得られた効果・メリット経費精算のデジタル化により、テレワークでも対応できる点がメリットです。弊社では出張や立替といったケースが多いため、経費精算業務も増えていましたが、それがテレワークでも対応できるというのは非常にありがたいです。
737,2022/09/04,交通費の経路の確認が非常にシンプルで便利。またこの時代に合った時間と場所を気にせずどこでもデータ入力が可能な点。,もう少し見やすい仕様になれば更に使いやすくなるかなと。それ以外は特に目立った使いづらい点はありません。,一番は経路検索の時間が大幅に短縮できた点が１番大きかった。あとは、紙での証明書などが必要なくなったのもメリットにはなっている。この口コミを詳しく見る,路の確認が非常にシンプルで便利。またこの時代に合った時間と場所を気にせずどこでもデータ入力が可能な点。楽楽精算の改善してほしい点もう少し見やすい仕様になれば更に使いやすくなるかなと。それ以外は特に目立った使いづらい点はありません。楽楽精算導入で得られた効果・メリット一番は経路検索の時間が大幅に短縮できた点が１番大きかった。あとは、紙での証明書などが必要なくなったのもメリットにはなっている。
738,2022/09/03,画面が見やすく、誰でも使いやすい仕様になっていると思います。私はこのサービスを初めて利用しましたが、操作方法を教えてもらわずとも、直感的に利用ができています。,今のところは特に感じていません。動きが遅いということもないですし、便利だと思います。強いて言えば中小企業向けかと感じます。システムの不具合がありましたか？今のところは特にありません。,今まで交通費はエクセルにいちいち手打ちしてまとめており、面倒だったのですが、ICカードに紐付けることにより、自動で精算してくれるようになりました…。事務的負担が軽減され、本当に助かっています！この口コミを詳しく見る,すく、誰でも使いやすい仕様になっていると思います。私はこのサービスを初めて利用しましたが、操作方法を教えてもらわずとも、直感的に利用ができています。楽楽精算の改善してほしい点今のところは特に感じていません。動きが遅いということもないですし、便利だと思います。強いて言えば中小企業向けかと感じます。システムの不具合がありましたか？今のところは特にありません。楽楽精算導入で得られた効果・メリット今まで交通費はエクセルにいちいち手打ちしてまとめており、面倒だったのですが、ICカードに紐付けることにより、自動で精算してくれるようになりました…。事務的負担が軽減され、本当に助かっています！
739,2022/09/03,とにかく楽でスムーズです！領収書も画像添付でき、経理部とのやり取りもスムーズ。上長承認も全てWEB上で完結できるため、作業効率UP、業務短縮ができ、しかもはじめてのユーザーでも使いやすく満足しています。,一覧の履歴を閲覧する項目が少し小さく見づらいと感じることがありましたが、今では慣れて特に気になりません。システムの不具合がありましたか？特にありません。,このシステム導入までは経理部との紙のやり取りだった為、不備がある時の再提出や、出社しないと対応できなかった非効率感などが全て解決できました。在宅ワークが新しい日常となった今、なくてはならないツールだと感じます。この口コミを詳しく見る,でスムーズです！領収書も画像添付でき、経理部とのやり取りもスムーズ。上長承認も全てWEB上で完結できるため、作業効率UP、業務短縮ができ、しかもはじめてのユーザーでも使いやすく満足しています。楽楽精算の改善してほしい点一覧の履歴を閲覧する項目が少し小さく見づらいと感じることがありましたが、今では慣れて特に気になりません。システムの不具合がありましたか？特にありません。楽楽精算導入で得られた効果・メリットこのシステム導入までは経理部との紙のやり取りだった為、不備がある時の再提出や、出社しないと対応できなかった非効率感などが全て解決できました。在宅ワークが新しい日常となった今、なくてはならないツールだと感じます。
740,2022/09/03,クライアント情報と紐づく契約内容の管理、年間の売上予算管理から受注状況、経費までの実績管理が楽々精算上で簡潔できるうえ、カスタマイズ性も高く、自社システムとの連携なども便利に使えている。,カスタマイズ性が高い分しっかり設計して初期から作り込んでいかないと既存のデータを後で形を変えるなど意外と大変な印象がある。もちろん作り込むのに時間もかかるので、開発を容易にするプラグインなどが導入されるといいかも。,承認ルートが部署ごと、金額別などしっかり設定できて、管理側への通知もわかりやすい。ペーパーレス化によって、所在地の離れたグループ会社への資料提出なども紙でのやりとりがなくなったので無駄な移動や作業が無くなった。予算・実績管理もシステム上で確認でき、社内での情報共有も容易になった。この口コミを詳しく見る,ト情報と紐づく契約内容の管理、年間の売上予算管理から受注状況、経費までの実績管理が楽々精算上で簡潔できるうえ、カスタマイズ性も高く、自社システムとの連携なども便利に使えている。楽楽精算の改善してほしい点カスタマイズ性が高い分しっかり設計して初期から作り込んでいかないと既存のデータを後で形を変えるなど意外と大変な印象がある。もちろん作り込むのに時間もかかるので、開発を容易にするプラグインなどが導入されるといいかも。楽楽精算導入で得られた効果・メリット承認ルートが部署ごと、金額別などしっかり設定できて、管理側への通知もわかりやすい。ペーパーレス化によって、所在地の離れたグループ会社への資料提出なども紙でのやりとりがなくなったので無駄な移動や作業が無くなった。予算・実績管理もシステム上で確認でき、社内での情報共有も容易になった。
741,2022/09/03,これまで紙で提出していた大量の領収書を、写真に撮って送るだけにできるようになり、提出者も領収書を無くしたりしなくなったし、経理もデータ上で確認でき、わざわざ集計しなくても良くなった点,費目コードが多すぎてよくわからないのと、入力する項目が多すぎるので、もう少しシンプルな機能にして欲しいのと、マニュアルがあれば嬉しい。システムの不具合がありましたか？特になし,経理の人は月末に領収書整理に追われることなく定時で上がれるようになったこと。また、紙の領収書を保管する必要が無くなったことで、事務所の保管スペースにも空きが出た。,経理が紙の領収書に追われているような会社では費用対効果は圧倒的に楽楽精算がよい
742,2022/09/03,会社の経費精算で導入しています。わざわざ紙で証憑を提出する必要がなくなり、経理の人は大助かり、申請側も写真でアップするだけなので一瞬で完了して効率化が図れています。,弊社だけかもしれませんが、経費の科目と組織・部署が多いため、どの費目で経費を上げればいいのか、部署を探すのに若干苦労します。システムの不具合がありましたか？特になかったと思う。,証憑の電子保存ができるようになり、紙の領収書を保管する必要とその置き場がいらなくなった。経理の人がわざわざ紙を集めて紛失することもなくなった。,領収書のペーパーレス化、経理の効率化
743,2022/09/02,タイトル通りですが、スマートフォンからでもアプリをとって申請承認ができます。交通費精算など残タスクにすると、面倒なことが帰りの電車で完結します。,社内の機密情報などの入った、支払い依頼に関しては外から見れないのがネック。処理が出来ずとも、権限者に閲覧だけはさせてもらえると有り難い。,経費精算など本業として利益を生み出さない間接業務を徹底的に合理化することで、営業などに割く時間を取れるようになると思う。この口コミを詳しく見る,りですが、スマートフォンからでもアプリをとって申請承認ができます。交通費精算など残タスクにすると、面倒なことが帰りの電車で完結します。楽楽精算の改善してほしい点社内の機密情報などの入った、支払い依頼に関しては外から見れないのがネック。処理が出来ずとも、権限者に閲覧だけはさせてもらえると有り難い。楽楽精算導入で得られた効果・メリット経費精算など本業として利益を生み出さない間接業務を徹底的に合理化することで、営業などに割く時間を取れるようになると思う。
744,2022/09/02,ユーザーインターフェイスが直感的に使いやすく、よくある「次に何したらいいんだ？」と画面を探し回るようなことにならずストレスがなかった,楽々という名前の割には、必要な操作回数がまだまだ多く、もっと洗練させれば減らせる手間が多いように感じました。システムの不具合がありましたか？とくになかった,従来であれば請求書を申請書に貼って上司印もらって人事部に社内便送ってと手間でしたが、スキャンして必要事項入力すれば済むようになったのは末端社員も手間が減って助かっています。,末端社員は助かってます
745,2022/09/01,前までは紙媒体でその都度経費管理をし、手作業でパソコンのエクセルに打ち込んでいたものを、このシステム上で行うことで手間と時間の削減につながった。,唯一改善をして欲しいと言えば、初期に設定する所です。マニュアルやユーザー登録に時間がかかった気がします。システムの不具合がありましたか？特にありません。,このシステムにより手作業での業務負担が激減したので、他の業務を充実させることが出来た。経費の計算のミスも無くなり、残業も減りました。,手作業に比べ、ミスが無くなり効率よく仕事が出来ます！
746,2022/09/01,いままでの経費精算は手書きであったため、間違えることや、計算の見直しをしなければいけなかったが、これを導入したことにより、チェックも楽になった。,入力も簡単のため、特にないが、一度に多くの経費精算をすると、印刷をしたときに何枚もなるため、紙の枚数を減らすようになればなお良い。,経費精算をするのがいままでは億劫だったが、導入したことにより、ためることもなく、まめに精算をするようになった。この口コミを詳しく見る,経費精算は手書きであったため、間違えることや、計算の見直しをしなければいけなかったが、これを導入したことにより、チェックも楽になった。楽楽精算の改善してほしい点入力も簡単のため、特にないが、一度に多くの経費精算をすると、印刷をしたときに何枚もなるため、紙の枚数を減らすようになればなお良い。楽楽精算導入で得られた効果・メリット経費精算をするのがいままでは億劫だったが、導入したことにより、ためることもなく、まめに精算をするようになった。
747,2022/09/01,過去データをいつでも見る事もできるし、申請、承認といったプロセスを一元管理できるのは助かっています。,うちの会社だけかもしれませんが、何故か紙で経理部に提出しなければいけないという二重のフローがあり、正直このソフトのせいではありませんが、不便を感じています。,交通費精算でよく使う路線バス、電車を登録することができ、入力の手間が省けています。また交通系ICカードの読み取りも対応しているので、運賃を調べる手間がないのは、楽です。この口コミを詳しく見る,をいつでも見る事もできるし、申請、承認といったプロセスを一元管理できるのは助かっています。楽楽精算の改善してほしい点うちの会社だけかもしれませんが、何故か紙で経理部に提出しなければいけないという二重のフローがあり、正直このソフトのせいではありませんが、不便を感じています。楽楽精算導入で得られた効果・メリット交通費精算でよく使う路線バス、電車を登録することができ、入力の手間が省けています。また交通系ICカードの読み取りも対応しているので、運賃を調べる手間がないのは、楽です。
748,2022/09/01,今までは紙で回って来た書類を使って精算していたので、依頼だけされて紙が回ってこない…なんて事も。楽楽精算を使い始めてからはその様な事はありません。こちらで印刷して、仕訳して終わり。しかも自動で仕訳もほぼしてくれてあるので後はチェックするだけ(間違いもあるのでしっかり確認はしますが),文字が小さくて見づらいです。精算依頼が来たらポップアップが出るとかの機能が有れば良いなと思いました。あったのかもしれないけど、どこで設定すれば良いのか分かりませんでした。システムの不具合がありましたか？特にありませんでした。,仕訳にかかる時間が少なくなりました。また、今までは精算時に手書きで書いてもらっていた部分(どこに出張に行った、経路等)も打ち込む事ができるので、依頼する人も楽になったと思う。確認する作業も、仕訳が自動で入ったり、自動で計算してくれたり、様式の形式が統一されて見やすくなったり良い事づくめです。,複数部署がある様な会社でしたら、確実に楽になると思います。日々の細々した簡単な仕訳から解放されます。
749,2022/09/01,私の会社では昔ながらの方法で紙の書類をパソコンから印刷し、それに記入しレシートを張り提出するという流れでした。私はデジタルは凄く弱いのですがこちらの製品は特に難しい操作もなくレシートを写真で提出できるので、かさばらずにしかも事務所にわざわざ行くことなく完結できるのですごく助かりました！,特に改善してほしい点などはないのですが、文字がやや小さめ？な気がして大きく太くしていただけるとわかりやすく助かります！,やはりメリットはかさばらない、スピーディーで提出の為に時間を削られないのでその分仕事の時間を確保できることでしょうか、さらに単独で外回りをしているので事務所に戻る時間を気にしなくていいのはすごく楽です！デジタルが苦手で毛嫌いしていましたが、一回教えてもらうだけで理解できました。それぐらい簡単な仕組みです。この口コミを詳しく見る,は昔ながらの方法で紙の書類をパソコンから印刷し、それに記入しレシートを張り提出するという流れでした。私はデジタルは凄く弱いのですがこちらの製品は特に難しい操作もなくレシートを写真で提出できるので、かさばらずにしかも事務所にわざわざ行くことなく完結できるのですごく助かりました！楽楽精算の改善してほしい点特に改善してほしい点などはないのですが、文字がやや小さめ？な気がして大きく太くしていただけるとわかりやすく助かります！楽楽精算導入で得られた効果・メリットやはりメリットはかさばらない、スピーディーで提出の為に時間を削られないのでその分仕事の時間を確保できることでしょうか、さらに単独で外回りをしているので事務所に戻る時間を気にしなくていいのはすごく楽です！デジタルが苦手で毛嫌いしていましたが、一回教えてもらうだけで理解できました。それぐらい簡単な仕組みです。
750,2022/09/01,領収書をスマホアプリで写真を撮ると、自動的に購入先や金額が反映されるのは良いと思います。たまに変な変換されて登録されそうになるが、ちゃんと気をつけていれば問題なかったです。また、過去の伝票をコピーできるのは大変便利で、よく活用してます。,私は部署内で簡単な経理をしています。社員全員が各々、楽楽精算で精算書を作成しますが、必ず「これはどうやるの？」と質問が来て、「全然楽楽じゃない」と言われることがあります。まず、法人クレジットカードと紐付けるときは、税率が混在してても1本で紐付けをしないといけません。税率が異なっている場合は、その後に、マイナス計上をして、税率を変えてプラス計上をする流れです。これがかなり不評です。まだ、領収書をPDFにて楽楽精算に登録する際に、自動的に税率で分かれてしまう。それを修正するのが少し面倒ではあります。紙での精算に比べたら、断然便利ですが、選択する項目が多く、弊社の経理の問題かとおと思いますが要件が細かすぎて、差戻が多くあります。その際の修正などが多く、他の社員からは不評なんだと思います。,法人カードを使用すると、楽楽精算と紐付き、リストにあがるので、精算遅延を回避できるようになった。私は部署内の簡単な経理で、本社の経理ではないが、社員の法人カード使用履歴をみて、「早く精算して下さい」と管理できるようになり、精算遅延が0になったのはとてもメリットです。この口コミを詳しく見る,マホアプリで写真を撮ると、自動的に購入先や金額が反映されるのは良いと思います。たまに変な変換されて登録されそうになるが、ちゃんと気をつけていれば問題なかったです。また、過去の伝票をコピーできるのは大変便利で、よく活用してます。楽楽精算の改善してほしい点私は部署内で簡単な経理をしています。社員全員が各々、楽楽精算で精算書を作成しますが、必ず「これはどうやるの？」と質問が来て、「全然楽楽じゃない」と言われることがあります。まず、法人クレジットカードと紐付けるときは、税率が混在してても1本で紐付けをしないといけません。税率が異なっている場合は、その後に、マイナス計上をして、税率を変えてプラス計上をする流れです。これがかなり不評です。まだ、領収書をPDFにて楽楽精算に登録する際に、自動的に税率で分かれてしまう。それを修正するのが少し面倒ではあります。紙での精算に比べたら、断然便利ですが、選択する項目が多く、弊社の経理の問題かとおと思いますが要件が細かすぎて、差戻が多くあります。その際の修正などが多く、他の社員からは不評なんだと思います。楽楽精算導入で得られた効果・メリット法人カードを使用すると、楽楽精算と紐付き、リストにあがるので、精算遅延を回避できるようになった。私は部署内の簡単な経理で、本社の経理ではないが、社員の法人カード使用履歴をみて、「早く精算して下さい」と管理できるようになり、精算遅延が0になったのはとてもメリットです。
751,2022/08/28,これまでExcelで申請していたが、本システムを利用するようになってから、同じ区間の経路を記憶してくれて毎回同じ申請に時間を使わずに済むようになった。,入力誤り等があるとエラーが出るが、修正箇所がどこなのかたまにわからないことがあるため、そこが提示されるようになると嬉しい。,領収書を撮影して読み込ませるだけで自動で認識してくれるため、わざわざ入力する必要がなく移動中などの隙間時間に申請することができて時間の活用がしやすい。この口コミを詳しく見る,xcelで申請していたが、本システムを利用するようになってから、同じ区間の経路を記憶してくれて毎回同じ申請に時間を使わずに済むようになった。楽楽精算の改善してほしい点入力誤り等があるとエラーが出るが、修正箇所がどこなのかたまにわからないことがあるため、そこが提示されるようになると嬉しい。楽楽精算導入で得られた効果・メリット領収書を撮影して読み込ませるだけで自動で認識してくれるため、わざわざ入力する必要がなく移動中などの隙間時間に申請することができて時間の活用がしやすい。
752,2022/08/27,OCR機能も備わっており請求書や領収証の金額や取引先等が自動で入力されるため、申請者の金額入力ミスなどが減り、経理担当としては非常に助かっています。,支払依頼画面で、支払い金額に含まれる消費税額が表示されないところが不便と感じます。経理で請求書の金額が課税か非課税かを判断する際、楽楽精算上で税率◯%の表記よりも金額で表示された方が突合しやすいので...。また、同じく支払依頼で支払先を入力する際、手入力で入力できない（支払先マスタに登録のある支払先しか入力できない）ような仕様にしてほしいです。,支払先マスタや部門マスタを会計システムと連携できるため、会計システム側での仕訳作成の工数やミスの削減を実現することができました。以前利用していた製品の解約理由ジョブカン。会計システム(MF会計Plus)との連携を考慮してリプレイス。この口コミを詳しく見る,も備わっており請求書や領収証の金額や取引先等が自動で入力されるため、申請者の金額入力ミスなどが減り、経理担当としては非常に助かっています。楽楽精算の改善してほしい点支払依頼画面で、支払い金額に含まれる消費税額が表示されないところが不便と感じます。経理で請求書の金額が課税か非課税かを判断する際、楽楽精算上で税率◯%の表記よりも金額で表示された方が突合しやすいので...。また、同じく支払依頼で支払先を入力する際、手入力で入力できない（支払先マスタに登録のある支払先しか入力できない）ような仕様にしてほしいです。楽楽精算導入で得られた効果・メリット支払先マスタや部門マスタを会計システムと連携できるため、会計システム側での仕訳作成の工数やミスの削減を実現することができました。以前利用していた製品の解約理由ジョブカン。会計システム(MF会計Plus)との連携を考慮してリプレイス。
753,2022/08/25,営業の交通費、出張費等の計算に使用しております。経理の方にお聞きしたら、こちらのシステムを導入してから計算が楽になったそうです。特にスマホアプリが使用しやすいです。,パソコンでのシステムは使用しにくいです。少し字が小さめでしたり、どのセグメントで入力すればいいか等が最初わかりづらかったです。パスワードを忘れた際に、再発行をするのに経理の承認がいる部分も不便です。システムの不具合がありましたか？特にないです。,外出先でも、交通費の領収書等を写真でとったら、文字をスキャンできる。新幹線の中でも、スマホ1本で交通費計算処理できる点がいいと思いました。この口コミを詳しく見る,費、出張費等の計算に使用しております。経理の方にお聞きしたら、こちらのシステムを導入してから計算が楽になったそうです。特にスマホアプリが使用しやすいです。楽楽精算の改善してほしい点パソコンでのシステムは使用しにくいです。少し字が小さめでしたり、どのセグメントで入力すればいいか等が最初わかりづらかったです。パスワードを忘れた際に、再発行をするのに経理の承認がいる部分も不便です。システムの不具合がありましたか？特にないです。楽楽精算導入で得られた効果・メリット外出先でも、交通費の領収書等を写真でとったら、文字をスキャンできる。新幹線の中でも、スマホ1本で交通費計算処理できる点がいいと思いました。
754,2022/08/25,出張費、交通費精算や会食等その他精算など、同画面から選択して遷移できる為、操作が難しく無い点はメリットと考えます。,請求書や領収書等のエビデンスを添付する際に、各精算画面から一括で行えず（操作方法が分かっていない可能性もあり）ウィンドウを開いて閉じての回数が多い為そこが面倒くさい。システムの不具合がありましたか？特段ありません。,交通費といっても社内の規則上、複数パターンあったり、精算の手順が複雑だったのですが、本システムではそれぞれ使い分けが行える。,機能が豊富です。
755,2022/08/24,ペーパーレスでの運用ができる為、上長決裁、本社経理への申請、承認が遠隔でもスピーディーに行うことができる。,画面の表示、アイコンなのが若干古臭い為、見づらく新規の利用の際に若干戸惑ってしまう可能性があります。システムの不具合がありましたか？なし,経費の申請に関して、申請者、決裁者、管理者がそれぞれシームレスに進行していく為、本社が道外遠隔の場合もスピーディーに対応することができた。,正確でスピーディーな経費精算業務を実現できると思います。
756,2022/08/24,主に利用するのは交通費申請なのですが、使用頻度の高い路線ルートを登録する事が出来るため別の機会に申請する際の手間が省けて大変良いです。また、マニュアルが動画として見られるのが非常に珍しいかつ分かりやすいため、問い合わせすることがなくなりました。画面レイアウトも本当に必要最低限の表示なのにわかりやすく、操作も直感的に行えるため使用しやすく気に入っております。,領収書の添付がPDFの為、画像から変換する必要があり少々煩雑。また、添付方法も分かりずらい為その点もシンプルにして頂きたいです。システムの不具合がありましたか？特にありません。初期設定が少々手間取りました。,外部サイトで経路・交通費を調べて記入し申請という手間から開放されたほか、申請者によっては文字が崩れており数字の判別がしにくい事も多々ありましたが、そういった不安要素がなくなり正確性が向上しました。この口コミを詳しく見る,るのは交通費申請なのですが、使用頻度の高い路線ルートを登録する事が出来るため別の機会に申請する際の手間が省けて大変良いです。また、マニュアルが動画として見られるのが非常に珍しいかつ分かりやすいため、問い合わせすることがなくなりました。画面レイアウトも本当に必要最低限の表示なのにわかりやすく、操作も直感的に行えるため使用しやすく気に入っております。楽楽精算の改善してほしい点領収書の添付がPDFの為、画像から変換する必要があり少々煩雑。また、添付方法も分かりずらい為その点もシンプルにして頂きたいです。システムの不具合がありましたか？特にありません。初期設定が少々手間取りました。楽楽精算導入で得られた効果・メリット外部サイトで経路・交通費を調べて記入し申請という手間から開放されたほか、申請者によっては文字が崩れており数字の判別がしにくい事も多々ありましたが、そういった不安要素がなくなり正確性が向上しました。
757,2022/08/20,楽楽精算で、経費の精算が楽になりました。いままでは一個ずつ、紙に領収書をはりつけて、申請していたが、PCですぐに、出来てとても助かります。特に電車などの精算が楽です。,経費精算の項目がありすぎて、使い慣れるまでに時間がかかりました。取り扱い説明書などが、もうちょっとわかりやすければ助かります。システムの不具合がありましたか？トラブルはありません。,今迄経費精算が煩わしかったのですが、楽楽精算を導入してからはPCですぐに、申請できるので、業務の効率化になりました。特に会社に行かなくても精算出来るのは助かります。,経費の管理などがわかりやすい
758,2022/08/20,以前までは精算するためにパソコンで作成した書類を紙にして経理へ提出していた。紙にする必要なく経理へ提出できるようになり非常に便利。,改善点としては、ボタンの大きさが小さいように感じ、押し間違えをしてしまうことがあります。申請ができたことをメールなどで確認できると良いかも,ペーパーレス化したことにより、印刷などの手間が省け時間短縮につながった。年間で自分の精算した金額が的確に分かるので良いこの口コミを詳しく見る,精算するためにパソコンで作成した書類を紙にして経理へ提出していた。紙にする必要なく経理へ提出できるようになり非常に便利。楽楽精算の改善してほしい点改善点としては、ボタンの大きさが小さいように感じ、押し間違えをしてしまうことがあります。申請ができたことをメールなどで確認できると良いかも楽楽精算導入で得られた効果・メリットペーパーレス化したことにより、印刷などの手間が省け時間短縮につながった。年間で自分の精算した金額が的確に分かるので良い
759,2022/08/20,今までの経費精算だと領収書の管理が必要で、紛失すると手間がかかった。楽楽精算ではペーパーレス化できるので、領収書の管理が楽になった。,クレジットカードとの連携ができる点がいいが、レスポンスが少し遅い気がする。もう少し早いと月末の処理がしやすいと思う。,財務部の管理がしやすくなると思う。領収書の管理は人それぞれでやり方も異なっていた。統一化できるのはすごく楽になり、効率化できた。この口コミを詳しく見る,費精算だと領収書の管理が必要で、紛失すると手間がかかった。楽楽精算ではペーパーレス化できるので、領収書の管理が楽になった。楽楽精算の改善してほしい点クレジットカードとの連携ができる点がいいが、レスポンスが少し遅い気がする。もう少し早いと月末の処理がしやすいと思う。楽楽精算導入で得られた効果・メリット財務部の管理がしやすくなると思う。領収書の管理は人それぞれでやり方も異なっていた。統一化できるのはすごく楽になり、効率化できた。
760,2022/08/20,外資系の経費精算アプリはマニュアルを見ないと使い方がわからなかったが、楽楽精算は特に見なくても直感的に使える。,部下からの申請を承認者としても使用しているが、一度承認すると、承認履歴を見ることができない。過去の承認履歴を見れるようにしてほしい。システムの不具合がありましたか？トラブルは特にない。改善要望に記載したとおり、部下からの申請について、一度承認すると、後から見返すことができないくらい。,直感的に使用できるので、情報システム部門から使用者への説明コストが低くて済むと思う。また、運用開始後の問い合わせコストも低いと思う。,直感的に使えます！
761,2022/08/19,他のサイトを閲覧、検索せずに交通費の経路、金額が完了できます。定期経路分を自動で除外してくれるのもかなり楽。,普通に使いやすいのでそれほど気になる改善点はございません。しいて言うなら、タクシーを使った場合の金額入力欄がちょっと違和感を覚えます。,交通費精算の際の面倒な検索や計算などの大半の手間が省けます。領収書がなければペーパーレスで運用できる点も良く、承認側の手間はかなり削減されています。,簡単に精算できるツールです。
762,2022/08/18,従来では紙媒体で都度経費管理し、手作業でエクセルなどに打ち込んでいたものをこのシステム上で行うことで手間の削減につながった。,システムとしてはとても優れているが、初期設定にIT知識がかなり必要と感じ、会社でこれを使いこなせる人材が少なかった。もう少し説明書等充実させてほしい。,当時我社は経理部門に多くの経費がかかっており、経費削減に取り組まなければならなかったのだが、このシステムを導入して初期費用等システム費を考慮に入れても約400万円ほど経費削減でき、とても感謝している。この口コミを詳しく見る,媒体で都度経費管理し、手作業でエクセルなどに打ち込んでいたものをこのシステム上で行うことで手間の削減につながった。楽楽精算の改善してほしい点システムとしてはとても優れているが、初期設定にIT知識がかなり必要と感じ、会社でこれを使いこなせる人材が少なかった。もう少し説明書等充実させてほしい。楽楽精算導入で得られた効果・メリット当時我社は経理部門に多くの経費がかかっており、経費削減に取り組まなければならなかったのだが、このシステムを導入して初期費用等システム費を考慮に入れても約400万円ほど経費削減でき、とても感謝している。
763,2022/08/18,特に良かったと感じたところは、手入力のミスがすごく減ったことです。しかも仕分けデータも自動生成してもらえてすごく助かっています！,私が唯一困ったところは初期設定です。マニュアルやユーザー登録などと言った設定がすごく難しく、時間がかかってしまいました。システムの不具合がありましたか？チャットの返信が遅い時がある。,前は精算業務が溜まっていき、なかなか終わらず夜遅くまで仕事をすることが多かったのですが、この楽楽精算のおかげで時間が短縮され、ミスもかなり減らすことが出来ました。,このおかげで時間もミスも減らせます！
764,2022/08/17,交通費の精算や経費精算時の領収書が携帯アプリから撮影可能で経費処理の手間や時間を削減する事が出来る。,領収書の読み取り精度の向上や新幹線利用明細書などよく使うものを学習して欲しい。よく使う公共交通ルート保存などもあると精算しやすい。システムの不具合がありましたか？大きな不具合はありませんが承認が遅い人にシステムから促せると助かります。,コーポレートカードにて在来線を除く、新幹線や飛行機、交際費を支払っておりカード利用明細と領収書の紐付けが簡単に行えるので営業、管理共に業務が軽減された。特に管理部の軽減は大きく感謝しています。,システムを利用する事で都度、管轄上長が経費内訳が確認出来るので経費のあり方の見直しにも活用出来ます。
765,2022/08/17,会社での費用の精算にいつも使用させていただいておりますが簡単に請求できます。やりとりもスムーズになりました。,現状で凄く満足できるサービスなので現状維持をお願いいたします。もし実装できるなら文字読み取り機能で写真のみで請求できれば助かります。,少ない金額だと今まで請求が面倒でしてなかったのですが楽楽精算をとりいれてからは100円ショップでの購入でも請求するようになりました。この口コミを詳しく見る,用の精算にいつも使用させていただいておりますが簡単に請求できます。やりとりもスムーズになりました。楽楽精算の改善してほしい点現状で凄く満足できるサービスなので現状維持をお願いいたします。もし実装できるなら文字読み取り機能で写真のみで請求できれば助かります。楽楽精算導入で得られた効果・メリット少ない金額だと今まで請求が面倒でしてなかったのですが楽楽精算をとりいれてからは100円ショップでの購入でも請求するようになりました。
766,2022/08/17,現職で初めて使用しましたが、初心者でも比較的簡単に交通費が精算出来るため非常に使い勝手がよく、助かっています。,現状特に不満等はありませんが、もう少し乗り換え入力が省略出来るとありがたいです。何回か違う線で乗り換えをすると、その都度入力しなければいけないので手間だと感じる事は多少あります。システムの不具合がありましたか？現状不備なく使用出来ているので問題ありません。,弊社の場合、承認ルートが比較的に短いのですぐに精算完了通知が届くため凄く助かっています。支払日についても精算が完了すれば数日で確定するのでありがたいです。,初心者でも扱いやすいので、外回りで外出が多い方にはお勧めです。
767,2022/08/17,領収書の読み取り、自動入力の精度が高く、経費精算が本当に簡単になりました。なぜ経費精算だけこれまでアナログだったんだろうと今では不思議で仕方ないです。もう紙を使っての処理には戻れません。,モバイルPASMOが当たり前になってきている中で、iPhone13内のモバイルPASMOの読み取りができず、手入力をするしかなかったのが非常に困りました。業務効率化のために楽楽精算を使っているのでモバイルPASMO対応は早急にお願いしたいです。,これまで経費は領収書を紙に貼って、紙での申請、印鑑押印しての処理をしていたため、在宅勤務をしているとこのためだけに出社が必要でした。在宅勤務者や出張中の人、同部署の支社メンバーの経費精算もリアルタイムでできるようになり、本当にこれのおかげで働き方改革が進みました。この口コミを詳しく見る,み取り、自動入力の精度が高く、経費精算が本当に簡単になりました。なぜ経費精算だけこれまでアナログだったんだろうと今では不思議で仕方ないです。もう紙を使っての処理には戻れません。楽楽精算の改善してほしい点モバイルPASMOが当たり前になってきている中で、iPhone13内のモバイルPASMOの読み取りができず、手入力をするしかなかったのが非常に困りました。業務効率化のために楽楽精算を使っているのでモバイルPASMO対応は早急にお願いしたいです。楽楽精算導入で得られた効果・メリットこれまで経費は領収書を紙に貼って、紙での申請、印鑑押印しての処理をしていたため、在宅勤務をしているとこのためだけに出社が必要でした。在宅勤務者や出張中の人、同部署の支社メンバーの経費精算もリアルタイムでできるようになり、本当にこれのおかげで働き方改革が進みました。
768,2022/08/17,楽楽精算の仕訳データを編集して会計システムと連携したり、FBデータを銀行の振込システムと連携させて業務効率化を行なっている。,締日(20日)以降翌月末払いの伝票について、「支払予定日」が当月末に設定されてしまうため直したいので対応していただきたい。,社員の定期区間を登録することで、交通費の自動計算をしてくれる点は非常にメリットだと感じている。また、レイアウトがシンプルでわかりやすい所も非常に気に入っている。この口コミを詳しく見る,仕訳データを編集して会計システムと連携したり、FBデータを銀行の振込システムと連携させて業務効率化を行なっている。楽楽精算の改善してほしい点締日(20日)以降翌月末払いの伝票について、「支払予定日」が当月末に設定されてしまうため直したいので対応していただきたい。楽楽精算導入で得られた効果・メリット社員の定期区間を登録することで、交通費の自動計算をしてくれる点は非常にメリットだと感じている。また、レイアウトがシンプルでわかりやすい所も非常に気に入っている。
769,2022/08/16,主に交通費精算に使用しています。マイルートを登録しておけば、毎回、記入する手間が省けてとても楽に交通費精算が出来ています。時短になりとても重宝しています。,弊社では交通費精算の際に備考欄に目的地を記載します。オフィス、クライアント先等。マイルート登録で備考欄に記載ができるのに、マイルートを呼び出すと備考欄の内容だけ消えます。マイルートを登録するくらいなので備考欄も同じ内容を反映したいです。システムの不具合がありましたか？今まで特になし,操作がシンプルである程度、直感的に使用できるので、面倒な経費精算が最短で出来ると思います。時短になるのが最大のメリットかと思います。,直感的な操作で簡単に使える
770,2022/08/16,既存の会計システムと連携できることはもちろん、振込データの生成や自動仕訳、規定違反チェックに対応するなど、業務の効率化を図ってくれます。この製品導入前までは月次や年次の決算時は残業のオンパレードでしたが、この製品導入後は業務の効率化により残業を削減することができました。,改善してほしい点は今のところ特にありません。導入価格が少し高いと感じたりはしますが、メリットが大きいので気にはなりません。,テレワークにもしっかりと対応している点がメリットです。スマホで処理が完了できますので、経費精算のためにわざわざ出社する必要がありません。コロナ禍によるテレワークが推し進められている現代において、ありがたい機能だと思います。この口コミを詳しく見る,システムと連携できることはもちろん、振込データの生成や自動仕訳、規定違反チェックに対応するなど、業務の効率化を図ってくれます。この製品導入前までは月次や年次の決算時は残業のオンパレードでしたが、この製品導入後は業務の効率化により残業を削減することができました。楽楽精算の改善してほしい点改善してほしい点は今のところ特にありません。導入価格が少し高いと感じたりはしますが、メリットが大きいので気にはなりません。楽楽精算導入で得られた効果・メリットテレワークにもしっかりと対応している点がメリットです。スマホで処理が完了できますので、経費精算のためにわざわざ出社する必要がありません。コロナ禍によるテレワークが推し進められている現代において、ありがたい機能だと思います。
771,2022/08/16,従前は交通費精算を行う際に、自社内で使用していたエクセルフォーマットを利用していたのですが、本システム導入後はシステム申請となり、紙で印鑑をもらったりといった煩わしさがなくなった点。,特に改善してほしい点はないと考えております。定期券利用区間等を登録することで、支給対象の交通費かどうかを自動的に計算してくれたりと、交通費精算において困ることは特にありませんでした。,精算業務をシステム管理することで、重複した申請を誤って処理したりといったことがなくなった点は大きいと感じております。従前、二重申請があった際は担当者が見落としてしまった場合は二重支払いといったことがあり、それを遡及的に取り消し処理したりといったことで時間をとられていたのですが、システム化によって自動的に弾くことができるため、業務フローの改善につながった点は一番大きいと思います。この口コミを詳しく見る,費精算を行う際に、自社内で使用していたエクセルフォーマットを利用していたのですが、本システム導入後はシステム申請となり、紙で印鑑をもらったりといった煩わしさがなくなった点。楽楽精算の改善してほしい点特に改善してほしい点はないと考えております。定期券利用区間等を登録することで、支給対象の交通費かどうかを自動的に計算してくれたりと、交通費精算において困ることは特にありませんでした。楽楽精算導入で得られた効果・メリット精算業務をシステム管理することで、重複した申請を誤って処理したりといったことがなくなった点は大きいと感じております。従前、二重申請があった際は担当者が見落としてしまった場合は二重支払いといったことがあり、それを遡及的に取り消し処理したりといったことで時間をとられていたのですが、システム化によって自動的に弾くことができるため、業務フローの改善につながった点は一番大きいと思います。
772,2022/08/15,前まで請求書の捺印で本社まで郵送していたのが簡単にできるようになり、スムーズに先方に請求者を送れるようになった。,最初はかなり使いづらく感じた。勘定科目設定や税率設定、部署選択などなど、一つ一つ再選択しないといけないので、便利になったが、ちょっとした手間が多い。出来るかもしれないがパターン登録できるようになったら嬉しい。システムの不具合がありましたか？トラブルはないが、マニュアルがよくわからなかった。,すぐに請求書が欲しいと言われたら即日で送れることは最大のメリットだと思う。他にもエクセルとかで作るとどうしても体裁を整えるのに時間を要したが、ただ文字を入力するだけなので便利です。この口コミを詳しく見る,書の捺印で本社まで郵送していたのが簡単にできるようになり、スムーズに先方に請求者を送れるようになった。楽楽精算の改善してほしい点最初はかなり使いづらく感じた。勘定科目設定や税率設定、部署選択などなど、一つ一つ再選択しないといけないので、便利になったが、ちょっとした手間が多い。出来るかもしれないがパターン登録できるようになったら嬉しい。システムの不具合がありましたか？トラブルはないが、マニュアルがよくわからなかった。楽楽精算導入で得られた効果・メリットすぐに請求書が欲しいと言われたら即日で送れることは最大のメリットだと思う。他にもエクセルとかで作るとどうしても体裁を整えるのに時間を要したが、ただ文字を入力するだけなので便利です。
773,2022/08/13,経費精算がPCでもスマホからでも簡単に出来て便利。隙間時間にスマホから経費申請が可能になり、時間を有効活用できる。,経費項目が沢山あるのはありがたいが、どこに何があるか分かりづらいので、もう少し分かりやすくなるとさらに良い。,今までは紙で申請していちいちバウチャーを出さないといけなかったので、会社に戻ってわざわざ精算しないといけなかったが、このシステムを使うことでそのまま経費申請が、可能になり、経費精算のためにわざわざ多くの時間を割くことがなくなったこの口コミを詳しく見る,PCでもスマホからでも簡単に出来て便利。隙間時間にスマホから経費申請が可能になり、時間を有効活用できる。楽楽精算の改善してほしい点経費項目が沢山あるのはありがたいが、どこに何があるか分かりづらいので、もう少し分かりやすくなるとさらに良い。楽楽精算導入で得られた効果・メリット今までは紙で申請していちいちバウチャーを出さないといけなかったので、会社に戻ってわざわざ精算しないといけなかったが、このシステムを使うことでそのまま経費申請が、可能になり、経費精算のためにわざわざ多くの時間を割くことがなくなった
774,2022/08/09,楽楽と言ってるだけあって、本当に楽です。よく駅が離れた支社に行くのですが、その区間の電車利用料の請求が交通系ICカードをリーダーにかざすだけでできるようになりました。（利用履歴がデータ化されるので、その中から精算したい物を選ぶ感じ）,社用のものを電子マネー系で支払うことがあるので、その部分までカバーしてもらえるようになると嬉しいです。,領収書をあつめて、まとめて、記入して提出するより、この楽楽清算を使ったほうが時間の短縮になります。手書きだとどうしても抜け漏れがあったりして、再提出なんてことがありますがこのシステムを使っているとあまり遭遇しません。この口コミを詳しく見る,てるだけあって、本当に楽です。よく駅が離れた支社に行くのですが、その区間の電車利用料の請求が交通系ICカードをリーダーにかざすだけでできるようになりました。（利用履歴がデータ化されるので、その中から精算したい物を選ぶ感じ）楽楽精算の改善してほしい点社用のものを電子マネー系で支払うことがあるので、その部分までカバーしてもらえるようになると嬉しいです。楽楽精算導入で得られた効果・メリット領収書をあつめて、まとめて、記入して提出するより、この楽楽清算を使ったほうが時間の短縮になります。手書きだとどうしても抜け漏れがあったりして、再提出なんてことがありますがこのシステムを使っているとあまり遭遇しません。
775,2022/08/08,紙での精算申請と比べて、何もかもが数段楽になりました。交通系ICカード利用時の精算はピッとかざすと利用履歴が出てきます。その中から対象のものを選ぶだけというシステムが気に入っています。,交通系ICカードを精算システムと連携しておけばピッとかざさなくても自動で利用履歴が出るようになれば、もっと申請が簡単になると思います。ですが、現在でもかなり満足しています。,紙での精算申請では、書き損じで時間も紙も浪費することがありましたが、このシステムを使うことで無駄を削減することができました。この口コミを詳しく見る,申請と比べて、何もかもが数段楽になりました。交通系ICカード利用時の精算はピッとかざすと利用履歴が出てきます。その中から対象のものを選ぶだけというシステムが気に入っています。楽楽精算の改善してほしい点交通系ICカードを精算システムと連携しておけばピッとかざさなくても自動で利用履歴が出るようになれば、もっと申請が簡単になると思います。ですが、現在でもかなり満足しています。楽楽精算導入で得られた効果・メリット紙での精算申請では、書き損じで時間も紙も浪費することがありましたが、このシステムを使うことで無駄を削減することができました。
776,2022/08/07,領収書やICカードを使った際の請求などのデータ読み込み機能が豊富です。いちいちPCに打ち込んで間違えることがないので、ストレスが減りました。,請求にミスがあったときなど、申請が棄却された際のお知らせをポップアップなど目立つ方法で教えてくれる機能があると嬉しい。,領収書の内容を毎回打ち込みするのに時間がかかり、ストレスになっていました。交通費の立替も多いため精算するために過去の利用ログを見返す必要があったり、つい精算系の雑務を後回しにしがちでしたが、専用アプリから撮影した画像で自動データ化してくれたり、ICカードをかざすと利用履歴を自動で取得してくれたりと、かなり申請を作る時間が減りました。この口コミを詳しく見る,Cカードを使った際の請求などのデータ読み込み機能が豊富です。いちいちPCに打ち込んで間違えることがないので、ストレスが減りました。楽楽精算の改善してほしい点請求にミスがあったときなど、申請が棄却された際のお知らせをポップアップなど目立つ方法で教えてくれる機能があると嬉しい。楽楽精算導入で得られた効果・メリット領収書の内容を毎回打ち込みするのに時間がかかり、ストレスになっていました。交通費の立替も多いため精算するために過去の利用ログを見返す必要があったり、つい精算系の雑務を後回しにしがちでしたが、専用アプリから撮影した画像で自動データ化してくれたり、ICカードをかざすと利用履歴を自動で取得してくれたりと、かなり申請を作る時間が減りました。
777,2022/08/07,とにかく面倒な立替費と交通費精算が楽にできます。・領収書をスマホで撮影しアップロード・交通費は区間で検索した料金の投入。他製品との比較はしておらずわからないが、使い勝手で困ったことは全くない,できれば撮影した領収書をocrで読み取る機能があると、文字で自分で投入する必要がなく、さらに効率があがると思います。,リモートワークが基本になると営業先にも直行直帰が多く、費用精算は自宅で実施することになるが、出社せずとも本システムでできることを考えれば、通勤時間・費用の削減につながると考える。この口コミを詳しく見る,倒な立替費と交通費精算が楽にできます。・領収書をスマホで撮影しアップロード・交通費は区間で検索した料金の投入。他製品との比較はしておらずわからないが、使い勝手で困ったことは全くない楽楽精算の改善してほしい点できれば撮影した領収書をocrで読み取る機能があると、文字で自分で投入する必要がなく、さらに効率があがると思います。楽楽精算導入で得られた効果・メリットリモートワークが基本になると営業先にも直行直帰が多く、費用精算は自宅で実施することになるが、出社せずとも本システムでできることを考えれば、通勤時間・費用の削減につながると考える。
778,2022/08/06,ユーザーとして利用してみましたが、交通費精算も定期ルートを自動で除外してくれますし、特に説明等受けなくても利用できる点が良いです。,利用料金が高いです。コストパフォーマンスを考えれば安いのですが、ユーザー単位がたしか５０人単位でしか増減できないので、中小企業だとコスト面で厳しいケースもあると思います。システムの不具合がありましたか？不具合はないです。,交通費精算だけでも書類記入＋押印と比較すると1時間ほど短縮できているかと思います。社員数×1時間ほど労働時間削減できると思います。,とりあえずトライアルしてみるといいかと思います。
779,2022/08/06,レシートや領収証など、写真を撮ると金額や支払い先を判別して自動で入力してくれるので一つひとつ入力する手間が省けるのが楽でした。写真の読み取り精度も高いです。,交通費の精算が少し面倒です。使った路線を一つずつ入力しなければいけないため、入力に手間を感じています。,以前は購入した備品を小口現金で払い後日本社にレシートを送って精算するという流れでしたが、楽楽精算が取り入れられてからは写真データの送付のみで済むため、運営側がレシートを送らなければいけないという作業負担が減りました。,備品や交通費を現金で精算している場合は、楽楽精算の導入は大きなメリットになると思います
780,2022/08/05,乗り換え案内と連携しているため、電車料金を計算しなくても入力できます。また事前に定期券を登録しておけば定期代金を含めた計算や行ってくれます。,バスの乗り換え案内が弱く、探すのが面倒な時があります。またもう少し直感的な操作性にしてほしいです。Googleマップのような乗り換え案内を期待します。また予想変換やよく行くルートの記憶等とあればなおさらいいと思います。,以前までは自分の携帯で運賃を調べて入力しておりました。またエビデンスとしてスイカの履歴を提出しておりました。そこから比較すると圧倒的に便利になりました。また間違えやミスも少なくなりました。この口コミを詳しく見る,内と連携しているため、電車料金を計算しなくても入力できます。また事前に定期券を登録しておけば定期代金を含めた計算や行ってくれます。楽楽精算の改善してほしい点バスの乗り換え案内が弱く、探すのが面倒な時があります。またもう少し直感的な操作性にしてほしいです。Googleマップのような乗り換え案内を期待します。また予想変換やよく行くルートの記憶等とあればなおさらいいと思います。楽楽精算導入で得られた効果・メリット以前までは自分の携帯で運賃を調べて入力しておりました。またエビデンスとしてスイカの履歴を提出しておりました。そこから比較すると圧倒的に便利になりました。また間違えやミスも少なくなりました。
781,2022/08/05,経費精算の上長承認等、従前は紙回覧を行なっており、非効率かつ一括管理が不可だったが、本製品導入により一括管理が可能となった。,領収書を読み取る際、正しく情報が記載されず、OCRの精度が低いと感じることがあるため、改善してほしい。,従前は紙で回付されていた経費精算を、電子化することができ、社内の業務効率化に寄与した上、システム上での一括管理も容易になった。この口コミを詳しく見る,上長承認等、従前は紙回覧を行なっており、非効率かつ一括管理が不可だったが、本製品導入により一括管理が可能となった。楽楽精算の改善してほしい点領収書を読み取る際、正しく情報が記載されず、OCRの精度が低いと感じることがあるため、改善してほしい。楽楽精算導入で得られた効果・メリット従前は紙で回付されていた経費精算を、電子化することができ、社内の業務効率化に寄与した上、システム上での一括管理も容易になった。
782,2022/08/04,文字通り簡単に精算ができる。出張費用だけではなく、経費も簡単に精算処理ができる。非常に使い勝手が良かったです。,トップページにガイドはあるものの、使い方を理解するまでは難しかったです。トップページの4つの機能も少しわかりづらかったです。,紙のやりとりが激減したのでこの部分でペーパレス化は実現した。楽楽精算が導入され、テレワーク日でも精算業務ができるようになったため、精算処理のために出社する必要がなくなり、無駄な移動時間が削減できるようになりました。この口コミを詳しく見る,単に精算ができる。出張費用だけではなく、経費も簡単に精算処理ができる。非常に使い勝手が良かったです。楽楽精算の改善してほしい点トップページにガイドはあるものの、使い方を理解するまでは難しかったです。トップページの4つの機能も少しわかりづらかったです。楽楽精算導入で得られた効果・メリット紙のやりとりが激減したのでこの部分でペーパレス化は実現した。楽楽精算が導入され、テレワーク日でも精算業務ができるようになったため、精算処理のために出社する必要がなくなり、無駄な移動時間が削減できるようになりました。
783,2022/08/04,マニュアルを見なくても、直感的にわかる項目と配置により、簡単に経費精算ができるため、ITに疎い営業担当でも簡単に申請できる。,管理者メニューのデータを抽出する際、csvのレイアウトが少し見にくい時があるため、摘要が長い時は工夫してほしい。,会計システムとの連携、仕訳取り込みの設定や、科目の設定が非常にシンプルかつフレキシブルなため扱いやすい。この口コミを詳しく見る,を見なくても、直感的にわかる項目と配置により、簡単に経費精算ができるため、ITに疎い営業担当でも簡単に申請できる。楽楽精算の改善してほしい点管理者メニューのデータを抽出する際、csvのレイアウトが少し見にくい時があるため、摘要が長い時は工夫してほしい。楽楽精算導入で得られた効果・メリット会計システムとの連携、仕訳取り込みの設定や、科目の設定が非常にシンプルかつフレキシブルなため扱いやすい。
784,2022/08/04,乗換検索の候補の選択が選びやすい。定期ルートを含んだ自動計算などが分かりやすい。コピー機能が便利。,お気に入り登録が使いにくい、別画面で呼び出しが視点が移ってしまい選びにくい。同じ画面でツールチップなどで候補が出ると便利。稀に、地方バス（静岡バス）など検索できないことがある。,以前はエクセルシートに記入していたが、ランドマークを記入すれば経路を検索できることが便利。また、いろんな交通網に対応しているが地方交通網の対応に期待したい。この口コミを詳しく見る,候補の選択が選びやすい。定期ルートを含んだ自動計算などが分かりやすい。コピー機能が便利。楽楽精算の改善してほしい点お気に入り登録が使いにくい、別画面で呼び出しが視点が移ってしまい選びにくい。同じ画面でツールチップなどで候補が出ると便利。稀に、地方バス（静岡バス）など検索できないことがある。楽楽精算導入で得られた効果・メリット以前はエクセルシートに記入していたが、ランドマークを記入すれば経路を検索できることが便利。また、いろんな交通網に対応しているが地方交通網の対応に期待したい。
785,2022/08/04,電子帳簿保存法対応なので全てのデータをここに集結しておけば良いです。とくに、これまでは上司に申請しなければならなかった請求の処理を自動化する事で心の負担もとても軽くなった。出張などの交通費精算がとても便利で、乗り換え案内内蔵でICカードも連携出来るので手入力によるミスが無くなる。,OCRの精度があまり良くない。OCRというのはソフト毎の性能なのか、それともこれが日本語読み取りの限界なのかは分かりませんが手書きだと取得漏れが多いです。,なんと言っても精算のペーパーレス化が進んだこと。物理的なスペースだけでなく、紙代、コピーインク代などの削減にも繋がった。この口コミを詳しく見る,存法対応なので全てのデータをここに集結しておけば良いです。とくに、これまでは上司に申請しなければならなかった請求の処理を自動化する事で心の負担もとても軽くなった。出張などの交通費精算がとても便利で、乗り換え案内内蔵でICカードも連携出来るので手入力によるミスが無くなる。楽楽精算の改善してほしい点OCRの精度があまり良くない。OCRというのはソフト毎の性能なのか、それともこれが日本語読み取りの限界なのかは分かりませんが手書きだと取得漏れが多いです。楽楽精算導入で得られた効果・メリットなんと言っても精算のペーパーレス化が進んだこと。物理的なスペースだけでなく、紙代、コピーインク代などの削減にも繋がった。
786,2022/08/03,今までは稟議を通したり、紙の領収書の提出、経理への申請フローが必要だったが、楽楽精算を導入してからは、デジタルの領収書で申請が行え、かつ承認まで1つのツールで完結するようになった。,承認フローの宛先が分かりにくい。全体的にUIが悪く、「何がどこに」存在するのか探すのに一苦労する点。,今までは申請フローを回すのが面倒で、申請を忘れてしまうこともしばしばあったものの、楽楽精算を挿入してからは、すぐに申請フローを回すことができるため、申請漏れがなくなった。この口コミを詳しく見る,議を通したり、紙の領収書の提出、経理への申請フローが必要だったが、楽楽精算を導入してからは、デジタルの領収書で申請が行え、かつ承認まで1つのツールで完結するようになった。楽楽精算の改善してほしい点承認フローの宛先が分かりにくい。全体的にUIが悪く、「何がどこに」存在するのか探すのに一苦労する点。楽楽精算導入で得られた効果・メリット今までは申請フローを回すのが面倒で、申請を忘れてしまうこともしばしばあったものの、楽楽精算を挿入してからは、すぐに申請フローを回すことができるため、申請漏れがなくなった。
787,2022/08/03,今までエクセルの専用フォーマットで作成、印刷して、領収書を紙に貼り付けて提出していた旅費交通費精算が、いつでもアプリ上で行えるようになったのは良いです。,旅費交通費精算をするときに明細を作成するのですが、各明細に領収書を一枚までしか添付出来ないため、一日に何枚も領収書がある場合に枚数ごとに明細を複製しないといけない点は改善してほしい。,旅費交通費の精算を紙で行っていた際は、上長が確認、ハンコを押して経理部門まで行き着かないと精算されなかったが、楽楽精算は提出後、処理がどこまで進んでいるか見える化されて便利になった。この口コミを詳しく見る,セルの専用フォーマットで作成、印刷して、領収書を紙に貼り付けて提出していた旅費交通費精算が、いつでもアプリ上で行えるようになったのは良いです。楽楽精算の改善してほしい点旅費交通費精算をするときに明細を作成するのですが、各明細に領収書を一枚までしか添付出来ないため、一日に何枚も領収書がある場合に枚数ごとに明細を複製しないといけない点は改善してほしい。楽楽精算導入で得られた効果・メリット旅費交通費の精算を紙で行っていた際は、上長が確認、ハンコを押して経理部門まで行き着かないと精算されなかったが、楽楽精算は提出後、処理がどこまで進んでいるか見える化されて便利になった。
788,2022/08/03,経費の精算がスマホアプリで写真を撮るだけで利用できる点が便利です。個人で経費の申請が出来ますので経費の立て替えの期間も少なくなりました。,レシートをスキャンする際に違った情報を読み取ってしまう点を改善してほしいです。また、複数のレシートをまとめてスキャンできるようにしてほしいです。システムの不具合がありましたか？大きなトラブルはありません。,今までは事務の方に頼んでいた為、負担が大きかったが個人で写真を撮って経費申請ができるようになり事務さんの業務の削減につながりました。,社員が多い会社には特にお勧めです。
789,2022/08/03,職種柄、車での得意先まわりが多く、駐車場の利用をする度にレシートを溜めていました。精算が事務所にいる時しか出来なくて、忙しい時は数週間レシートを溜めていましたが、楽楽精算は空いた時間に使えるので便利です。,「この得意先に行った時は、この駐車場」という具合にある程度決まっているので、行き先を入力する際に候補が出てくると嬉しい。システムの不具合がありましたか？特になし。,数週間前の精算となると、過去の日報を見直して何処に行ったかを調べて精算をしていましたが、楽楽精算は空いた時間にどこでも出来るので、記憶が新しいうちに精算をする事により見直しのムダな時間がなくなった。,精算のスリム化が出来て良いと思います。
790,2022/08/03,クラウドソーシングの請負業務契約の際、企業側からの報酬支払いが「楽楽精算」です。フォーマットへ実績等の必要事項を入力し送信するだけで、後は自動的に報酬の受け取りを待つだけなので、非常に楽だと感じました。,必要事項等の入力や手順など、慣れるまでは分からない部分もあり、企業側担当者へ聞きながら行いました。もう少し直感的に分かりやすくなるといいですね。先にマニュアル等、支払い側の説明があれば問題ないです。システムの不具合がありましたか？特になし。,当初、リモートワークの経験がなく、またリモートカメラがないのでお互いの顔が見えない中で不安もありました。仕事はしたが報酬がきちんと支払われるのか。しかし、楽楽精算では実績を自己申告で、やり取りの証拠も残るので安心して取り引きできました。今後、このシステム導入企業との仕事でしたら安心して取り組めそうです。,ソフトをメール添付し、ソフト上での操作なので複雑ではないです。リモートの場合、分からない部分はメールやチャットでやり取りすればよいです。
791,2022/08/03,サイトのデザイン性が優れており、直感的に操作することが出来ます。色・アイコン等が的確に使われており、すぐに操作に慣れることができました。,サポート体制も整っているため、個人的に困ったことはありませんが、強いてあげるとすると、ITリテラシーに疎い方は導入初期は少し苦労されるかもしれません。ただ、使い始めればすぐに便利さに気づくと思います。,リモートでの勤務に適しています。精算のためだけにわざわざ出社する必要がなくなりました。社員の通勤費という観点でコストカットにもつながっていると思います。この口コミを詳しく見る,ザイン性が優れており、直感的に操作することが出来ます。色・アイコン等が的確に使われており、すぐに操作に慣れることができました。楽楽精算の改善してほしい点サポート体制も整っているため、個人的に困ったことはありませんが、強いてあげるとすると、ITリテラシーに疎い方は導入初期は少し苦労されるかもしれません。ただ、使い始めればすぐに便利さに気づくと思います。楽楽精算導入で得られた効果・メリットリモートでの勤務に適しています。精算のためだけにわざわざ出社する必要がなくなりました。社員の通勤費という観点でコストカットにもつながっていると思います。
792,2022/08/03,今まではエクセルで日常交通費を月末にまとめて処理していて時間を要していましたが、このシステムの導入により、スムーズに精算処理を行うことができてとても楽です。おかげで作業時間を短縮できました。,端末の問題であるかもしれませんが、一度開いていたブラウザが突然閉じてしまい、一からやり直しになりました。microsoftのように自動的に適宜保存してくれる機能があるとバックアップとして助かります。システムの不具合がありましたか？特にはありませんでした。,ipadやパソコン一つあれば外出先でも手の空いた時間に効率良く申請できるので良いです。一度にまとめてやらなくてもその都度清算申請できるのもありがたいです。この口コミを詳しく見る,クセルで日常交通費を月末にまとめて処理していて時間を要していましたが、このシステムの導入により、スムーズに精算処理を行うことができてとても楽です。おかげで作業時間を短縮できました。楽楽精算の改善してほしい点端末の問題であるかもしれませんが、一度開いていたブラウザが突然閉じてしまい、一からやり直しになりました。microsoftのように自動的に適宜保存してくれる機能があるとバックアップとして助かります。システムの不具合がありましたか？特にはありませんでした。楽楽精算導入で得られた効果・メリットipadやパソコン一つあれば外出先でも手の空いた時間に効率良く申請できるので良いです。一度にまとめてやらなくてもその都度清算申請できるのもありがたいです。
793,2022/08/03,これまで手作業で行っていた代金の請求書作成と請求書発送の自動化が出来る点。アプリで簡単にレシートのアップロードが出来る点。,電子領収書の処理がわからない点。複数の交通費申請明細を作った時の順番の並び替えの手段がない点。添付ファイルがPDFしかない点。,スマホでいつでもどこでもすぐに入力出来る。交通乗り換えサービスと連動しているため、経路調査の時間が大幅に短縮された。この口コミを詳しく見る,作業で行っていた代金の請求書作成と請求書発送の自動化が出来る点。アプリで簡単にレシートのアップロードが出来る点。楽楽精算の改善してほしい点電子領収書の処理がわからない点。複数の交通費申請明細を作った時の順番の並び替えの手段がない点。添付ファイルがPDFしかない点。楽楽精算導入で得られた効果・メリットスマホでいつでもどこでもすぐに入力出来る。交通乗り換えサービスと連動しているため、経路調査の時間が大幅に短縮された。
794,2022/08/02,今まで紙ベースでの精算をしていました。正直この時代に電子化されていない精算手続きは面倒でしたがこちらのソフトで煩わしさが一掃されました。,使い勝手がシンプルではない為、少し覚えるまでに手こずる人が多い気がします。慣れればですが、さらにシンプルな表記にしてもらえると助かります。ミスも減ると思います。,処理時間の短縮は抜群です。申請部門も経理も非常に作業時間の削減にも繋がっていますし、まず、ミスが減りました。ここは大きいです。この口コミを詳しく見る,ースでの精算をしていました。正直この時代に電子化されていない精算手続きは面倒でしたがこちらのソフトで煩わしさが一掃されました。楽楽精算の改善してほしい点使い勝手がシンプルではない為、少し覚えるまでに手こずる人が多い気がします。慣れればですが、さらにシンプルな表記にしてもらえると助かります。ミスも減ると思います。楽楽精算導入で得られた効果・メリット処理時間の短縮は抜群です。申請部門も経理も非常に作業時間の削減にも繋がっていますし、まず、ミスが減りました。ここは大きいです。
795,2022/08/02,会社で使用していますが、出発場所と到着場所を入力すると自動的にルートを検索し交通費を算出してくれるのでとても便利です。,総移動距離を一々他のMAPアプリを使用して調べるのが面倒。総移動距離も出発先と到着先から自動的に算出してほしい。システムの不具合がありましたか？特にありません。,自分で一々バス・電車・新幹線の料金を調べ計算する必要がなくなるので、時短につながる。新幹線に関しては往復割引や自由席料金・指定席料金も選択して自動で料金を出してくれるので、とても楽だし交通費精算の時間が短くなる。,交通費の精算がとても楽になる・時短に繋がる！
796,2022/08/02,出張旅費精算は鉄道の時刻表と連動しているため、申請入力が非常に簡単です。入力箇所もタブから選択するものが多く非常に使いやすい。,日付入力の画面が小さいため、選択する際に入力ミスをしてしまう事がある。設定で各項目の画面サイズを選択できるようになると嬉しい。システムの不具合がありましたか？目立った不具合やトラブルは今のところ特になし,楽楽精算を導入したことで、小口伝票を削減し社内のペーパーレス化を推し進める事ができた。また、提出履歴もデータで保存されているので、確認する際にもストレスなく探すことができる。,申請する側も承認する側も作業効率UPに繋がること間違いなしです
797,2022/08/02,これまでは、会社の財務にメールし領収書の原本を都度送り、承認を得てから必要な部門への支払いでした。WEBでのやり取りに変わり不要な手間が省けました。,これと云って目立った改善点はありませんが、導入時に説明するフローチャートの様な物を頂ければと思う次第です。,店舗数が多い小売業の為、申請してくる店舗が多く対応に追われていました。確認する項目が減ったため、スタッフの残業時間が減りました。,小売業ならお勧めの精算ソフトです。
798,2022/08/02,今までは小口精算など、紙ベースで申請書を作成し、上長、経理担当に承認印を貰うという手間があったが、基本システム上で処理が完結し、要らぬ手間が省けている。,一般利用者の立場で言うと、特に不便を感じることはない。自分が承認をする立場に立った時、感じることが出てくる可能性はある。,上長が忙しく、席にいないことが多いので、いちいち在籍を確認する手間が省ける。直接指定の口座に振り込まれるので、会社として小口現金を減らすことが出来た。この口コミを詳しく見る,口精算など、紙ベースで申請書を作成し、上長、経理担当に承認印を貰うという手間があったが、基本システム上で処理が完結し、要らぬ手間が省けている。楽楽精算の改善してほしい点一般利用者の立場で言うと、特に不便を感じることはない。自分が承認をする立場に立った時、感じることが出てくる可能性はある。楽楽精算導入で得られた効果・メリット上長が忙しく、席にいないことが多いので、いちいち在籍を確認する手間が省ける。直接指定の口座に振り込まれるので、会社として小口現金を減らすことが出来た。
799,2022/08/02,導入前は手書きの精算書類を書かされていたので、オンラインで処理作業自体が格段に早くなり、また楽になった。,これはこちらの設定の問題かもしれませんが、交際費を選択しているのに「飲食代が一人あたり〇〇円を超える場合は交際費を選択してください」の様なアラートが出る時がありました。アラートが出るパターンが事前にわかれば助かるかなと思いました。,緊急事態宣言で在宅勤務になった際に、スマホから領収書の写真を撮り、全てオンラインで精算処理ができたので助かった。この口コミを詳しく見る,書きの精算書類を書かされていたので、オンラインで処理作業自体が格段に早くなり、また楽になった。楽楽精算の改善してほしい点これはこちらの設定の問題かもしれませんが、交際費を選択しているのに「飲食代が一人あたり〇〇円を超える場合は交際費を選択してください」の様なアラートが出る時がありました。アラートが出るパターンが事前にわかれば助かるかなと思いました。楽楽精算導入で得られた効果・メリット緊急事態宣言で在宅勤務になった際に、スマホから領収書の写真を撮り、全てオンラインで精算処理ができたので助かった。
800,2022/08/02,電子帳簿保存法に対応しており、ペーパーレス化を進めることができるところ。キャッシュレス化で小口払い現金の取り扱いをやめれるところ。,モバイルSuicaへの対応を実装してほしい。領収書のPDF添付の際の遅延をなるべく早くしてほしい。システムの不具合がありましたか？ユーザー側としては特にないです,キャッシュレス化が進む事、ペーパーレス化が進む事。副効果として社内でのWF承認に対する考え方等が良い意味で変化し、DX化が進む。この口コミを詳しく見る,存法に対応しており、ペーパーレス化を進めることができるところ。キャッシュレス化で小口払い現金の取り扱いをやめれるところ。楽楽精算の改善してほしい点モバイルSuicaへの対応を実装してほしい。領収書のPDF添付の際の遅延をなるべく早くしてほしい。システムの不具合がありましたか？ユーザー側としては特にないです楽楽精算導入で得られた効果・メリットキャッシュレス化が進む事、ペーパーレス化が進む事。副効果として社内でのWF承認に対する考え方等が良い意味で変化し、DX化が進む。
801,2022/08/02,WEBだけでなく、スマホアプリにも対応していて、乗換案内連動で運賃も自動で取り込めるので、経費精算が楽ですね。,スマホからだと見にくい部分(乗換案内のエリアマップがとくに)があるのでもっと見やすくなるとよいです。エリアマップも関東以外もあると嬉しい。,交通費の精算がかなり楽になりました。今までは紙ベースで印刷して承認印をもらって提出して経理部門が処理していましたが、サイトから登録するだけでよくなりタイムラグも短くなりました。この口コミを詳しく見る,でなく、スマホアプリにも対応していて、乗換案内連動で運賃も自動で取り込めるので、経費精算が楽ですね。楽楽精算の改善してほしい点スマホからだと見にくい部分(乗換案内のエリアマップがとくに)があるのでもっと見やすくなるとよいです。エリアマップも関東以外もあると嬉しい。楽楽精算導入で得られた効果・メリット交通費の精算がかなり楽になりました。今までは紙ベースで印刷して承認印をもらって提出して経理部門が処理していましたが、サイトから登録するだけでよくなりタイムラグも短くなりました。
802,2022/08/02,今までは紙の精算書を作成して、上長が在籍時を見計らってハンコをもらい提出するという作業を行なっていたが、それが全てクラウド内で完結することが効率的で素晴らしい。,PDFを貼り付ける時などが一度登録が必要だが、形式が固定化されており登録できない形式があったのが面倒だったので改善してほしい。,いつでもどこでも経費の精算をできる点がメリットである。例えば出張帰りの電車内で精算申請を上げるなど失念することなく生産を進めることができ、また紙資源を使わないことで経費削減やエコにも繋がっている。この口コミを詳しく見る,の精算書を作成して、上長が在籍時を見計らってハンコをもらい提出するという作業を行なっていたが、それが全てクラウド内で完結することが効率的で素晴らしい。楽楽精算の改善してほしい点PDFを貼り付ける時などが一度登録が必要だが、形式が固定化されており登録できない形式があったのが面倒だったので改善してほしい。楽楽精算導入で得られた効果・メリットいつでもどこでも経費の精算をできる点がメリットである。例えば出張帰りの電車内で精算申請を上げるなど失念することなく生産を進めることができ、また紙資源を使わないことで経費削減やエコにも繋がっている。
803,2022/08/01,紙の伝票よりもスピード感がありデータ整理も進むので、おすすめできます。入力確認・承認作業・見直し業務もでき安心感があります。,できれば楽楽精算については、交通費の精算も駅名入力等の機能アップがあると良い。また、もう少し運賃のデータベース化が進めば、おかしな処理も気づき間違いが減ると思いました。,精算の見える化・業務の短縮化・データ化が行える。ハンコだらけの伝票処理ではない時間短縮ができる感じが、とても良い。この口コミを詳しく見る,りもスピード感がありデータ整理も進むので、おすすめできます。入力確認・承認作業・見直し業務もでき安心感があります。楽楽精算の改善してほしい点できれば楽楽精算については、交通費の精算も駅名入力等の機能アップがあると良い。また、もう少し運賃のデータベース化が進めば、おかしな処理も気づき間違いが減ると思いました。楽楽精算導入で得られた効果・メリット精算の見える化・業務の短縮化・データ化が行える。ハンコだらけの伝票処理ではない時間短縮ができる感じが、とても良い。
804,2022/07/30,これまでの交通費精算はExcel管理。出張は領収書を印刷し、ハンコを押して提出していました。本社じゃないと精算できないなど込みでとても手間がかかっていましたが、楽楽精算に代わってからはすべてWEBで行えるようになったし、事前申請もこちらで管理できるので負担が格段に減りました。,普段使う電車の経路など、固定で登録できるようにしてほしい。毎回入力したり選択するのが手間。また領収書を事前にアップするのが手間なので、その場でアップできるようにしてほしい。,新幹線や宿泊費の領収書はWEBページから落として、そのままPDFで登録できるところが大きい。紙ベースで印刷するものが一つもなくなったところにメリットを感じています。この口コミを詳しく見る,交通費精算はExcel管理。出張は領収書を印刷し、ハンコを押して提出していました。本社じゃないと精算できないなど込みでとても手間がかかっていましたが、楽楽精算に代わってからはすべてWEBで行えるようになったし、事前申請もこちらで管理できるので負担が格段に減りました。楽楽精算の改善してほしい点普段使う電車の経路など、固定で登録できるようにしてほしい。毎回入力したり選択するのが手間。また領収書を事前にアップするのが手間なので、その場でアップできるようにしてほしい。楽楽精算導入で得られた効果・メリット新幹線や宿泊費の領収書はWEBページから落として、そのままPDFで登録できるところが大きい。紙ベースで印刷するものが一つもなくなったところにメリットを感じています。
805,2022/07/30,交通費の精算はいつも手間でありました、しかしこのツールを導入してから精算の手間が削減されました。特にICカードの情報を取り込んでデータ化される機能が素晴らしいです。ないとは思いますが、ICカードの公私混同を防ぐ役割にもなります。,領収書の読み取り機能がうまくいかない時があるので、そこが改善されると嬉しいです。しかし、どのOCRも似たりよったりですので大きく問題はないです。,やはり、交通費の精算が圧倒的に楽になりました。ICカードの履歴など、毎回券売機にて発行するのが手間だったので非常に助かっています。また、取り込んだデータから自動的に仕訳がされるので、帳簿の記帳も楽になりました。会計ソフトとの連動もしているので、本当に経費の管理が楽になりました。,経費の管理が大変な方はぜひ利用してみてください
806,2022/07/27,これまでは「申請は電子・証憑は紙提出」となっており、証憑への押印や提出などの申請側負担と、そのチェック及び保管までを行う経理側の負担があった。楽楽精算の導入により全てが電子化した為、大きく工数減となった。紙資料のｐｄｆ化が新たな作業として増えたが、社会全体として請求書や領収書の電子化が進むことを考えると、業務改善に大きく前進できたと考える。,どちらかというと立替経費の精算をメインに据えているように感じる。支払依頼（請求書払い）に関わる部分について、もう少し手厚くしてもらえるとありがたい（支払先登録の非表示フラグや有効期限・住所登録などが出来ると尚良い）。データ集計表（伝票データ出力）では支払金額ベースとなるが、税別金額が表示できると業績管理に役立てる。ポータルサイトにもっと詳しい内容を載せて欲しい、担当者に問い合わせを入れるのが面倒。,スマホアプリにより出張先からの精算が容易になった。社内の紙資料が大幅に減少した。支払状況や証票の内容が瞬時にわかる。「楽楽精算」導入の決め手価格・見やすさ・カスタマイズが容易なところ以前利用していた製品の解約理由ユーザーインターフエースが見にくい（直感的に使用しづらい）,紙帳票で経費精算・支払依頼をしている会社については大変オススメできると思います。
807,2022/07/26,新規導入ですが、まとめて申請することが可能で効率性が向上しました。紙でのやり取りが無くなった為、環境にも良いと感じました。,領収書の原紙を写真を撮り添付するのだが、なかなか面倒なのと、単価が違うと次に進められないのでなぜ違うのかの備考欄を作って欲しい。,出張が多く、新幹線や健康診断は前払いで実費なのだが、一括でまとめて保存も可能なので、非常に便利で使いやすい。この口コミを詳しく見る,すが、まとめて申請することが可能で効率性が向上しました。紙でのやり取りが無くなった為、環境にも良いと感じました。楽楽精算の改善してほしい点領収書の原紙を写真を撮り添付するのだが、なかなか面倒なのと、単価が違うと次に進められないのでなぜ違うのかの備考欄を作って欲しい。楽楽精算導入で得られた効果・メリット出張が多く、新幹線や健康診断は前払いで実費なのだが、一括でまとめて保存も可能なので、非常に便利で使いやすい。
808,2022/07/24,紙ベースでの経費精算の際は、書き損じや計算のミスがありました。ですがクラウド上で記入から提出まで出来るので、計算もPCでしたものを入れられます。また、せっかく書いたのに最後の項目で漢字を間違えてすべて書き直しということもなくなりました。,申請のフォーマットは会社が独自にカスタマイズできると、以前、精算業務担当の方に聞いたことがあります。そのフォーマット自体が優れていないと申請がしづらいです。「よい精算フォーマットとは」など学習の機会やテンプレがあってもいいと思います。,とにかく請求の工数が減りました。また、字が汚くて読めなかったらどうしようという不安もなくなりました。個人的には紙媒体だった頃にミス指摘や再提出の連絡が来るのがイライラしていたのですが、楽楽精算なら修正があってもすぐに対応できるので、気持ちが楽になりました。この口コミを詳しく見る,の経費精算の際は、書き損じや計算のミスがありました。ですがクラウド上で記入から提出まで出来るので、計算もPCでしたものを入れられます。また、せっかく書いたのに最後の項目で漢字を間違えてすべて書き直しということもなくなりました。楽楽精算の改善してほしい点申請のフォーマットは会社が独自にカスタマイズできると、以前、精算業務担当の方に聞いたことがあります。そのフォーマット自体が優れていないと申請がしづらいです。「よい精算フォーマットとは」など学習の機会やテンプレがあってもいいと思います。楽楽精算導入で得られた効果・メリットとにかく請求の工数が減りました。また、字が汚くて読めなかったらどうしようという不安もなくなりました。個人的には紙媒体だった頃にミス指摘や再提出の連絡が来るのがイライラしていたのですが、楽楽精算なら修正があってもすぐに対応できるので、気持ちが楽になりました。
809,2022/07/22,電子帳簿保存法対応でのペーパーレス化を達成可能。UIもわかりやすくユーザーからの評価も上々。クラウド経費精算システムに期待する標準的な機能を備えている。,後払いの交通系ICカードとのデータ連携。スマホ決済とのデータ連携。ICカード読み取りアプリの自動読み取り誤作動の防止。,ペーパーレス化を達成することができた。またモバイル端末利用や紙証憑の郵送によるタイムラグがなくなり個人への精算スピードが向上した。以前利用していた製品の解約理由ペーパーレス対応,クラウドでの経費精算システムとして標準的な機能は網羅している。スタンダードなシステムだと思う。
810,2022/07/22,以前の紙での経費等の精算では不備などがあると書類を各拠点へ返送するなど非効率な業務が発生していました。同じようなことがまったくなくなったわけではありませんが、大幅に改善されました。インターネットバンキングを使っての振込処理も業務量が大きく削減できました。,レイアウトをもう少し自由に変更できるようにしてほしい。レイアウトの変更作業がもう少し直感的にわかりやすくなると助かる。精算を申請する人から作業手順に関する問い合わせが多いので、それを低減できるような機能があれば助かる。システムの不具合がありましたか？特にありませんでした。,札幌の本部で北海道内と東北の営業所や店舗と精算書類等のやり取りを行っています。そのやり取りの回数が減ったり、精算完了までのスピードも速くなる、精算担当部署、精算を申請する人双方にメリットがありました。「楽楽精算」導入の決め手価格が安い,価格が安いことと、大幅な作業減が期待できます
811,2022/07/21,PC版もスマートフォン版もUIが分かり易くて直感的に使いこなせます。機能も豊富で、複数部門に所属している場合にも対応可能。所属部門を切り替えたり、申請ルートを選択することが出来たりと、色々な要件を満たすことが出来ます。また主要ないくつかのサービスとSAML認証連携が可能でユーザー情報などを同期することもできます。,個人的な好みの問題かもしれませんが、PC版でたまに見づらいと感じることがありので、フォントやアイコン、画面デザインをすっきりしたものにして欲しいと思います。また領収書などのデータをOCR機能で取り込めると良いです。,外出先・移動中などに経費精算業務を行いたいという要望があり、クラウドサービスを検討しました。この製品はスマートフォンからも利用可能であり、どこからでもいつでも経費精算業務が可能となり、経費精算の為にわざわざ出社する必要もなくなり、業務の効率化につながりました。テレワークが定着した今、さらにこのサービスの必要性を感じています。以前利用していた製品の解約理由クラウドサービスでなかった為、どこからでも使用できなかった,導入のハードルは低いかと思います
812,2022/07/21,領収書の原本保管が必要がなくなったので、テレワークにより、遠隔からでも申請がスムーズにできるようになりました。,一回の申請でたくさんの領収書の添付があるときにすべてまとめて開くことができないため、まとめて開く機能が欲しい。,以前は、承認者が不在の時は承認が止まっていましたが、出張中でも承認作業ができ、スピーディーに決済ができます。「楽楽精算」導入の決め手電子帳簿保存対応この口コミを詳しく見る,本保管が必要がなくなったので、テレワークにより、遠隔からでも申請がスムーズにできるようになりました。楽楽精算の改善してほしい点一回の申請でたくさんの領収書の添付があるときにすべてまとめて開くことができないため、まとめて開く機能が欲しい。楽楽精算導入で得られた効果・メリット以前は、承認者が不在の時は承認が止まっていましたが、出張中でも承認作業ができ、スピーディーに決済ができます。「楽楽精算」導入の決め手電子帳簿保存対応
813,2022/07/21,今まではエクセルを使い帳票を作成し、書類で処理をしていたため、非常に手間であり時間が掛かっていました。楽楽精算であれば、手持ちのPCやスマホで簡単に処理することができるので楽楽になりました。また精算金額処理のバラつきやミスもなくなりました。,満足して利用しているので特に困ったことはないのですが、PC版画面で出来る処理と、スマホ版画面で出来る処理が異なるので、スマホ版画面でもすべての処理が出来るようになってほしいです。,利用者側の精算処理スピードアップ。処理側での処理スピードアップ並びにミス減少。会計システムとの連携もできるので、２重入力がなくなった。この口コミを詳しく見る,クセルを使い帳票を作成し、書類で処理をしていたため、非常に手間であり時間が掛かっていました。楽楽精算であれば、手持ちのPCやスマホで簡単に処理することができるので楽楽になりました。また精算金額処理のバラつきやミスもなくなりました。楽楽精算の改善してほしい点満足して利用しているので特に困ったことはないのですが、PC版画面で出来る処理と、スマホ版画面で出来る処理が異なるので、スマホ版画面でもすべての処理が出来るようになってほしいです。楽楽精算導入で得られた効果・メリット利用者側の精算処理スピードアップ。処理側での処理スピードアップ並びにミス減少。会計システムとの連携もできるので、２重入力がなくなった。
814,2022/07/21,以前は検索や通勤定期区間内等の確認に、申請者および承認者それぞれが時間を取られていましたが、この作業が減り作業時間が減りました。,極稀に乗換案内が異なった結果を出すことがあり、申請者より連絡を受け確認しましたが、乗車通りの結果にはなりませんでした。問い合わせを行いましたが、ラクスさん側でも不明との事でした。システムの不具合がありましたか？不明な点はサポートより対応策の回答を得られているので、特にありません。,自分は設定者側のため設定には苦労したが、申請者側からすると最初は不慣れで抵抗を感じられたが、慣れると以前のシステムより申請時間が減り、楽になったと感じる。また申請者から交通費についてはとても楽になったと感想を得られたことが良かった。,使用者が20人以上で、交通費および交際費が多い企業であれば採用した方が、業務効率化へ繋がると思います。
815,2022/07/21,最初は使用方法に戸惑う声も多かったが、領収書の写真を撮って使用できるなど、慣れてくれば使い勝手は良い方だと思います。,CSV出力する時など項目を詳しく設定する際にマクロのようなものを管理者側で組まなくてはならないことがあり、マクロの知識がなかったのでサポートの方とやり取りをしてなんとか設定することができた。マクロを組んだことがない人にそれを強いるのは無理があるように感じます。,以前は毎回、電車代など交通費をインターネットで調べて経費精算書を作成していたが、楽楽精算の中で完結できるようになったので、余計な手間を減らすことができた。この口コミを詳しく見る,方法に戸惑う声も多かったが、領収書の写真を撮って使用できるなど、慣れてくれば使い勝手は良い方だと思います。楽楽精算の改善してほしい点CSV出力する時など項目を詳しく設定する際にマクロのようなものを管理者側で組まなくてはならないことがあり、マクロの知識がなかったのでサポートの方とやり取りをしてなんとか設定することができた。マクロを組んだことがない人にそれを強いるのは無理があるように感じます。楽楽精算導入で得られた効果・メリット以前は毎回、電車代など交通費をインターネットで調べて経費精算書を作成していたが、楽楽精算の中で完結できるようになったので、余計な手間を減らすことができた。
816,2022/07/21,電帳法対応のため、乗り換え先を検討しておりました。アプリなど画面も見やすく、管理もしやすい製品だと思います。,承認フローなど一部自由度が低い点がありますが、他の方法で回避できました。全体的には使いやすく、制限もかけやすいので満足です。,営業社員が多いため、外出先でも申請・承認ができるものを探していました。現在では特段不便なく利用できています。,高機能までは求めていない会社であれば、大満足できると思います。
817,2022/07/17,一利用者(経費精算をする側)としても、特に利用するにあたってストレスを感じることなく、操作方法もシンプルで簡単。使いやすい。,正直、特段思いつく点はない。ただ、強いて言うのであれば、過去に申請した情報をそのまま流用できる仕様があると、なお利便性が高くなる。,経費精算をする側として一番のメリットは、出社をせずに経費精算が出来ること。書類の提出等が特に必要なくオンラインで完結できるのはありがたい。現在は在宅勤務メインの働き方になっているため、そことの親和性も非常に高い。,経費精算する側にとってはユーザビリティの点でも優れているサービスなので、DX化があまり進んでないがゆえに経費精算を処理する側の人の負担が大きい企業は、積極的に導入を検討して良いと感じます。
818,2022/07/13,これまでは交通費精算に関しては交通移動履歴の印刷をして申請書に添付し、自分の押印したものを、上長→管理責任者→社長と回覧します。不備があれば再度回収して、訂正印を押して最初から回覧するという事をしていました。当然時間はかかり、清算が完了するまでの時間は２週間後などという状況でした。それが全てウェブ上で済ますことができ、紙の節約・押印の煩わしさ・精算までの時間などすべて問題解決しました。,全社員に使用方法など周知するのに時間がかかりました。特にイレギュラーなケースについては都度担当者が個別対応して大変そうです。ある程度のITリテラシーが求められるのと、マニュアルをみても解らないこともありました。ヘルプのチャット機能などあれば、シニア世代でも理解しやすいのではないかと思いました。システムの不具合がありましたか？ありません。,世界的にデジタルトランスフォーメーション化が喫緊の課題となっているなかで、昔ながらの紙ベースで業務を行う事を心苦しくおもっていました。特に社内業務にコストや時間を割くほど惜しいことはありません。弊社でも徐々に業務の効率化を進めている中で、楽楽精算の導入はすべての社員にメリットがあり、もっと早く導入すべきであったと猛省する次第でございます。この口コミを詳しく見る,交通費精算に関しては交通移動履歴の印刷をして申請書に添付し、自分の押印したものを、上長→管理責任者→社長と回覧します。不備があれば再度回収して、訂正印を押して最初から回覧するという事をしていました。当然時間はかかり、清算が完了するまでの時間は２週間後などという状況でした。それが全てウェブ上で済ますことができ、紙の節約・押印の煩わしさ・精算までの時間などすべて問題解決しました。楽楽精算の改善してほしい点全社員に使用方法など周知するのに時間がかかりました。特にイレギュラーなケースについては都度担当者が個別対応して大変そうです。ある程度のITリテラシーが求められるのと、マニュアルをみても解らないこともありました。ヘルプのチャット機能などあれば、シニア世代でも理解しやすいのではないかと思いました。システムの不具合がありましたか？ありません。楽楽精算導入で得られた効果・メリット世界的にデジタルトランスフォーメーション化が喫緊の課題となっているなかで、昔ながらの紙ベースで業務を行う事を心苦しくおもっていました。特に社内業務にコストや時間を割くほど惜しいことはありません。弊社でも徐々に業務の効率化を進めている中で、楽楽精算の導入はすべての社員にメリットがあり、もっと早く導入すべきであったと猛省する次第でございます。
819,2022/07/12,紙で申請をあげてエクセルで集計していたものが不要となり、業務の手間が大幅に削減されました。社内の電子化に対する社員の意識の醸成にも繋がっています。,我々のような中小企業は人数が限られているため、初期設定に大変手間取りました。サポート体制の充実をお願いします。,経費精算、交通費精算が社内に戻らずに外出先からでも手続きできるため、精算までのサイクルが短くなりました。また、請求忘れ等もなくなった。この口コミを詳しく見る,あげてエクセルで集計していたものが不要となり、業務の手間が大幅に削減されました。社内の電子化に対する社員の意識の醸成にも繋がっています。楽楽精算の改善してほしい点我々のような中小企業は人数が限られているため、初期設定に大変手間取りました。サポート体制の充実をお願いします。楽楽精算導入で得られた効果・メリット経費精算、交通費精算が社内に戻らずに外出先からでも手続きできるため、精算までのサイクルが短くなりました。また、請求忘れ等もなくなった。
820,2022/07/08,これまで出張精算などは手書きで社内の請求伝票を書いて、領収書をつけて回覧を回してましたが、請求伝票の作成・申請から承認まで、全てWeb上で完結する為、手間がかからずスピーディーになりました。,クレジットカードを使用した経費利用の場合、カード会社からの利用明細書が発信されないと申請が出来ない為、従来のように即日請求が出来ない。システムの不具合がありましたか？特にありません。,手書きで作成していた請求伝票がWeb入力で済む事と、スマホ版のアプリを使用すれば、領収書をカメラで撮影するだけで金額などは自動入力される為、伝票作成の手間は非常に削減された。,経費精算が簡潔にスピーディーになります。
821,2022/07/05,顧客訪問時の移動費用の計算がアプリ内ででき、非常に重宝しています。電車利用時に出発点&目的地入力のみで運賃や経路を出してくれるため、自分で調べなくてもよいです。,ウインドウが複数開かれるため、ごちゃごちゃするのとたまに誤って消してしまったりするので、改善されるといいなと思います。,経費精算がとても楽&時間短縮になりました。特に領収書等を写真添付するだけでよいので、以前のように紙の領収書で財布がパンパンということがなくなりました。この口コミを詳しく見る,の移動費用の計算がアプリ内ででき、非常に重宝しています。電車利用時に出発点&目的地入力のみで運賃や経路を出してくれるため、自分で調べなくてもよいです。楽楽精算の改善してほしい点ウインドウが複数開かれるため、ごちゃごちゃするのとたまに誤って消してしまったりするので、改善されるといいなと思います。楽楽精算導入で得られた効果・メリット経費精算がとても楽&時間短縮になりました。特に領収書等を写真添付するだけでよいので、以前のように紙の領収書で財布がパンパンということがなくなりました。
822,2022/07/05,会社で普及されている法人クレジットカードと決済データが連動しているので、ボタンひとつで精算が可能。もちろん現金立替した経費も手入力ができるので必要充分の機能が備わっていると思います。,会社側での運用の問題なのかもしれませんが、楽楽精算にて申請後に出力する台紙に、領収書を添付する作業が手間です。領収書を紙で保管したり貼り付けしたりする手間は省けないものかどうか。,一従業員として毎月経費精算をしているが、法人クレジットカードと連動していれため、精算処理は5分程度で終わるイメージです。非常に楽になりました。この口コミを詳しく見る,されている法人クレジットカードと決済データが連動しているので、ボタンひとつで精算が可能。もちろん現金立替した経費も手入力ができるので必要充分の機能が備わっていると思います。楽楽精算の改善してほしい点会社側での運用の問題なのかもしれませんが、楽楽精算にて申請後に出力する台紙に、領収書を添付する作業が手間です。領収書を紙で保管したり貼り付けしたりする手間は省けないものかどうか。楽楽精算導入で得られた効果・メリット一従業員として毎月経費精算をしているが、法人クレジットカードと連動していれため、精算処理は5分程度で終わるイメージです。非常に楽になりました。
823,2022/07/05,社内の経費精算に使用しています。細かい区分分けや電車の料金の自動入力など紙で行っていた煩雑な作業がほとんどなくなりました。,仮払申請が出張用と経費用の二種類があり初めて使用するユーザには分かりにくいと感じました。使い分け方例が載っていると良かったです。システムの不具合がありましたか？現時点ではない,とにかく紙が減りました。今ではレシートや請求書で紙でいちいち精算をしていてごちゃごちゃだったのでデスク周りもスッキリしました。,経費精算を自分で行っている人は為して欲しい
824,2022/07/05,精算系のツールはこれしか使ったことがありませんが、「リプレイスしたい」と思うことが全くないほど、操作性にストレスを感じません。,特にありませんが、UXは問題ないので、UIの部分を改善することで、より直感的に操作できる気がしております。システムの不具合がありましたか？過去一度もありませんでした。,操作性が良いため、「忘れてた…」ということがなくなり、溜めてやるのではなく、発生すればすぐ申請するというクセがついています。よって社内全体がwinーwinになります。,使いやすさがあるため、現場のPCリテラシーがない方でも導入できると思います。
825,2022/07/04,弊社では一部他の製品と組み合わせて使っていますが、これまで手作業で行っていた代金の請求書作成と請求書発送業務の自動化を進めることができます。,現時点では改善必須ということは特にありませんが、欲を言えばもう少し利用料金が下がってくれればとは思います。,弊社ではBPRの一環として、全国にある支店の業務の一部を本社が担うようにしましたが、その一環としてこのサービスを導入しました。人の手でやるといくら時間があっても足りない作業ですが、このサービスのおかげでなんとかBPRを予定通りすすめることができそうです。この口コミを詳しく見る,部他の製品と組み合わせて使っていますが、これまで手作業で行っていた代金の請求書作成と請求書発送業務の自動化を進めることができます。楽楽精算の改善してほしい点現時点では改善必須ということは特にありませんが、欲を言えばもう少し利用料金が下がってくれればとは思います。楽楽精算導入で得られた効果・メリット弊社ではBPRの一環として、全国にある支店の業務の一部を本社が担うようにしましたが、その一環としてこのサービスを導入しました。人の手でやるといくら時間があっても足りない作業ですが、このサービスのおかげでなんとかBPRを予定通りすすめることができそうです。
826,2022/07/04,出張費、旅費の精算に利用していますが、必要な情報を入力、またはプルダウンで選択するだけで簡単に申請できるので業務効率が上がりました。乗換案内で簡単に経路検索でき、自動入力されるのも良い。,過去に申請した出張費を一覧で見れるのは便利ですが、申請別の料金が表示されるのが月別、年別の合計額も表示されるようになればもっと嬉しいです。システムの不具合がありましたか？不具合、トラブル特になく、利用できています。,今まで日帰りではない出張費はシステムで申請出来ず、Excelや個別見積もりを取っての作業が必要だったが、製品導入後は全てシステムで申請可能となり業務の手間が減った。,旅費の申請がとても楽になります。
827,2022/07/04,今までエクセルなどで集計していましたが、アプリで簡単にレシートのアップロードや入力ができるので手間が減りました。,レシートがアップされるまでに少し時間がかかるので、もう少しスピードアップされるとうれしいですが、概ね満足しています。,海外出張など、経費が嵩み、後から詳細を思い出すのが難しいシチュエーションでも、アプリがあれば都度更新できるので、精算漏れや帰国後の手間が省ける。この口コミを詳しく見る,セルなどで集計していましたが、アプリで簡単にレシートのアップロードや入力ができるので手間が減りました。楽楽精算の改善してほしい点レシートがアップされるまでに少し時間がかかるので、もう少しスピードアップされるとうれしいですが、概ね満足しています。楽楽精算導入で得られた効果・メリット海外出張など、経費が嵩み、後から詳細を思い出すのが難しいシチュエーションでも、アプリがあれば都度更新できるので、精算漏れや帰国後の手間が省ける。
828,2022/07/03,2ヶ月前から使用を始めた。領収書を写真で収め、承認フローへ移行することもでき使いやすい。携帯からもアクセス出来るのでどこに居ても処理することができる。また、とてもシンプルなので使い方も分かり易い。,PCから写真を貼れず、やり方がわからなかった。Amazon等で電子領収書を手に入れた際に困る。その他は特に無し。,今までのツールでは、使用した目的や内容を記載(記載事項は楽楽精算とほぼ同じ)した後紙で印刷し、該当の領収書を貼り付けて提出を行っていた。在宅が増え出社が減っても処理するために出社していたが、導入することで無駄な出社の減少と紙削減、処理作業の簡略化を行う事ができた,とにかくシンプルで使いやすい
829,2022/07/03,システムの導入にあたって、思っていたよりも費用がかからなかった点は嬉しいですね。(初期費用の他、当然、サービス利用のための月額はかかります。)クラウドサービスなので、自社で新規でサーバーを準備したり、管理体制を整える必要もないですし。,改善して欲しい点といいますか、領収書などをスマートフォンで撮影して読み取る機能、作業があるのですが、それがなかなか手間がかかるなと思いました。とはいっても、トータルでは経理業務が楽にはなっているので満足しています。,楽楽精算を導入してからは、トータル的には経理担当の仕事が大幅に軽減されることになりました。それに伴い、今まで精算の仕事に充てていた時間を他の業務に充てることができるようになり、更なる会社の利益を生むことに繋がったと考えています。この口コミを詳しく見る,導入にあたって、思っていたよりも費用がかからなかった点は嬉しいですね。(初期費用の他、当然、サービス利用のための月額はかかります。)クラウドサービスなので、自社で新規でサーバーを準備したり、管理体制を整える必要もないですし。楽楽精算の改善してほしい点改善して欲しい点といいますか、領収書などをスマートフォンで撮影して読み取る機能、作業があるのですが、それがなかなか手間がかかるなと思いました。とはいっても、トータルでは経理業務が楽にはなっているので満足しています。楽楽精算導入で得られた効果・メリット楽楽精算を導入してからは、トータル的には経理担当の仕事が大幅に軽減されることになりました。それに伴い、今まで精算の仕事に充てていた時間を他の業務に充てることができるようになり、更なる会社の利益を生むことに繋がったと考えています。
830,2022/07/03,領収書は撮影してデータを作ることができるので、手入力作業が少ないのは助かります。ICカードのデータを利用できるため、電車代の申請はほぼ入力なしで申請ができるのはすごく便利。,何度かあるんですけど承認者が休みや不在の処理が滞ってしまうので、代理承認者を設定出来ればもっといいと思いました。,経費申請作業がペーパーレス化により、効率よく申請出来るのがよい。今まで紙の領収書を保管して申請あげて問題なければ領収書の提出…と時間がかかっていたし、領収書の保管が大変でした。この口コミを詳しく見る,影してデータを作ることができるので、手入力作業が少ないのは助かります。ICカードのデータを利用できるため、電車代の申請はほぼ入力なしで申請ができるのはすごく便利。楽楽精算の改善してほしい点何度かあるんですけど承認者が休みや不在の処理が滞ってしまうので、代理承認者を設定出来ればもっといいと思いました。楽楽精算導入で得られた効果・メリット経費申請作業がペーパーレス化により、効率よく申請出来るのがよい。今まで紙の領収書を保管して申請あげて問題なければ領収書の提出…と時間がかかっていたし、領収書の保管が大変でした。
831,2022/07/03,SuicaやPASMOに記録された情報を専用のリーダーで読み取り、交通費精算明細の自動作成〜伝票起票が自動化されるため、電卓による検算作業や伝票入力作業が大幅に軽減された。,交通系ICカード自体に履歴保持件数が少ないのでこまめに精算する必要があるが、別の方法などで改善できればありがたい。,交通系ICカードをリーダーにかざすだけで簡単に交通費精算ができるようになった。自動起票されるため、経理部門においても業務が軽減された。この口コミを詳しく見る,やPASMOに記録された情報を専用のリーダーで読み取り、交通費精算明細の自動作成〜伝票起票が自動化されるため、電卓による検算作業や伝票入力作業が大幅に軽減された。楽楽精算の改善してほしい点交通系ICカード自体に履歴保持件数が少ないのでこまめに精算する必要があるが、別の方法などで改善できればありがたい。楽楽精算導入で得られた効果・メリット交通系ICカードをリーダーにかざすだけで簡単に交通費精算ができるようになった。自動起票されるため、経理部門においても業務が軽減された。
832,2022/07/03,紙での経費精算作業が不要のため、リモート中心の時代に最適である。電車で駅名を入れれば路線も出てくるので便利。,バス停ではたまに出てこない場合がある。また、レシートを添付して、精算申請するまでの過程が慣れるまでは難しく煩雑。,手間が省けている。具体的には、会社で印鑑を押して、紙にパソコンで自分で電車のルートを乗り換え案内で検索することがなくなった。この口コミを詳しく見る,精算作業が不要のため、リモート中心の時代に最適である。電車で駅名を入れれば路線も出てくるので便利。楽楽精算の改善してほしい点バス停ではたまに出てこない場合がある。また、レシートを添付して、精算申請するまでの過程が慣れるまでは難しく煩雑。楽楽精算導入で得られた効果・メリット手間が省けている。具体的には、会社で印鑑を押して、紙にパソコンで自分で電車のルートを乗り換え案内で検索することがなくなった。
833,2022/07/03,新型コロナウイルスで遠隔でも精算業務を行う必要がありました。これは紙媒体で実施していた精算をすべてweb上で行うことができます。入力後の計算、確認をすべて自動でできるので、ミスが減りました。,営業のような一箇所に行って順番に客先を回る仕事内容だと精算も楽になりますが、色々な所を行ったり来た入りする業務の場合、入力が複雑になり社員の負担になっています。,新型コロナウイルスでリモートワークとなり、紙媒体で精算業務ができなくなりました。遠隔でも精算業務が通常通り実施できるのが、メリットです。月末の確認作業の負担も減り、業務の効率化ができました。この口コミを詳しく見る,ウイルスで遠隔でも精算業務を行う必要がありました。これは紙媒体で実施していた精算をすべてweb上で行うことができます。入力後の計算、確認をすべて自動でできるので、ミスが減りました。楽楽精算の改善してほしい点営業のような一箇所に行って順番に客先を回る仕事内容だと精算も楽になりますが、色々な所を行ったり来た入りする業務の場合、入力が複雑になり社員の負担になっています。楽楽精算導入で得られた効果・メリット新型コロナウイルスでリモートワークとなり、紙媒体で精算業務ができなくなりました。遠隔でも精算業務が通常通り実施できるのが、メリットです。月末の確認作業の負担も減り、業務の効率化ができました。
834,2022/07/03,経費精算はそれ自体が価値を生む業務ではないため、限りなく省力化したいものです。本サービスでは、ほとんど不満のないシステムを提供頂けると思います。,2点あります。スマホアプリの入力が煩雑で、領収証の撮影くらいにしか使用していません。UIがもっと洗練されると良いと思います。また、交通費の精算において、指定席の利用や紙切符orICカードどちらで精算するかは会社のポリシーで決まっていますので、初期設定で選択できると尚良いと思います。,交通費、会議費、交際費の精算に使用しています。これまでエクセルシートで精算し、管理者がルートや支出先などの妥当性をいちいちチェックしていました。とくに交通費精算においては頻出するルートの登録や、システム上で最安・最短ルートを使用したことがひと目でわかるので、管理者の立場でも労力削減の効果を実感できました。この口コミを詳しく見る,それ自体が価値を生む業務ではないため、限りなく省力化したいものです。本サービスでは、ほとんど不満のないシステムを提供頂けると思います。楽楽精算の改善してほしい点2点あります。スマホアプリの入力が煩雑で、領収証の撮影くらいにしか使用していません。UIがもっと洗練されると良いと思います。また、交通費の精算において、指定席の利用や紙切符orICカードどちらで精算するかは会社のポリシーで決まっていますので、初期設定で選択できると尚良いと思います。楽楽精算導入で得られた効果・メリット交通費、会議費、交際費の精算に使用しています。これまでエクセルシートで精算し、管理者がルートや支出先などの妥当性をいちいちチェックしていました。とくに交通費精算においては頻出するルートの登録や、システム上で最安・最短ルートを使用したことがひと目でわかるので、管理者の立場でも労力削減の効果を実感できました。
835,2022/07/03,エンドユーザーの立場からすると特に使いやすい点がある訳ではないが、逆を言えば大きな不満がないというのは、システムを利用する上でメリット。,一時保存した経費申請のメールでのリマインド機能があると嬉しい。また、複数の交通費申請明細を作った際に順番を並び替えられると嬉しい。システムの不具合がありましたか？今のところ無し。,JCBの法人カードと提携しているため、法人カードの利用履歴から経費申請を作れるのがありがたい。経理からしても虚偽の申請防止とかにもなるのではないだろうか。この口コミを詳しく見る,ザーの立場からすると特に使いやすい点がある訳ではないが、逆を言えば大きな不満がないというのは、システムを利用する上でメリット。楽楽精算の改善してほしい点一時保存した経費申請のメールでのリマインド機能があると嬉しい。また、複数の交通費申請明細を作った際に順番を並び替えられると嬉しい。システムの不具合がありましたか？今のところ無し。楽楽精算導入で得られた効果・メリットJCBの法人カードと提携しているため、法人カードの利用履歴から経費申請を作れるのがありがたい。経理からしても虚偽の申請防止とかにもなるのではないだろうか。
836,2022/07/03,領収書の管理が写真登録でできる点。私は申請する側であり、これまで領収書の送付が必要であったが、この製品は登録ができる為申請管理が便利。,領収書登録について、PDFでしか登録ができない点。.imgで登録できれば便利には感じる。ただ、管理者が不便を被る可能性もあるので希望程度。システムの不具合がありましたか？特にありません。,以前利用していた精算方法だと、領収書の経理部への送付、修正必要な場合は再度送付、とかなり手間だった。この製品によって全てペーパーレス、オンライン上のやりとりで送付が必要ないため迅速な対応が可能になった。以前利用していた製品の解約理由以前利用製品は領収書の一括管理ができず不便だった。,ペーパーレスにする事でセキュリティ上も強化されると思うので一石二鳥、三鳥です。
837,2022/07/03,タイトルに記載をしましたが、写真撮影からの自動認識機能（支払先・日付・金額）の精度がよく、不満な点は少ないです。,一方で、精度が100%とはいかない点と、添付ファイルの形式がpdfのみなのが、すこし面倒くださいです。専用アプリの使用もセキュリティ面の観点で、事前準備が必要です。システムの不具合がありましたか？写真形式（jpegなど）が不可で、pdfのみなのが面倒です。,領収書精算が圧倒的に楽になりました。これだけで十分です。後は慣れで解決するレベルなので、実用面も十分だと思います。以前利用していた製品の解約理由会社都合です。,効率化・領収書精算の効率化
838,2022/07/03,まずは、直感的に使いやすいユーザーインターフェイスがすごく精算に使いやすいポイントです。マニュアルを見なくても操作できます。,全てのユーザーが共通の仕様となっているところがあり、個別の仕様に対して使いにくい部分があります。(選択する必要のないところで仕様的に選択するなど)システムの不具合がありましたか？今のところありません。,これまでは旅費精算を1度紙で印刷して上司に申請する必要があったが、本製品を使用することで、それがなくなり、手間が省けました。以前利用していた製品の解約理由契約満期,使いやすいユーザーインターフェイスと業務効率改善のツールとしておすすめです。
839,2022/07/03,ようやく領収書を写真データで保存出来るようになり、ペーパーレス化が進んだ。今までは備考欄に該当する領収書番号を入荷しなければならなかったので便利になった。,経費項目がプルダウンで選択するのではなく、番号などで該当する項目を楽に入力できるようになってほしい。システムの不具合がありましたか？特になし。,スマートフォンからいつでもどこでもすぐに入力出来る。ただ、スマートフォンからはコピー機能が使用出来ないのが残念。この口コミを詳しく見る,収書を写真データで保存出来るようになり、ペーパーレス化が進んだ。今までは備考欄に該当する領収書番号を入荷しなければならなかったので便利になった。楽楽精算の改善してほしい点経費項目がプルダウンで選択するのではなく、番号などで該当する項目を楽に入力できるようになってほしい。システムの不具合がありましたか？特になし。楽楽精算導入で得られた効果・メリットスマートフォンからいつでもどこでもすぐに入力出来る。ただ、スマートフォンからはコピー機能が使用出来ないのが残念。
840,2022/07/02,出張が多くデスクに居ない私にって、社内のデスクのみならずアクセス権が付与されたタブレット、スマホからもアクセスできるため、時短効果が絶大で自分の本業に当てる時間を増やすことができた。,何件がまとめて申請しようとすると、フリーズすることがままあります。社内のサーバーの問題かもしれませんが、他のシステムではフリーズすることは無かったので‥システムの不具合がありましたか？改善点の項に記載,導入前は経理担当や上司の都合に合わせて経費処理をする必要がありましたが、導入後は締め日だけを気にすれば良くなり、私の残業時間の削減につながりました,サポートセンターが秀逸で、些細な事でも丁寧かつ迅速に対応してくれる点
841,2022/07/02,オンラインなので領収書が手元にあれば、いつでもどこでも申請が可能。出張中など出先からも可能なので申請忘れが防げる。,申請履歴一覧に商品名や申請者名等申請番号以外の項目も表示されれば目的の項目を検索しやすくなり便利だと感じます。,精算に現金が要らなくなるので、申請者も精算係もお互いに手間が省ける。金庫に常備しておく硬貨や紙幣の数も減らせる。,クラウド管理
842,2022/07/02,何も意識せず通勤交通費精算が行えます。経路金額なども検索、選択できるので不便なし。マニュアルなど読まなくても操作できる操作性が良い点です。,画面構成が横長な点です。もっとコンパクトなブラウザサイズでも操作できる画面構成だとなおよいです。PC使用ですがスマホ用の画面構成が求められます。システムの不具合がありましたか？特にありません,いちいち別の交通費検索ツールで調べる必要がなくなり、また定期経路を考慮しなくとも自動で判定してもらえる点はかなり楽です。この口コミを詳しく見る,ず通勤交通費精算が行えます。経路金額なども検索、選択できるので不便なし。マニュアルなど読まなくても操作できる操作性が良い点です。楽楽精算の改善してほしい点画面構成が横長な点です。もっとコンパクトなブラウザサイズでも操作できる画面構成だとなおよいです。PC使用ですがスマホ用の画面構成が求められます。システムの不具合がありましたか？特にありません楽楽精算導入で得られた効果・メリットいちいち別の交通費検索ツールで調べる必要がなくなり、また定期経路を考慮しなくとも自動で判定してもらえる点はかなり楽です。
843,2022/07/02,これまでは営業がワードなどに記載して、経理に提出していた。会社に出社しなければいけないし、不備などがあると書面でのやりとりなどが発生し、手間がかかった。しかし、現在はデータ上でやりとりができるし、不備があっても差し戻しも簡単で営業と経理の負荷がぐっと減った。,領収書の読み取りやSUICAの利用履歴（仕事用）の確認など、読み取り機能はあるが、それでもやや手間がかかってしまう。わがままかもしれないが、もっとどうにかならないかと思う。システムの不具合がありましたか？特にない。,コロナ禍になり在宅日が増えたが、問題なく経理業務が進んでいる。以前は金額が合わないなどのやりとりで期末は大変だったが、トラブルは少なくなった。,営業の効率化には必ず必要。
844,2022/07/02,交通系ICカードで読み込むのはもちろん、直接入力するのも、経路検索を反映させるのも全て簡単で本当に楽になりました。,全ての交通系ICカードを読み込めるようにして欲しい。読み込んだ乗車履歴を削除できるようにして欲しい。私用で使った履歴まで会社に見られてしまうシステムの不具合がありましたか？特にありません,交通費の精算をするのに、以前は乗車した経路を全て手書きかエクセルで提出していましたので、ICカードの読み込むだけで相当時間短縮できました。また交通費以外の経費精算もコーポレートカードと連携させて、精算を忘れていても催促のメールがくるなど精算の漏れがなくなり助かります。この口コミを詳しく見る,カードで読み込むのはもちろん、直接入力するのも、経路検索を反映させるのも全て簡単で本当に楽になりました。楽楽精算の改善してほしい点全ての交通系ICカードを読み込めるようにして欲しい。読み込んだ乗車履歴を削除できるようにして欲しい。私用で使った履歴まで会社に見られてしまうシステムの不具合がありましたか？特にありません楽楽精算導入で得られた効果・メリット交通費の精算をするのに、以前は乗車した経路を全て手書きかエクセルで提出していましたので、ICカードの読み込むだけで相当時間短縮できました。また交通費以外の経費精算もコーポレートカードと連携させて、精算を忘れていても催促のメールがくるなど精算の漏れがなくなり助かります。
845,2022/07/01,領収書精算では領収書、精算記録紙、小銭と細かな物の管理が沢山ありましたが今では全て不用！領収書も精算記録もパソコンの中。小銭は銀行から直接口座へ。素晴らしい。,画面が少し見辛いところがあってこれが好みになれば言うことなしです。サービス面ではマニュアルがあっても探しづらいのでPC上でリモートで教えてもらえると助かります。,担当者のストレスが減った。仕事の工数も減った。しまうものが少なくなったのでキャビネットの空きが増えた。この口コミを詳しく見る,では領収書、精算記録紙、小銭と細かな物の管理が沢山ありましたが今では全て不用！領収書も精算記録もパソコンの中。小銭は銀行から直接口座へ。素晴らしい。楽楽精算の改善してほしい点画面が少し見辛いところがあってこれが好みになれば言うことなしです。サービス面ではマニュアルがあっても探しづらいのでPC上でリモートで教えてもらえると助かります。楽楽精算導入で得られた効果・メリット担当者のストレスが減った。仕事の工数も減った。しまうものが少なくなったのでキャビネットの空きが増えた。
846,2022/07/01,今までは書類を印刷して所属長に提出してから本部事務局へ届くまでに時間がかかり、処理が遅かったのですが、印刷と共に申請が送れるようになったのでスムーズになりました。,そこまで困っていたことはありません。使用している途中で、電子印の印刷も可能になったのでとても便利でした。,部門間での書類のやり取りが減り、業務が軽減されたと思います。また、立替払いが現金から給与と共に振り込まれる形に変わったのもよかったと思います。この口コミを詳しく見る,類を印刷して所属長に提出してから本部事務局へ届くまでに時間がかかり、処理が遅かったのですが、印刷と共に申請が送れるようになったのでスムーズになりました。楽楽精算の改善してほしい点そこまで困っていたことはありません。使用している途中で、電子印の印刷も可能になったのでとても便利でした。楽楽精算導入で得られた効果・メリット部門間での書類のやり取りが減り、業務が軽減されたと思います。また、立替払いが現金から給与と共に振り込まれる形に変わったのもよかったと思います。
847,2022/07/01,会計ソフトとの連動が可能なので、連動できれば経理の負担が軽くなる。もし連動せず、単体で使っても、機能がわかりやすいので使いやすい。,今のところ特になし。利用している社員から使い方がわからないなどの質問もないので、誰でも使いやすいのだと思う。システムの不具合がありましたか？特になし。,導入前は紙で手書きだったので、精算書を提出する時間が大幅に削減された。書式がある分チェックもしやすく、見やすい。また費用が手頃で続けやすい。,機能、費用ともに満足できる
848,2022/06/26,日帰りや出張の旅費申請をweb上で完結することができる。また、紙なども一切使わない為、会社のペーパーレスの方針にも合っている。,一時保存した際、どこから一時保存したものを編集できるのか困ったことがあった。一覧ボタンを大きくするか、名前を分かりやすくしてほしい。,楽楽精算があることで、申請手続きが楽になり、時間短縮に繋がっていると考える。また、精神的にも申請手続きをする面倒さをあまり感じずにできる。この口コミを詳しく見る,張の旅費申請をweb上で完結することができる。また、紙なども一切使わない為、会社のペーパーレスの方針にも合っている。楽楽精算の改善してほしい点一時保存した際、どこから一時保存したものを編集できるのか困ったことがあった。一覧ボタンを大きくするか、名前を分かりやすくしてほしい。楽楽精算導入で得られた効果・メリット楽楽精算があることで、申請手続きが楽になり、時間短縮に繋がっていると考える。また、精神的にも申請手続きをする面倒さをあまり感じずにできる。
849,2022/06/25,出張など移動経路を指定すると乗り換え検索機能があり便利。一度使った経路選択は次回以降も履歴を参照して入力できるため繰り返し同じ場所に行く予定がある際などは特に使いやすさを感じます。,社内の既存の稟議決裁と楽楽精算が連動してしまっている場合があり、一部申請は2重申請する必要ができたことです。社内事情のため、サービス利用上の不便な点は特にないです。,繰り返し同じ場所に往訪する際は過去の履歴から同じ申請をできるため時間短縮になります。スマートフォンでも利用できるので空いた時間で申請できるのも便利です。この口コミを詳しく見る,動経路を指定すると乗り換え検索機能があり便利。一度使った経路選択は次回以降も履歴を参照して入力できるため繰り返し同じ場所に行く予定がある際などは特に使いやすさを感じます。楽楽精算の改善してほしい点社内の既存の稟議決裁と楽楽精算が連動してしまっている場合があり、一部申請は2重申請する必要ができたことです。社内事情のため、サービス利用上の不便な点は特にないです。楽楽精算導入で得られた効果・メリット繰り返し同じ場所に往訪する際は過去の履歴から同じ申請をできるため時間短縮になります。スマートフォンでも利用できるので空いた時間で申請できるのも便利です。
850,2022/06/21,出張精算の際に、交通費の経路案内と料金が出てきて便利。また、料金に関しては、IC料金と現金での両方が出てくるので使いやすい。,交際費、セミナー費用や購入費等の精算に関して、添付書類として、それらの領収書が添付できるようになればさらに便利になる。システムの不具合がありましたか？特になし。,過去に精算したリストも出てくるので、二重に精算したりするミスを事前に防ぐことが出来ている。いつも確認をしています。,精算のソフトとして、大変便利。
851,2022/06/21,これまで月末領収書の原本を提出する為だけに出社することがありましたが今はありません。サービスの中身としても使いやすくとくに公共交通機関に対してルートと金額が簡単に選べるのが便利。精算する側以上に経理部の業務がかなり削減されたと思う。,領収書を撮影しアップロードするまでに2段階踏まなければいけないので、撮影後そのまま精算できれば良い。,領収書が発生した時点での精算処理が可能。精算する為の出社がなくなり業務不可の軽減。経理処理側の業務不可の軽減で導入したことによりかなり業務軽減になっていると思う。,経理部門の業務軽減にかなり貢献すると思います。
852,2022/06/21,1ユーザーとして利用しておりますが、製品名の通り、毎月末の忙しい時期に経理処理が非常に楽です。特に、レシートや領収書などを写真で取り込んで、内容情報を正確に自動認識してくれる機能があり便利です。,操作中（申請登録作業中）に急務の離席で一定時間放置した場合、一時保存を押下しないとデータが消えてしまうので、自動保存機能などがあれば嬉しいです。システムの不具合がありましたか？特にありません。,職務上外回りの多いが多いため、経費や交通費処理が非常に多いのですが交通乗り換え案内サービスと連動しているため、経路調査などの時間が短縮されて効率的に処理ができております。以前利用していた製品の解約理由別システムを利用していたが、作業効率化のために変更この口コミを詳しく見る,として利用しておりますが、製品名の通り、毎月末の忙しい時期に経理処理が非常に楽です。特に、レシートや領収書などを写真で取り込んで、内容情報を正確に自動認識してくれる機能があり便利です。楽楽精算の改善してほしい点操作中（申請登録作業中）に急務の離席で一定時間放置した場合、一時保存を押下しないとデータが消えてしまうので、自動保存機能などがあれば嬉しいです。システムの不具合がありましたか？特にありません。楽楽精算導入で得られた効果・メリット職務上外回りの多いが多いため、経費や交通費処理が非常に多いのですが交通乗り換え案内サービスと連動しているため、経路調査などの時間が短縮されて効率的に処理ができております。以前利用していた製品の解約理由別システムを利用していたが、作業効率化のために変更
853,2022/06/21,各社に合わせた設定もそれなりに柔軟にできるようです。承認者としても、未承認のものはすぐに確認できますし、承認漏れもなく便利です。,毎月締めで申請するので、常に一次保存状態としているのですが、そのまま申請を忘れてしまいそうになることが過去に数回ありました。締め日を設定するなどで、保存状態になるものがあればリマインドしてくれる機能があると嬉しいです。領収書を写真やデータでも添付できるようになると便利になると思います。,クラウド管理なので、多くの申請の管理がとても楽になります。承認漏れもなくなり、確実な申請承認処理ができるようになると思います。この口コミを詳しく見る,せた設定もそれなりに柔軟にできるようです。承認者としても、未承認のものはすぐに確認できますし、承認漏れもなく便利です。楽楽精算の改善してほしい点毎月締めで申請するので、常に一次保存状態としているのですが、そのまま申請を忘れてしまいそうになることが過去に数回ありました。締め日を設定するなどで、保存状態になるものがあればリマインドしてくれる機能があると嬉しいです。領収書を写真やデータでも添付できるようになると便利になると思います。楽楽精算導入で得られた効果・メリットクラウド管理なので、多くの申請の管理がとても楽になります。承認漏れもなくなり、確実な申請承認処理ができるようになると思います。
854,2022/06/21,エクセルで精算表を作成し、印刷出力後に捺印して回付していましたが、出張申請から精算までが入力だけで済み、尚且つ承認進捗も見える点が良い。,クレジットカードからのデータインポートが日数を要す。（カード会社の問題）領収書のPDF添付のボタンが小さい。システムの不具合がありましたか？特になし。,法人カード、交通系ICとの連携で、私物のカードで立て替える必要がなくなり、私事と仕事の区別がしやすくなった。,DXにまず取り組みやすいところだと思います。
855,2022/06/21,過去に作成した伝票や承認した伝票が閲覧できるので、いつの時点でどのような経費精算等を実施したかが容易に把握できるのがありがたい。,普段使用しない機能などを使用する際に、ナビ機能などで使用方法を示してもらえると、詳しい同僚などを煩わすことなく利用できるので、より効率的になると思われる。システムの不具合がありましたか？現在のところ特にありません。,テレワークが導入されて事務所以外での利用機会も増加したが、問題なく対応できるので締め処理などの遅れることなく精算できる。,中堅規模以下の企業には、コストパフォーマンス的におすすめです。
856,2022/06/19,それまでは手書きの支払い証でしたが、こちらが導入されてから効率化されました。支払先が登録できるのもいい。,利用開始時は使い方が分かるまで多少時間が要ります。簡易マニュアルとかがあるとgoodだと思います（既にあるのかもしれませんが）。,手書きに比べて圧倒的に簡単です。また、ネットさえあれば場所を選ばす精算に対応できるので出張先などでも利用可能です。この口コミを詳しく見る,手書きの支払い証でしたが、こちらが導入されてから効率化されました。支払先が登録できるのもいい。楽楽精算の改善してほしい点利用開始時は使い方が分かるまで多少時間が要ります。簡易マニュアルとかがあるとgoodだと思います（既にあるのかもしれませんが）。楽楽精算導入で得られた効果・メリット手書きに比べて圧倒的に簡単です。また、ネットさえあれば場所を選ばす精算に対応できるので出張先などでも利用可能です。
857,2022/06/19,この製品の良い点は経費精算がスムーズにできるようになったという点です。いちいち紙媒体でやりとりすることなく、しかも社員はスマホで領収書などを撮影するだけですので、手続きの時間短縮につながります。,改善して欲しい点については今のところ特にありません。非常に優れた機能を持っていますので、満足して使用しています。システムの不具合がありましたか？特にありません。,テレワークでも対応可能という点がメリットです。申請のためにいちいち出社する必要がなく、自宅からでも申請ができますので、在宅勤務を推奨する我が社にとって、これは大きなメリットです。この口コミを詳しく見る,良い点は経費精算がスムーズにできるようになったという点です。いちいち紙媒体でやりとりすることなく、しかも社員はスマホで領収書などを撮影するだけですので、手続きの時間短縮につながります。楽楽精算の改善してほしい点改善して欲しい点については今のところ特にありません。非常に優れた機能を持っていますので、満足して使用しています。システムの不具合がありましたか？特にありません。楽楽精算導入で得られた効果・メリットテレワークでも対応可能という点がメリットです。申請のためにいちいち出社する必要がなく、自宅からでも申請ができますので、在宅勤務を推奨する我が社にとって、これは大きなメリットです。
858,2022/06/16,PCにより管理が容易になった。領収書も電子版を容易に活用ができるので、非常に便利になった。その後の確認もすぐにできる。,自分にとっては特にはないが、年配者の利用時などに若干の慣れが必要に思う。そのあたりはPC等のデジタルへの慣れが少しは必要か。,社内での統一管理が可能になっており、これまであいまいだった請求書、領収書の共通した認識も可能になっている。電子化によるスピードも改善。この口コミを詳しく見る,管理が容易になった。領収書も電子版を容易に活用ができるので、非常に便利になった。その後の確認もすぐにできる。楽楽精算の改善してほしい点自分にとっては特にはないが、年配者の利用時などに若干の慣れが必要に思う。そのあたりはPC等のデジタルへの慣れが少しは必要か。楽楽精算導入で得られた効果・メリット社内での統一管理が可能になっており、これまであいまいだった請求書、領収書の共通した認識も可能になっている。電子化によるスピードも改善。
859,2022/06/11,オンライン上で、全ての精算を完了することができる。それは社内精算だけでなく、社外へ社内の別部署より精算請求することもできる。,パソコンだけでなく、スマホにも対応して欲しい。レシートの添付もスマホで写真を撮ることで完了するなどメリットは多い。システムの不具合がありましたか？現在まで数年利用しているが、不具合はなかった。,新規の取引先に仕事を依頼した際に、口座がなかったことから楽楽精算が役に立った。精算部署に支払い依頼をすることで完了することができた。以前利用していた製品の解約理由急タイプの精算システム利用しており、記入する箇所が非常に多かった,オンライン上でデータを残せるなど紙を使用する機会が減り、全体の労務負担の軽減に繋がります。
860,2022/06/11,今までエクセルで集計していたものを楽楽精算をつかったら、エクセルが苦手で作業が遅かった私でも、楽に計算できた。またスマートフォン向けアプリがあるのもいい点です。,初期設定がやや複雑になっており、ITツールの操作が苦手な私では、初期設定を設定するのにとても時間と労力がかかっており、初期設定をもっと簡単にしてほしい。システムの不具合がありましたか？OCR入力に失敗することがあります。,楽楽精算を導入することで、経費精算業務の負担軽減、コストカットを行うことができた。また時間を節約できた。,エクセルが苦手な方におすすめ
861,2022/06/11,領収証のpdfファイルをアップロードすると、利用日や利用金額、使ったお店などを読み込んで自動的にシステムに反映してくれる点がとても便利です。,領収証のpdfファイルの容量制限がシビアで、スキャナの設定が高解像度になっているとアップロードができない点。そういう時は自分でpdfファイルのサイズを圧縮しないといけない点が不便に感じます。,手書きの経費精算書類から解放されますし、稟議機能もついているため上司の押印をもらう手間も省けます。自分の業務に専念する時間が増えました。以前利用していた製品の解約理由情シスの判断につき不明ですこの口コミを詳しく見る,dfファイルをアップロードすると、利用日や利用金額、使ったお店などを読み込んで自動的にシステムに反映してくれる点がとても便利です。楽楽精算の改善してほしい点領収証のpdfファイルの容量制限がシビアで、スキャナの設定が高解像度になっているとアップロードができない点。そういう時は自分でpdfファイルのサイズを圧縮しないといけない点が不便に感じます。楽楽精算導入で得られた効果・メリット手書きの経費精算書類から解放されますし、稟議機能もついているため上司の押印をもらう手間も省けます。自分の業務に専念する時間が増えました。以前利用していた製品の解約理由情シスの判断につき不明です
862,2022/06/11,撮影した写真に写っているレシートから、日付や金額を自動で読み込んで反映してくれるため入力する手間がなくなったこと。,PCからデータ領収書データ画像を読み込む際、jpgが利用できない。わざわざPDFにしなければならないので面倒。,上司の意見では紙での回覧がなくなったため、判子を押さなくてすむので教務が減ったと言っていた。しかし、一般社員は結局、紙ベースを財務課にださなければならず作業量的にはたいして減っていない。この口コミを詳しく見る,真に写っているレシートから、日付や金額を自動で読み込んで反映してくれるため入力する手間がなくなったこと。楽楽精算の改善してほしい点PCからデータ領収書データ画像を読み込む際、jpgが利用できない。わざわざPDFにしなければならないので面倒。楽楽精算導入で得られた効果・メリット上司の意見では紙での回覧がなくなったため、判子を押さなくてすむので教務が減ったと言っていた。しかし、一般社員は結局、紙ベースを財務課にださなければならず作業量的にはたいして減っていない。
863,2022/06/11,以前は紙ベースで領収書の貼り付け・スキャン・本社郵送等を行っていましたが、楽楽精算でデジタル化して貼り付けや郵送の手間がなくなりました。また乗換案内で電車だけでなくバス運賃にも対応している点が良いです。,自身は申請する側で承認をする事はないのですが、承認側で申請が漏れる事があり、申請が来たことが少し気づきにくいのかなと思います。,出張や移動が多いため以前は領収書の保存や申請が手間でしたが、楽楽精算でデジタル化して領収書はカメラで保存、申請もweb完結で面倒な経費申請時間が短縮できます。,外出する営業職が多い企業にはおすすめです。
864,2022/06/10,私は経費精算するユーザー側ですが、精算するユーザーではなく総務部等の管理者側が一元管理するのに適したサービスだと感じる。,細かい機能が多いため、会社の入力ルールも細かく指定されており、マニュアルを見ながら入力することが多々ある。,細かい機能が多いが故に、感覚的に入力しても会社指定の入力ルールと異なっており管理者から差戻しを受けることが多々ある。以前利用していた製品の解約理由会社方針で変更この口コミを詳しく見る,算するユーザー側ですが、精算するユーザーではなく総務部等の管理者側が一元管理するのに適したサービスだと感じる。楽楽精算の改善してほしい点細かい機能が多いため、会社の入力ルールも細かく指定されており、マニュアルを見ながら入力することが多々ある。楽楽精算導入で得られた効果・メリット細かい機能が多いが故に、感覚的に入力しても会社指定の入力ルールと異なっており管理者から差戻しを受けることが多々ある。以前利用していた製品の解約理由会社方針で変更
865,2022/06/09,経費だったり、出張申請が簡単に出来ます。サイト自体がとてもシンプルなので迷うことなく使えると思います。,サイトがシンプルという点の裏返しにはなるのですが、サイトのデザインがあまり良くないです。そのため使っていて安っぽさを感じる時があります。,社員の経費や交通費などを一括で管理することが出来る点が良いです。Web上で情報を入力することで、自動で紙に出力してくれる機能があるため、紙ベースで管理している企業にもピッタリです。この口コミを詳しく見る,り、出張申請が簡単に出来ます。サイト自体がとてもシンプルなので迷うことなく使えると思います。楽楽精算の改善してほしい点サイトがシンプルという点の裏返しにはなるのですが、サイトのデザインがあまり良くないです。そのため使っていて安っぽさを感じる時があります。楽楽精算導入で得られた効果・メリット社員の経費や交通費などを一括で管理することが出来る点が良いです。Web上で情報を入力することで、自動で紙に出力してくれる機能があるため、紙ベースで管理している企業にもピッタリです。
866,2022/06/09,経費精算の際に利用しています。わかりやすく、履歴も残るので良いです。控えが印刷できるところもポイントが高いです。,あまりないのですが、費用の明細などを入力するところが少しわかりにくいです。いつもマニュアルを見ながらなので、もう少し簡潔になるといいなと思います。,経費精算のスピードが格段に上がりました。また、履歴もしっかり残って、本社からの振込が間違ってないか確認もできるのでありがたいです。この口コミを詳しく見る,際に利用しています。わかりやすく、履歴も残るので良いです。控えが印刷できるところもポイントが高いです。楽楽精算の改善してほしい点あまりないのですが、費用の明細などを入力するところが少しわかりにくいです。いつもマニュアルを見ながらなので、もう少し簡潔になるといいなと思います。楽楽精算導入で得られた効果・メリット経費精算のスピードが格段に上がりました。また、履歴もしっかり残って、本社からの振込が間違ってないか確認もできるのでありがたいです。
867,2022/06/09,ルートを検索すれば運賃が出てくるので、最新の運賃を調べなくても良いのは便利だと感じる。また、ある程度の入力ミスは指摘してくれるので、ミスをしにくいというのもある。,ルート検索の際に全国の路線で検索するため、同じ名称の駅やバス停が検索時にヒットしてしまい、選択しづらいので、ルート検索前に地域（東京都など）の選択をできるとある程度は駅名を絞れるのではと感じた。システムの不具合がありましたか？特になかった。,過去には金額をネットで検索して、エクセルで計算していたが、ミスが多く、この製品は運賃の入力や定期区分の反映や計算を自動でしてくれるので、計算ミスの防止に役だっている。,スマートフォンでも利用可能な点
868,2022/06/08,これまでは紙での精算だったのが行き帰りの駅を入力して検索するだけで経路から料金まで全て自動入力シてくれるようになり、楽になりました。定期経路を登録しておけば最寄り駅から入力しても自動でその分の金額をひいてくれるのもうれしい点です。,交通費の経路を自動で検索してくれるのはいいのですが、ゴールデンウィークなどの特別料金が反映されないことがあります。,在宅勤務が増えているので紙で申請しなくてもフローチャートで申請が承認されるため、経理部からすぐお金が振り込まれるようになりました。,初めて経費精算システムを導入するのであればとっつきやすくていいシステムかと思います。
869,2022/06/08,社員がたくさんいる会社で外回りなどの交通費の精算が大変だったので、このソフトの導入により月一の作業がかなり楽になった。,次の画面に遷移するためのボタンが多いような気がするので、そのあたりのインターフェイスを考えてほしい。各会社によってSEをつけるなりして、パッケージをアレンジできるような体制が望ましい。システムの不具合がありましたか？特になし。,社員個人個人の交通費を一元管理できるようになったため、いちいち手作業でエクセル管理していたものがこのソフトに置き換わり、大変管理が楽になった。,経費の精算に困っているなら導入してみるのも手である。
870,2022/06/08,経費精算の際に毎回領収書を保管しておく手間、また本社が遠方なのですがそこへ領収書をまとめて糊で紙に貼り付けて本社へ郵送する手間が省けるようになりました。,領収書を写メで読み込めるのですが、その際に少しでも写りが悪いと差し戻しをされる点です。またPCへスキャンで読み込んだ際も申請までの入力が若干手間です。,領収書を糊で紙に貼り付けて遠方の本社へ郵送する手間が省けるようになりました。また領収書を保管しておくリスクも軽減されるようになりました。この口コミを詳しく見る,際に毎回領収書を保管しておく手間、また本社が遠方なのですがそこへ領収書をまとめて糊で紙に貼り付けて本社へ郵送する手間が省けるようになりました。楽楽精算の改善してほしい点領収書を写メで読み込めるのですが、その際に少しでも写りが悪いと差し戻しをされる点です。またPCへスキャンで読み込んだ際も申請までの入力が若干手間です。楽楽精算導入で得られた効果・メリット領収書を糊で紙に貼り付けて遠方の本社へ郵送する手間が省けるようになりました。また領収書を保管しておくリスクも軽減されるようになりました。
871,2022/06/08,これまで紙ベースで領収書や伝票を管理していましたが、電子化で保管の手間やミスが減り、効率的になりました。,1人のユーザーとしては入力の手間が増えた面もあるのですが、バックオフィスの業務がかなり削減できるメリットがあるので、やむを得ないと思っています。,会社全体で見ると経費精算にかけるリソースがかなり削減できるので、その分本業に集中できるようになりました。この口コミを詳しく見る,ベースで領収書や伝票を管理していましたが、電子化で保管の手間やミスが減り、効率的になりました。楽楽精算の改善してほしい点1人のユーザーとしては入力の手間が増えた面もあるのですが、バックオフィスの業務がかなり削減できるメリットがあるので、やむを得ないと思っています。楽楽精算導入で得られた効果・メリット会社全体で見ると経費精算にかけるリソースがかなり削減できるので、その分本業に集中できるようになりました。
872,2022/06/07,移動経路や費用を正確に記述し費用申請する必要がありましたが、スマホで簡単かつ正確に費用申請できるようになりました。,領収書の読み取り精度がいまいちなのでOCRの精度をあげてもらいたいと思います。クレジットカードの利用明細を取り込む際にも初期設定が大変面倒で改善の余地はあると思います。所属部署に合わせていろいろカスタマイズができるので、その内容や運用ルールを決めるのが面倒でした。ルールが浸透できていないと間違いも発生しました。,申請、承認、経理部での経理処理の一連の工程を電子化することができ、これまでの紙ベースの業務環境が一新され、効率が上がりました。また、自動仕訳・会計ソフト連携など、様々な機能で業務効率の向上や、人的ミスの防止を実現できています。,上手く使いこなせればとても有益なツールです。カスタマイズ地獄に陥らないように！
873,2022/06/07,会社で導入されており、入社時から3年弱利用しております。会社ごとにワークフロー等を用意できるようで、自社なりの言葉でわかりやすい説明が付けられる点で機能面は良いと思います。交通費など申請時のUIがイマイチですが、以前より改善アップデートによって多少使いやすくなっています。ユーザー目線では概ね満足しています。,交通費申請時のUI。マイパターンから申請する際に、申請理由等が記録されていないのが使いづらい。また、できればスケジューリング（曜日別の設定）などができると嬉しい。システムの不具合がありましたか？不具合やトラブルについては知っている限りありません。安定していると思います。,交通費のみに限らず、メーリングリストの申請や家賃補助の契約書アップロード等申請まわりのフローを一元化することができています。どこで何をすれば良いかわからないと言ったユーザーのトラブルはかなり減っていると思います。この口コミを詳しく見る,されており、入社時から3年弱利用しております。会社ごとにワークフロー等を用意できるようで、自社なりの言葉でわかりやすい説明が付けられる点で機能面は良いと思います。交通費など申請時のUIがイマイチですが、以前より改善アップデートによって多少使いやすくなっています。ユーザー目線では概ね満足しています。楽楽精算の改善してほしい点交通費申請時のUI。マイパターンから申請する際に、申請理由等が記録されていないのが使いづらい。また、できればスケジューリング（曜日別の設定）などができると嬉しい。システムの不具合がありましたか？不具合やトラブルについては知っている限りありません。安定していると思います。楽楽精算導入で得られた効果・メリット交通費のみに限らず、メーリングリストの申請や家賃補助の契約書アップロード等申請まわりのフローを一元化することができています。どこで何をすれば良いかわからないと言ったユーザーのトラブルはかなり減っていると思います。
874,2022/06/07,これまでは事務所に出社し、経費申請書に領収書を張り付けて提出していましたが、楽楽精算を使用すれば外出先で携帯からでも申請できるので、かなり時間削減になった。,領収書を読み取る際、支払先や取引日、支払額などを自動で読み取ってくれるが、その精度がもう少し改善されると嬉しい。システムの不具合がありましたか？特になし。,出張が続いた際、立替金が何十万円にも膨れ上がったことがあった。その際に出張の都度外出先から経費精算できたため、大変助かった。,リモートワークが進んでいる会社に特におすすめ！
875,2022/06/07,これまで自社で作成したエクセルのフォーマットを利用しており、人によって記入方法がバラバラでしたが、楽楽精算を導入してから統一化でき管理が楽になりました。,使用するブラウザによるかもしれませんが、プルダウンで選択する方式の場合動きが悪くなるときがあります。改善されるとさらによくなるかと思います。システムの不具合がありましたか？時折動作が重くなるときがあります。使用するブラウザによって差はあるかとは思います。,これまではエクセルにて入力し印刷して提出。ミスがあれば棄却され再度印刷するという手間がありましたが、楽楽精算導入後は印刷前に承認ルートを通すため二度手間がなくなりました。この口コミを詳しく見る,社で作成したエクセルのフォーマットを利用しており、人によって記入方法がバラバラでしたが、楽楽精算を導入してから統一化でき管理が楽になりました。楽楽精算の改善してほしい点使用するブラウザによるかもしれませんが、プルダウンで選択する方式の場合動きが悪くなるときがあります。改善されるとさらによくなるかと思います。システムの不具合がありましたか？時折動作が重くなるときがあります。使用するブラウザによって差はあるかとは思います。楽楽精算導入で得られた効果・メリットこれまではエクセルにて入力し印刷して提出。ミスがあれば棄却され再度印刷するという手間がありましたが、楽楽精算導入後は印刷前に承認ルートを通すため二度手間がなくなりました。
876,2022/06/06,これまで面倒だった経費の申請も、専用スマホアプリで有料道路の通行代も駐車料金も写真をとって必要事項を選ぶだけになりました。,ICカードリーダのアプリと楽楽精算の本体アプリが別々になっているところ。おかげで２つのアプリのインストールが必要。統合してほしい。システムの不具合がありましたか？楽楽精算のアプリで写真撮影による自動で入力される金額が桁違いで異なるときがある。,楽楽精算のアプリで領収書をとるだけで、その金額とタイトルが自動で入力されていることが、面倒や手間が減り、その分本業に専念することができる。,本業の時間をもっと有効的に増やしたい方にお勧め。
877,2022/06/06,ユーザーとしての感想になります。文字入力と原本保管の手間、チェック時の承認の手間が省けた。紙の節約。業務としては簡素化。,薄い字の領収書の写真を撮る際は手間がかかった。行政が領収書の書式を統一化してくれたらよいのに、と思う。システムの不具合がありましたか？文字入力が省ける分、自動入力のため入力ミスのチェックは必須。パソコン画面でのチェックが目に辛い。,紙ベースからデータ化により用紙、原本郵送コスト削減につながる。簡単作業のため、引継ぎが楽。誰にでもできる。過去の勘定科目がデータとして見れる。,作業としては簡単。精算後振込までのスピードアップにつながる。
878,2022/06/06,会社で総務を担当していますが、このソフト導入前までは旅費の精算の際にそれぞれからレシートをいただきこちらで入力が必要でした。まとめてできるのでとても助かります。,説明書が文書で長いため読むのが大変でした。練習モードなどでとにかく触って覚えられるモードがあれば助かります。,エクセルでの旅費精算では金額が合わないことが多く時間がかかっていました。ソフト導入により旅費精算が迅速になり残業が減りました。,エクセルを使って精算作業している方にはとてもおすすめ
879,2022/06/06,今までは交通費や物品購入費を紙ベースで精算していたのですが、パソコン1つで精算作業ができ、紙のコスト削減に繋がりました。,例えば部下が交通費を楽楽精算で請求した際、メールで通知がくるのですが、1度開いて急な用事ができ、パソコンに戻ってきたら再通知がなく請求確認を忘れることがある。システムの不具合がありましたか？今のところ時にありません。,紙精算をなくすことにより、紙の紛失がなくなりました。また、データで残り、過去の精算記録の確認ができます。,作業効率が上がりますので、会社としての利益に繋がると思います。
880,2022/06/05,レシートやコインパーキングの領収書を写真撮影したら、金額を自動で読み込んでくれる。そのままデータ入力出来て便利。,システム上では特に問題点なし。弊社の問題点だが、撮影したレシートなどをいまだに申請書類と回すのでそれが面倒。システムの不具合がありましたか？現状不具合やトラブルには遭遇していない。,自分の字が汚く、書くのも面倒だった領収書などが勝手に読み込まれ、必要な情報もパソコンやスマートフォンの入力で良くなった。,このシステム導入をきっかけに、本格的に社内のペーパーレス化を進めてはどうだろう？
881,2022/06/05,ユーザーインターフェースがシンプルなつくりなので、操作しやすい。また私の会社だけかもしれないが、マニュアルもわかりやすいので出張精算が簡単,上長の承認がストップしていると気づいているのか不安になる。承認側の画面については知らないが、上長へのリマインド機能があると嬉しい。,以前の入力情報も記憶しているので、一度行ったことのある出張先に行くと、スムーズに出張精算できるのが良かった。以前利用していた製品の解約理由導入者ではないので知らないこの口コミを詳しく見る,ンターフェースがシンプルなつくりなので、操作しやすい。また私の会社だけかもしれないが、マニュアルもわかりやすいので出張精算が簡単楽楽精算の改善してほしい点上長の承認がストップしていると気づいているのか不安になる。承認側の画面については知らないが、上長へのリマインド機能があると嬉しい。楽楽精算導入で得られた効果・メリット以前の入力情報も記憶しているので、一度行ったことのある出張先に行くと、スムーズに出張精算できるのが良かった。以前利用していた製品の解約理由導入者ではないので知らない
882,2022/06/05,領収証や伝票を紙で回付しなくても精算処理ができ、スマートフォンで外出先からも操作できるので、間違いなくスピーディー。,精算を申請する処理時間がかかるところ。従来の紙での回付にはなかった領収証の撮影などの手間が増え、作業時間がふえたところ。システムの不具合がありましたか？これまでのところ、特にありません。,精算業務の処理完了スピードがアップしました。これまで決裁者が出張等で不在の場合、処理が止まっていました。この口コミを詳しく見る,票を紙で回付しなくても精算処理ができ、スマートフォンで外出先からも操作できるので、間違いなくスピーディー。楽楽精算の改善してほしい点精算を申請する処理時間がかかるところ。従来の紙での回付にはなかった領収証の撮影などの手間が増え、作業時間がふえたところ。システムの不具合がありましたか？これまでのところ、特にありません。楽楽精算導入で得られた効果・メリット精算業務の処理完了スピードがアップしました。これまで決裁者が出張等で不在の場合、処理が止まっていました。
883,2022/06/05,経費精算や日当申請がめちゃくちゃ楽ちんです。よく、日当申請をしますが、指定項目と日付を入力するだけで、クラウド上で経費・交通費など、あらゆる精算業務を効率よく、処理できます。申請処理がクラウドなので、不要な手書きや印刷処理がいらない！判子対応もないので、便利だし、ペーパーレスにもなってます,使いやすいし、とくに不満はないですね。経費精算や日当申請がめちゃくちゃしやすいのでオススメですし。クラウド上のサービスなので、システムが繋がりにくいときがたまにあるので、そこを改善してほしいシステムの不具合がありましたか？なし,他社では違うシステムを使っておりましたが、いちいち印刷や判子対応が必要で大変でした。楽楽精算は、ペーパーレスになるし、クラウド上の処理だけで完結するため、判子対応もなく使いやすくて助かってます。,めちゃくちゃ使いやすくて助かってます
884,2022/06/04,ペーパーレスで経費精算ができます。携帯にアプリを入れておくと、外出先からも経費精算ができるので大変便利です。交通費の精算をする際に、乗車駅、降車駅を入力すると自動で電車運賃が入力されるので、自分で料金を検索して入力する必要がないのが楽だと思いました。,感覚的に使用できるUIではないので、慣れるまではしばらくマニュアルを見ながらでないと使用できなかったです。もっとわかりやすいUIになること期待しております。,営業職のため、外出先からスマホを利用して経費精算できるのが便利だと感じています。電車での移動中に経費精算ができるので、外勤の多い職種の方は効率化につながるのではないでしょうか。この口コミを詳しく見る,スで経費精算ができます。携帯にアプリを入れておくと、外出先からも経費精算ができるので大変便利です。交通費の精算をする際に、乗車駅、降車駅を入力すると自動で電車運賃が入力されるので、自分で料金を検索して入力する必要がないのが楽だと思いました。楽楽精算の改善してほしい点感覚的に使用できるUIではないので、慣れるまではしばらくマニュアルを見ながらでないと使用できなかったです。もっとわかりやすいUIになること期待しております。楽楽精算導入で得られた効果・メリット営業職のため、外出先からスマホを利用して経費精算できるのが便利だと感じています。電車での移動中に経費精算ができるので、外勤の多い職種の方は効率化につながるのではないでしょうか。
885,2022/06/04,領収書をアプリで読み込むだけで日付、支払い先、金額を自動で読み起こしてくれるので、非常に楽に領収書精算できます,パソコンから返金申請できるが、携帯アプリから返金申請できないのが残念。領収書を読み込んで登録→立替経費精算なので、立替経費精算内で領収書精算できるようにしてほしいシステムの不具合がありましたか？特にございません,兎に角領収書を紙で提出する必要はなくなったことで、領収書精算の手間が格段に楽になった。また電車移動の交通費精算も簡単なので、移動しながら携帯アプリで登録できるので週一回まとめてやる手間も無くなりました。,領収書精算の手間をこれ一つで解決してくれます
886,2022/06/04,何といっても公共交通機関の検索の豊富さやスピードは本当に素晴らしい。定期券を登録してあるとそれを考慮した料金が反映されるので、それも使い勝手がいい。,経路登録による交通費登録と、日当の登録をバラバラに登録しなければならないのはちょっと面倒。一回の登録で出来るといいと思う。システムの不具合がありましたか？特になし。,コロナ禍でテレワークが主流となり、ノートパソコンが貸与されたことにより、会社外でも交通費の精算等が出来るようになったことが効率UPにつながっていると思う。,精算をスピーディーに行いたい企業には最適
887,2022/06/04,今までは物理的な紙で外出届や出張申請をしていたので私や上長がテレワークの際など承認が遅くなる傾向だったが、楽楽精算を導入してからは承認がスピーディーになった。,直感的に使うのに限界があり、慣れるまではマニュアルを見ながらとなるので効率が悪いように感じる。もっと直感的に使えると有難い。システムの不具合がありましたか？今のところありません。,メリットとしては申請者や承認者が在宅勤務中でも、申請や承認が出来る事で業務の効率化に寄与出来る部分だと感じた。,テレワークに最適、記録もデータで残るので安心。
888,2022/06/04,もう以前の処理が思い出せないくらい使用してます。最近領収書も写真で取り込めるようになり更に楽になりました。以前は提出する前に紛失することが多かったので助かります！,同じ場所に行くときは、前回と同じ経路・交通手段・交通費を学習して自動で出てくるようにしてほしいです。,請求する人、精算する人共にかなりの効率化が図れると思います。また、今後、電子帳簿保存法も考えたらこのようなシステムは必需品となるのではと思います。この口コミを詳しく見る,処理が思い出せないくらい使用してます。最近領収書も写真で取り込めるようになり更に楽になりました。以前は提出する前に紛失することが多かったので助かります！楽楽精算の改善してほしい点同じ場所に行くときは、前回と同じ経路・交通手段・交通費を学習して自動で出てくるようにしてほしいです。楽楽精算導入で得られた効果・メリット請求する人、精算する人共にかなりの効率化が図れると思います。また、今後、電子帳簿保存法も考えたらこのようなシステムは必需品となるのではと思います。
889,2022/06/03,これまでは、領収書を発行してもらい、総務に申請するのに、移動方法等もすべて手書して、領収書を添付等、煩わしい作業から解放された。,特に不便はない。可能であれば、給与に精算金が振り込まれる形なので、現金で給付することが選択できるシステムになればよいのですが。システムの不具合がありましたか？特にありません。,時間の節約、精算作業効率の改善につきると思う。また、データを保存していれば、領収書がなくなるのを心配しなくてよくなったこと。,総務部で経費管理の部門に従事している方
890,2022/06/03,外出するたびに手打ちしていた、どこからどこまでの電車代という入力が、Suicaのタッチだけで解決するのがとても良いです。,稟議書を書いて購入した製品で、カード決済のポイント還元をしている社員としていない社員がいます。この部分を反映させられればいいのに、と思います。システムの不具合がありましたか？読み取りには付きものですが、領収書読み取りで誤字が出て手作業で修正したことがありました。,帰って来た後の精算作業が大幅に簡略化されます。毎日出ている人なら毎日のことなので、かなりコスト削減になるのではないでしょうか。,交通費を含み、外で会社のお金を使う社員が多いなら導入するべきだと思います。
891,2022/06/03,申請するのがとにかく簡単。主に外出した時の交通費申請で使用してますが、まず自分の持っている定期の区間を登録し、その後外出した時の区間を登録すると、定期分が反映されて、ちゃんと自分のかかった費用が自動的に出てくれます。,改善点は今のところございません。サイト内も見やすいし、使い勝手も良い。他の製品に比べて登録も簡単だし完璧に高いと思います。システムの不具合がありましたか？特にございません。,勤務中、忙しい時間の中でも簡単に申請できる為、仕事の効率化に貢献していただいております。以前でしたら、交通費を自分で計算しなければいけなかった為、申請するのに時間がかかっておりましたが、こちらの製品のおかげでその時間が短縮されました。以前利用していた製品の解約理由申請の仕方がやりづらいからこの口コミを詳しく見る,がとにかく簡単。主に外出した時の交通費申請で使用してますが、まず自分の持っている定期の区間を登録し、その後外出した時の区間を登録すると、定期分が反映されて、ちゃんと自分のかかった費用が自動的に出てくれます。楽楽精算の改善してほしい点改善点は今のところございません。サイト内も見やすいし、使い勝手も良い。他の製品に比べて登録も簡単だし完璧に高いと思います。システムの不具合がありましたか？特にございません。楽楽精算導入で得られた効果・メリット勤務中、忙しい時間の中でも簡単に申請できる為、仕事の効率化に貢献していただいております。以前でしたら、交通費を自分で計算しなければいけなかった為、申請するのに時間がかかっておりましたが、こちらの製品のおかげでその時間が短縮されました。以前利用していた製品の解約理由申請の仕方がやりづらいから
892,2022/06/02,見た目がスッキリしており、ログインしたらすぐにどこに何のデータを入力すればいいかがすぐに分かります。マニュアルもありますが、インターネットができれば誰でもすぐに操作可能です。,各路線の運賃を入力するのですが、少し字が小さいため、見にくいなと思うことがありました。しばらく使わなくなると別の利用者にアカウントが移動するのでログインできなくなります。その時は管理部に言ってアカウントの移動を申請するのが面倒だなと思います。システムの不具合がありましたか？東京に4年間単身赴任していた時は毎週のように入力していましたが、一度もトラブルはありませんでした。動作が遅くなるようなこともなく、安心して使えると思います。,毎週のように出張していますが、以前は精算をするのに紙の書類を使っていましたが楽楽精算を導入したことで朝の精算処理にかかる時間が格段に削減できました。月曜日の朝に精算をしますが、いつもバスや鉄道、新幹線の各運賃を書いたりするのが面倒でしたが、楽楽精算はすべて一画面ででき、かかる時間も入力〜申請までで5分程度で完了できます。以前は15分以上かかっていたので、時間的にもストレス的にも大きく軽減できました。,ITリテラシーが低くてもすぐに操作できるよう簡単に設計されています。精算にかかる時間や労力が軽減されるため、社員の生産性も向上します。
893,2022/06/02,私は中小企業へ当サービスの導入を提案する業務を行なっております。導入後のお客様からは、自動で仕分けできるので紙ベースの帳簿やExcelで地道な作業をする必要がなくなったと好評です。,中小企業の経理担当の多くは、やや年配の方が多いのですが、少し画面が見づらいという意見はいただいております。システムの不具合がありましたか？特になし。,導入コストが安いことに加え、経費精算にともなう作業がかなり効率化されたため、人件費の圧縮をする事ができ、利益を改善する事ができた。,経理担当の人手が不足している企業にお薦めです。
894,2022/06/02,領収書の写真添付が可能となり申請書の記入、送信、配送などが簡素化され携帯だけで完結することが大変便利です。,経費申請から精算申し込みまでが毎回分かりにくく手間もかかるので、申請から精算申し込みまでをもっとわかりやすくして欲しい。,紙ベースや印鑑、はてはFAX、メール送信していたアナログな精算業務を刷新してくれて、無駄な業務改善につながっていると思います。この口コミを詳しく見る,真添付が可能となり申請書の記入、送信、配送などが簡素化され携帯だけで完結することが大変便利です。楽楽精算の改善してほしい点経費申請から精算申し込みまでが毎回分かりにくく手間もかかるので、申請から精算申し込みまでをもっとわかりやすくして欲しい。楽楽精算導入で得られた効果・メリット紙ベースや印鑑、はてはFAX、メール送信していたアナログな精算業務を刷新してくれて、無駄な業務改善につながっていると思います。
895,2022/06/01,経費精算がペーパーレスになり隙間時間で精算申請できるので、無駄な時間が大幅に削減されました。領収書を撮影したら入力される点も便利です。,特にありませんが、手書きの領収書を読み込む場合に認識の精度が落ちる為、修正が必要になる点が少し不便だと感じました。,出社しなくても自宅にいながら経費の精算申請ができるようになりました。進捗状況が一目で確認できる点もありがたいポイントです。この口コミを詳しく見る,ペーパーレスになり隙間時間で精算申請できるので、無駄な時間が大幅に削減されました。領収書を撮影したら入力される点も便利です。楽楽精算の改善してほしい点特にありませんが、手書きの領収書を読み込む場合に認識の精度が落ちる為、修正が必要になる点が少し不便だと感じました。楽楽精算導入で得られた効果・メリット出社しなくても自宅にいながら経費の精算申請ができるようになりました。進捗状況が一目で確認できる点もありがたいポイントです。
896,2022/06/01,シンプルな見た目でとにかく使いやすいです。システムやパソコンがあまり得意でない方からすると、どこに何を。が分かりやすく良いです,痒いところに手が届かないことが多いです。例えば乗り換え案内で経路設定するにも、定期区間が設定されていると自由席と指定席が混在していると分けないと入力できないです,今まで経費を、申請用紙の内容をエクセル入力→各個人の経費データ作成としていましたが、CSVで出力できることで大幅に処理が減りましたこの口コミを詳しく見る,見た目でとにかく使いやすいです。システムやパソコンがあまり得意でない方からすると、どこに何を。が分かりやすく良いです楽楽精算の改善してほしい点痒いところに手が届かないことが多いです。例えば乗り換え案内で経路設定するにも、定期区間が設定されていると自由席と指定席が混在していると分けないと入力できないです楽楽精算導入で得られた効果・メリット今まで経費を、申請用紙の内容をエクセル入力→各個人の経費データ作成としていましたが、CSVで出力できることで大幅に処理が減りました
897,2022/05/31,画面レイアウトや入力制御などをユーザ側で設定できるのがよかった。経費精算のルールは会社ごとに異なるが、柔軟に対応できた。,サービス停止を伴うメンテナンスの頻度を減らしてほしい。定期的にメンテナンス（サービス停止無し）を行っているが、たまにサービス停止を伴うメンテナンスがある。楽楽精算の仕訳を他システムの経理システムへ夜間処理で連携しているのでサービス停止があると他システムの夜間処理を止めたり、メンテナンス後にリカバリしたりと大変。（製品自体には満足しています）システムの不具合がありましたか？特に無く、スムーズに導入でき、安定稼働しております。,スマートフォンでも利用できるので、営業が外出先で経費を使った際に、そのまま領収書を写真にとって精算処理できるのがよいと聞いております。以前利用していた製品の解約理由会計システムの１機能として経費精算機能を構築して使用していたが、電子帳簿保存法への対応を考慮して乗り換えを行った。,短期で導入できます。
898,2022/05/24,レシートを画像読み込みでき、入力作業の簡略化が出来ます。企業毎に必要な書式を作成出来るので各企業に合った精算システムを構築出来ます。,サービス自体の改善点よりも、導入企業の考えで精算を行う人の作業は増えるという形です。弊社の例ですと現状の制度下では紙ベースのでの領収証原本の保存が必要な為、せっかく画像を取り込んで精算しても、紙ベースで印刷し領収証を貼り付けて保存しており二度手間になっています。経費の精算等は基本的に精算を行う日よりも過去の日付の領収証なのですが、精算の入力を行うと、領収証の日付が「過去の物です。」と「！」マーク付きで警告が出るのは改善して欲しいです。システムの不具合がありましたか？システムの不具合は特にないです。システムの中身が会社の要望でかなり自由に設定出来る為、どこまで範囲で行うかしっかり決めていると,個々人が経費項目を振り分けてチェックを行い精算を行う為、経理部だけは振分け作業がかなり楽になると考えます。,経理部の作業は間違いなく楽にはなります。経費項目もかなり細かくオーダできるため、経費内訳をかなり詳細にしたい場合はオススメします。
899,2022/05/19,とにかく楽。移動経路を指定する際も乗り換え案内と連携しており、全てを打つ必要がない。いくつかの経路選択もできるため、通常経路と異なる際も選択できる。,片道、往復のラベルが小さく、まれに気づかず申請してしまうことがある。ラベルを大きくする、もしくは色を変更することですぐわかるようにしてほしい。,交通費申請を行う際の手間が省けた。交通費と経費の精算をまとめて行えたため、内容を確認しやすい。また、確認する時も一覧で表示され見やすい。この口コミを詳しく見る,。移動経路を指定する際も乗り換え案内と連携しており、全てを打つ必要がない。いくつかの経路選択もできるため、通常経路と異なる際も選択できる。楽楽精算の改善してほしい点片道、往復のラベルが小さく、まれに気づかず申請してしまうことがある。ラベルを大きくする、もしくは色を変更することですぐわかるようにしてほしい。楽楽精算導入で得られた効果・メリット交通費申請を行う際の手間が省けた。交通費と経費の精算をまとめて行えたため、内容を確認しやすい。また、確認する時も一覧で表示され見やすい。
900,2022/05/19,今まで紙の申請書に領収書を貼り、記入して社内承認を回す必要がありとても面倒だった。しかし、写真で取り込み登録するだけで社内決済が進むので利用者、経理と双方が楽になった。,承認ボタンの位置が分かりづらく毎回探してしまう。大きくわかりやすくしてもらえると助かります。よろしくお願いいたします。,今までは紙での精算だったので本社まで行かないといけなかったが、Webで申請できるので助かる。在宅勤務などリモートも増えているので助かる。,リモートワークを検討している人
901,2022/05/18,特に交通費に対しての精算が非常に楽になりました。また、スマホから申請できる点も優秀。さらにテレワークにも向いている。,個人的に領収書の読み取りが、想像より精度が良くなかったです。それが改善されたらもっといいと思います。,前に申請した内容を引っ張ってこれたりと、いろいろな便利機能のおかげで、精算にかかる時間が前より減りました。この口コミを詳しく見る,に対しての精算が非常に楽になりました。また、スマホから申請できる点も優秀。さらにテレワークにも向いている。楽楽精算の改善してほしい点個人的に領収書の読み取りが、想像より精度が良くなかったです。それが改善されたらもっといいと思います。楽楽精算導入で得られた効果・メリット前に申請した内容を引っ張ってこれたりと、いろいろな便利機能のおかげで、精算にかかる時間が前より減りました。
902,2022/05/17,外回り営業の立場からすると、交通費や駐車場代金の精算などの事務処理がその都度簡単に外出先から出来るのは、非常にありがたいことです。,ワークフローの提出、承認がPC画面からしか出来ないのが残念です。やはり外出先からスマホでチェック承認出来れば尚良いです。スマホからPC用URLでログインすれば良いのでしょうが、画面が小さくて使いにくいです。システムの不具合がありましたか？問題ありません。,以前は違う製品を使っていて、経費精算とワークフローが別々でしたが、同じシステムで出来るのは効率が良いと思います。以前利用していた製品の解約理由経理の簡素化のため,経費申請する側も、処理する側からみても価値あると思います。
903,2022/05/16,価格設定もお手頃で、機能も充実しているのでとても重宝しています。また、無料で追加できるオプションもあり、魅力的だと思います。とにかく、経費精算業務がラクになりました！,最初のころは「楽楽精算」を導入しつつ、紙媒体のやり取りも温存していたため、二重の業務が発生してしまうことがありました。でも、それは最初から徹底的に「楽楽精算」に移行できていなかった、こちら側の落ち度だと思います。,以前のやり方だといろいろとミスが発生し、困ることもありました。しかし、「楽楽精算」の自動仕訳や会計ソフトとの連携などのおかげで、人的なミスを防ぐことができています。また、導入することで経費精算業務にかかる時間とコストが明らかに少なくなりました。この口コミを詳しく見る,お手頃で、機能も充実しているのでとても重宝しています。また、無料で追加できるオプションもあり、魅力的だと思います。とにかく、経費精算業務がラクになりました！楽楽精算の改善してほしい点最初のころは「楽楽精算」を導入しつつ、紙媒体のやり取りも温存していたため、二重の業務が発生してしまうことがありました。でも、それは最初から徹底的に「楽楽精算」に移行できていなかった、こちら側の落ち度だと思います。楽楽精算導入で得られた効果・メリット以前のやり方だといろいろとミスが発生し、困ることもありました。しかし、「楽楽精算」の自動仕訳や会計ソフトとの連携などのおかげで、人的なミスを防ぐことができています。また、導入することで経費精算業務にかかる時間とコストが明らかに少なくなりました。
904,2022/05/12,目的・用途別に細かく分かれているので色々なシチュエーションに分けて精算の申請をすることができる。シンプルで使いやすい。,逆に、細かすぎてどれが今回の申請内容なのかわからなくなってしまう時がある。クリックボタン、記入項目が多すぎてわかりにくい。,全てオンライン上で完結(領収書もデータ提出でOK)、かつ申請内容は全て残っているので確認、修正もできるので一元管理が可能。すぐに手直しできる。この口コミを詳しく見る,別に細かく分かれているので色々なシチュエーションに分けて精算の申請をすることができる。シンプルで使いやすい。楽楽精算の改善してほしい点逆に、細かすぎてどれが今回の申請内容なのかわからなくなってしまう時がある。クリックボタン、記入項目が多すぎてわかりにくい。楽楽精算導入で得られた効果・メリット全てオンライン上で完結(領収書もデータ提出でOK)、かつ申請内容は全て残っているので確認、修正もできるので一元管理が可能。すぐに手直しできる。
905,2022/05/10,今までの経費精算までのプロセス、申請から上司の許可、経理の許可、などなどの流れをスムーズにできる。時間や紙の無駄がなくなり今までとは比べ物にならないくらい効率化,自動仕分けシステムはあるが、どうしても仕分けは我々サイドで勘定科目を設定する必要がる。同じ会社でも科目が違う場合は入力がうまくいかないので、改善されたらいいシステムの不具合がありましたか？読み込みがうまくいかなかった時があった,出張費の精算なども、出張先から領収書などを写真などで送ってくれたらすぐに処理にかかれる。精算する側とされる側の時間短縮、ストレス軽減につながった,今の時代はこのようなシステムがないと立ちいかない
906,2022/05/10,交通費の精算が一括で済む点です。また、ICカード関連の読み取りも可能となっているので電車などの精算も比較的簡単にできます。,パソコン版のユーザーインターフェイスがもう少し良くなると、感的に操作しやすくなり利便性が上がるかと思います。システムの不具合がありましたか？特にありません,有給申請や交通費などの申請を行う際に、一括で上長に承認依頼ができることでスムーズに事務処理をすることができるようになりました。,精算関連を一括で申請、処理できるシステム
907,2022/05/09,出発駅と到着駅を入れると候補が出るので、細かく途中の乗り換え駅の名前などを覚えてなくても精算できる。,バスなどは検索しにくい。長距離の乗り換えでは思った検索結果が出なくて、入力に時間がかかってしまうことがある。システムの不具合がありましたか？特になし,交通費の計算ミスが防げる。定期区間が登録できるので、自動で計算されるので、重複して後から経理に怒られなくて済む。,定期区間の自動計算は抜けやすいから、便利!
908,2022/05/09,これまではエクセルで記載していて入力間違いがわかりにくいが、このシステムを使うようになり間違い箇所がすぐわかるようになった,エラーが出ていてもどこがエラーかわからずマニュアルも扱っていない人にはわかりにくいため柔軟性がない。,交通費を自動で計算して、また精算項目もプルダウン方式でヒューマンエラーのミスを少なくできるので画期的であると思うこの口コミを詳しく見る,エクセルで記載していて入力間違いがわかりにくいが、このシステムを使うようになり間違い箇所がすぐわかるようになった楽楽精算の改善してほしい点エラーが出ていてもどこがエラーかわからずマニュアルも扱っていない人にはわかりにくいため柔軟性がない。楽楽精算導入で得られた効果・メリット交通費を自動で計算して、また精算項目もプルダウン方式でヒューマンエラーのミスを少なくできるので画期的であると思う
909,2022/05/09,こちらの製品を使うまでは、出張申請がいくつもの承認が必要で出張後の処理が面倒だなと思っていましたが、こちらに変わってから本当にあっという間に処理ができるので大変楽になりました。,まだまだ使いこなせていないのかもしれませんが、履歴からワンタッチで操作できるようになると嬉しいです。システムの不具合がありましたか？特にありません,以前のシステムの際は、課内でも「申請を忘れてた」という声が自身も含め多数上がっていたが、楽楽精算を導入してからそのような声が少なくなった。,金額がどれくらいかかるかは知りませんが、製品名の通り、楽楽精算です！
910,2022/05/08,請求書や領収書を読み込んで、その内容を自動で精算フォームに反映してくれるので、手入力する手間が省ける。,請求書や領収書を読み込む時たまに読み取りエラーで、誤った内容が入力されている時があるので、今後より正確なデータの読み込みができるよう期待してます。,領収書や請求書の原本を添付しなくて良くなったため、精算のために出社する必要がなくなり、在宅勤務の促進に繋がった。この口コミを詳しく見る,収書を読み込んで、その内容を自動で精算フォームに反映してくれるので、手入力する手間が省ける。楽楽精算の改善してほしい点請求書や領収書を読み込む時たまに読み取りエラーで、誤った内容が入力されている時があるので、今後より正確なデータの読み込みができるよう期待してます。楽楽精算導入で得られた効果・メリット領収書や請求書の原本を添付しなくて良くなったため、精算のために出社する必要がなくなり、在宅勤務の促進に繋がった。
911,2022/05/08,以前は交通費や経費をExcelに入力し、紙を出力して印鑑をもらって経理に提出、という古いワークフローで申請をしていたのですが、楽楽精算を導入して計算ミスも減り業務効率が大幅に上がった。,入力欄が小さくて見えにくいので、改善してほしいです。パスワードの変更期間が短いのはセキュリティ的に仕方がないと思いますが、忙しい時は少々面倒に感じます。,ペーパーレス化により押印が要らなくなるため、テレワーク時でも通常通り利用できる点が非常に便利だと思いました。この口コミを詳しく見る,費や経費をExcelに入力し、紙を出力して印鑑をもらって経理に提出、という古いワークフローで申請をしていたのですが、楽楽精算を導入して計算ミスも減り業務効率が大幅に上がった。楽楽精算の改善してほしい点入力欄が小さくて見えにくいので、改善してほしいです。パスワードの変更期間が短いのはセキュリティ的に仕方がないと思いますが、忙しい時は少々面倒に感じます。楽楽精算導入で得られた効果・メリットペーパーレス化により押印が要らなくなるため、テレワーク時でも通常通り利用できる点が非常に便利だと思いました。
912,2022/05/08,CMでもやっていますが、紙を書き起こさなくていいのはとっても助かります。会社にとっても経費節減になると思いますし、毎月のことだから、楽ちんなのがいいなと思います。,経路が載っていない場合があって、特に地方のバスだと経費精算ができなくて、しかたなく電車で行ったことにして経費精算をしました。金額がバスの方が高かったので損した気分になりました。,詳細を紙に書いて、上司に決裁をもらっていましたが、いちいち紙に書かなくても、ネットから一括で承認ももらえるし、時間の無駄が無くなったように思います。この口コミを詳しく見る,っていますが、紙を書き起こさなくていいのはとっても助かります。会社にとっても経費節減になると思いますし、毎月のことだから、楽ちんなのがいいなと思います。楽楽精算の改善してほしい点経路が載っていない場合があって、特に地方のバスだと経費精算ができなくて、しかたなく電車で行ったことにして経費精算をしました。金額がバスの方が高かったので損した気分になりました。楽楽精算導入で得られた効果・メリット詳細を紙に書いて、上司に決裁をもらっていましたが、いちいち紙に書かなくても、ネットから一括で承認ももらえるし、時間の無駄が無くなったように思います。
913,2022/05/07,交通費精算や備品申請など細々とした報告を紙では無く、都度ログインして入力するだけで上司や必要部署への申請が可能。不足項目があるとエラーで教えてくれるので、差し戻しが発生しません。,強く改善して欲しいと思う点は特にはありませんが、経費申請を行う際に、入力する項目がやや狭いと感じることがあります。,導入前は紙で交通費申請を行っていたので、連日異なる他部署へヘルプなどの際は、都度必要な紙を印刷・記入する手間が発生し、提出漏れなどもあったが、導入後はそのような事がなくなり、効率化した。,導入して損をする事はないので、無料お試しからでもはじめることを強くオススメします。
914,2022/05/07,ユーザー側ですが、精算業務が非常にスムーズでよいです。事前申請と精算の時の差分もわかって助かります。,印刷するときのレイアウトがたまにおかしくなることがあり、A4サイズで出力されないケースがあり、手動で直しているのが煩わしい。,事前にメールや口頭で許可を得ていた申請がシステムでできるようになったので、抜け漏れもなくなり非常に効率的になった。この口コミを詳しく見る,ですが、精算業務が非常にスムーズでよいです。事前申請と精算の時の差分もわかって助かります。楽楽精算の改善してほしい点印刷するときのレイアウトがたまにおかしくなることがあり、A4サイズで出力されないケースがあり、手動で直しているのが煩わしい。楽楽精算導入で得られた効果・メリット事前にメールや口頭で許可を得ていた申請がシステムでできるようになったので、抜け漏れもなくなり非常に効率的になった。
915,2022/05/07,このサービス導入前は、アナログ式で、紙の精算書を回しているような状況でした。外出や出張で上司が会社にいなくても承認してもらえるので、月末にバタバタしなくなりました。,運用側のルールにもよるかと思いますが、ユーザー側（申請を出す人）が不足する項目を増やせると良いと思っています。今は担当部署に対応を依頼する為、若干時間がかかっています。システムの不具合がありましたか？特にありません。,事務作業の手間が大幅に省けたと思います。数年前に海外出張した後に精算を行った際、いちいちレートを調べなくても良かったので、すごく時間短縮できて助かりました。,事務手続きの手間は、社員の残業にも繋がってくると思うので、企業にとってもメリットが大きいと思います！
916,2022/05/07,これまでは経費精算や交通費精算の処理をExcelとメールでしていたのですが、それが楽楽精算だけで完結するようになったのでわずらわしさがなくなった,申請前に入力して一時保存機能を使っていますが、たとえば28日に確認通知メールを自分宛に送信することができるなどのアラート機能を任意設定できるとよいと思います。システムの不具合がありましたか？特にありません,Excelとメールだと経理側でステータス管理に手間を食うため、正しく行っていても不備があっても連絡が遅くて困っていた。楽楽精算の導入でそれが可視化されたことで、正確性は担保されながらスピードが速くなった。,50人以上の中小規模で採用を望んでいる会社
917,2022/05/07,領収書や明細を取り込む作業はあるが、領収書を添付して取り込めば、自動的に金額が反映されるのはとても楽だな感じました。,人によって使い方がわからない方もいるため、もう少しわかりやすい画面がいいかと思います。特に使用者に向けてのヘルプ画面など、リンクをわかりやすくつけて頂けるとありがたいです。,紙運用の廃止、紙保管の廃止につなげることができた。承認者不在による精算業務停滞等も防ぐことができ、社内の業務プロセスを効率的に行うことが可能となった。この口コミを詳しく見る,細を取り込む作業はあるが、領収書を添付して取り込めば、自動的に金額が反映されるのはとても楽だな感じました。楽楽精算の改善してほしい点人によって使い方がわからない方もいるため、もう少しわかりやすい画面がいいかと思います。特に使用者に向けてのヘルプ画面など、リンクをわかりやすくつけて頂けるとありがたいです。楽楽精算導入で得られた効果・メリット紙運用の廃止、紙保管の廃止につなげることができた。承認者不在による精算業務停滞等も防ぐことができ、社内の業務プロセスを効率的に行うことが可能となった。
918,2022/05/06,主に交通費の精算をするのだが、新幹線やバスの利用などは出発点から到着場所を入力すればそこまでにかかる交通手段から金額まで出してくれるので、駅名を調べ直す手間や全て手入力する必要がなくなり時短につながっている。,現状の職場は精算の物理的量がそんなに多くないので問題なく使用できている。名刺のスキャンみたいに領収書を撮影したらAI機能で画像から必要な情報を文字起こししてくれるように設定できれば便利かもシステムの不具合がありましたか？現状特になし,現在は携帯で撮影した領収書をそのまま精算に利用できるようになり、使ったら撮影するといった方法が取れるので精算漏れがなくなり便利になっている。自腹を切ることも過去多々あったので、良い対策になっている。,エクセルなどを利用して手入力での精算管理をしている方におすすめします
919,2022/05/06,煩雑な経費計算、出張費の精算などが入力や取り込みで自動で仕分けしてくれるので、計算なども以前に比べて早く簡素化された。,スキャナーを使った取り込みなどでどうしても経費計上の項目が違って出る場合がある。支払先が同じでも違った経費項目などは都度修正が必要。システムの不具合がありましたか？とくにはない,今まで営業が持ってくる経費の精算、出張の精算など、領収書やカード明細をもとにやっていたが、一度入力してしまえばあとは随分楽になった。,使い方は簡単
920,2022/05/06,この商品の商品名通りとても簡単に精算申請が出きて、それを処理する側(経理部)も簡単に処理することができるため、会社全体の労働生産性の向上に大きく寄与しています。,領収証などの証書類が、写真や画像などで置き換えられると、便利さが上がると思います。現状は、別途証書の提出を求められるため、若干手間がかかります。システムの不具合がありましたか？上述の通り,従来の精算処理フローは、自社の帳票類に手書きで申請処理→上席承認(押印)→決済部署の承認(押印)→経理にて決済処理(申請者に現金手渡し)。承認及び決済者が在社していないと処理が進まななかったが、この製品を利用することで、在宅でも、出張時にもフローが進むようになりました。決済方法も、会社での現金手渡しの他、指定口座への振り込みを申請する側が選択できるため、便利になりました。,上記コメントを参照にして下さい。
921,2022/05/06,経理部から差戻しされた時に、コメント付きで返ってくるので、その都度電話して確認しなくていい利便性が良いところかと思います。,経費関連で経理部に申請する時に、該当する項目が少なく、その他として申請しなければならない点。例えば切手代はあるがレターパック代という項目が無いので、申請後に再度その他の内訳を説明しなければならない。システムの不具合がありましたか？特にありませんでした。,交通費の領収書を残しておかなくて良い点が業務効率化に役立っていると感じる。紙ベースで保管しておく手間も省け、駅名を検索すると自動的に金額が出るので、働きやすい。,システムのエラーがあまり起きないので、スムーズに作業できる
922,2022/05/05,電車移動の区間を入力すると、予め個人登録された定期区間を除外して自動計算してくれるので、都度計算する必要がなくなった。,あらかじめ設定した承認者を準に申請されていく為、修正、取り消しが発生すると、また最初からスタートする必要が出てくるため手間がかかる点。システムの不具合がありましたか？今の所、特にトラブルはありません。,支店間での経費申請、承認がスムーズにできるようになった。ペーパーレスの促進にもなり承認後のデータを経理で一括して取り込む事により、業務の効率化も図る事が可能となった。,PCとスマートホンの両方で確認、承認が可能な点
923,2022/05/05,出張申請、精算について、楽楽精算導入前は会社の専用用紙で処理していたため、書類での授受が必要でした。楽楽精算導入後はパソコンまたはスマホで申請できるため、出張先からでも精算手続きができるため、時間短縮につながっています。,過去に行った出張申請のデータを一括コピー出来るようになれば、便利になると思います。現在は一つずつ項目を貼り付けているため、項目が多いと手間です。システムの不具合がありましたか？特に不具合、トラブルはありませんでした。,出張申請に費やしていた時間が短縮することができて、他の業務に時間を割くことが出来るようになりました。また申請忘れや、申請遅れがなくなったことで、総務から無駄なフォローがなくなり、win-winとなっています。この口コミを詳しく見る,精算について、楽楽精算導入前は会社の専用用紙で処理していたため、書類での授受が必要でした。楽楽精算導入後はパソコンまたはスマホで申請できるため、出張先からでも精算手続きができるため、時間短縮につながっています。楽楽精算の改善してほしい点過去に行った出張申請のデータを一括コピー出来るようになれば、便利になると思います。現在は一つずつ項目を貼り付けているため、項目が多いと手間です。システムの不具合がありましたか？特に不具合、トラブルはありませんでした。楽楽精算導入で得られた効果・メリット出張申請に費やしていた時間が短縮することができて、他の業務に時間を割くことが出来るようになりました。また申請忘れや、申請遅れがなくなったことで、総務から無駄なフォローがなくなり、win-winとなっています。
924,2022/05/05,一度申請した内容は保存されていて、同じような申請をする時に、過去の内容ならコピーして作成できるのでとても便利です。,慣れるまでは項目や費目を選ぶのに少し手こずりました。わからない時に直ぐ質問できるチャットボットのようなものがあれば便利だなと思いました。,ペーパーレス化がとても進みました。申請や印刷のために会社に出社したりする必要がなくなったので、余計な手間がなくなりました。以前利用していた製品の解約理由紙メインのやり方からペーパーレス化を進めるため会社で新しく導入された。,同じような申請を毎月する方は過去の履歴から簡単に新しい申請ができるのでおすすめです。
925,2022/05/05,スマホでもパソコンでもどちらでも入力可能。駅名さえ覚えていれば、乗換案内で勝手に金額を教えてくれる。入力途中で保存せずやめてしまっても、次回ちゃんと途中から入力始められる。,利用していて困ったのは初めくらいですかね…。普通にググったのでは、ログインページが出てこないので。同僚からURLを送ってもらい、自分自身もそれを使う端末すべてに転送して使っていたので…。ググッても簡単にログインページが出てくると助かります！システムの不具合がありましたか？今のところ、不具合・トラブルはありません。,とにかく短時間でも入力が可能なので、申請遅れがなくなりました！スマホでもできるようにしておけば、移動中に入力できるのですごく便利です！,交通費を管理する方も、される方も申請遅れを催促するのもされるのも嫌な気持ちになると思います。こちらは、本当に簡単に入力できるので絶対申請遅れが減ります！
926,2022/05/05,これまで紙の資料としてまとめていた経費の一覧を、まとめてシステム上で管理・申請できるのがとても使いやすく便利で、かつSDGSの面でもペーパーレスにできて良い。,レシートや領収証を読み込んだ際に、税率の異なる金額(軽減税率対象商品か否か)を、読み込みからそのまま反映できる認知システムがあるとなお便利だと思います。システムの不具合がありましたか？現段階での不具合・トラブルはありません。,とにかくペーパーレスにできているため、紙でまとめていた時間的な短縮ができ、またレシートや領収証など細かな紙を長期に渡り補完している手間が省けた。また、金額を自動読み取りしてくれる機能のおかげで入力ミスを避けることができ、スムーズに申請から承認、確定へと進めることができる。,経理を助ける画期的なシステムである
927,2022/05/05,経費精算の報告が圧倒的に楽になりました。今までは紙に用途、行き先や費用を手書きでしたが、本ツールはパソコンで記入ができ、内容ごと番号がふってあるところや内容の記憶ができるのでそちらを使うことで、いちいち新規作成せずに経費精算報告ができるのでかなり効率がいいです。,経費精算報告はできるのですが、領収書を紙に貼り付けて提出しなければいけないので、こちらも画像添付等できればいいなと思いました。システムの不具合がありましたか？特にありません。,圧倒的に作業効率が向上しました。以前のように台帳に記入後、提出用のフォーマットに記入…といった手間がなくなり、webで完結するだけでなく、以前の内容から編集が可能なところや税率ごとの申請もできるのでかなり楽です。,内容を精査する経理部門の方も効率の良い業務ができると思います。
928,2022/05/04,操作画面がシンプルで、詳しい説明を聞かなくても簡単に入力することができる。交通費精算が自動で運賃を計算してくれるため特に便利だと思う。,一時保存のボタンが小さく、入力途中のものを誤って送信してしまうことがあったため、もっと大きくしてほしい。,これまで領収書の裏に使用用途を手書きしており、月末の精算にかなり時間を取られていたが、楽楽精算だと過去の履歴を遡ったりして迷わず記載できるため、時間短縮ができていると思う。この口コミを詳しく見る,シンプルで、詳しい説明を聞かなくても簡単に入力することができる。交通費精算が自動で運賃を計算してくれるため特に便利だと思う。楽楽精算の改善してほしい点一時保存のボタンが小さく、入力途中のものを誤って送信してしまうことがあったため、もっと大きくしてほしい。楽楽精算導入で得られた効果・メリットこれまで領収書の裏に使用用途を手書きしており、月末の精算にかなり時間を取られていたが、楽楽精算だと過去の履歴を遡ったりして迷わず記載できるため、時間短縮ができていると思う。
929,2022/05/04,楽楽精算の良い点は、領収書やレシートは写真を撮って明細に添付するだけなので、紙のやり取りが無くなることです。,スーパーのレシートは税抜き金額で書かれていて、最後に消費税が書かれていることが多いです。楽楽精算アプリでスーパーのレシートを読み取って、10％・8％それぞれの金額を取得すると、税抜き金額を取り込んでしまいます。また、手入力で金額を変更してもレシートの金額と合わないということでエラーになってしまいます。レシートの税抜き金額の問題だけ改善されれば、何も言うことがありません。,以前は会社PC上でしか経費精算の申請ができないという問題がありました。しかし、楽楽精算のアプリを利用することでいつでもどこでも経費精算の申請をすることができるようになりました。,経費精算の無駄を省きたい方におすすめです。
930,2022/05/04,ネットで簡単に経費の精算ができ、承認のスピードがかなり早く、使い勝手の良いシステムであると定評がある。,項目が多く、マニュアルが簡易的なものであるため、不明なことがたまに起きた時に解決スピードが見劣りすると感じる。,承認のスピードが速く、面倒な経費の精算が楽になっていると思う。また、簡単な入力項目であり、スムーズに精算ができる。この口コミを詳しく見る,単に経費の精算ができ、承認のスピードがかなり早く、使い勝手の良いシステムであると定評がある。楽楽精算の改善してほしい点項目が多く、マニュアルが簡易的なものであるため、不明なことがたまに起きた時に解決スピードが見劣りすると感じる。楽楽精算導入で得られた効果・メリット承認のスピードが速く、面倒な経費の精算が楽になっていると思う。また、簡単な入力項目であり、スムーズに精算ができる。
931,2022/05/03,経路を選ぶ際、駅名検索と連動しているので乗った駅と降りた駅を入力すれば自動で経路検索してくれる上に、経路も一般的な乗り換えアプリ同様複数経路を検索してくれるので、実際に自分が使った経路をすぐ選べて便利です。,経費申請するのはだいたい同じ区間なので、お気に入り区間登録のような形で過去申請したルートをすぐ呼び出せるような機能があると嬉しいです。システムの不具合がありましたか？3年使用していますが特にトラブルに遭ったことはありません。,システムで一元管理されているので、他の経費のように「領収書をもらう→総務に回す→内容の確認」といった手間がかからない。担当から承認者へオンラインですぐ申請でき、画面上で処理が完結するので無駄な手間が無い。,使用者として申請がとにかく楽です
932,2022/05/03,交通費や経費申請などの煩わしい申請作業がこのサービスを使うことでWeb上で簡単に申請、管理できて、時短に繋がります。,似たようなところに行くことが多いので、過去の申請をまるっとコピーして日付を変えて申請できると、より便利かと思います！,交通費や経費などの申請が以前よりだいぶ簡略化されたと思います。また、過去の分もWeb上で一元管理できるので、紙で取っておく必要もなく無駄が少ないです。この口コミを詳しく見る,費申請などの煩わしい申請作業がこのサービスを使うことでWeb上で簡単に申請、管理できて、時短に繋がります。楽楽精算の改善してほしい点似たようなところに行くことが多いので、過去の申請をまるっとコピーして日付を変えて申請できると、より便利かと思います！楽楽精算導入で得られた効果・メリット交通費や経費などの申請が以前よりだいぶ簡略化されたと思います。また、過去の分もWeb上で一元管理できるので、紙で取っておく必要もなく無駄が少ないです。
933,2022/05/03,乗換情報等を他のサービスと連携しているため、本サービス内で出張精算を済ませることができる。また、UIがすばらしい。,動作が早いとは言い難い。他サービスと連携していることが関係しているのからなのか、気になってしまうほど、動作が遅い時がある。,事務仕事に関係する従業員の精算処理の負荷を激減させることができた。通知などが全て自動で送ることができるので、テレワークが普及している環境にはベストマッチするだろう。この口コミを詳しく見る,を他のサービスと連携しているため、本サービス内で出張精算を済ませることができる。また、UIがすばらしい。楽楽精算の改善してほしい点動作が早いとは言い難い。他サービスと連携していることが関係しているのからなのか、気になってしまうほど、動作が遅い時がある。楽楽精算導入で得られた効果・メリット事務仕事に関係する従業員の精算処理の負荷を激減させることができた。通知などが全て自動で送ることができるので、テレワークが普及している環境にはベストマッチするだろう。
934,2022/05/03,昨年から使用しています。最初のうちは慣れなくて使いづらいな、と思っていましたが、慣れるとラクラクに個人精算を行うことができます。,精算を提出したあと、決まった経路で精算承認がされますが、上長がなかなか承認を行ってくれない時に、催促ツールがほしいです。システムの不具合がありましたか？ないです。,これまでは社内ではエクセル用紙を使った精算方法を取り入れていましたが、楽楽精算導入によりオンラインで完結するようになり便利になりました。,費用の詳細はわかりませんが、対効果はあると感じます。
935,2022/05/03,まだ使用期間が短いので、交通費しか使ったことがないのですが、乗換案内が出てきてとても便利だと思いました。,ホーム画面のことで、中央に寄っていて文字のリンクやボタンが小さめだと思います。なんの意図があって左右上下の余白があるのかなとは思いました。システムの不具合がありましたか？特にありません。,転職前は自分で交通費を調べて料金を金庫から出して封筒に入れて…という昔ながらの手法で経費精算を行っていたので、こんな便利なシステムを知って驚きました。ユーザーとしては電車経路など調べる手間がないのですぐ申請できる点がメリットです。この口コミを詳しく見る,間が短いので、交通費しか使ったことがないのですが、乗換案内が出てきてとても便利だと思いました。楽楽精算の改善してほしい点ホーム画面のことで、中央に寄っていて文字のリンクやボタンが小さめだと思います。なんの意図があって左右上下の余白があるのかなとは思いました。システムの不具合がありましたか？特にありません。楽楽精算導入で得られた効果・メリット転職前は自分で交通費を調べて料金を金庫から出して封筒に入れて…という昔ながらの手法で経費精算を行っていたので、こんな便利なシステムを知って驚きました。ユーザーとしては電車経路など調べる手間がないのですぐ申請できる点がメリットです。
936,2022/05/02,駅名検索がしやすい。乗車区間の料金検索が申請時に同時にできる。マイページのシートがあり、よく使う区間が登録できる。,入力画面が小さく見づらい。入力項目を並べ変えた方が打ちやすい。駅名検索に加えバス停検索も充実させてほしい。入力の際に、追加、の文字より、入力開始のほうがよいのでは。,申請側は入力画面が2画面で済むから打ちやすい。承認側も2画面で済むから、操作はしやすい。処理能力からすると、活用しやすい。以前利用していた製品の解約理由利便性,入力操作がすぐにマスターできる。
937,2022/05/02,今まで紙に記入をして交通費などの経費を精算していましたが時代遅れでした。時間もかかります。楽楽精算にして一挙に時間短縮となりました。,現時点では特にありませんが導入費用をもう少しお安くしていただけるとありがたいです。会社でのまとめて取引実績で割引してほしいです。システムの不具合がありましたか？特にありません。,紙の削減。利用者、管理者の時間短縮。など効率化に役立ちました。今どき紙での申告など時代遅れてです。変更して良かったです。,効率化に寄与できます。
938,2022/05/02,出張申請から出張精算までシステム化になりました。以前は紙で申請していたので、履歴を確認できるようになったので良かったです。,出張申請をしたあとに、その出張自体キャンセルとなり未実施だと、精算未のところに残ると思います。これを削除するには項目をただ消すのではなく、精算画面を開いて0円精算しなければいけないところです。システムの不具合がありましたか？特になかったかと思います,今までExcelシートで作成・申請していた出張申請から会社のペーパレス化や、処理部署の負担が大幅に削減できたと思います。,普通に使いやすいと思います
939,2022/05/01,領収書を読み取る機能があったり、ルートを選択するだけで交通費もわかるので、全体的にとても簡単で楽です。,料金が安いとは言えないので、もう少しお得になったら嬉しいです。また、動作が重い時がたまにあって不便に感じました。,ペーパーレスなのでテレワークに向いていて助かっています。また、交通費等の機能のおかげで入力時間が減り、心にも余裕がもてるようになりました。この口コミを詳しく見る,み取る機能があったり、ルートを選択するだけで交通費もわかるので、全体的にとても簡単で楽です。楽楽精算の改善してほしい点料金が安いとは言えないので、もう少しお得になったら嬉しいです。また、動作が重い時がたまにあって不便に感じました。楽楽精算導入で得られた効果・メリットペーパーレスなのでテレワークに向いていて助かっています。また、交通費等の機能のおかげで入力時間が減り、心にも余裕がもてるようになりました。
940,2022/05/01,携帯アプリから操作業出来るのは非常に便利だと思う。実際にはパソコン操作の方がやり易さはある。また、それぞれ項目毎に精算でき、また領収書の取り込みも簡単で紐付けしやすい。,領収書を取り込む際に入力しているコメントが、実際に精算申請する際にそのまま反映されると非常に便利だと思うシステムの不具合がありましたか？これまで1年3ヶ月使用した中では一度も不具合、トラブルに見舞われておりません。あえてあげるとすれば、クレジットカード精算も携帯で出来ると非常に助かる。,交際費申請をする際に実際に参加するメンバーが確定してない中で仮の申請を行ったが、精算する時は実際に参加したメンバーへの変更が簡単に行える点が良かった。,非常に管理しやすいシステムだと思いますし、使い慣れるのにも時間が掛からないので便利だと思います。
941,2022/04/27,UI/UX面で使い勝手が良い。顧客に楽楽精算を提案する立場ですが、わかりやすい操作画面なので顧客の理解も早く、使い始めてからも操作性がよく、特に困ることなく経費精算などの業務面で使い続けられているとお言葉をいただいています。,シンプルなことは良いことだが、少しむずかしい処理などをしようとすると用途に合わない場合がある。特殊な処理が多発する企業様には少し不向きなプロダクトだと思います。システムの不具合がありましたか？特になし、たまにトップ画面の戻ってしまうとお言葉いただいたことが何度かあります。,もともと経費精算などはエクセルなどで人力で行われていた企業様が、楽楽精算を導入することにより、今まで数時間以上かかっていた作業を2~3時間レベルまで大幅に時間を短縮することができています。,とにかくシンプルな精算ツールを使いたいならおすすめです
942,2022/04/26,領収書の読み取り機能がとても便利です。またペーパーレスなので印鑑がいらなかったり、テレワークもやりやすくていいです。,画面がわかりにくかったり一時保存がされなかったり、多少の不便さを感じました。機能はとてもいいのでもったいないと思います。,交通費精算が便利だったり様々な機能のおかげで、エクセルでやっていた時と比べて入力時間が減り、残業が少なくなりました。この口コミを詳しく見る,み取り機能がとても便利です。またペーパーレスなので印鑑がいらなかったり、テレワークもやりやすくていいです。楽楽精算の改善してほしい点画面がわかりにくかったり一時保存がされなかったり、多少の不便さを感じました。機能はとてもいいのでもったいないと思います。楽楽精算導入で得られた効果・メリット交通費精算が便利だったり様々な機能のおかげで、エクセルでやっていた時と比べて入力時間が減り、残業が少なくなりました。
943,2022/04/22,シンプルな作りでマニュアル見ずとも簡単に使いこなせます。出発と到着の駅を入れると自動で運賃計算してくれるところが便利です。,特に不便に感じることはないですが、目的地の記載欄のレイアウトが小さく、細かく行き先を書くので、全体が見にくいところはあります。システムの不具合がありましたか？特にありません。,以前はICカードの履歴出したり、エクセルに打ち込んで印鑑押してと、かなりアナログで面倒な作業でしたが、承認も電子なので、業務時間削減につながりました。,老若男女使えるシンプルさが良いです。
944,2022/04/21,この製品の良い点は残業が削減できたことです。自動入力機能などの機能を活用することで効率化が図られるので、従来よりも作業負担が軽減されました。,特にありませんが、強いていうならサポート体制を充実させて欲しいです。先日、使い方のことで問い合わせをしたら、担当者が忙しく、連絡がなかなかつきませんでした。サポートスタッフを多く配置していただくとありがたいです。システムの不具合がありましたか？トラブルなどはありません。,コロナ禍でも十分に対応できる点がメリットです。自宅にいながらでも精算手続きが可能となりますので、テレワークでも十分に対応可能という点がメリットです。この口コミを詳しく見る,良い点は残業が削減できたことです。自動入力機能などの機能を活用することで効率化が図られるので、従来よりも作業負担が軽減されました。楽楽精算の改善してほしい点特にありませんが、強いていうならサポート体制を充実させて欲しいです。先日、使い方のことで問い合わせをしたら、担当者が忙しく、連絡がなかなかつきませんでした。サポートスタッフを多く配置していただくとありがたいです。システムの不具合がありましたか？トラブルなどはありません。楽楽精算導入で得られた効果・メリットコロナ禍でも十分に対応できる点がメリットです。自宅にいながらでも精算手続きが可能となりますので、テレワークでも十分に対応可能という点がメリットです。
945,2022/04/21,タイトルと重複しますが、スマホからでも申請できるので出張中のホテルで、帰りの新幹線の中で等場所問わず利用できるのが非常に便利。運賃の計算なども自動でしてくれるのでとにかくラク。,システムについては改善して欲しい点はありませんが、費用面については大人数を優先しているきらいがるので（ユーザー数が増えると安くなる）そこが不満かな。,出張中に各種経費の申請ができるので、これまでかかっていた無駄時間の節約になって、その分を本来やるべき業務に回せることができた。また同じところに行く場合に過去履歴から申請できるので細かい金額ミスなどがなくなった。この口コミを詳しく見る,重複しますが、スマホからでも申請できるので出張中のホテルで、帰りの新幹線の中で等場所問わず利用できるのが非常に便利。運賃の計算なども自動でしてくれるのでとにかくラク。楽楽精算の改善してほしい点システムについては改善して欲しい点はありませんが、費用面については大人数を優先しているきらいがるので（ユーザー数が増えると安くなる）そこが不満かな。楽楽精算導入で得られた効果・メリット出張中に各種経費の申請ができるので、これまでかかっていた無駄時間の節約になって、その分を本来やるべき業務に回せることができた。また同じところに行く場合に過去履歴から申請できるので細かい金額ミスなどがなくなった。
946,2022/04/21,従来、出張する場合や交際費を使用する場合、申請と精算が別々で同じような情報入力を2度行っていましたが、導入により申請と精算が一気通貫なので精算時の入力作業がほぼ無しになりました。また、乗換案内サービスとの連携やSuicaなど交通系ICカードの読み取りにも対応するので運賃を調べる必要が無くなり、ユーザー側の精算にかかる工数が削減できています。,このサービスの問題ではなく会社側の運用面ですが、精算時に帳票を紙で回しているのでこの点は改善が必要と思います。ユーザーとしては今のところ、このサービスに対しての改善要望点はありません。システムの不具合がありましたか？ユーザー側として支障が出たトラブル等は今のところありません。,従来、経理部門では交通費精算時に経路の確認を全件行っていましたが、本サービス導入により、ほぼゼロになりました。また申請書との突き合わせの工数もかなり減りました。運用開始までと開始当初は経理部門は大変でしたが、落ち着いてきて精算業務に割く工数が減り、別の業務(海外業務対応など)に工数がかけられるようになりました。以前利用していた製品の解約理由乗換案内に連動しない。ワークフロー機能が貧弱。,本来業務とは関係ない精算にかかる工数が削減できます
947,2022/04/20,一回登録した経路をコピーできる点、最後に入力した日付を覚えてるので例えば４月に３月の精算入力を連続でする場合も入力都度、カレンダーを3月に切り替えて日付を選択することなく、3月のカレンダーから日付を選べるのが地味に使う側の事を考えてるとおもいます。あと、入力途中でブラウザがクラッシュしても直前まで入力していた内容が保存されていて再開できるのもありがたいです。,交通費入力の出発地と目的地をワンクリックで入れ替えする機能が欲しいです。せっかくコピーする機能があって、出発の経路を帰路で入力するためにコピーをするのですが、帰路は出発地と目的地が逆転するので。システムの不具合がありましたか？特段不具合に見舞われた事はありません。,PCでもスマートフォンでも経費精算処理が出来る事がメリットだと感じています。以前の経費精算処理は専用ソフトが入ったPCのみでしか処理できず、経費精算をする為だけに事務所に戻る必要があったので助かっています。以前利用していた製品の解約理由不明。バータで契約していたと思われる。,スマフォでも手軽に経費精算処理が出来る点、割と直感的に操作ができる点。
948,2022/04/19,経費精算や交通費精算時、紙での帳票出力が不要となった。コピー機能があるため、毎月決まった計上などがある場合は便利。,機能が多いことはとてもいいと思いますが、逆にわかりにくさもあるため、新人研修でのレクチャーに手間がかかる,在宅勤務が当たり前になってきた現在ですが、上司の承認がウェブで完結するため、押印のための出社が減りましたこの口コミを詳しく見る,交通費精算時、紙での帳票出力が不要となった。コピー機能があるため、毎月決まった計上などがある場合は便利。楽楽精算の改善してほしい点機能が多いことはとてもいいと思いますが、逆にわかりにくさもあるため、新人研修でのレクチャーに手間がかかる楽楽精算導入で得られた効果・メリット在宅勤務が当たり前になってきた現在ですが、上司の承認がウェブで完結するため、押印のための出社が減りました
949,2022/04/19,交通費の精算は、駅名を入れるとすぐに経路が出て検索も簡単で、定期券外の計算が出来るのも便利です。経費精算では、レシートのPDFを添付出来るので、原本の郵送などもなくなりかなりスムーズになりました。,バス停が出てこないことが多いので、バス利用の精算が苦戦しています。ピン打ち機能などあれば、もっと使い勝手が良くなると思います。,領収書原本の郵送やICカードの履歴などがなくても経費精算できるようになり、今では週単位で精算できています。立替の負担も減ったのが1番のメリットだと思います。この口コミを詳しく見る,算は、駅名を入れるとすぐに経路が出て検索も簡単で、定期券外の計算が出来るのも便利です。経費精算では、レシートのPDFを添付出来るので、原本の郵送などもなくなりかなりスムーズになりました。楽楽精算の改善してほしい点バス停が出てこないことが多いので、バス利用の精算が苦戦しています。ピン打ち機能などあれば、もっと使い勝手が良くなると思います。楽楽精算導入で得られた効果・メリット領収書原本の郵送やICカードの履歴などがなくても経費精算できるようになり、今では週単位で精算できています。立替の負担も減ったのが1番のメリットだと思います。
950,2022/04/19,今までは他社のシステムを使っておりましたが、毎回カードリーダーからのスイカ履歴の確認をしておりましたが、スマホ経由で確認ができるようになりました。,コロナ渦で交通費申請が少なくなってきたので、現在は経費精算がメインになりますが、申請者の設定が分かりにくい点があるので、UIを改善してほしいと感じております。,今までは経費精算の際にExcelで入力をしていましたが、ブラウザでできるようになり、非常にスムーズにできるようになりましたので、今後継続して使いたい製品です。以前利用していた製品の解約理由UIが分かりにくかったこの口コミを詳しく見る,社のシステムを使っておりましたが、毎回カードリーダーからのスイカ履歴の確認をしておりましたが、スマホ経由で確認ができるようになりました。楽楽精算の改善してほしい点コロナ渦で交通費申請が少なくなってきたので、現在は経費精算がメインになりますが、申請者の設定が分かりにくい点があるので、UIを改善してほしいと感じております。楽楽精算導入で得られた効果・メリット今までは経費精算の際にExcelで入力をしていましたが、ブラウザでできるようになり、非常にスムーズにできるようになりましたので、今後継続して使いたい製品です。以前利用していた製品の解約理由UIが分かりにくかった
951,2022/04/19,交通費精算時、経路が乗換案内と連携され金額、ルートを示してくれるので便利です。マイパターン（定期的に利用するルート）の登録、明細のコピー機能があり、まとめて申請する時は助かります。承認ルートの変更が出来、臨機応変な承認ルート変更ができるのはありがたい。,各種申請、参照が、いちいち子画面（子ウィンドウ）で表示されるので、画面が他の画面で見えなくなる時があり不憫に感じることがある。システムの不具合がありましたか？特にありません。,交通費精算が完全ペーパレスになり、承認待ち状態の時間削減された。交通費が乗換案内で掲示される為、金額の正当性確認がされるので経理の負担も減ったと思います。この口コミを詳しく見る,時、経路が乗換案内と連携され金額、ルートを示してくれるので便利です。マイパターン（定期的に利用するルート）の登録、明細のコピー機能があり、まとめて申請する時は助かります。承認ルートの変更が出来、臨機応変な承認ルート変更ができるのはありがたい。楽楽精算の改善してほしい点各種申請、参照が、いちいち子画面（子ウィンドウ）で表示されるので、画面が他の画面で見えなくなる時があり不憫に感じることがある。システムの不具合がありましたか？特にありません。楽楽精算導入で得られた効果・メリット交通費精算が完全ペーパレスになり、承認待ち状態の時間削減された。交通費が乗換案内で掲示される為、金額の正当性確認がされるので経理の負担も減ったと思います。
952,2022/04/19,旅費精算、通勤費精算の作業が非常に簡略化できました。また、旅費精算時に定期区間を自動控除してくれる機能があるので、チェック側はすごく助かります。,ロジックを組んで、金額を自動計算させる機能をユーザー側でできるのは非常にありがたいので、既存ユーザーに対するアフターフォローで「こんな使い方出来ますよ」ということを教えていただけると、より楽楽精算を使いこなせると思います。システムの不具合がありましたか？ありません。,旅費精算の従業員側の手間を1件あたり5分短縮できました。また、現金精算をいままでしていたため、通勤費などは多額の現金が出ていくため、資金管理が非常に楽になりました。,手軽に始められて、欲しい機能も網羅されているので不満はありません。
953,2022/04/19,わかりやすく利用出来る。データを落とせて加工出来る。利用料が安い。説明が最小限ですぐに使えるため、教育なし,特にないですが、引いて言えば入力の引き継ぎを自動に判断してもらうようなAI機能の向上で更に時間削減出来たら良いです。システムの不具合がありましたか？なし,誰でも自分で精算が出来る事で、ベテラン営業の代わりに入力する機会が減少しました。製品名もとても身近に感じられます。,とにかく安く、利用しやすい。コスパ最高。
954,2022/04/19,これまでは紙での申請で、経路、料金の確認をしたうえで上席の確認押印をもらうという非常に手間がかかっていたが、導入後は、課題であったペーパーレスとなり非常にスムーズに処理できるようになった。,従業員を数百名抱えている部署では、コストの関係で全員にIDを与えられない。代理申請を簡単にできるようになれば助かる。システムの不具合がありましたか？いまのところ特にない。,最初は少し混乱があったが、申請の手間が省けるようになった。また申請から処理完了（振込み）までのスピードが上がった。以前の申請履歴も簡単に確認できる。,ペーパーレスや効率化を推進するにはおすすめです。
955,2022/04/19,領収書、請求書、仮払い、その他もろもろ、いちいち書類で管理していたものが、データに残ってスッキリしました！,インターネット上からダウンロードしたPDFが、そのままではうまく読み込んでもらえず、保存しなおさないといけない現象がある。,何といってもペーパーレスと情報管理が簡単かつ整然とされます。会社にいなくても遠隔地から申請や承認も可能で、管理業務の簡素化に大いに役立っています！,各種清算業務もデータで簡単管理の時代です！
956,2022/04/19,これまでは精算内容をシステム入力しても、それを紙で印刷して領収書を貼り付ける必要があり、面倒でした。この楽楽精算は、システム上のファイル添付の機能があり、申請者はPDF画像や写真を貼付すればそれでOKです。紙の印刷自体が必要ありません。,旅費精算で出発地、目的地から交通費の参照機能があるのですが、たまに実際に使った公共交通機関でのルートがどうやってもヒットしない場合があり、そこは不満です。システムの不具合がありましたか？特にトラブルはありませんでした。,後で調べ物をしたり、監査をしたりするときに、伝票番号を調べた後に紙の帳票を探すという手間が省けて、非常に便利です。よく使う精算パターンは記憶させることも可能です。,精算を電帳法対応するのにおすすめです。
957,2022/04/18,ルートを選ぶだけで交通費が計算されるので、とても便利に思っています。出先から確認できたりペーパーレスなのもいい所です。,個人的に、文字が小さめで読みづらいと感じました。あと、領収書の読み取りの精度がもっと上がるといいです。,領収書を自動で読み取ってくれるのがとても便利で、入力の時間が格段に減りました。残業も少なくなりましたし、テレワークでもお世話になりました。この口コミを詳しく見る,ぶだけで交通費が計算されるので、とても便利に思っています。出先から確認できたりペーパーレスなのもいい所です。楽楽精算の改善してほしい点個人的に、文字が小さめで読みづらいと感じました。あと、領収書の読み取りの精度がもっと上がるといいです。楽楽精算導入で得られた効果・メリット領収書を自動で読み取ってくれるのがとても便利で、入力の時間が格段に減りました。残業も少なくなりましたし、テレワークでもお世話になりました。
958,2022/04/16,開いてすぐのメニューがシンプルになっていて分かりやすいので、説明がなくても感覚的に操作できるのが良い点です。,左下にある呼出ボタンやコピーのボタンが小さくて見にくい。最初どこにあるのか分からず困った。上の方に配置してくれると分かりやすいです,シンプルな作りになっているのでマニュアル等なくても操作しやすいのがメリット。従来までは交通機関等の入力も全て手入力だったのですが、ほとんどの欄が項目が用意されていてサクサクっと簡単に申請できるようになりました。この口コミを詳しく見る,のメニューがシンプルになっていて分かりやすいので、説明がなくても感覚的に操作できるのが良い点です。楽楽精算の改善してほしい点左下にある呼出ボタンやコピーのボタンが小さくて見にくい。最初どこにあるのか分からず困った。上の方に配置してくれると分かりやすいです楽楽精算導入で得られた効果・メリットシンプルな作りになっているのでマニュアル等なくても操作しやすいのがメリット。従来までは交通機関等の入力も全て手入力だったのですが、ほとんどの欄が項目が用意されていてサクサクっと簡単に申請できるようになりました。
959,2022/04/14,今まで紙の伝票で交通費精算をしていましたが、楽楽精算導入度は精算作業が楽になりました。領収書もスマホで撮影したものを添付すればいいので、溜めがちであった領収書の枚数が減りました。,慣れてしまったせいかもしれませんが、いまのところ利用者（精算者）としてはそれほど改善点はありません。,やはりメリットはスムーズな精算作業ですね。　パソコン、スマートフォンの両方で精算ができ、どこにいても作業ができるので、いちいち会社に帰社しなくてもよくなったので、時間効率が良くなりました。,紙での精算をしてるのであれば早くこのようなサービスを導入したほうが効率が上がると思います。
960,2022/04/10,毎月の経費精算や交通費精算について、これまでは書類の提出が必要だったが、毎月請求書をPDFにしたり、交通費を入力するだけで良くなった。,UIが少し古いので、直感的な操作がしづらいと思う。経理を知らない人でも間違えずに使えるようなインターフェイスなら良いと思う。,毎月月初の3営業日以内に経費精算をする必要があり、出社しないといけなかったが、コロナ禍でリモートワークが多くなった今、在宅でいながら経費精算できるようになった。この口コミを詳しく見る,精算や交通費精算について、これまでは書類の提出が必要だったが、毎月請求書をPDFにしたり、交通費を入力するだけで良くなった。楽楽精算の改善してほしい点UIが少し古いので、直感的な操作がしづらいと思う。経理を知らない人でも間違えずに使えるようなインターフェイスなら良いと思う。楽楽精算導入で得られた効果・メリット毎月月初の3営業日以内に経費精算をする必要があり、出社しないといけなかったが、コロナ禍でリモートワークが多くなった今、在宅でいながら経費精算できるようになった。
961,2022/04/10,交通費精算や接待交際費、その他の経費処理をWeb上で簡易的に処理可能にする事ができるソフト。伝票等の紙面ではなく、Web上でデータの作成・自動送付できるので時間短縮になる。,差し戻し、承認等の手順が少しわかりづらい。また、自身で発生しがちな費用計上の処理をテンプレとして登録することができるが、あらかじめ代表的なテンプレを部署ごとに共有、管理することができるとより良い。,従来までは各部署から紙面でまちまちな伝票が提出されていたが、このシステムが導入されることで、統一フォーマットでメール等で提出されるようになった。そのため、月末月初の会計担当者の負担が減った。この口コミを詳しく見る,や接待交際費、その他の経費処理をWeb上で簡易的に処理可能にする事ができるソフト。伝票等の紙面ではなく、Web上でデータの作成・自動送付できるので時間短縮になる。楽楽精算の改善してほしい点差し戻し、承認等の手順が少しわかりづらい。また、自身で発生しがちな費用計上の処理をテンプレとして登録することができるが、あらかじめ代表的なテンプレを部署ごとに共有、管理することができるとより良い。楽楽精算導入で得られた効果・メリット従来までは各部署から紙面でまちまちな伝票が提出されていたが、このシステムが導入されることで、統一フォーマットでメール等で提出されるようになった。そのため、月末月初の会計担当者の負担が減った。
962,2022/04/10,隙間時間で精算ができて、領収書などのアップロードも簡単。また安いため零細企業なんかでも採用できる。紙やエクセルを使わなくていいので新人も喜んでいる,初期設定がとてもめんどくさい。若手には使いやすいが年齢層が高い人間には使いづらい。もっと高年齢層でも使いやすくしてほしい。システムの不具合がありましたか？特になかった,経理上でややこしいものも対応できて、簡単に取り込むことができる。手作業でやらなくてすみ、無駄な書類が減ってかなり効率が良くなる,業務を迅速に行いたくて、なおかつ新人でも扱えるソフトがほしければおすすめです
963,2022/04/10,楽楽精算を使い始めてそれ程経ってはおりませんが、以前のサービスに比べて申請の仕方や利用方法が分かりやすくなりました。電子申請で済ませる部分も多く、使いやすいです。,利用方法は分かりやすいですが、電子申請と紙ベースでの申請を両方しなくてはならないケースもあり、少々手間取ってしまいます。,経理に関わるコストがかなり削減出来たという話を経理担当から聞きました。仕事も楽になったそうです。今まで時間のかかっていた経理の承認のかなり早くなりました。この口コミを詳しく見る,使い始めてそれ程経ってはおりませんが、以前のサービスに比べて申請の仕方や利用方法が分かりやすくなりました。電子申請で済ませる部分も多く、使いやすいです。楽楽精算の改善してほしい点利用方法は分かりやすいですが、電子申請と紙ベースでの申請を両方しなくてはならないケースもあり、少々手間取ってしまいます。楽楽精算導入で得られた効果・メリット経理に関わるコストがかなり削減出来たという話を経理担当から聞きました。仕事も楽になったそうです。今まで時間のかかっていた経理の承認のかなり早くなりました。
964,2022/04/10,これまではエクセルによる管理だったが、HP上で乗換案内等の検索から、様々な出張精算・交通費精算・経費精算に対応できるようになった。,レシート等からある程度精算申請までアウトソースできるような機能が追加されれば、申請処理なども軽減できるように感じる。システムの不具合がありましたか？特になし,出張が多く、出張申請・精算の手間はクラウド化されたことで効率化された。また近郊の交通費処理においても、定期券区間を自動処理してくれるので、個別に区間を絞らずに対応できるようになった。,出張・交通費処理をクラウド化する最初の一歩としてはおススメ
965,2022/04/09,場所やタイミングを選ばず経費精算が可能であるため、経費精算に係るストレスが大幅に減った。特に領収書を画像として添付して申請できるのがとても便利で、領収書が出たタイミングでスマホで撮影して明細に登録しておくことが出来るため、ペーパーレス化も実現できて業務効率の向上に繋がった。,交通費や消耗品の購入など定期的に同じような明細が発生するものについては、支払先や摘要を雛型としてお気に入り登録できると便利だと感じる。特に事業所間の移動ではルートも支払先も常に同じであるため、その度に選択・入力するのは煩わしい。せめて交通費だけでもこの機能を実装して欲しい。,経費精算のためだけに出社する、といった無駄が削減できた。特にリモートワークを行っている従業員は経費精算のためだけに月末に出社する必要があり、また経理部も月末に集中する精算作業に辟易していた。このシステムを導入してからは場所を選ばずに申請が可能になり、また申請のタイミングも都度で良いため、精算業務が月末に過度に集中することも避けられるようになった。この口コミを詳しく見る,ミングを選ばず経費精算が可能であるため、経費精算に係るストレスが大幅に減った。特に領収書を画像として添付して申請できるのがとても便利で、領収書が出たタイミングでスマホで撮影して明細に登録しておくことが出来るため、ペーパーレス化も実現できて業務効率の向上に繋がった。楽楽精算の改善してほしい点交通費や消耗品の購入など定期的に同じような明細が発生するものについては、支払先や摘要を雛型としてお気に入り登録できると便利だと感じる。特に事業所間の移動ではルートも支払先も常に同じであるため、その度に選択・入力するのは煩わしい。せめて交通費だけでもこの機能を実装して欲しい。楽楽精算導入で得られた効果・メリット経費精算のためだけに出社する、といった無駄が削減できた。特にリモートワークを行っている従業員は経費精算のためだけに月末に出社する必要があり、また経理部も月末に集中する精算作業に辟易していた。このシステムを導入してからは場所を選ばずに申請が可能になり、また申請のタイミングも都度で良いため、精算業務が月末に過度に集中することも避けられるようになった。
966,2022/04/09,以前使用していた製品は、モバイルアプリなどなく、領収書やチケットの半券をスキャンして添付していました。こちらの製品はモバイルアプリから写真でそのまま添付できるため、かなり手間が削減されます。,領収書の取り込みをもっともっとシンプルにしてほしい。今はわざわざ領収書の取り込みボタンを押し、別ウィンドウから入力するようになっている。,領収書をスマホで撮影添付できるので、わざわざ会社に行って提出する手間が全て削減された。特にリモートワークでは効果が絶大になっている。以前利用していた製品の解約理由使いにくいこの口コミを詳しく見る,ていた製品は、モバイルアプリなどなく、領収書やチケットの半券をスキャンして添付していました。こちらの製品はモバイルアプリから写真でそのまま添付できるため、かなり手間が削減されます。楽楽精算の改善してほしい点領収書の取り込みをもっともっとシンプルにしてほしい。今はわざわざ領収書の取り込みボタンを押し、別ウィンドウから入力するようになっている。楽楽精算導入で得られた効果・メリット領収書をスマホで撮影添付できるので、わざわざ会社に行って提出する手間が全て削減された。特にリモートワークでは効果が絶大になっている。以前利用していた製品の解約理由使いにくい
967,2022/04/09,コストカットを行える製品で、データを手入力していたことによる計算ミスや記入漏れを防ぎやすくなり、生産性向上にもつながりました！,期設定がやや複雑である点を改善できたらより良いと感じた．全従業員のユーザー登録や、マニュアルを参照しながら設定しなければならないのは少し面倒．システムの不具合がありましたか？今のところありません。,クラウドサービスを採用しており、パソコンやハードディスクにデータを保存する必要がないのと、楽楽精算側のサーバーで管理されているため、自社でのメンテナンスが不要なのがメリットです。さらに、税制改正にも対応し、いつでも最新の状態で経理業務を行える部分も同様にメリットだと感じました。この口コミを詳しく見る,トを行える製品で、データを手入力していたことによる計算ミスや記入漏れを防ぎやすくなり、生産性向上にもつながりました！楽楽精算の改善してほしい点期設定がやや複雑である点を改善できたらより良いと感じた．全従業員のユーザー登録や、マニュアルを参照しながら設定しなければならないのは少し面倒．システムの不具合がありましたか？今のところありません。楽楽精算導入で得られた効果・メリットクラウドサービスを採用しており、パソコンやハードディスクにデータを保存する必要がないのと、楽楽精算側のサーバーで管理されているため、自社でのメンテナンスが不要なのがメリットです。さらに、税制改正にも対応し、いつでも最新の状態で経理業務を行える部分も同様にメリットだと感じました。
968,2022/04/08,今までは紙による出張の稟議申請だったが、WEB上で出来るうえに進捗確認も自身で出来るので確認の手間が省けます。また、マイパターンを登録することで簡単に申請出来るので効率的です。,必要のない項目でも全て入力する必要がある点を自動で入力不要にして頂くだけで、効率が上がると思います。,社内全体で申請ナンバーを管理しているため、精算しているかどうかの管理を一括出来る。また、報告書の提出の有無なども確認できる為、出張内容を社内で共有できる。この口コミを詳しく見る,による出張の稟議申請だったが、WEB上で出来るうえに進捗確認も自身で出来るので確認の手間が省けます。また、マイパターンを登録することで簡単に申請出来るので効率的です。楽楽精算の改善してほしい点必要のない項目でも全て入力する必要がある点を自動で入力不要にして頂くだけで、効率が上がると思います。楽楽精算導入で得られた効果・メリット社内全体で申請ナンバーを管理しているため、精算しているかどうかの管理を一括出来る。また、報告書の提出の有無なども確認できる為、出張内容を社内で共有できる。
969,2022/04/07,出先での細々とした費用負担を、わざわざ紙のレシートを保管・提出処理をしなくとも会社に申請を行うことができるようになった。,同じ内容を繰り返し申請する際に、過去に入力した内容をコピーして、入力時に候補にでてくるような機能を実装してほしい。,元々、後で申請が必要なレシートを保管し、提出処理をすることがものすごくストレスだったため、そのストレスから解放され、より意欲的に業務に向き合えている。この口コミを詳しく見る,々とした費用負担を、わざわざ紙のレシートを保管・提出処理をしなくとも会社に申請を行うことができるようになった。楽楽精算の改善してほしい点同じ内容を繰り返し申請する際に、過去に入力した内容をコピーして、入力時に候補にでてくるような機能を実装してほしい。楽楽精算導入で得られた効果・メリット元々、後で申請が必要なレシートを保管し、提出処理をすることがものすごくストレスだったため、そのストレスから解放され、より意欲的に業務に向き合えている。
970,2022/04/07,特に交通費の申請では定期区間を登録しておけば、後は自動で発着駅の入力でルートを検索、提案してくれるので選ぶだけで簡単に使えます。慣れるとかなりサクサク進められるので便利だと思います。,予測変換や過去の入力からもっとラクに入力ができるようになればいいなと思います。件数が多い時にはコピペをうまく使うことでより手軽に使用ができると思います。システムの不具合がありましたか？現状ありません。,これまでは経路を自分で検索して交通費を入力していました。恐らく経理の方でも確認は自分で経路を調べて行っていたと思うので、手数が大幅に減り時間の短縮ができました。,実際に使用してみた観点からすると本当にラクなのでお勧めできると思います。
971,2022/04/07,経費申請〜承認の一連作業が全てできる点。必要最低限の機能が揃っているので不具合なく経費精算をするところができる点。,経費のエビデンスのレシートや領収書を添付する際、どこから添付するのかわかりにくかった。また添付できるのがpdfのみなので、imageファイルでも添付できると良い。,全てオンラインで完結するので無駄なやりとりが少なくなったし、書類管理の煩雑さがなくなったので時間と資源をカットできた。この口コミを詳しく見る,承認の一連作業が全てできる点。必要最低限の機能が揃っているので不具合なく経費精算をするところができる点。楽楽精算の改善してほしい点経費のエビデンスのレシートや領収書を添付する際、どこから添付するのかわかりにくかった。また添付できるのがpdfのみなので、imageファイルでも添付できると良い。楽楽精算導入で得られた効果・メリット全てオンラインで完結するので無駄なやりとりが少なくなったし、書類管理の煩雑さがなくなったので時間と資源をカットできた。
972,2022/04/07,出社しない社員が経費精算のために日にちを決めて、出社しなくても良くなりました。承認をどこでもできるので書類が溜まることがありません。集計をしなくても自動で集計してくれます。まだ、正式運用から1ヵ月なので「様子見」のところがありますが、これからもっと効果が実感できると思います。,①定期区間マスタは、CSVでの一斉取込が出来ない。②支払仕訳が終わると、訂正できない。どちらも出来るようになると嬉しいですが、特に①は、変更できるのではないでしょうか。,客先常駐メンバーの精算がスムーズにできた。承認漏れがなくななり、締めが早まった。集計が自動で行われる。全体的に精算業務が早まった。システムでは、締めが厳格に決まっていると、何度も伝えたら、締めを守る意識が生まれた。,CMで耳慣れているので、ITに不慣れな人でも始めやすいシステムです。
973,2022/04/07,交通費や領収書などをスキャン機能を活用して簡単に入力が出来、かついずれも正確な金額を申請でき、不正を防げる。,交通費精算時、ICカードのスキャン読み取りが直近10数件しか出来ず、結局手入力している。買い物等は予め件数カウントから除いて欲しい。,領収書やICカードの履歴を参照しながら移す手間が省け、かつ正確な金額内容で申請が出来る。また、承認ルートも分かりやすい。この口コミを詳しく見る,収書などをスキャン機能を活用して簡単に入力が出来、かついずれも正確な金額を申請でき、不正を防げる。楽楽精算の改善してほしい点交通費精算時、ICカードのスキャン読み取りが直近10数件しか出来ず、結局手入力している。買い物等は予め件数カウントから除いて欲しい。楽楽精算導入で得られた効果・メリット領収書やICカードの履歴を参照しながら移す手間が省け、かつ正確な金額内容で申請が出来る。また、承認ルートも分かりやすい。
974,2022/04/06,精算が簡単なのがプラス点です。新入社員にでも、軽く説明すればすぐに使えます。また、定期券区間の自動控除機能がとても便利です。,承認フローの設定が複雑です。また、部門に承認フローを設定できず、社員一人一人多数の承認フローを設定しなければならないです。とても時間かかるので、改善してほしいです。,経費や交通費が頻繁に発生するので、楽楽精算を使ったら簡単に申請・精算できて時間や手間を省くことができます。管理者からは、操作ログがあって、問題が発生するときに追跡もしやすいです。,どんな企業にでも不可欠、精算が簡単でらくらく
975,2022/04/06,購買発注の決済承認のためによく使用するが、入力する項目が分かりやすく、直感的に使えるようになっていると思います。上司やその上の決済者までの流れが設定されており、どこまで承認が進んでいるのか一目でわかります。,決済承認のために請求書などをPDFを添付するが、現状だと２つしか添付できないようになっていて、２つ以上添付したい場合に困っています。システムの不具合がありましたか？特にありません。,購買の申請など申請数が多いので、毎回上司や決済者にそれぞれ承認を取るとなるととても大変ですが、このシステムを使うと一度にそれが済むので効率的です。この口コミを詳しく見る,決済承認のためによく使用するが、入力する項目が分かりやすく、直感的に使えるようになっていると思います。上司やその上の決済者までの流れが設定されており、どこまで承認が進んでいるのか一目でわかります。楽楽精算の改善してほしい点決済承認のために請求書などをPDFを添付するが、現状だと２つしか添付できないようになっていて、２つ以上添付したい場合に困っています。システムの不具合がありましたか？特にありません。楽楽精算導入で得られた効果・メリット購買の申請など申請数が多いので、毎回上司や決済者にそれぞれ承認を取るとなるととても大変ですが、このシステムを使うと一度にそれが済むので効率的です。
976,2022/04/06,今までは他アプリで交通費を調べてから入力していましたが、乗換案内から検索ができるようになったため間違いも手間もなくなりました。,承認者が不在の場合急を要する承認ができないため、代理で承認者を立てることができたらより良くなると思う。,以前は紙ベースで印鑑を押し本社に送るという手間があったが、PCからでも携帯からでも簡単に入力ができるようになり手間や時間を削減できた。この口コミを詳しく見る,アプリで交通費を調べてから入力していましたが、乗換案内から検索ができるようになったため間違いも手間もなくなりました。楽楽精算の改善してほしい点承認者が不在の場合急を要する承認ができないため、代理で承認者を立てることができたらより良くなると思う。楽楽精算導入で得られた効果・メリット以前は紙ベースで印鑑を押し本社に送るという手間があったが、PCからでも携帯からでも簡単に入力ができるようになり手間や時間を削減できた。
977,2022/04/06,入力画面が利用者にとってわかりやすく、操作説明の手間が省ける。承認ルートの設定についても便利だと思います。,導入者の視点からすれば非常に使いやすいが、利用者としてはマイパターンがもう少し使いやすければ良いと思う。,紙のやりとりが激減したので、ペーパーレス化に役立っている。経理部門の作業量は減ったので、間接部門の人員削減にも役立つと思う。この口コミを詳しく見る,利用者にとってわかりやすく、操作説明の手間が省ける。承認ルートの設定についても便利だと思います。楽楽精算の改善してほしい点導入者の視点からすれば非常に使いやすいが、利用者としてはマイパターンがもう少し使いやすければ良いと思う。楽楽精算導入で得られた効果・メリット紙のやりとりが激減したので、ペーパーレス化に役立っている。経理部門の作業量は減ったので、間接部門の人員削減にも役立つと思う。
978,2022/04/05,今までは紙での支払い依頼や旅費交通費の精算などかなり手間でした。本社での承認が降りるまでも時間がかかっていましたが、楽楽精算にしてから時間や手間が減りました,一度承認が降りないと、再度承認を取り下げないといけないのが手間です。紙でなくパソコンが必要なので周りにパソコンがないと面倒かと思いました,とにかく支払い依頼や精算が簡単になりました。コピーができるので同じ取引先の精算などは一から作らなくて良いので楽です以前利用していた製品の解約理由紙で本社に送ってい手間だからこの口コミを詳しく見る,での支払い依頼や旅費交通費の精算などかなり手間でした。本社での承認が降りるまでも時間がかかっていましたが、楽楽精算にしてから時間や手間が減りました楽楽精算の改善してほしい点一度承認が降りないと、再度承認を取り下げないといけないのが手間です。紙でなくパソコンが必要なので周りにパソコンがないと面倒かと思いました楽楽精算導入で得られた効果・メリットとにかく支払い依頼や精算が簡単になりました。コピーができるので同じ取引先の精算などは一から作らなくて良いので楽です以前利用していた製品の解約理由紙で本社に送ってい手間だから
979,2022/04/05,前回のデータをコピーして使えること。乗り換え案内にすぐ飛べたり、定期区域の排除もしやすくなっていること。,使い初めは、一時保存したデータを探すのに時間がかかったので、そこだけもう少しわかりやすいと、なおありがたいです。,csvでのデータ取り込みもできるので、エクセル上に簡単にメモしておき、月初に一気にとりこむことで、時短になっています。この口コミを詳しく見る,タをコピーして使えること。乗り換え案内にすぐ飛べたり、定期区域の排除もしやすくなっていること。楽楽精算の改善してほしい点使い初めは、一時保存したデータを探すのに時間がかかったので、そこだけもう少しわかりやすいと、なおありがたいです。楽楽精算導入で得られた効果・メリットcsvでのデータ取り込みもできるので、エクセル上に簡単にメモしておき、月初に一気にとりこむことで、時短になっています。
980,2022/04/05,これまでは経理部門が準備したエクセル書式による手入力の経費精算を行っており、各月の経費精算にかなりの工数が掛かっていたが、楽楽精算の導入により、出張先で領収書をもらうたびに領収書を取り込み、経費精算の準備ができるので精算漏れが少なくなり、労力も大幅に軽減された。,領収書の金額そのものを請求できない項目や、領収書がもらえなかったりした時の請求金額へのエビデンス類の取り込み、添付もスマートフォンで対応可能になると使い勝手が良くなると思う。,経費精算は、毎月末やきりの良い時に複数月まとめて長時間掛けて作業することが多かったが、楽楽精算の導入により、外出先などで都度作業ができるため、請求漏れ、間違いが減らせ、効率が大幅に向上した。この口コミを詳しく見る,経理部門が準備したエクセル書式による手入力の経費精算を行っており、各月の経費精算にかなりの工数が掛かっていたが、楽楽精算の導入により、出張先で領収書をもらうたびに領収書を取り込み、経費精算の準備ができるので精算漏れが少なくなり、労力も大幅に軽減された。楽楽精算の改善してほしい点領収書の金額そのものを請求できない項目や、領収書がもらえなかったりした時の請求金額へのエビデンス類の取り込み、添付もスマートフォンで対応可能になると使い勝手が良くなると思う。楽楽精算導入で得られた効果・メリット経費精算は、毎月末やきりの良い時に複数月まとめて長時間掛けて作業することが多かったが、楽楽精算の導入により、外出先などで都度作業ができるため、請求漏れ、間違いが減らせ、効率が大幅に向上した。
981,2022/04/05,近頃ワークフロー機能が充実してきており、紙の稟議書も各職員の確認報告等テンプレートが20以上あり活用しています。,精算時に以前の出張をコピーして利用していますが、出張期間を書き換えするのを忘れるケースがあります。明細日程とチェックできませんか。乗り換え案内から時刻のコピーができませんか。システムの不具合がありましたか？特になし,同様な出張が多い為、精算時にコピー機能を使うことで楽が出来ている。また、稟議書の承認進捗がわかり、催促するのが簡単になった。,精算以外にもワークフローが以外と使えますよ。
982,2022/04/05,手当の金額を設定できるので、間違えることなく申請ができる。過去の申請を活用できるので、経費の作業が短くなった。,カスタマイズがし辛いので、細かく経費を管理することは難しい。検証環境を利用できる回数が制限されているので、利用し辛い。,以前は手当の金額を調べることが多く、確認作業を多く費やしていた。今は確認しなくて良くなったので、申請側、承認側ともに確認作業が減って作業時間が減っている。この口コミを詳しく見る,を設定できるので、間違えることなく申請ができる。過去の申請を活用できるので、経費の作業が短くなった。楽楽精算の改善してほしい点カスタマイズがし辛いので、細かく経費を管理することは難しい。検証環境を利用できる回数が制限されているので、利用し辛い。楽楽精算導入で得られた効果・メリット以前は手当の金額を調べることが多く、確認作業を多く費やしていた。今は確認しなくて良くなったので、申請側、承認側ともに確認作業が減って作業時間が減っている。
983,2022/04/05,経費精算は毎月の事なので、繰り返し業務にかかる手間を減らすことができます。例えばプルダウン式で選択し、そのまま上長への承認に移行できるなど。,併せて、領収書の添付と中身の自動読み取り機能があれば便利かなー、とは思いますが、シンプルさに勝るものはないと思います。,営業活動をしていると、交通費や物品の精算、ホテル宿泊、接待費など様々な経費精算機会がありますが、繰り返し業務の軽減が図れるのために、その労力を営業活動に変換することができます。この口コミを詳しく見る,毎月の事なので、繰り返し業務にかかる手間を減らすことができます。例えばプルダウン式で選択し、そのまま上長への承認に移行できるなど。楽楽精算の改善してほしい点併せて、領収書の添付と中身の自動読み取り機能があれば便利かなー、とは思いますが、シンプルさに勝るものはないと思います。楽楽精算導入で得られた効果・メリット営業活動をしていると、交通費や物品の精算、ホテル宿泊、接待費など様々な経費精算機会がありますが、繰り返し業務の軽減が図れるのために、その労力を営業活動に変換することができます。
984,2022/04/04,スマートフォンで簡単に操作が出来るので誰でも使える点、領収書やレシートを撮影するだけで使用金額、日付、店名が読み取れる事。,細かいところではあるが承認一覧画面で申請日しか表示されないが、申請日より利用日が表示されると、確認の優先度がわかりやすい。システムの不具合がありましたか？今のところない,電子帳簿保存法対応ができるのと、既存の会計ソフトへの連携や読み込みが簡単なので、入力の手間やミスが無くなる。「楽楽精算」導入の決め手電子帳簿保存法対応の為,圧倒的な識字率
985,2022/04/04,導入前にはエクセルを使い、かなりの時間がかかっていましたが楽楽精算を導入してからは約束7割ぐらいの時間が削減されました。,人によって使い方がわからない方もいるため、もう少しわかりやすい画面の方ががいいかと思います。それ以外では問題ありません。,交通費精算が完全ペーパレスになったため会社としての経費削減がかなり大きかったです。作業時間も短縮されました。この口コミを詳しく見る,エクセルを使い、かなりの時間がかかっていましたが楽楽精算を導入してからは約束7割ぐらいの時間が削減されました。楽楽精算の改善してほしい点人によって使い方がわからない方もいるため、もう少しわかりやすい画面の方ががいいかと思います。それ以外では問題ありません。楽楽精算導入で得られた効果・メリット交通費精算が完全ペーパレスになったため会社としての経費削減がかなり大きかったです。作業時間も短縮されました。
986,2022/04/04,今までは交通費精算の際に自分で経路や交通費を検索して記入する工程が必要でしたが、こちらは乗換案内と連動しており出発・到着地を入力しボタンをおすだけで経路や交通費が表示されるため便利です。,特に利用上で困ったことはありませんが、文字が小さく見辛いなと思ったことはあります。もう少し見やすいUIになれば更に良いです。,紙での申請ではなく、電子化したことで経費精算にかかる時間が短縮できました。在宅時にも領収書をスマホで撮影して申請ができるので、精算までのスピードが上がりました。この口コミを詳しく見る,通費精算の際に自分で経路や交通費を検索して記入する工程が必要でしたが、こちらは乗換案内と連動しており出発・到着地を入力しボタンをおすだけで経路や交通費が表示されるため便利です。楽楽精算の改善してほしい点特に利用上で困ったことはありませんが、文字が小さく見辛いなと思ったことはあります。もう少し見やすいUIになれば更に良いです。楽楽精算導入で得られた効果・メリット紙での申請ではなく、電子化したことで経費精算にかかる時間が短縮できました。在宅時にも領収書をスマホで撮影して申請ができるので、精算までのスピードが上がりました。
987,2022/04/04,アナログな経費精算を行っている会社は是非導入するべきサービス。経費精算は意外と時間が取られる業務なので本サービスを使うことで業務効率が向上する。,特に不満はないがUIをもっとシンプルにしても良いかなと思う。ユーザーサポートに関しては丁寧な回答で満足。,営業先での立替が多いが本サービスを利用したら経費精算が圧倒的に楽になった。特に駐車場、交通費精算が便利で助かっている。この口コミを詳しく見る,経費精算を行っている会社は是非導入するべきサービス。経費精算は意外と時間が取られる業務なので本サービスを使うことで業務効率が向上する。楽楽精算の改善してほしい点特に不満はないがUIをもっとシンプルにしても良いかなと思う。ユーザーサポートに関しては丁寧な回答で満足。楽楽精算導入で得られた効果・メリット営業先での立替が多いが本サービスを利用したら経費精算が圧倒的に楽になった。特に駐車場、交通費精算が便利で助かっている。
988,2022/04/04,特に交通費精算がやりやすい。承認ルートの設定ができ、管理側の通知も分かりやすい。リモート勤務においても相性がよく社内的にも導入メリットが非常にあったと感じる。,現在使っている感じでは不満は特にないが、UI的にはもう少しシンプルにしても良いかと思う。乗換案内は時刻表から情報を引っ張れるのはよいが、時刻も引っ張れた方が使い勝手が良い。,今まで経費精算に関しては別サービスを利用していたが、同サービスを使うようになったことで、紙のやりとりが激減したので業務効率化が圧倒的に進んだ。,営業担当が多い会社は必須。
989,2022/04/04,交通費を申請する際、路線検索から交通費を算出できるのが便利。ユーザーの定期情報も反映されるのも使いやすいです。,利用している際には特に悪いところは見つからないが、ページのデザインがスタイリッシュでなく少々わかりづらく慣れるまで戸惑うことが多かった。システムの不具合がありましたか？特になし,ネット上での申請だと仮に申請方法が誤っていた時も、総務に気づいてもらいやすいのがメリットだと思います。この口コミを詳しく見る,請する際、路線検索から交通費を算出できるのが便利。ユーザーの定期情報も反映されるのも使いやすいです。楽楽精算の改善してほしい点利用している際には特に悪いところは見つからないが、ページのデザインがスタイリッシュでなく少々わかりづらく慣れるまで戸惑うことが多かった。システムの不具合がありましたか？特になし楽楽精算導入で得られた効果・メリットネット上での申請だと仮に申請方法が誤っていた時も、総務に気づいてもらいやすいのがメリットだと思います。
990,2022/04/03,わざわざ手動で入力する必要がなく、データを取り込むことにより入力ができる為、非常に使いやすいと思う。,基本的には不満は無いが、たまーに写真読み込みが上手くいかなく、手動入力が必要になるため、そこが改善したらよい。システムの不具合がありましたか？特になし。,以前の経費精算では、全て手動入力で行っていた為、ケアレスミスや時間が取られていたが、その部分が無くなるだけで、大分時間の削減に繋がった。,一度使ってみてください。
991,2022/04/03,CMで流れている通り、事務作業が軽減できました。繁忙期の残業も減りそうです。会社のルールに合わせて細かく設定できるのもポイントです。,これはメリットでもありデメリットでもあるのですが、初期のシステム構築が大変でした。細かく設定できるので苦戦しました。もう少し直感的に操作できると嬉しかったかなと思います。システムの不具合がありましたか？まれにフリーズする。おそらくPC側の問題ですが,出張申請などの申請作業の効率がよくなりました。以前は領収書保管を億劫に感じてましたがその必要がなくなり楽になりました。副産物として職場の3Sにもつながっています。,初期のシステム構築は大変です
992,2022/04/03,テレワーク主体だとなかなか会社に行けずに領収書をしばらく保管しておかないといけなかったんですが、楽楽精算のお陰で、領収書の電子化が実現できるようになりました。また、定期券の登録をしておくと実際のルートとの差額の自動計算機能や交通系ICカードとの連携も便利だと思います。,日本語の領収書であれば、かなりの認識精度ですが、他言語ですと認識精度が落ちますので、取り込んだ支払先や金額データを修正することが多くあります。海外出張が比較的多い私としては他言語についても日本度レベルで認識してくれるとありがたいです。,パソコンだけでなく、スマホにも対応しているので、非常に便利です。領収書がなければパソコンでもよいですが、領収書がある場合はスマホのカメラで撮影し、そのままの流れで伝票起票できますので、いままでよりも格段に便利になっています。この口コミを詳しく見る,主体だとなかなか会社に行けずに領収書をしばらく保管しておかないといけなかったんですが、楽楽精算のお陰で、領収書の電子化が実現できるようになりました。また、定期券の登録をしておくと実際のルートとの差額の自動計算機能や交通系ICカードとの連携も便利だと思います。楽楽精算の改善してほしい点日本語の領収書であれば、かなりの認識精度ですが、他言語ですと認識精度が落ちますので、取り込んだ支払先や金額データを修正することが多くあります。海外出張が比較的多い私としては他言語についても日本度レベルで認識してくれるとありがたいです。楽楽精算導入で得られた効果・メリットパソコンだけでなく、スマホにも対応しているので、非常に便利です。領収書がなければパソコンでもよいですが、領収書がある場合はスマホのカメラで撮影し、そのままの流れで伝票起票できますので、いままでよりも格段に便利になっています。
993,2022/04/02,全ての経費精算システムを経験したわけではないですが、使いやすさ（導入担当者の立場から）とサポート体制に非常に優れています。その他のシステムに比べ、抜群に柔軟性・カスタマイズのしやすさに優れています。,基本的に満足しているのですが、法改正などの対応に若干スピード感が落ちると考えています、電子帳簿保存法改正に対し、多くの企業から要望が来ることに対し対応できていないことがありますが、今後対応頂けると思っています。システムの不具合がありましたか？特にトラブルが発生することはないです。メンテナンスはシステムアップロードも連絡が来るので、安心できます。,経費精算業務の電子化・効率化に非常に貢献します。導入時もコールセンターがスムーズに繋がりやすく、さまざまな疑問に答えてくれるため、安心です。当社も電子帳簿保存法改正後、領収書・請求書データの電子保存を実現できました。,サービスに対するコストパフォーマンスが非常に優秀です。
994,2022/04/02,あらかじめ入力するべき項目や入力値を便利に設定することができるため、ミスやヌケモレがしづらくすることができる。,あまり出張がないため入力値を間違えることがあるため、申請の入力値の画面で過去の申請との比較が行える機能があると嬉しい。,出張旅費の申請や精算にかかる工数を最大限まで減らすことができている。UIが万人受けするようなシンプルなものため、問い合わせも少なくできる。この口コミを詳しく見る,入力するべき項目や入力値を便利に設定することができるため、ミスやヌケモレがしづらくすることができる。楽楽精算の改善してほしい点あまり出張がないため入力値を間違えることがあるため、申請の入力値の画面で過去の申請との比較が行える機能があると嬉しい。楽楽精算導入で得られた効果・メリット出張旅費の申請や精算にかかる工数を最大限まで減らすことができている。UIが万人受けするようなシンプルなものため、問い合わせも少なくできる。
995,2022/04/02,乗り換え案内機能により移動にかかった金額を調べて入力する時間が大幅に削減出来ている為、業務効率化に繋がっている。,地方のバスだとバス停名はヒットするが、該当の運行会社が路線候補に出てこない事があった為、困った事がある。,予め申請する段階で詳細に入力しておけば、精算時は取込みを行うだけでスピーディに精算が行える為、出張精算にかかる時間の削減に繋がっています。この口コミを詳しく見る,内機能により移動にかかった金額を調べて入力する時間が大幅に削減出来ている為、業務効率化に繋がっている。楽楽精算の改善してほしい点地方のバスだとバス停名はヒットするが、該当の運行会社が路線候補に出てこない事があった為、困った事がある。楽楽精算導入で得られた効果・メリット予め申請する段階で詳細に入力しておけば、精算時は取込みを行うだけでスピーディに精算が行える為、出張精算にかかる時間の削減に繋がっています。
996,2022/04/01,今の会社に勤めてからなので2年半程使用しています。仕事柄出張が多く、その分経費の精算も必要なので重宝しています。見やすいデザインなのでいつ、何の経費が発生したかを管理しやすいです。,特にこれといった不満はないです。強いてあげるなら処理に時間がかかることがあるので、処理速度が上がればありがたいと思ってます。,前職の時は経費の精算漏れがあったのですが、このソフトを使用し始めてからは漏れがなくなり、経理さんに迷惑をかけることもなくなりました。この口コミを詳しく見る,勤めてからなので2年半程使用しています。仕事柄出張が多く、その分経費の精算も必要なので重宝しています。見やすいデザインなのでいつ、何の経費が発生したかを管理しやすいです。楽楽精算の改善してほしい点特にこれといった不満はないです。強いてあげるなら処理に時間がかかることがあるので、処理速度が上がればありがたいと思ってます。楽楽精算導入で得られた効果・メリット前職の時は経費の精算漏れがあったのですが、このソフトを使用し始めてからは漏れがなくなり、経理さんに迷惑をかけることもなくなりました。
997,2022/04/01,これまでエクセルで作成し、紙ベースで承認回覧していたのが、クラウド上で実施でき簡便に進捗状況も一目瞭然。また領収書の添付もらくらく,タクシー費用については、別サイトにて検索して計算しないといけないので、サイト上で検索できると便利です。システムの不具合がありましたか？特になし,なんといっても承認回覧がクラウド上で進むことでスムーズになり、進捗も随時確認できるのがうれしい。年に何回か発生した、回覧中の書類に紛失もなくなりました。,取り合えず、ためしてみてください。百聞は一見に如かずです
998,2022/04/01,領収書を撮影するだけで入力されるので申請業務が大幅に削減されました。ペーパーレスになるので保管管理もとても簡単です。,あまりありませんが、使い方が少し複雑なところもあるのでマニュアルでしっかり対応できるようになれば良いかなと思いました。,ペーパーレス化により業務短縮に繋がり、管理も簡単になりました。コロナ禍で出勤することなく経費作業ができるようになりました。この口コミを詳しく見る,影するだけで入力されるので申請業務が大幅に削減されました。ペーパーレスになるので保管管理もとても簡単です。楽楽精算の改善してほしい点あまりありませんが、使い方が少し複雑なところもあるのでマニュアルでしっかり対応できるようになれば良いかなと思いました。楽楽精算導入で得られた効果・メリットペーパーレス化により業務短縮に繋がり、管理も簡単になりました。コロナ禍で出勤することなく経費作業ができるようになりました。
999,2022/04/01,交通費を算出する際、システム内に乗換案内を検索できるようになっています。それまで弊社では独自のEXCELで経費精算が運用されており、スマホで調べて出てきた金額を入力する方法でしたが、楽楽精算ではシステム内の乗換案内で調べられるので楽ですし入力間違えも発生しづらくなっています。,UIについて、トップページで過去の申請履歴を確認するページへ行くクリック部分が小さく分かりづらいかもしれないです。私は問題なかったのですが、定年間際のベテラン層はなかなか確認方法を覚えられていなかったです。システムの不具合がありましたか？これまでの使用経験で特に不具合やトラブルは発生しておりません。,領収書をスマホアプリで撮影して保存・添付できる点に大きくメリットを感じました。それまでは、領収書をコピー機でスキャンする必要がありましたが、場所に囚われずスマホがあれば精算が完結できる点は大きなメリットです。この口コミを詳しく見る,出する際、システム内に乗換案内を検索できるようになっています。それまで弊社では独自のEXCELで経費精算が運用されており、スマホで調べて出てきた金額を入力する方法でしたが、楽楽精算ではシステム内の乗換案内で調べられるので楽ですし入力間違えも発生しづらくなっています。楽楽精算の改善してほしい点UIについて、トップページで過去の申請履歴を確認するページへ行くクリック部分が小さく分かりづらいかもしれないです。私は問題なかったのですが、定年間際のベテラン層はなかなか確認方法を覚えられていなかったです。システムの不具合がありましたか？これまでの使用経験で特に不具合やトラブルは発生しておりません。楽楽精算導入で得られた効果・メリット領収書をスマホアプリで撮影して保存・添付できる点に大きくメリットを感じました。それまでは、領収書をコピー機でスキャンする必要がありましたが、場所に囚われずスマホがあれば精算が完結できる点は大きなメリットです。
1000,2022/03/31,なんと言っても、月末の忙しい時にかさばるレシートを提出用紙にのりで貼って提出する手間がはぶけ助かりました！,強いて言えば、交通費等の申請内容を紙で出力するボタンで、同じ内容をメールで送る選択ができればより良いと思います。,交通費精算では、携帯のデータをそのまま取り込めるので一つ一つ入力する手間が省けます。また、お気に入り区間を登録できるので、さらに時間を短縮できます。この口コミを詳しく見る,ても、月末の忙しい時にかさばるレシートを提出用紙にのりで貼って提出する手間がはぶけ助かりました！楽楽精算の改善してほしい点強いて言えば、交通費等の申請内容を紙で出力するボタンで、同じ内容をメールで送る選択ができればより良いと思います。楽楽精算導入で得られた効果・メリット交通費精算では、携帯のデータをそのまま取り込めるので一つ一つ入力する手間が省けます。また、お気に入り区間を登録できるので、さらに時間を短縮できます。
1001,2022/03/31,これまでは紙ベースでの経費精算としていたが、クラウド化され申請プロセスも難しくなく誰でも簡単に利用できるのが利点。,サポート体制含め、不満もなく今のところ問題ありません。強いて言えば承認ボタンなどが全体的に文字サイズが小さく感じるため、全体的に大きな画面になってくれると使いやすいかと思います。,これまでは紙ベースでの経費精算としていたが、クラウド化され申請プロセスも難しくなく誰でも簡単に利用できるのが利点。ITリテラシーに関係なくマニュアルなども用意することなく全社員が抵抗なく使用することができる。この口コミを詳しく見る,紙ベースでの経費精算としていたが、クラウド化され申請プロセスも難しくなく誰でも簡単に利用できるのが利点。楽楽精算の改善してほしい点サポート体制含め、不満もなく今のところ問題ありません。強いて言えば承認ボタンなどが全体的に文字サイズが小さく感じるため、全体的に大きな画面になってくれると使いやすいかと思います。楽楽精算導入で得られた効果・メリットこれまでは紙ベースでの経費精算としていたが、クラウド化され申請プロセスも難しくなく誰でも簡単に利用できるのが利点。ITリテラシーに関係なくマニュアルなども用意することなく全社員が抵抗なく使用することができる。
1002,2022/03/27,レシートや領収書記載の文字を自動的に読み取ってくれるため、これまで購入日、購入先、購入金額を自分で入力していたのが、入力不要となり大変便利,領収書やレシートを写真撮影し読み取る際に、文字の自動認識の精度が若干悪いところがある。その他は特になしシステムの不具合がありましたか？特にありません,経費精算の手続きにかかる時間を短縮できた上、金額等の誤入力も減り大変便利。スマホでレシートが読み取れるので、使ったその場で経費精算できる,レシートや領収書をカメラで撮影すると自動的に文字を読み取る為、誤入力が減るのと入力が楽になった。スマホのアブリも使いやすくスマホだと買ったその場で精算できるので非常に便利です。
1003,2022/03/26,交通費精算の際に主に使っています。コロナ禍で出社が毎日ではないので、定期利用ではないのがいけないですが、使い方はシンプルで提出もしやすいです。,交通費精算をする際に、マイルート登録していても個人的には使いにくく、毎回手打ちしているため、マイルート登録がもう少し改善されたらと思う,使い方がシンプルだが、一度本申請を忘れてしまったことがある。パソコンからだったら不便はないと思うが、携帯版だとボタンを見落としやすい。しかし、再チェックがしっかりできる点においては、二重チェックの機会を与えていただけるためありがたい。この口コミを詳しく見る,の際に主に使っています。コロナ禍で出社が毎日ではないので、定期利用ではないのがいけないですが、使い方はシンプルで提出もしやすいです。楽楽精算の改善してほしい点交通費精算をする際に、マイルート登録していても個人的には使いにくく、毎回手打ちしているため、マイルート登録がもう少し改善されたらと思う楽楽精算導入で得られた効果・メリット使い方がシンプルだが、一度本申請を忘れてしまったことがある。パソコンからだったら不便はないと思うが、携帯版だとボタンを見落としやすい。しかし、再チェックがしっかりできる点においては、二重チェックの機会を与えていただけるためありがたい。
1004,2022/03/25,交通費精算の際、定期区間をあらかじめ登録しておけるので実際にかかった交通費のみを自動計算して処理できるので助かります。定期的に発生する経費などは過去の履歴からコピーして再度申請できるので便利です。,見た目が古い感じがします。もう少しUIが分かりやすいと良いですね。頻繁に経費精算しない社員は操作が覚えられず分かりづらいかもしれません。,外出時の交通費精算は、以前はネットの路線情報で検索して自分でExcelに記入して経理に申請していましたが、Web上で駅を選択すると自動的に計算してくれるのでかなりの業務効率化になりました。毎月月末は面倒でうんざりしていたのですがそれが解消されて大助かりです。,営業が多い企業は外出の経費精算が多いと思いますのでぜひ導入をおすすめします。
1005,2022/03/25,交通費精算や経費精算がマニュアルレスで申請ができるぐらいに分かりやすい。また交通費に関してはシステム内で検索出来るため便利。承認者を自動設定できるのも良い。,設定の問題もあるが、経費の勘定科目が分かりにくく選択しにくい。また過去の申請をコピーして入力が出来ないため、コピー機能を実装して欲しい。,申請履歴の検索機能が強力なため、過去の申請履歴を見返すことが簡単に出来、過去の経費発生が簡単に確認出来てよい。,経費申請システムを探している全ての担当者
1006,2022/03/25,請求書支払いなど、マニュアルを熟読しなくても直観的に使えます。ボタンの配置など分かりやすくてよいと思います。電帳法にも対応できて便利です。,一つしか選択肢が用意されていなくても必ず業務区分を選ばないといけない点。請求書・領収書のOCR機能の精度もあげていって欲しいところです。合わせて、読み込んだ伝票のタイトルが「請求書」なら請求書として、「領収書」なら領収書として自動で識別までしてくれるとなおよしです。,紙での提出がなくなったので、出張先からでも申請ができて、申請もれの心配がなくなりました。また、履歴をさかのぼりやすいので、似た事例を探すときに便利です。この口コミを詳しく見る,いなど、マニュアルを熟読しなくても直観的に使えます。ボタンの配置など分かりやすくてよいと思います。電帳法にも対応できて便利です。楽楽精算の改善してほしい点一つしか選択肢が用意されていなくても必ず業務区分を選ばないといけない点。請求書・領収書のOCR機能の精度もあげていって欲しいところです。合わせて、読み込んだ伝票のタイトルが「請求書」なら請求書として、「領収書」なら領収書として自動で識別までしてくれるとなおよしです。楽楽精算導入で得られた効果・メリット紙での提出がなくなったので、出張先からでも申請ができて、申請もれの心配がなくなりました。また、履歴をさかのぼりやすいので、似た事例を探すときに便利です。
1007,2022/03/23,おもに、交通費の申請に使用していますが、順番に入力していくだけで、申請が完了するので、名前の通り楽だなと感じました。,使用している範囲もせまく、会社内で使用マニュアルもあるため、特にこれと言って、不便に感じる点はありません。システムの不具合がありましたか？特にないです。,紙で申請・提出する必要がないので、ペーパーレス化に一躍買っており、PCがあれば、在宅でも外出中でも申請でき、便利です。この口コミを詳しく見る,通費の申請に使用していますが、順番に入力していくだけで、申請が完了するので、名前の通り楽だなと感じました。楽楽精算の改善してほしい点使用している範囲もせまく、会社内で使用マニュアルもあるため、特にこれと言って、不便に感じる点はありません。システムの不具合がありましたか？特にないです。楽楽精算導入で得られた効果・メリット紙で申請・提出する必要がないので、ペーパーレス化に一躍買っており、PCがあれば、在宅でも外出中でも申請でき、便利です。
1008,2022/03/23,領収書をパシャパシャ写真にとると情報を読み込んでくれます。また、モバイルSuicaも対応なのでSuicaでの移動履歴も簡単に取り込んでくれるため経費精算にかける時間は確実に減りました。,見た目が全体的に古臭いです。また、経理側で設定が色々できるようですが、せっかく領収書を読み取ったのに支払先名が反映されなかったり、乗り換え案内で入力しても支払先がブランクになっていたりと良さが半減してしまうので、設定完了時はプレビューをさせるなどさせてほしいです。見た目が古臭いので改善してほしい。,出張申請、交際費申請など各申請が簡素化されたのももちろんだが、月末にどっとくる乱雑に貼られた領収書から解放されたのは大きい。この口コミを詳しく見る,シャパシャ写真にとると情報を読み込んでくれます。また、モバイルSuicaも対応なのでSuicaでの移動履歴も簡単に取り込んでくれるため経費精算にかける時間は確実に減りました。楽楽精算の改善してほしい点見た目が全体的に古臭いです。また、経理側で設定が色々できるようですが、せっかく領収書を読み取ったのに支払先名が反映されなかったり、乗り換え案内で入力しても支払先がブランクになっていたりと良さが半減してしまうので、設定完了時はプレビューをさせるなどさせてほしいです。見た目が古臭いので改善してほしい。楽楽精算導入で得られた効果・メリット出張申請、交際費申請など各申請が簡素化されたのももちろんだが、月末にどっとくる乱雑に貼られた領収書から解放されたのは大きい。
1009,2022/03/23,ハンコの代わりにクリック一つでネット環境があればどこにいても決済ができる。また自分の申請データが今どこにあるか可視化できる。,ICカードには対応しているが、スマホのモバイルアプリから交通費精算のデータが読み込めない。なんとか読み込めるようにしてほしい。,コロナ禍で在宅勤務が増加したが会社へ出社することなく経費精算ができる。これからの法改正にも柔軟に対応できる。「楽楽精算」導入の決め手価格が安く、承認フローも複数選べるこの口コミを詳しく見る,わりにクリック一つでネット環境があればどこにいても決済ができる。また自分の申請データが今どこにあるか可視化できる。楽楽精算の改善してほしい点ICカードには対応しているが、スマホのモバイルアプリから交通費精算のデータが読み込めない。なんとか読み込めるようにしてほしい。楽楽精算導入で得られた効果・メリットコロナ禍で在宅勤務が増加したが会社へ出社することなく経費精算ができる。これからの法改正にも柔軟に対応できる。「楽楽精算」導入の決め手価格が安く、承認フローも複数選べる
1010,2022/03/23,承認ワークフローの設定が容易であり、申請するだけで、経理を含めてクラウド上で承認が完了できる。支払依頼においては内訳（科目）をカテゴライズすることが可能で、会計知識がなくても科目選択が容易にできる。銀行情報（全銀協データ）も自動更新のため、安心できる。,振込において同行間となるような支払の設定が容易にできない。支払依頼（業者支払）において、支払先マスタに振込元の銀行を登録して、銀行ごとの支払仕訳やFBデータが自動で作成されると良い。電帳法対応には社内規程等のシステム以外の環境構築も必要であり、その点のフォロー体制もあれば助かる。システムの不具合がありましたか？今のところ大きな不具合はありません。,コロナ禍で出社が限られている中において、ユーザー側は上長承認や提出のため、経理はそのチェックのために出社して対応する必要がありました。楽楽精算の導入後、テレワークをしながら（出社しなくても）申請の回覧、申請書と証票のチェックができるようになり、より効率化を図ることができました。「楽楽精算」導入の決め手jiima認証があり、且つ導入社数№1という実績に信頼性を感じた。以前利用していた製品の解約理由電子帳簿保存法に対応する上で、現行システムは未対応であった。,請求書や領収書の電子帳簿保存法対応や経費精算等のペーパレス化におすすめです。
1011,2022/03/21,申請画面、承認フロー、勘定科目設定など会社の状況に合わせた細かい設定をすることができます。仕訳データも会計システムに合わせて設定することで出力できる点も便利です。,良い点の裏返しですが、細かい設定が可能なため使いこなせるようになるまでに時間がかかります。アクセスのような感じで色々な項目が連携しており、それぞれ修正をかけていかなくてはならないので、初期設定や修正にとても時間がかかります。スキルが求められるように感じるので、もう少し感覚的にできると使いやすいのではないかと思います。,これまで申請画面を印刷した用紙に押印、領収書原本とともに上司、経理へ提出というフローでした。しかしコロナ禍でリモートワークとなった際に電子帳簿保存法オプションを導入し、領収書アップロード・オンライン承認フローへ変更を行いました。出社しなくても承認作業ができるようになりました。,経費精算システムを自社で作りこみたい場合はおすすめです。
1012,2022/03/20,公共交通機関を利用しての営業が多いですが、楽々精算だと電車・バスでの合理的な経路と交通費がすぐに表示されて選択できるため、片道で複数路線を使用したような複雑な経路でもワンタッチで反映される。また明細追加をクリックすれば次の申請に進めるため、1日で複数回の経費を申請する場合も、いちいち初めの画面に戻って入力し直す等の手間が不要ななため経費申請の時短化に役立っています。,駐車場代などを申請する場合は信憑書類にチェックを入れて、信憑書類を添付して紙ベースで提出→検印となるため、できれば信憑書類をスキャナで取り込んでペーパーレス申請できるようになればより楽になると思います。システムの不具合がありましたか？不具合・トラブルはありません。,導入前は1回の交通費につき都度申請し申請書1枚を上長が承認するという流れだったが、楽々精算導入後は複数回の交通費でも1回の申請にまとめることができ、システムで決済となるため、週単位で見れば申請者・上長ともに経費申請に係る時間が1/10程にまで削減された。,経費作成時間の削減
1013,2022/03/19,場所を選ばず好きなタイミングで精算申請できる。紙の使用がなくなった。上司や経理部との無駄なやりとりや顔を合わせることなが無くなった。それらによって会社で回避しようのなかったストレスが大幅に減らせた。,乗り換え案内の駅名を入力しても出ないルートがある事。Googleくらいの乗り換え案内くらいの精度にするか連動してほしい。システムの不具合がありましたか？私が使用している分には問題がなかった。都心部でのICカード割に乗り換え案内の金額が対応していないのでICカードユーザーが少し得をしている。,申請と精算がスムーズになり、書類を印刷してFAXをするという有り得ない作業が無くなり雑務に取られる時間が大幅に減った。交通費精算では乗り換え案内のおかげで出張時の交通費の計算が楽。出張申請では同伴者の設定ができる為、新人に記入データを共有も出来説明と指導が楽になった。,出張が多く、ペーパーレスに対応出来ていない会社は早く導入すべき。時間を買うことにより生産性を上げられます。
1014,2022/03/18,今までは紙で印刷して申請をしていましたが、ペーパレス化されたおかげで外出先で申請ができるようになった。,間違えて申請したデータが一度承認されてしまうと、経理から差し戻されたデータが再利用できないもう一度領収書を撮影しなければいけないので不便に感じるシステムの不具合がありましたか？とくになし,紙の時は上司の承認印をもらうために社内で上司を探すような場面もあったが、今は申請しておしまいなのでとても楽。,専用アプリがあるので、社用携帯でスマホを持っていればお勧め
1015,2022/03/17,以前は経費精算、交通費精算をするのは「毎月エクセルに記入→印刷→領収書貼付→上長に押印もらう」という流れだったのですが、楽楽精算にログインして入力するだけであとは自動で経理まで回っていくのがとても楽になりました。領収証を撮影して貼付すればいいのでスマホでも申請が簡単です。,ブラウザのから申請を選択すると入力用に別のウィンドウが立ち上がってしまうので一つのブラウザのタブで完結させられたらありがたいです。システムの不具合がありましたか？これまで不具合は感じたことがありません。,交通費の精算も普段使うルートがお気に入り登録できたり、定期範囲外を自動で計算してくれたりと、エクセル時代には時間がかかっていた精算にかかる時間が大幅に短縮されました。この口コミを詳しく見る,精算、交通費精算をするのは「毎月エクセルに記入→印刷→領収書貼付→上長に押印もらう」という流れだったのですが、楽楽精算にログインして入力するだけであとは自動で経理まで回っていくのがとても楽になりました。領収証を撮影して貼付すればいいのでスマホでも申請が簡単です。楽楽精算の改善してほしい点ブラウザのから申請を選択すると入力用に別のウィンドウが立ち上がってしまうので一つのブラウザのタブで完結させられたらありがたいです。システムの不具合がありましたか？これまで不具合は感じたことがありません。楽楽精算導入で得られた効果・メリット交通費の精算も普段使うルートがお気に入り登録できたり、定期範囲外を自動で計算してくれたりと、エクセル時代には時間がかかっていた精算にかかる時間が大幅に短縮されました。
1016,2022/03/15,領収書意外にも見積書や契約書、納品書など複数の添付ファイルをアップロードでき、一枚の帳票で全体がワンストップで確認できる倉庫になる点は良いと思います。,アップロードした添付ファイルの公開確認先を部署や人単位で設定できないため、立替経費精算などで、自宅を送付先等にした際に、経理担当者や承認者以外のルート外の承認者（もしかしたら他の利用者にも）が添付ファイルが確認できてしまい、自宅住所や電話番号が見られてしまう点は改善していただきたい。一目で税抜き価格が分からないため、PL計上額の把握に暗算が必要である点も改善されるとありがたい。システムの不具合がありましたか？今のところトラブルはない。,証憑の郵送など紙のやり取りの削減につながり、遠方での業務従事者の承認作業が格段に楽になった。また、事業所出社時以外にも承認ができるため、経費の計上のタイムラグが短くなり、実績の情報がリアルタイムに近づき、費用実績の予実差の把握に役立つ。以前利用していた製品の解約理由グループ全体の経理システム入れ替えのため。,現場レベルでは特にないです。経理担当者は処理量が多く、他のシステム同様にすぐに使用法に慣れたので、正直どのシステムでもその点は変わりないように見えます
1017,2022/03/15,スマホで交通系ICカードを読み取って経路や運賃がシステムに反映され、これまでWEBで経路検索してエクセルのフォーマットに入力してしたいた工数が大幅に削減できました。,モバイルSuicaに対応していない点。鉄道会社がモバイルへの切り替えを盛んに勧めているので今後モバイルSuicaのユーザーが増えてくると思うので早めに対応してほしいです。システムの不具合がありましたか？特に感じることはありませんでした。,上記に記した通り、経費精算にかかる業務工数が大幅に削減されます。また交通系ICカードを読み取ることで自動で経費が計上され、また定期区間を登録しておけばその部分は自動控除されるので、間違いや不正が発生する余地がなくなりました。,特にシステムに詳しくなくても容易に導入できると思います。
1018,2022/03/15,ジョルダンなどで交通費の検索ができ、手入力した場合などアイコンで表示してくれるため、検索方法等のチェックが楽になりました。,1申請で99行しか対応していないようで、営業担当者などは複数の申請が必要になってしまうこと。どのソフトもそうですが、バスの運賃縛りの精算に対応ができていないこと。システムの不具合がありましたか？特にありませんが、システムの更新作業が少し多いかなと思います,交通費精算を行う際、経路をYAHOO検索などで確認を行っていましたが、ジョルダンによる検索方法か手入力を行ったかどうかが、アイコンでわかるため、チェック項目が少なくなった。定期券の登録をしておけば、自動で控除してくれるので、楽になりました。また確定データの集計もかなり高度にできるため作業効率があがりました。,いろいろなソフトがありますが、費用対効果はかなり良いと思います
1019,2022/03/15,通勤定期区間を事前登録しておくと、外出時の交通費のうち通勤定期分を自動計算して交通費を算出してくれ、費用低減できる。,他社の原価管理システム、会計システムに、データ連携できるようにしてほしい。原価Pro、PLO会計等。システムの不具合がありましたか？特にありません。,毎月１０日、２０日、月末と３回の締め日を設定し、請求漏れ、忘れを防止しています。また、同一人物が、複数社にまたがって請求でき、融通が利いている。,乗換案内と連携しており、交通費精算がしやすいです。
1020,2022/03/15,これまでは、経理担当者が領収書を見ながら全て手入力をした上で精算作業をしていましたが、この製品は誰でも簡単に操作ができるため、各社員に精算入力をしてもらうというフローに変えることが出来ました。操作が簡単という点が１番良いです。,専任サポートが付いてしっかりとサポートしてくださりましたので不便はなかったですが、マスタ設定を行う際、レイアウト等の面でやや苦労しました。システムの不具合がありましたか？特になし。,経理担当者が精算業務を月末までため込んでしまう等の問題がありました。導入後は、各社員に精算入力をしてもらうというフローに変えたおかげで経理担当者は内容確認のみの業務となり業務効率化につながりました。「楽楽精算」導入の決め手精算業務を標準化できる、サポートがしっかりしている。,経費精算の社内運用を簡単にすることができます
1021,2022/03/15,精算処理を紙ベース、エクセルベースで処理し、オペレーターが精算システムに手入力していたのが部分的にシステム化出来たと言えます。,ユーザーとしての不満点はあまり無いのですが、申請前の仮保存した状態で忘れてしまう事に対してリマインダーのメールが本人に通知される自動設定があると良い。（あるのかもしれませんが。）,経理の工数削減には役立っていると思います。また、ユーザーも経費申請を紙ベースで経理まで持っていくという昭和スタイルから工数削減になっていると思います。この口コミを詳しく見る,紙ベース、エクセルベースで処理し、オペレーターが精算システムに手入力していたのが部分的にシステム化出来たと言えます。楽楽精算の改善してほしい点ユーザーとしての不満点はあまり無いのですが、申請前の仮保存した状態で忘れてしまう事に対してリマインダーのメールが本人に通知される自動設定があると良い。（あるのかもしれませんが。）楽楽精算導入で得られた効果・メリット経理の工数削減には役立っていると思います。また、ユーザーも経費申請を紙ベースで経理まで持っていくという昭和スタイルから工数削減になっていると思います。
1022,2022/03/15,経理部ではなく、経費精算の際に使用しています。経理に詳しくないですが、画面がシンプルでパソコン操作が苦手であっても使用しやすいです。,改善してほしい点は特段ありませんが、経費入力画面が一行だけではなく最初から何段かあると使用しやすいのではと思います。システムの不具合がありましたか？ありません。,経理部だけでなく経費申請をする全員が非常に使用しやすいので経理部の負担軽減や人件縮小にも繋がるので、ケアレスミスの軽減になると思います。,操作がシンプルなのでパソコン操作が苦手であっても使用しやすいです。
1023,2022/03/15,これまでは経費として使用した領収書やレシートの内容を入力して、紙に貼付していましたが、写真でレシートなどを撮影したものをアップロードするだけで良くなったため、手間が削減をされました。,よく入力をする項目（支払先・出発・到着など）はよく入力する先を候補としてタブで選択できるようにしてくれるとより時短になるかと思います。,領収書をもらった時点でスマホで撮影をしてデータを取り込んでおけば、在宅勤務で手元に領収書がなくても経費精算をすることができます。在宅勤務が一般化する今の時勢に沿ったシステムで、経費精算のために出社をする必要がなくなりました。この口コミを詳しく見る,経費として使用した領収書やレシートの内容を入力して、紙に貼付していましたが、写真でレシートなどを撮影したものをアップロードするだけで良くなったため、手間が削減をされました。楽楽精算の改善してほしい点よく入力をする項目（支払先・出発・到着など）はよく入力する先を候補としてタブで選択できるようにしてくれるとより時短になるかと思います。楽楽精算導入で得られた効果・メリット領収書をもらった時点でスマホで撮影をしてデータを取り込んでおけば、在宅勤務で手元に領収書がなくても経費精算をすることができます。在宅勤務が一般化する今の時勢に沿ったシステムで、経費精算のために出社をする必要がなくなりました。
1024,2022/03/14,路線や駅名を入力すると、該当する運賃などの必要情報が自動で入手できるので、運賃や経由地などを他のサイトで調べる手間がなくなった,一度、バスの路線で、入力した路線に駅名がでてこず、正しい運賃を入手することができず、手入力をしました。バスの路線も網羅してもらえたらうれしいです。,毎月経費精算をするために、運賃や経由地を調べたり、それなりに時間をかけて、精算申請を行っていましたが、楽楽精算の導入のおかげで、かなりの時間短縮になりました。,経費精算のための時間が短縮できる。
1025,2022/03/14,社内に戻らずとも、デバイス１つでICカードの認証～経費精算入力がある程度できるので非常に便利。領収書の読み取りの精度も高く、いつも助かっています。,出張に行ったときに、出張費としてすべての項目を１つに結び付けるやり方がわかりにくく、大変だった。申請後も、各々出張で精算したものを追加的に紐づけできるようにするなどしてもらえると助かります。,営業のため外回りしていることが多いのですが、経費精算するためにわざわざ会社に戻らなくてはICカードの読み取りができず、また領収書もすべて手打ちという状況でしたが、それらも出先で行える＆領収書の読み込みもスムーズにいくようになり、業務負荷が減りました。この口コミを詳しく見る,ずとも、デバイス１つでICカードの認証～経費精算入力がある程度できるので非常に便利。領収書の読み取りの精度も高く、いつも助かっています。楽楽精算の改善してほしい点出張に行ったときに、出張費としてすべての項目を１つに結び付けるやり方がわかりにくく、大変だった。申請後も、各々出張で精算したものを追加的に紐づけできるようにするなどしてもらえると助かります。楽楽精算導入で得られた効果・メリット営業のため外回りしていることが多いのですが、経費精算するためにわざわざ会社に戻らなくてはICカードの読み取りができず、また領収書もすべて手打ちという状況でしたが、それらも出先で行える＆領収書の読み込みもスムーズにいくようになり、業務負荷が減りました。
1026,2022/03/14,以前は全国20以上の場所（社員200名以上）からExcelで作成された紙で郵送されていたようです。駅すぱーとでルート・費用を確認→検算→振込データのCSV作成→2名チェック→振込データ作成→仕訳CSV作成→会計ソフト取込　と、2名で1週間かかっていたと聞いています。（そして毎週振込だった）現在は、1分で6名はチェックできるし、ある程度規程にそったアラームも出せるので、不備自体が減少しています。証憑も添付で確認でき、振込もBKデータも仕訳データも掃き出しなので一瞬で完了となるため、事務ミスも減りました。,仮払い申請承認が終了（支払まち）してしまうと削除できない点。空支払作業をしますが、仮払い未精算でデータが残るので覚えておく必要があるのと、残っていること自体が気持ち悪い。せめてあとからメモができるとかしてほしい。システムの不具合がありましたか？基幹システム入替の時に、仕訳や科目変更などをしたため面倒な時期はありましたが、作成用のIDをいただいたので特に問題は起きなかった,大幅な時間短縮になったため、月次や分析等、本来の経理業務ができるようになった。自身のスキルアップにもつながったこの口コミを詳しく見る,20以上の場所（社員200名以上）からExcelで作成された紙で郵送されていたようです。駅すぱーとでルート・費用を確認→検算→振込データのCSV作成→2名チェック→振込データ作成→仕訳CSV作成→会計ソフト取込　と、2名で1週間かかっていたと聞いています。（そして毎週振込だった）現在は、1分で6名はチェックできるし、ある程度規程にそったアラームも出せるので、不備自体が減少しています。証憑も添付で確認でき、振込もBKデータも仕訳データも掃き出しなので一瞬で完了となるため、事務ミスも減りました。楽楽精算の改善してほしい点仮払い申請承認が終了（支払まち）してしまうと削除できない点。空支払作業をしますが、仮払い未精算でデータが残るので覚えておく必要があるのと、残っていること自体が気持ち悪い。せめてあとからメモができるとかしてほしい。システムの不具合がありましたか？基幹システム入替の時に、仕訳や科目変更などをしたため面倒な時期はありましたが、作成用のIDをいただいたので特に問題は起きなかった楽楽精算導入で得られた効果・メリット大幅な時間短縮になったため、月次や分析等、本来の経理業務ができるようになった。自身のスキルアップにもつながった
1027,2022/03/14,今までの紙ベースのフォーマットに近い申請画面のカスタム化が行えたことで、導入が円滑化されたことに加え、スマホによる操作画面のデザインが良くできていて、ストレスのない運用が可能となりました。,申請に対する承認者の設定は任意に選択できてよいのですが、承認者が複数に設定されている場合、誰が承認行っているかがリアルタイムで表示される一覧表から確認できると、更なる運営の効率化が行えそうです。システムの不具合がありましたか？運用開始に向けたフォーマット設定までは申請画面だけでなく、裏側で紐づけ必要な仕分け項目の設定にはそれなりに時間をかける必要がありました。,現在のコロナ禍において、在宅勤務を主体としながらも、都区外出張の多いメンバーにとって、新幹線での帰路の途中でスマホを利用して迅速に申請できるので、都度会社に出社しなくとも総務対応が可能になった点は大きなメリットとして考えられる。,PC画面は勿論、スマホでの申請に対して秀逸なデザインなので、若い社員が多い企業には特におすすめしたいです。
1028,2022/03/14,コロナ禍になりなかなかオフィスに立ち寄ることが厳しくなりました。このツールを利用することで精算入力や承認までが非常に短時間にできるようになりました。,各鉄道会社が料金の改定を実施した場合、必ずしもリアルタイムで反映されない場合があります。ただマイナーな路線に限られます。,出発地から目的地を選ぶと、自動的に経路の候補と金額の入力ができる。また承認の進捗についてもワークフローで確認することが出来る。処理が格段に速くなった。以前利用していた製品の解約理由精算入力に時間がかかっていた。,精算システムとして中規模企業での運用は非常に便利だと思います。
1029,2022/03/14,経費精算以外に、ワークフローオプションを使うことにより、これまで紙で回付していた申請・承認関係の書類が楽楽精算上で完結でき、承認のハンコ押しがゼロになりました。,ワークフローオプションがスマホアプリでは未対応で、PCサイトモードでログインする必要があり、少し手間がかかります。,在宅勤務、社外勤務であっても、承認フロー、精算処理が止まらず、どこで勤務をしていても進められるようになり、ハンコを押すために出社するという事がなくなりました。この口コミを詳しく見る,外に、ワークフローオプションを使うことにより、これまで紙で回付していた申請・承認関係の書類が楽楽精算上で完結でき、承認のハンコ押しがゼロになりました。楽楽精算の改善してほしい点ワークフローオプションがスマホアプリでは未対応で、PCサイトモードでログインする必要があり、少し手間がかかります。楽楽精算導入で得られた効果・メリット在宅勤務、社外勤務であっても、承認フロー、精算処理が止まらず、どこで勤務をしていても進められるようになり、ハンコを押すために出社するという事がなくなりました。
1030,2022/03/14,画面に工夫が凝らされていて、どんな人でも一目見れば機能がわかること。したがって、導入説明も必要最低限で済み、その後は備え付けられたマニュアルを読んでもらえば、基本的な使用方法に関して質問を受けることはない。,利用料が非常に安価な分、各社にサポート担当が付くのが導入後数週間のみで、以降はサポートページ参照、という姿勢であること。また、初期導入設定は各社の担当者が行う必要があるが、サポートに質問しないとわからない項目もある。スマホ対応もしているが、表示される順番が初期導入の設定項目順で、順番の入れ替え等ができず、使い勝手が少々悪い。システムの不具合がありましたか？特になし,クラウドシステムのため、出張先からの経費申請、精算が可能。また、設定によっては事前申請を必須とすることもできるため、経費精算スキームの適性化も図れる。電帳法対応のためには必須級の各機能を備えている。この口コミを詳しく見る,が凝らされていて、どんな人でも一目見れば機能がわかること。したがって、導入説明も必要最低限で済み、その後は備え付けられたマニュアルを読んでもらえば、基本的な使用方法に関して質問を受けることはない。楽楽精算の改善してほしい点利用料が非常に安価な分、各社にサポート担当が付くのが導入後数週間のみで、以降はサポートページ参照、という姿勢であること。また、初期導入設定は各社の担当者が行う必要があるが、サポートに質問しないとわからない項目もある。スマホ対応もしているが、表示される順番が初期導入の設定項目順で、順番の入れ替え等ができず、使い勝手が少々悪い。システムの不具合がありましたか？特になし楽楽精算導入で得られた効果・メリットクラウドシステムのため、出張先からの経費申請、精算が可能。また、設定によっては事前申請を必須とすることもできるため、経費精算スキームの適性化も図れる。電帳法対応のためには必須級の各機能を備えている。
1031,2022/03/14,今まで利用していた旧会計システムの帳票イメージに近いものにカスタムができる点。ユーザー側での、帳票レイアウトの変更等、感覚的に掴みやすい,支払先の名寄せするには、月次支払確定を一気通貫で承認しないといけないので当社においては物量があるので大変。支払確定を分けて承認後に、名寄せが可能にしていただきたい。システムの不具合がありましたか？特になし,交通費精算における、交通系ICカードとの連携でチェック業務の短縮メリット。月次税関連の数字集計並びに、楽楽精算を通した実績データの収集加工「楽楽精算」導入の決め手ランニングコストの低さ以前利用していた製品の解約理由事業再編による会計システム乗換が必要になったため,支払い業務の時短
1032,2022/03/14,画面がきれいで、お知らせや使い方が表示されて、情報が一目瞭然でとても分かりやすいです。交通費申請時の乗換案内の利用ができること、ICカードから履歴を導入できることによって、申請が楽になります。マイパターンが登録でき、よく通う場所を登録しておけば次の申請が便利になるのも良いと思っています。,特に困っていることがありませんが、もし「確認」ボタンがあったら嬉しいと思います。実際「申請」ボタンを押したらチェックしてくれることが後々分かったのですが、初めて入力した時、入力した内容が正しいか、そのまま「申請」ボタン押して良いかは少し不安でした。,製品利用する前は、経費を申請する度に申請書に記入し、領収書貼り付けて提出する流れで、時間の無駄があり、おそらく経理の方の作業量も多かったと思います。製品導入後紙媒体がなくなり、申請がスムーズになる一方、ある程度申請内容をチェックしているので経理の作業も楽になったと思います。まさに「楽楽」です。この口コミを詳しく見る,いで、お知らせや使い方が表示されて、情報が一目瞭然でとても分かりやすいです。交通費申請時の乗換案内の利用ができること、ICカードから履歴を導入できることによって、申請が楽になります。マイパターンが登録でき、よく通う場所を登録しておけば次の申請が便利になるのも良いと思っています。楽楽精算の改善してほしい点特に困っていることがありませんが、もし「確認」ボタンがあったら嬉しいと思います。実際「申請」ボタンを押したらチェックしてくれることが後々分かったのですが、初めて入力した時、入力した内容が正しいか、そのまま「申請」ボタン押して良いかは少し不安でした。楽楽精算導入で得られた効果・メリット製品利用する前は、経費を申請する度に申請書に記入し、領収書貼り付けて提出する流れで、時間の無駄があり、おそらく経理の方の作業量も多かったと思います。製品導入後紙媒体がなくなり、申請がスムーズになる一方、ある程度申請内容をチェックしているので経理の作業も楽になったと思います。まさに「楽楽」です。
1033,2022/03/14,経費精算については、請求書の作成から上司承認、経理承認と、紙ベースで回していたがタイムリーな承認から支払いまでペーパーレスとなった。,確かに経費計上を承認した後の修正ができないようになっているため、承認後の修正というビジネスもあるため検討願います。システムの不具合がありましたか？特になし。,在宅勤務など、業務形態の多様性が求められている中、オフィスに出社しなくても最終的な経費支払いまでつなげることができ、工数も削減されていると実感しています。,経費精算のペーパーレスにお薦めです。
1034,2022/03/14,初期費用が安価なので導入に踏み込みやすい点。導入の設定に専属のサポートがつくので、無理なく進めることができました。,電子帳簿保存法オプションを利用していますが、領収書/請求書のOCR読込精度が向上されると、申請時のストレスが軽減されると思います。システムの不具合がありましたか？特になし,出張を伴う業務が多いため、外出先からでも申請、承認できる点は大きなメリットです。また、コロナ禍での在宅勤務でもスムーズに移行することができました。「楽楽精算」導入の決め手操作感がマッチしたこの口コミを詳しく見る,安価なので導入に踏み込みやすい点。導入の設定に専属のサポートがつくので、無理なく進めることができました。楽楽精算の改善してほしい点電子帳簿保存法オプションを利用していますが、領収書/請求書のOCR読込精度が向上されると、申請時のストレスが軽減されると思います。システムの不具合がありましたか？特になし楽楽精算導入で得られた効果・メリット出張を伴う業務が多いため、外出先からでも申請、承認できる点は大きなメリットです。また、コロナ禍での在宅勤務でもスムーズに移行することができました。「楽楽精算」導入の決め手操作感がマッチした
1035,2022/03/14,システムの知識がない人でも、すぐに利用することができる。直感的な操作である程度のルール設定などが可能。電子帳簿保存法に対応しているため、証憑の検索が簡単に行える。,各企業で定めている複雑なルール等には対応できない。システムアップデートで行われる機能がマイナスなことがある。システムの不具合がありましたか？基本的に電話やメールでの対応になるため、不具合等がなかなか解決できないケースがある。,今までは紙原本保存していたものが、電子保存できるようになって伝票等の整理が不要になった。コロナ禍での在宅勤務等でも申請、承認が可能なため、世の中に合わせて働き方を変えていくことができた。,中小企業の方であれば、問題なく利用できると思う。
1036,2022/03/14,初めて使ってもある程度使い方がわかるほど、わかりやすいと思います。会社の交通費精算で主に使用していますが。経理では承認作業に、バーコード承認を使用していますが意外に使用しやすくとてもいい機能だと思います。,特にありませんが、グループ会社向けにもう少し工夫して頂けると助かります。管理画面一つで、各社の設定ができるとありがたいです。,エラーチェックが強化できて、入力漏れや記載ミスを大幅に減少することができました。紙で運用していたときは、記載ミスにおいて、必須項目の入力漏れがありましたがそれらが無くなりました。「楽楽精算」導入の決め手導入当時は他社にこのようなサービスが無かった。この口コミを詳しく見る,てもある程度使い方がわかるほど、わかりやすいと思います。会社の交通費精算で主に使用していますが。経理では承認作業に、バーコード承認を使用していますが意外に使用しやすくとてもいい機能だと思います。楽楽精算の改善してほしい点特にありませんが、グループ会社向けにもう少し工夫して頂けると助かります。管理画面一つで、各社の設定ができるとありがたいです。楽楽精算導入で得られた効果・メリットエラーチェックが強化できて、入力漏れや記載ミスを大幅に減少することができました。紙で運用していたときは、記載ミスにおいて、必須項目の入力漏れがありましたがそれらが無くなりました。「楽楽精算」導入の決め手導入当時は他社にこのようなサービスが無かった。
1037,2022/03/14,今までは承認者に印鑑をもらいに行っており、それでは業務に支障があるという事で、電子印鑑を導入し、押印後にメールに添付して送っていてたが、お互いメールのやり取りをしなくてはならず煩雑な作業になっていた。楽楽精算導入後は、メールで送ることもなく承認者も手の空いた少しの時間で承認できる。,スマホなどで承認する場合、アラート機能がないのでアプリを開かなくてはいけない。承認の通知はメールのみなので、気が付くのが遅れる場合がある。,好きな時間に申請できるので、承認してもらうタイミングが良ければ数分で申請、承認が完了する。無駄な時間が削減でき、領収書、請求書など添付機能もあるので承認者もすぐ確認ができる。この口コミを詳しく見る,認者に印鑑をもらいに行っており、それでは業務に支障があるという事で、電子印鑑を導入し、押印後にメールに添付して送っていてたが、お互いメールのやり取りをしなくてはならず煩雑な作業になっていた。楽楽精算導入後は、メールで送ることもなく承認者も手の空いた少しの時間で承認できる。楽楽精算の改善してほしい点スマホなどで承認する場合、アラート機能がないのでアプリを開かなくてはいけない。承認の通知はメールのみなので、気が付くのが遅れる場合がある。楽楽精算導入で得られた効果・メリット好きな時間に申請できるので、承認してもらうタイミングが良ければ数分で申請、承認が完了する。無駄な時間が削減でき、領収書、請求書など添付機能もあるので承認者もすぐ確認ができる。
1038,2022/03/14,出張の申請、報告、精算について、従来、紙で運用していた処理が電子決済となり、承認処理も迅速に対応できるようになりました。,ワークフローの承認処理をスマートフォンで行えるようにして欲しいです。データの全削除は一括して行えますが、退避処理や復元処理を一括して行えるようにして欲しいです。新入社員の処理、異動者の処理、退職者の処理等、特に人事異動関連の簡易マニュアルが欲しいです。サポート対応は無償の場合E-mailのみですが、E-mailでは伝えにくいことも多く、電話対応も無償にして欲しいいです。クラウド利用料として月額１５万は若干高いように考えます。経理（会計）システムとシームレスな連携ができるようにして欲しいです。システムの不具合がありましたか？トラブルではありませんが、ワークフローでの承認処理がスマートフォンで行えないことが後から分かり、ワークフローの処理だけは社内に戻ってから行っている点です。,出張の多い管理職等は、従来、社内に戻って承認処理を行っていましたが、出張中や出張先でも承認処理が行えるため、移動時間や移動費用の軽減により効果が出ていると考えます。,１００万円ちょっと掛かりますが、導入設定代行サービスは非常に助かりました。
1039,2022/03/14,入力データの管理が簡単になりました。完全にペーパーレスにしたわけではありませんが、楽楽精算導入を期に業務フローも見直し、従来エクセルで行っていた精算手順をスリム化させることができました。,Suicaの取り込みがオプションのため、当社では導入を見送っています。元々交通費精算自体は少ないため費用対効果の面で見送らざるを得ない部分があり、さらに楽楽精算の導入直後に新型コロナウイルスが流行してしまい需要そのものがなくなってしまったので今のところは問題ありませんが、もう少しSuicaオプションが導入しやすい価格であればよかったと思います。システムの不具合がありましたか？特にありません。,決裁者が不在になることも多く、決裁に時間がかかっていたことがありますが、スマートフォンでの決裁ができるので業務効率は向上しました。また、業務フロー見直しのきっかけにもなり、無駄を省くことができています。,紙での申請を削減したいという方にはおススメできると思います。
1040,2022/03/14,今までのシステムでは台紙を印刷し、領収書を貼付して上長に回付して捺印をもらってましたが、それが不要になることと、在宅勤務でも申請と承認作業が出来ることになったのでこれからの働き方改革にマッチした製品と思います。,２段階の承認作業を行い、計上作業を別のものが行っているのですが、計上の段階で修正出来る項目が少なかったり差し戻しできない点は不便に思えました。システムの不具合がありましたか？自分たちの使い方の問題以外ではトラブルはありませんでした。,コロナ禍になり週１～２回の出社で、今までのシステムでは承認者のタイミングが合わないと最終処理まで時間がかかってましたが、在宅で承認作業が出来るようになったことで滞りなく進められてます。以前利用していた製品の解約理由電帳法対応の製品でないので。,これからの働き方改革での精算業務では必須の製品と考えます。
1041,2022/03/14,入力を自動化することで申請にかかる時間が減りました。経理側での確認処理も確認のための再計算が不要な分、業務効率がUPしました。,各種申請書類フォームを作成して承認フローの設定などが可能ですが、フォーマットのデザインにもう少し自由度が欲しい。システムの不具合がありましたか？当初はカードリーダーを使用して情報の取込みをしていましたがWindowsのUpdateの影響によりリーダーが使えなくなりました。携帯アプリで対応可能ですが不得手な人もいて移行に手間取ったケースもありました。,元は申請用紙に手書きで書いて申請していたものをシステム化したことでペーパーレス化できました。また、カード情報をそのまま登録できることにより、不正な申請ができなくなりました。「楽楽精算」導入の決め手Suicaなどカードから情報を取り込める,証憑オプションで改正電子帳簿保存法にも対応できます。
1042,2022/03/14,従来より紙媒体の経費精算を行っていたが、経理部門の管理と電子帳簿保存法への対応を行わなければならず、全社で楽楽精算を導入しました。導入前は統一されたルールの作成や、申請画面、社員マスタや勘定科目登録などの準備が大変でしたが、導入後はルールに沿って申請する、間違っていたらエラー画面が表示されるなど、経理部門の手を煩わすことなく経費精算が行われるようになりました。合わせて、電子帳簿保存法による領収書の電子管理も行え、特にスマホアプリからの領収書登録では画像がクラウドサーバーへ自動的にアップされるので、別作業での保存が必要なく、営業社員もストレスなく電帳法対応ができています。,申請ルールを作成し、NGフラグを立てる際に、ルール設定に専門言語を用いたルール作成を行わないといけないため、専門知識のない管理者だとサポートセンターに依頼を行わなければならず、タイムラグが生じてしまう。,どこにいても経費精算ができるため、各営業社員が楽楽精算サイトにアクセスし、自発的に行うようになった。申請された経費精算の確認作業と振込作業のデータ化と、会計ソフトへのデータ連携で経理部門の業務削減が月30時間ぐらい実現した。「楽楽精算」導入の決め手どこにいてもスマホを使用して経費精算ができる。また、領収書を写真に撮ることで電子帳簿保存法にも対応できている。,電帳法にも対応、ペーパーレスの経費精算を実現させたいなら楽楽精算の導入を！
1043,2022/03/14,これまでは、精算をyahoo等で調べて、請求し、旅費担当者がさらに合っているかどうかのチェック作業を行い、手間がかかっていましたが、その必要もなくなり、ミスなくできるようになりました。,領収証等の添付を付けたいとき、添付については、オプションで別料金がかかる仕組みになっている。基本料金は安いが、最低限必要な機能はオプションではなく、標準仕様にすんべきだと思います。,カスタマイズしやすく、自社のルールに合った運用をそのままシステムや帳票に反映させることができるため、社員にも使いやすいと感じてもらえている。,カスタマイズのしやすさが優れていると思います
1044,2022/03/14,あらかじめマスタやフローを固めていれば、経理での導入効果が十分に得られる。しかし、その前提となる利用者への説明などもしっかりしないと想定通りの利用をされないことがあるので、その点は社内でしっかりと行う必要がある。,申請者→承認者→経理というフローを組んだ場合、間違いを経理で指摘する際には、承認者が承認した伝票を「否認」か「無視」かしか出来ない点を改善頂きたい。つまり、経理でも申請者へ差し戻して修正することか出来るようになれば利用しやすさがあがると考える。現状１回目の申請を否認し、申請者に再度伝票を作成してもらっているので、否認伝票がどんどんたまり気持ちが悪い。また、領収書を添付する際に開くウインドウも小さいので見にくく、最近は申請者も利用しなくなってきた（弊社は電帳法未対応）。,ペーパーを無くす、という点では効果を発揮する。しかし、上記改善点でも述べたように、申請者→承認者でのザルチェックがなされた場合、楽楽精算での伝票を差し戻すことが不可な点、手数を要すると考える。,利用者のモラルやシステムに対する理解、社内教育を充実させることができればオススメします。
1045,2022/03/14,ほしいデータをいつでもインストールできること、乗換案内を引用できること、承認フローがシンプルでわかりやすいこと。,一度確定すると取り消せない点、一度申請した番号は破棄できず、空番号となってしまう点、IDを間違えて登録した場合も変更できなかった点。,導入前はエクセルシートで管理してたため煩雑であったが、確認作業がずいぶんと楽になった。特に乗換案内は毎回自分で確認していた。この口コミを詳しく見る,タをいつでもインストールできること、乗換案内を引用できること、承認フローがシンプルでわかりやすいこと。楽楽精算の改善してほしい点一度確定すると取り消せない点、一度申請した番号は破棄できず、空番号となってしまう点、IDを間違えて登録した場合も変更できなかった点。楽楽精算導入で得られた効果・メリット導入前はエクセルシートで管理してたため煩雑であったが、確認作業がずいぶんと楽になった。特に乗換案内は毎回自分で確認していた。
1046,2022/03/14,”プロジェクトごとの収支管理”が社内での目標だったため、その目標達成のために楽楽精算の機能がとても役に立ちました。,導入サポート期間中、担当者に連絡がつきづらいと感じる事が何度もありました。連絡が入れ違い、その場で解決できない事が大変でした。連絡が取りやすくなるとありがたいと思います。システムの不具合がありましたか？今のところ特にありません,エンタメ業のため、どうしても従業員の立替が多くなるにも関わらず経営上コーポレートカードのようなものが利用できないため、どこからでもスマホからでも申請ができる機能がとても役に立っている。「楽楽精算」導入の決め手機能が充実している以前利用していた製品の解約理由事業拡大に伴い扱いづらくなった,プロジェクトごとの収支管理がとてもしやすい
1047,2022/03/14,これまで領収書を保管し、エクセルなどに入力して、提出という流れでした。領収書の紛失や入力漏れや入力ミスなどで管理が大変でした。写真一枚で入力もほぼ不要になり、無駄な時間を使わずに業務がスムーズに進みます。,写真を読み込む時に、なかなか精度が悪く何度も撮り直すという手間があります。その精度を上げてもらえれば素晴らしいサービスです。,これまでの経費精算業務が効率化して、時短出来た事はかなりのメリットです。領収書の紛失や管理から解放されました。この口コミを詳しく見る,収書を保管し、エクセルなどに入力して、提出という流れでした。領収書の紛失や入力漏れや入力ミスなどで管理が大変でした。写真一枚で入力もほぼ不要になり、無駄な時間を使わずに業務がスムーズに進みます。楽楽精算の改善してほしい点写真を読み込む時に、なかなか精度が悪く何度も撮り直すという手間があります。その精度を上げてもらえれば素晴らしいサービスです。楽楽精算導入で得られた効果・メリットこれまでの経費精算業務が効率化して、時短出来た事はかなりのメリットです。領収書の紛失や管理から解放されました。
1048,2022/03/14,入力画面のユーザインターフェースがわかりやすく、入力作業に時間がかからない。交通費の入力の際は、駅を設定すると料金が自動表示されること。,あまりないが。GUIのデザインが少し古臭いので、新しくした方が若い人はとっつきやすくなるのではと思う。,ペーパーレスで処理を進められるので、余計な紙の使用や手書きの手間が減らすことができるできる点が大きい。この口コミを詳しく見る,ユーザインターフェースがわかりやすく、入力作業に時間がかからない。交通費の入力の際は、駅を設定すると料金が自動表示されること。楽楽精算の改善してほしい点あまりないが。GUIのデザインが少し古臭いので、新しくした方が若い人はとっつきやすくなるのではと思う。楽楽精算導入で得られた効果・メリットペーパーレスで処理を進められるので、余計な紙の使用や手書きの手間が減らすことができるできる点が大きい。
1049,2022/03/14,これまでExcelにて作成、メールにて提出と、非常にアナログな対応でしたがオンラインでできることで修正等もこの中で完結でき非常に簡素化されております。,社内処理として、領収書だけは実物の提出が必要となりますが、スキャン機能の精度を高めていただき、財経でもデータでの対応ができるような仕様となると助かります。,交通費申請などは、乗換えソフトと連携しているため別に検索せずともできるのは非常に便利です。通常の機能かもしれませんが、Excel処理にくらべると非常に簡素化されています。この口コミを詳しく見る,xcelにて作成、メールにて提出と、非常にアナログな対応でしたがオンラインでできることで修正等もこの中で完結でき非常に簡素化されております。楽楽精算の改善してほしい点社内処理として、領収書だけは実物の提出が必要となりますが、スキャン機能の精度を高めていただき、財経でもデータでの対応ができるような仕様となると助かります。楽楽精算導入で得られた効果・メリット交通費申請などは、乗換えソフトと連携しているため別に検索せずともできるのは非常に便利です。通常の機能かもしれませんが、Excel処理にくらべると非常に簡素化されています。
1050,2022/03/14,2022年1月より領収書の電子データ保存が義務付けされたことにより、本製品が導入されました。旅費関係の精算において公共機関の時刻表と紐づいているのが便利だと感じます。,スマホアプリ内からカメラで領収書を読み取る場合にピント合わせが難しく、不鮮明になるケースが多かったため、オフィス内のスキャナーを使わざるを得ない状況です。システムの不具合がありましたか？OCR機能による読み取った領収書からのテキストデータに間違いが発生するケースがあります。PCで訂正は可能です。,これまで精算書を紙で打ち出して、領収書を貼付して、それを送付してという無駄な作業が、PCだけで完結するようになったので、社内の精算スピードも上昇しました。以前利用していた製品の解約理由会社が旅費や経費精算を本製品に変更したため,紙ベースの精算がなくなり、事務処理人員が削減できるのではないかと思います。
1051,2022/03/14,これまでは在宅勤務可能な期間でも月末までに精算精算処理のためだけに出社しなければならなかったのですが、この製品導入後はそれが無くなり便利になりました。,ユーザー側としては基本的な機能は備わっているので改善してほしい点は特になりません。領収書データの添付機能がオプション（別料金？）なので、社内の問題ですがそれを付けていないのがちょっと残念。システムの不具合がありましたか？特にありません,在宅からでも移動中でも隙間時間を使って、経費の申請作業が出来るようになったので時間短縮になりました。この口コミを詳しく見る,在宅勤務可能な期間でも月末までに精算精算処理のためだけに出社しなければならなかったのですが、この製品導入後はそれが無くなり便利になりました。楽楽精算の改善してほしい点ユーザー側としては基本的な機能は備わっているので改善してほしい点は特になりません。領収書データの添付機能がオプション（別料金？）なので、社内の問題ですがそれを付けていないのがちょっと残念。システムの不具合がありましたか？特にありません楽楽精算導入で得られた効果・メリット在宅からでも移動中でも隙間時間を使って、経費の申請作業が出来るようになったので時間短縮になりました。
1052,2022/03/14,使いやすいメニューとオペレーションで楽に各種精算ができるようになりました。導入もスムーズに行えたようで問題無く使えています。,私は実際の導入者ではないので、設定がどうなっているのか分かりませんが、必要のないエントリ項目とか、職責に応じてカスタマイズできるようになっていれば良いと思います。,スマホでの対応も取れ、普段事務所に帰れないメンバーもタイムリーに精算できるのが良いと思います。また、領収証や交通費の精算で実際の紙を使わずデータで領収書が保管できるのも良いですね。この口コミを詳しく見る,メニューとオペレーションで楽に各種精算ができるようになりました。導入もスムーズに行えたようで問題無く使えています。楽楽精算の改善してほしい点私は実際の導入者ではないので、設定がどうなっているのか分かりませんが、必要のないエントリ項目とか、職責に応じてカスタマイズできるようになっていれば良いと思います。楽楽精算導入で得られた効果・メリットスマホでの対応も取れ、普段事務所に帰れないメンバーもタイムリーに精算できるのが良いと思います。また、領収証や交通費の精算で実際の紙を使わずデータで領収書が保管できるのも良いですね。
1053,2022/03/14,領収書なども会社携帯のカメラから撮影しデータを添付して報告できるので以前に比べて業務効率化することができた。,一括承認する場合、管内、管外の出張先がわかるようにして欲しい。申請メールを受信した際に誰がどこに出張なのか一目でわかるようにしてほしい。（メールを下部にスクロールしないとその情報がわからない為）,ペーパレスに貢献している。出張時に外部から申請承認できること。テレワーク時や会社に居なくても申請承認ができること。次年度から稟議書や支払い表も本システムを利用する為、今よりも利便性があがることに期待しているこの口コミを詳しく見る,も会社携帯のカメラから撮影しデータを添付して報告できるので以前に比べて業務効率化することができた。楽楽精算の改善してほしい点一括承認する場合、管内、管外の出張先がわかるようにして欲しい。申請メールを受信した際に誰がどこに出張なのか一目でわかるようにしてほしい。（メールを下部にスクロールしないとその情報がわからない為）楽楽精算導入で得られた効果・メリットペーパレスに貢献している。出張時に外部から申請承認できること。テレワーク時や会社に居なくても申請承認ができること。次年度から稟議書や支払い表も本システムを利用する為、今よりも利便性があがることに期待している
1054,2022/03/13,交通費は自ら管理せずとも、路線を入力すれば勝手に費用が算出される。その点がユーザーとしてはとても便利で助かる,改善要望は特にないが、強いて言うなら入力期限などが設けられている場合は通知機能などがあると助かるかも。,ユーザーからすると経費・交通費精算は非常にしやすい。申請のフローは利用企業によって異なるはずなのでそこの工数だけ手間か。この口コミを詳しく見る,ら管理せずとも、路線を入力すれば勝手に費用が算出される。その点がユーザーとしてはとても便利で助かる楽楽精算の改善してほしい点改善要望は特にないが、強いて言うなら入力期限などが設けられている場合は通知機能などがあると助かるかも。楽楽精算導入で得られた効果・メリットユーザーからすると経費・交通費精算は非常にしやすい。申請のフローは利用企業によって異なるはずなのでそこの工数だけ手間か。
1055,2022/03/13,導入前は現金を持ち出し現金を貸し借りする機会もありましたが、月1回に回数を減らすことで申告漏れを削減することができるようになりました。,UIが少しだけわかりづらい点です。まとめて精算をするのか、新規で交通費などの明細を入力するのかが「＋」でしか表示されないため、場所を分けるなどの工夫があると助かります。,交通費や経費申請が圧倒的に楽になります。また交通ICカードとの紐付けも可能なので、わざわざ申請しなくても勝手に申請をおこなうことも可能になります。,現金の貸し借りを無くし、交通費申請を圧倒的に楽にしたい場合はおすすめです。
1056,2022/03/12,月末の忙しい時に、焦りながらwebで申請、数十枚の領収書を紙に貼って期日に間に合うように郵送…車の駐車場代や走行距離のexcel入力して印刷し押印…とても面倒な作業が、電子証憑になって携帯アプリで写真撮ってチャチャッと申請できるようになり本当に楽です。,前回の入力値が自動で出てくるとか、よく記載する項目は選択肢として出てくると更に楽になると思います。写真撮影の際、写真の中の領収書の比率が小さくなる時があって、自動でトリミングしてもらえると見やすいです。システムの不具合がありましたか？ログインできない事がありましたが、単に携帯のトラブルだっただけでトラブルは今のところありません。,「月末の領収書処理の時間」がなくなって、日々の簡単な入力だけになりました。おかげで月末に焦る必要がなくなり本当に気持ちが楽です。私は経営者ではありませんが、紙や郵送費など目に見えて費用削減できてると思います。でも一番は自分(社員)のストレス軽減に一役買ってます。,面倒な作業がその名の通り楽々になります！
1057,2022/03/12,精算の作業が簡単かつシンプルで、使いやすい。社内独自のルールを織り交ぜながら、うまく利用できていると思う。,今のところ利用していて困ったことはない。レシートを写真で読み込める機能もあるとのことなので、社内でも使用してみようと思う。,社員一人ひとりに対する出金処理が速くなった。お金の数え間違いや、帳簿への入力ミスなどがかなり少なくなった。この口コミを詳しく見る,が簡単かつシンプルで、使いやすい。社内独自のルールを織り交ぜながら、うまく利用できていると思う。楽楽精算の改善してほしい点今のところ利用していて困ったことはない。レシートを写真で読み込める機能もあるとのことなので、社内でも使用してみようと思う。楽楽精算導入で得られた効果・メリット社員一人ひとりに対する出金処理が速くなった。お金の数え間違いや、帳簿への入力ミスなどがかなり少なくなった。
1058,2022/03/11,職場での経費精算に利用しています。前は紙に貼って、財務部が一つ一つ処理してましたが、今はネット上で申請、承認が可能になって良かったです。,内容の入力を間違えた際に、修正して印刷ができない点を改善してほしいです。印刷できないので、もう一度承認取り消ししてもらって、申請し直してます。システムの不具合がありましたか？とくにないです。,精算の効率化。申請して、わざわざ上司のところへ持って行って印鑑をもらうというめんどくさい手間が省けています。,スムーズに利用できます。
1059,2022/03/11,項目がわかりやすく、レシート内容を明確に記載できるので便利。承認フローも設定でき、決済までがスムーズに進む,保存されたデータがどこにあるのかわかりづらいので、ユーザーインターフェイスが改善されればより使いやすい。,今までは、立替金の精算を紙ベースで行なっていたが、データベースになり、紙の削減による、販管費削減につながってると思う。この口コミを詳しく見る,りやすく、レシート内容を明確に記載できるので便利。承認フローも設定でき、決済までがスムーズに進む楽楽精算の改善してほしい点保存されたデータがどこにあるのかわかりづらいので、ユーザーインターフェイスが改善されればより使いやすい。楽楽精算導入で得られた効果・メリット今までは、立替金の精算を紙ベースで行なっていたが、データベースになり、紙の削減による、販管費削減につながってると思う。
1060,2022/03/11,経費、交通費、出張精算、請求書、全て一元管理できるので、スムーズに精算が出来る点。ハンコ文化が無くなった。,自身の設定不良なのかも知れないが、インターネットエクスプローラーでは印刷が可能だが、エッジだと印刷が出来ない点。システムの不具合がありましたか？エッジで印刷が出来ない点。,リモートワークが中心の現在、わざわざ出社する事なく経費を精算する事が可能となった。後日領収書を送付する必要はあるが、新幹線移動中にも処理が出来るのは非常に便利。,導入費用が安かったと聞いています。使い勝手は良いです。
1061,2022/03/11,CMで抱いていたイメージ通り、精算作業が圧倒的に楽になりました。精算作業は紙ベースでしていたので、管理も楽々です。,サポート機能がイマイチに感じられた。たまたまかもしれないが、サポートを依頼した時に、対応が予定よりも少し遅れたが、サポート自体はしっかりとしていた。システムの不具合がありましたか？今のところは特にないです。,精算作業には膨大な時間を割いてしまっていたが、本製品により、作業時間が半分以下になり、余った時間を他の仕事に割くことができるようになりました。,とにかく、紙ベースでの精算作業は時代遅れ!
1062,2022/03/11,今まではレシートもらって書類に貼り付け本社に持って行く流れだったのですが、こちら機能を使えばスマホでパシャっと撮って送るだけなのでたいへん作業が捗ります！,十分すぎる機能なので大満足なので嫌な点がないですね。あげるとすれば、バスの乗換が少し難しくて分かりづらかったくらいです。,最初は使い方は戸惑うかもしれませんがこれに限ったことではないと思います。自分の上司も高齢で殷鑑押して毎度提出してまた事務所に戻るなど体力的な面で辛そうでしたが、こちらになり移動時間が休憩時間に回りとても満足していました。効率化でもあるし会社としてのモチベーションにも繋がるのではないでしょうか？この口コミを詳しく見る,シートもらって書類に貼り付け本社に持って行く流れだったのですが、こちら機能を使えばスマホでパシャっと撮って送るだけなのでたいへん作業が捗ります！楽楽精算の改善してほしい点十分すぎる機能なので大満足なので嫌な点がないですね。あげるとすれば、バスの乗換が少し難しくて分かりづらかったくらいです。楽楽精算導入で得られた効果・メリット最初は使い方は戸惑うかもしれませんがこれに限ったことではないと思います。自分の上司も高齢で殷鑑押して毎度提出してまた事務所に戻るなど体力的な面で辛そうでしたが、こちらになり移動時間が休憩時間に回りとても満足していました。効率化でもあるし会社としてのモチベーションにも繋がるのではないでしょうか？
1063,2022/03/11,以前は、領収書原本を白い紙に日付ごとに貼布して経理に送付していましたが、こちらのシステム導入後は会社支給の携帯電話にて領収書をスキャンするだけで、領収書原本をまとめて後日経理に送付すだけで済むので負担が減りました,未だ使い始めて数か月なので操作性に慣れていないこともありますが、使い始めの1か月は前のシステムの操作に慣れていたこともあり難儀しました。使い始め時のサポートは経理担当者に問い合わせていましたが、相当回答の負担は大きかったのではないでしょうか。使い始め時の貴社の組織的なサポートが必要と思いますシステムの不具合がありましたか？宿泊費は会社規定で決まっているので、領収書をそのままスキャンして取り込んだまま精算をすすめたため、トラブルとなりました。,リモートワークになり、月に4度程度の出社頻度のため、携帯で領収書を読み込むだけでデータ取込出来るのは領収書による精算業務の負担が減ったと感じています以前利用していた製品の解約理由経理ナビ,利用者の意見としてコメントします。システムの選定にあたっては、営業の説明をうのみにせず他のシステムとの比較は導入前に複数のシステムを実際に利用したうえで選定することが重要です。
1064,2022/03/11,電子帳簿保存法の改正に対応して紙の領収書や請求書などによる経費精算をなくしたいと考えている企業は選択肢になると思います。SaaSのため、どこからでも利用できるメリットはあります。導入前の営業のプレゼンが上手なので経理部門の古い人にとっては魅力的に映ると思います。以前は、社外で発行された領収書(紙)は、一旦社内に戻ってから領収書の内容をシステムに入力して経費の精算を行っていましたが、今はスマホで領収書やレシート(紙)をスキャン(カメラ)して楽楽精算にその場で登録できるため経費精算の手間が格段に減り、経理部門においても紙の領収書と入力内容の突合の手間がなくなり、支払いも迅速に行えるようになりました。,インターフェースや内部の仕様が一昔前のものなので最新の技術への対応は遅いです。このあたりは、改善のポイントだと思われます。ルールの設定のカスタマイズはできるのですが、追加できるルールが少ないため実際の運用前に規定のルールで足りるのかどうかを自社の運用ルールに照らして確認しておいたほうが良いと思います。,新型コロナの影響や電子帳簿保存法への対応として紙で受領する請求書や領収書の電子化は達成できました。経理部門の社員がそのために出社したり、紙の領収書を社内便で送付したりすることも不要になりましたので、経費の振り込みの迅速化にも有効でした。この口コミを詳しく見る,存法の改正に対応して紙の領収書や請求書などによる経費精算をなくしたいと考えている企業は選択肢になると思います。SaaSのため、どこからでも利用できるメリットはあります。導入前の営業のプレゼンが上手なので経理部門の古い人にとっては魅力的に映ると思います。以前は、社外で発行された領収書(紙)は、一旦社内に戻ってから領収書の内容をシステムに入力して経費の精算を行っていましたが、今はスマホで領収書やレシート(紙)をスキャン(カメラ)して楽楽精算にその場で登録できるため経費精算の手間が格段に減り、経理部門においても紙の領収書と入力内容の突合の手間がなくなり、支払いも迅速に行えるようになりました。楽楽精算の改善してほしい点インターフェースや内部の仕様が一昔前のものなので最新の技術への対応は遅いです。このあたりは、改善のポイントだと思われます。ルールの設定のカスタマイズはできるのですが、追加できるルールが少ないため実際の運用前に規定のルールで足りるのかどうかを自社の運用ルールに照らして確認しておいたほうが良いと思います。楽楽精算導入で得られた効果・メリット新型コロナの影響や電子帳簿保存法への対応として紙で受領する請求書や領収書の電子化は達成できました。経理部門の社員がそのために出社したり、紙の領収書を社内便で送付したりすることも不要になりましたので、経費の振り込みの迅速化にも有効でした。
1065,2022/03/10,ハンコ不要、印刷不要で承認者、上司と遠隔でも難なく進められる点。過去のデータを振り返って、画面上で閲覧できる点。,これと言って特段の不満はありません。強いて言うならば項目が多すぎるため、もう少し画面をスッキリさせて欲しい。システムの不具合がありましたか？ない,これまでは当月分の経費を月末にまとめて計算し、翌月の給与にて精算でした。楽楽精算を導入して以降は、経理部門の負荷が軽減したようで15日毎に精算となり期間が短縮されました。,No.1にはそれなりの理由がありますね。
1066,2022/03/10,わざわざ、会社に行かなくても手に持っているスマートフォンでいつどこでも交通費を管理できる。カメラ機能も付いているので、行き先での領収書も保存して管理できます。今まで会社に行って申請してた作業を考えると時間がかなり短縮されます。記録も残るので後々見返すこともできる。,導入するにあたって、少し費用がかかるのが難点ですが、多く社員のいる会社は導入費をもっと安くできてらいいと思います。システムの不具合がありましたか？今のところないです。,出先で精算管理できるのがとても便利ですね。単純に会社に行かなくても精算できるので、時間と会社に行く交通費がかなり少なくなり、その分違う有効な時間に使えました。,時間が有効に使えます。
1067,2022/03/10,以前は社内システムだった為、従業員が間違えて精算の申請をしてきた際は、いちいちここがこういう理由で違いますという説明を行った上で申請し直しをしてもらう必要がありましたが、導入してから、そもそも申請する際に間違いづらくなっている為以前より従業員も間違えにくくなったと感じています。,あまり色々いじっているわけではないのですが追加できる項目がもう少し多かったりすると便利だなと思います。,伝票作成を今まではエクセルにて行なっていたが、システム内で自動作成、あとはシステムへ取り込むだけなので非常に便利。この口コミを詳しく見る,システムだった為、従業員が間違えて精算の申請をしてきた際は、いちいちここがこういう理由で違いますという説明を行った上で申請し直しをしてもらう必要がありましたが、導入してから、そもそも申請する際に間違いづらくなっている為以前より従業員も間違えにくくなったと感じています。楽楽精算の改善してほしい点あまり色々いじっているわけではないのですが追加できる項目がもう少し多かったりすると便利だなと思います。楽楽精算導入で得られた効果・メリット伝票作成を今まではエクセルにて行なっていたが、システム内で自動作成、あとはシステムへ取り込むだけなので非常に便利。
1068,2022/03/10,精算処理が楽な所。今までは紙で領収書を残して置いてわざわざ会社に戻り提出しなければならなかったが、外からでも対応出来るようになった。,使える書類のフォーマットを増やして欲しい。対応できない書類がありそれは今まで通りの紙運用なので不便です。,申請で会社に行かなくてもよい。自宅で仕事ができる。会社としても事務所の管理費が縮小に繋がると思います。電子帳簿保存法にも対応できるみたいです。この口コミを詳しく見る,楽な所。今までは紙で領収書を残して置いてわざわざ会社に戻り提出しなければならなかったが、外からでも対応出来るようになった。楽楽精算の改善してほしい点使える書類のフォーマットを増やして欲しい。対応できない書類がありそれは今まで通りの紙運用なので不便です。楽楽精算導入で得られた効果・メリット申請で会社に行かなくてもよい。自宅で仕事ができる。会社としても事務所の管理費が縮小に繋がると思います。電子帳簿保存法にも対応できるみたいです。
1069,2022/03/10,ペーパーレスや電帳法の面ではgoodなのかも。また、自動的に精算されているのでいちいち日当等を調べなくてもいい点（ほかのソフトでも可能なのかも）,ペーパーレスとして導入をしたと思うのですが、紙で旅費精算を行った方が申請者の実施する時間は短く楽々精算では少々時間がかかりました。年配の方には不向きなのかな…とも感じています。色々な入力コマンドがあるからこそのデメリットが発生しているようにもおもえました。とにかく社内では混乱が多かったです。出張時の就労システムと連携していただければ非常に助かりますし時短になります。,過去の申請を閲覧できるのはとても助かってます。以前は紙で領収書を添付し総務に提出をしていましたが、本当に届いているのかの心配や途中で1枚だけ紛失してしまったらどうしようという点も不安要素としてありました。しかしながら領収書もきちんとソフト内に添付することができ、後で確認もできるのでその点も非常に助かっています。この口コミを詳しく見る,スや電帳法の面ではgoodなのかも。また、自動的に精算されているのでいちいち日当等を調べなくてもいい点（ほかのソフトでも可能なのかも）楽楽精算の改善してほしい点ペーパーレスとして導入をしたと思うのですが、紙で旅費精算を行った方が申請者の実施する時間は短く楽々精算では少々時間がかかりました。年配の方には不向きなのかな…とも感じています。色々な入力コマンドがあるからこそのデメリットが発生しているようにもおもえました。とにかく社内では混乱が多かったです。出張時の就労システムと連携していただければ非常に助かりますし時短になります。楽楽精算導入で得られた効果・メリット過去の申請を閲覧できるのはとても助かってます。以前は紙で領収書を添付し総務に提出をしていましたが、本当に届いているのかの心配や途中で1枚だけ紛失してしまったらどうしようという点も不安要素としてありました。しかしながら領収書もきちんとソフト内に添付することができ、後で確認もできるのでその点も非常に助かっています。
1070,2022/03/10,旅費精算・立替精算の機能はもちろん、簡易的な社内業務ワークフローの回付の機能も担うことができる。また、１時保存ができるのでまとめて申請したいなどにとても便利です。お気に入りによく使うルートの登録もできるので効率的です。,見た目が古い。全体的に画面のデザインや構成が分かりづらいと感じます。頻繁に交通費などの経費を精算する人は慣れますが、普段あまり使わない人だと直感的に分かりづらいUIなので使い方を迷うのではないかと思います。,以前は自分で電車経路を調べて計算して精算していたので月末にはかなり手間がかかっていましたが、こちらを導入してから簡単に素早く精算できるのでとても業務効率が上がり助かっています。この口コミを詳しく見る,立替精算の機能はもちろん、簡易的な社内業務ワークフローの回付の機能も担うことができる。また、１時保存ができるのでまとめて申請したいなどにとても便利です。お気に入りによく使うルートの登録もできるので効率的です。楽楽精算の改善してほしい点見た目が古い。全体的に画面のデザインや構成が分かりづらいと感じます。頻繁に交通費などの経費を精算する人は慣れますが、普段あまり使わない人だと直感的に分かりづらいUIなので使い方を迷うのではないかと思います。楽楽精算導入で得られた効果・メリット以前は自分で電車経路を調べて計算して精算していたので月末にはかなり手間がかかっていましたが、こちらを導入してから簡単に素早く精算できるのでとても業務効率が上がり助かっています。
1071,2022/03/09,領収書の画像を添付すると自動で金額や日付、取引先等が入力され、登録が簡単です。また、一時保存もできるので、保存して続きを後からやることもできます。,経費精算は簡単ですが、旅費精算がちょっと難しいです。手当等がつくので、そちらを入力しないといけないですが、申請の仕方が少し難しいです(会社によると思いますが…),携帯やパソコンからも申請できるので、隙間時間にささっと申請できるのがいいです。否認された時もデータ上で確認できるので簡単に再申請できるので、スムーズです。この口コミを詳しく見る,像を添付すると自動で金額や日付、取引先等が入力され、登録が簡単です。また、一時保存もできるので、保存して続きを後からやることもできます。楽楽精算の改善してほしい点経費精算は簡単ですが、旅費精算がちょっと難しいです。手当等がつくので、そちらを入力しないといけないですが、申請の仕方が少し難しいです(会社によると思いますが…)楽楽精算導入で得られた効果・メリット携帯やパソコンからも申請できるので、隙間時間にささっと申請できるのがいいです。否認された時もデータ上で確認できるので簡単に再申請できるので、スムーズです。
1072,2022/03/09,他社からの乗り換えで使いはじめました。機能はとても使いやすく、交通費精算はICカードと連携できたり、マイパターンを登録出来たりと便利です。UIもユーザーライクだと感じます。申請もしやすいです。,添付のファイルがPDFのみなので少し使いにくいです。写真なども、添付できるようになってほしいです。また、添付ファイルは１枚しか添付できないのでPDF2枚とかになってしまうと別ツールで結合してから添付しなければいけないのが少し使いづらいです。,PCだけでなくスマートフォンでも経費精算がしやすくなったので、何時でも何処でも申請できる点がとても便利に感じます。以前利用していた製品の解約理由ユーザー側のためわかりませんこの口コミを詳しく見る,乗り換えで使いはじめました。機能はとても使いやすく、交通費精算はICカードと連携できたり、マイパターンを登録出来たりと便利です。UIもユーザーライクだと感じます。申請もしやすいです。楽楽精算の改善してほしい点添付のファイルがPDFのみなので少し使いにくいです。写真なども、添付できるようになってほしいです。また、添付ファイルは１枚しか添付できないのでPDF2枚とかになってしまうと別ツールで結合してから添付しなければいけないのが少し使いづらいです。楽楽精算導入で得られた効果・メリットPCだけでなくスマートフォンでも経費精算がしやすくなったので、何時でも何処でも申請できる点がとても便利に感じます。以前利用していた製品の解約理由ユーザー側のためわかりません
1073,2022/03/09,領収書をPDFでストックできることは良い。領収書の日付とせいさんびがずれるとエラーが出るのは煩わしい,以前よりも楽になった気はするが、本当にすごく楽かというとそうでもない。機能の追加か軽量化など、ソフトの更新はないのでしょうか,過去の精算内容が、検索しやすくなった。同様の出張の場合、引用で入力できるので手間と間違いが減った事が良かったこの口コミを詳しく見る,DFでストックできることは良い。領収書の日付とせいさんびがずれるとエラーが出るのは煩わしい楽楽精算の改善してほしい点以前よりも楽になった気はするが、本当にすごく楽かというとそうでもない。機能の追加か軽量化など、ソフトの更新はないのでしょうか楽楽精算導入で得られた効果・メリット過去の精算内容が、検索しやすくなった。同様の出張の場合、引用で入力できるので手間と間違いが減った事が良かった
1074,2022/03/09,導入当初は面倒なシステムだと感じたが使ってみると交通費精算が楽になっていた。精算の各項目を際に各項目を記入して、上司に申請すると同時に紙が出力でき、領収書を添付して申請書を提出すれば作業は終わり。申請までの流れがスムーズになった。,Suicaの履歴を利用した交通費精算というのが機能としてあるようだが、所属部署では読込端末がなくて利用できない。読込端末もセットになっているといいと思った。システムの不具合がありましたか？トラブルは今の所ない。,以前は全て紙での処理だったので申請書がいまどのような状況なのか利用者からはわからなかったが、楽楽精算を導入してからは申請状況がわかるので助かる。,申請処理がスムーズになるのでおすすめ
1075,2022/03/09,画面設計が自由で、以前使っていた製品と近い画面にしたところ、社員の方も比較的抵抗なく移行してもらうことが出来ました。また電子帳簿保存法にもしっかりと対応しているので、今後は領収書を紙で提出する必要が無くなり、従業員の方もわざわざ出社してもらう必要がなくなりそうです。,経費精算は申し分ありませんが、支払依頼伝票については少し弱いのでもう少し改善していただけると助かります。現在は支払依頼伝票を使用するかどうか検討中です。,未承認伝票に対して督促メールを送れて、承認者はスマートフォンで承認が出来るので、経理の担当者が未承認の案件に対してわざわざ個別に対応する必要がなくなりました。「楽楽精算」導入の決め手価格が安く、画面設計が比較的自由に出来る以前利用していた製品の解約理由サポートが弱い、電子帳簿保存法対応がいまいちこの口コミを詳しく見る,自由で、以前使っていた製品と近い画面にしたところ、社員の方も比較的抵抗なく移行してもらうことが出来ました。また電子帳簿保存法にもしっかりと対応しているので、今後は領収書を紙で提出する必要が無くなり、従業員の方もわざわざ出社してもらう必要がなくなりそうです。楽楽精算の改善してほしい点経費精算は申し分ありませんが、支払依頼伝票については少し弱いのでもう少し改善していただけると助かります。現在は支払依頼伝票を使用するかどうか検討中です。楽楽精算導入で得られた効果・メリット未承認伝票に対して督促メールを送れて、承認者はスマートフォンで承認が出来るので、経理の担当者が未承認の案件に対してわざわざ個別に対応する必要がなくなりました。「楽楽精算」導入の決め手価格が安く、画面設計が比較的自由に出来る以前利用していた製品の解約理由サポートが弱い、電子帳簿保存法対応がいまいち
1076,2022/03/08,PCまたはスマホのアプリで申請・承認が行えるため、在宅勤務や外出が多い従業員にも使いやすい。仕様も各社に合わせてカスタマイズしやすく、経理部門での管理もそれほど難しくない。申請された内容が誰の承認待ちなのかが分かりやすく、催促機能もあるため決算時期の締め作業もやりやすい。,クレジットカード情報との連携ができるが消費税率が異なるときはやりにくいので、ユーザー目線で軽減税率が混在している場合などの設定がわかりやすいと嬉しい。請求書の支払もできるが、源泉徴収税の計算が簡易なものしかできないので、税額パターンを複数設けてほしい(司法書士などの場合)。,コロナ禍の影響で在宅勤務が増えたが、スマホの領収書撮影と申請で会社に出社しなくても申請ができるようになり、上司や経理部も同様に出社しなくても承認作業ができるようになってスムーズに経費精算が進むようになった。電子帳簿保存法の改正にも対応できており、導入して良かった。「楽楽精算」導入の決め手ユーザーにとって使いやすい仕様になっている。管理も自社で行える範囲。月額料金も安い。,低コストで社内の経費精算がシステム化できます。スマホがあればいつでも申請できるので非常に便利です。
1077,2022/03/08,申請のしやすさ、承認のしやすさ、内容もレシート見れば一目瞭然、こんなに綺麗に管理できるなんて！数年前までレシートを糊見やすいように綺麗に並べて糊付けしていたのがウソのようです！,複数店舗で利用させていただいています。間違えて違う店舗で申請してしまった時の修正手順が、もう少し簡単だと有難いです。,出納帳への記載がなくなったので、記載忘れもないし、間違った記載もあったので、確認・修正の手間も格段に減った。,人の仕事がなくなるほど便利です！
1078,2022/03/07,経費精算業務で使用する紙作業が減りました。並べ替えやファイリング作業の削減効果はあったと思います。,1回間違えただけでパスワードがロックされた可能性がありますというメッセージが出てしまう。対応策がない部分が不便です。,申請が電子化できるのでテレワークの運用に一定の効果があった。紙伝票の保管スペースに悩まされることが減った。この口コミを詳しく見る,務で使用する紙作業が減りました。並べ替えやファイリング作業の削減効果はあったと思います。楽楽精算の改善してほしい点1回間違えただけでパスワードがロックされた可能性がありますというメッセージが出てしまう。対応策がない部分が不便です。楽楽精算導入で得られた効果・メリット申請が電子化できるのでテレワークの運用に一定の効果があった。紙伝票の保管スペースに悩まされることが減った。
1079,2022/03/07,請求書や経費精算だけでなく、稟議申請やその他汎用申請も可能なこと。稟議申請やその他汎用申請にすると紙ベースの申請などを在宅やリモートで行えるよう変更できるようになる。,基本前回の申請分をコピーし使っているが、支払先などが変わった場合、システムの支払先を変更したとしてもコピーして使うと変更前の情報のままなことがある。,昨今、在宅勤務の割合が占めていることと、ペーパーレスが進んできているので出力や押印をせずに各種申請がスムーズに行えること。時間の短縮にもなる。この口コミを詳しく見る,費精算だけでなく、稟議申請やその他汎用申請も可能なこと。稟議申請やその他汎用申請にすると紙ベースの申請などを在宅やリモートで行えるよう変更できるようになる。楽楽精算の改善してほしい点基本前回の申請分をコピーし使っているが、支払先などが変わった場合、システムの支払先を変更したとしてもコピーして使うと変更前の情報のままなことがある。楽楽精算導入で得られた効果・メリット昨今、在宅勤務の割合が占めていることと、ペーパーレスが進んできているので出力や押印をせずに各種申請がスムーズに行えること。時間の短縮にもなる。
1080,2022/03/07,書類の提出がなくて済むのがとても便利です。携帯での操作で完結できるところも便利。領収書のアップロードだけしておけるのも便利。,特にありませんが、社内ルールなどを記載できる場所があれば、慣れないケースでも確認事項が減るなと感じました。システムの不具合がありましたか？ない,コロナ禍に合った提出フローで、接触なく出社もなしでも精算ができる。書類提出がないから確認作業もパソコン一つででき時短。この口コミを詳しく見る,がなくて済むのがとても便利です。携帯での操作で完結できるところも便利。領収書のアップロードだけしておけるのも便利。楽楽精算の改善してほしい点特にありませんが、社内ルールなどを記載できる場所があれば、慣れないケースでも確認事項が減るなと感じました。システムの不具合がありましたか？ない楽楽精算導入で得られた効果・メリットコロナ禍に合った提出フローで、接触なく出社もなしでも精算ができる。書類提出がないから確認作業もパソコン一つででき時短。
1081,2022/03/06,これまでは500名以上いる社員の経費精算を旧式のJavaのシステムへ手作業で入力し、別途原本管理も必要というスタイルでした。あまりにも効率が悪く現代的でない、また申請者の入力ミスも多く非常に面倒でした。今回こちらに切り替えたところ、データ集計が簡素化され、確認作業も以前より楽になり、比べ物にならないほど効率化されました。また申請者として利用しても、領収書をスマホで撮影するだけで「精算情報の入力」＋「原本変わりの証明」として管理することができ、また原本のレシート等をわざわざ提出す作業が必要なくなりました。経費精算でこれまで煩わしいと感じていた部分が、ほとんど改善されました。,本システム導入前、比較するため他社システムも多少いじりましたが、楽楽精算の画面が最もわかりにくく、直感的に操作しにくい、という印象でした。導入してしまえば割とすぐになれてしまい、他社員からは「楽になったが使いにくい」という意見があります。システムの不具合がありましたか？ウィンドウを全画面表示にしているときに左側の画面がウィンドウからはみだしており、なぜかスクロールしても表示されずに見切れたところのボタンがクリックできないことがありました(原因は把握していません)。,これまでの経費精算では「申請」＋「領収書の原本を提出」の2工程があったところ、今は申請のみになり申請作業が簡素化されました。また、管理側としては原本と申請内容を紐付けて処理する必要がなくなり、また申請内容に必要情報＋原本のデータ画像がついているため原本のデータ化が必要なくなった。以前利用していた製品の解約理由非常に古いシステムを使用しており他社員からの「不便」という声が多かったことをきっかけに、今回こちらに乗り換えました。,申請作業も簡素化されますが、特に経費管理担当部門の作業効率に向いていると思います。
1082,2022/03/06,電子帳簿保存法に対応しており、誰でも簡単に操作が可能。また連携する会計システムも豊富で設定もパターンを組めばシステム専門者でなくてもできる。,誰でも簡単に写真から請求書処理が可能であるが、写真がブレているものや見にくいものに対して自動的にエラー判定するようなシステムがあれば更に良い。システムの不具合がありましたか？今までの所、特になし。,場所を選ばず、必要な処理を必要な時に出来るようになった。操作も簡単で一度やれば誰でもできるため、月末に纏めてやっていた時間が減り生産性が向上した。「楽楽精算」導入の決め手いつでもどこでも処理が可能。会社ごとのシステムへの連携設定が容易でサポートもしっかりしている以前利用していた製品の解約理由スマホや特定のPCからしか処理が出来ず不便を感じていた,名前の通り楽に操作ができ、管理する側も管理しやすい。
1083,2022/03/06,主に経費精算で使用しております。雑費での精算から出張、接待会議費用など各種に分けて精算できるのがありがたいです。,企業によって精算方法がなど違いがあるかと思いますが、精算の方法を楽々精算内でレクチャーできるアプリケーションがあると助かります。,ペーパーレス化が主流となっている昨今で無駄のない経費精算が可能です。経費精算も簡略化されてますので、業務効率化にもつながります。この口コミを詳しく見る,算で使用しております。雑費での精算から出張、接待会議費用など各種に分けて精算できるのがありがたいです。楽楽精算の改善してほしい点企業によって精算方法がなど違いがあるかと思いますが、精算の方法を楽々精算内でレクチャーできるアプリケーションがあると助かります。楽楽精算導入で得られた効果・メリットペーパーレス化が主流となっている昨今で無駄のない経費精算が可能です。経費精算も簡略化されてますので、業務効率化にもつながります。
1084,2022/03/06,過去に申請したものも確認でき、内容が理解しやすく差し戻しが発生しにくいので誰でも使いやすいと思います。,入力する項目が狭く目が悪い方には少し見づらいと思います。文字の大きさなど変更できると使いやすいかと思います。,会社へ提出する書類を全て楽楽精算で管理できているため、本社や他の社員へ確認をする必要がなく1人の当たりの作業時間を短縮できた。この口コミを詳しく見る,したものも確認でき、内容が理解しやすく差し戻しが発生しにくいので誰でも使いやすいと思います。楽楽精算の改善してほしい点入力する項目が狭く目が悪い方には少し見づらいと思います。文字の大きさなど変更できると使いやすいかと思います。楽楽精算導入で得られた効果・メリット会社へ提出する書類を全て楽楽精算で管理できているため、本社や他の社員へ確認をする必要がなく1人の当たりの作業時間を短縮できた。
1085,2022/03/06,これまでは経理関連書類は必ず紙で印刷し取引先へ送付、が必要でしたがオンライン上でやり取りが出来るため不要に。紛失の心配もなくなりました。,システム上で請求書を探すことが難しい点が少し残念です。名称検索や取引金額で探せるようになるととても嬉しいです。,テレワークが増えた今、紙媒体でのやり取りのために出社することはとても非効率だと感じていますが、精算がオンラインで出来るようになったことによって出社の手間が不要になり時間効率をより高められたと思っております。この口コミを詳しく見る,経理関連書類は必ず紙で印刷し取引先へ送付、が必要でしたがオンライン上でやり取りが出来るため不要に。紛失の心配もなくなりました。楽楽精算の改善してほしい点システム上で請求書を探すことが難しい点が少し残念です。名称検索や取引金額で探せるようになるととても嬉しいです。楽楽精算導入で得られた効果・メリットテレワークが増えた今、紙媒体でのやり取りのために出社することはとても非効率だと感じていますが、精算がオンラインで出来るようになったことによって出社の手間が不要になり時間効率をより高められたと思っております。
1086,2022/03/06,ユーザー視点での使いやすさが一番のメリットだと思います。ただ交通費や経費の申請が簡単なだけでなく、組織変更などによる承認フローの再設定なども簡単にできるので便利です。,電子帳簿保存法に沿った運用をしていない企業が使う場合、紙の領収書を紙ベースで残しておく必要があり、完全な業務効率化にはなっていない印象があります。,交通費申請、経費申請の時間を減らすことができ、残りの時間で営業活動やメール対応などをすることができる。ユーザー画面も分かりやすく、ストレスも感じない。この口コミを詳しく見る,点での使いやすさが一番のメリットだと思います。ただ交通費や経費の申請が簡単なだけでなく、組織変更などによる承認フローの再設定なども簡単にできるので便利です。楽楽精算の改善してほしい点電子帳簿保存法に沿った運用をしていない企業が使う場合、紙の領収書を紙ベースで残しておく必要があり、完全な業務効率化にはなっていない印象があります。楽楽精算導入で得られた効果・メリット交通費申請、経費申請の時間を減らすことができ、残りの時間で営業活動やメール対応などをすることができる。ユーザー画面も分かりやすく、ストレスも感じない。
1087,2022/03/06,SuicaなどのICカードから交通履歴を読み取り、経路や金額を反映して交通費精算の入力ができます。また、領収書をスマホカメラで読み取り、日付や金額の自動入力が行えます。自分で費用を確認したり、手動で入力する手間が省けて便利になりました。,スマホカメラでの領収書の読み取りは、記載の多いレシートなどでは別の日付や金額を読み込んでしまうことがあります。その後に手動で訂正すれば問題ないのですが、この点が改善されるとよりスムーズです。,数字の入力ミスによる差し戻しがなくなったので、経理担当者とのやりとりも減り、精算にかかる時間が短縮されました。この口コミを詳しく見る,などのICカードから交通履歴を読み取り、経路や金額を反映して交通費精算の入力ができます。また、領収書をスマホカメラで読み取り、日付や金額の自動入力が行えます。自分で費用を確認したり、手動で入力する手間が省けて便利になりました。楽楽精算の改善してほしい点スマホカメラでの領収書の読み取りは、記載の多いレシートなどでは別の日付や金額を読み込んでしまうことがあります。その後に手動で訂正すれば問題ないのですが、この点が改善されるとよりスムーズです。楽楽精算導入で得られた効果・メリット数字の入力ミスによる差し戻しがなくなったので、経理担当者とのやりとりも減り、精算にかかる時間が短縮されました。
1088,2022/03/05,経費の申請→精算、このフローがあるので、上長が承認していることが確認できるので、この経費は？と確認することが少なく良いと思います。,「支払依頼」を申請した場合、社員の経費精算ではないので、最後の支払確定の画面で「支払依頼」が残ってしまっているので、支払確定する際に選択するのに時間がかかってしまうのが改善していただきたいです。,エクセルでデータを落とせて、そのデータを加工して会計ソフトに取り込みできるので、経費精算が楽になりました。,経費精算の効率化
1089,2022/03/05,郵送代行までやってくれるという点が素晴らしい。一気に社内の書類送付手続きが簡易化された。一方で、サービス自体に営業管理機能や経理機能は付帯されていないため、セールスフォースなど既存ツールとのAPI連携などの開発が必須。同シリーズの楽楽販売という製品があるが、crmとして一般的ではないので専用ベンダーの介入が必要。使いづらい。,郵送した書類が確実に届いたことがわかる追跡付きの送付手段を有償でよいのでオプション追加してほしい。稀に顧客側に求められるケースがある。,書類をダウンロードして顧客にメールする手間や、封入して郵送するなどの事務作業が削減され効率化された。「楽楽精算」導入の決め手郵送代行この口コミを詳しく見る,でやってくれるという点が素晴らしい。一気に社内の書類送付手続きが簡易化された。一方で、サービス自体に営業管理機能や経理機能は付帯されていないため、セールスフォースなど既存ツールとのAPI連携などの開発が必須。同シリーズの楽楽販売という製品があるが、crmとして一般的ではないので専用ベンダーの介入が必要。使いづらい。楽楽精算の改善してほしい点郵送した書類が確実に届いたことがわかる追跡付きの送付手段を有償でよいのでオプション追加してほしい。稀に顧客側に求められるケースがある。楽楽精算導入で得られた効果・メリット書類をダウンロードして顧客にメールする手間や、封入して郵送するなどの事務作業が削減され効率化された。「楽楽精算」導入の決め手郵送代行
1090,2022/03/04,入力画面もわかりやすく経費精算の申請がしやすい。条件がクリアになれば領収書を紙で保管しなくてもいいのが便利。,スキャンした領収書や入力内容から費用科目をサジェストしてくれる機能や、日付や金額を自動的に反映してくれる機能があると便利だと思います。,随時メールが送られるので申請者は申請がどうなっているかがわかりやすく、上司もメールのおかげでタイムリーに承認できるのが良いと言っていました。この口コミを詳しく見る,わかりやすく経費精算の申請がしやすい。条件がクリアになれば領収書を紙で保管しなくてもいいのが便利。楽楽精算の改善してほしい点スキャンした領収書や入力内容から費用科目をサジェストしてくれる機能や、日付や金額を自動的に反映してくれる機能があると便利だと思います。楽楽精算導入で得られた効果・メリット随時メールが送られるので申請者は申請がどうなっているかがわかりやすく、上司もメールのおかげでタイムリーに承認できるのが良いと言っていました。
1091,2022/03/04,経費申請をクラウド上で行うことができるsaas型のツールです。ユーザー側は、金額や勘定科目を入力して、申請ボタンを押すだけなので、忙しい時期でも淡々と処理することが可能です。,各社扱いが異なるかもしれませんが、申請内容を自動で読み取り、勘定科目を自動で設定されると革新的だなと思います。システムの不具合がありましたか？特になし,上記でも記載しましたが、ユーザーの入力ポイントがシンプルなので、経理部門に余計な問い合わせをする必要がありません。なので、ユーザー側、管理側の双方の処理がしやすくなり、確認作業がそこまで発生しません。本来、注視するべき業務に時間を割くことができます。,簡単でシンプル！
1092,2022/03/03,今まで精算に関しては手書きでまとめてから自社システムに入力という作業をしていましたが、携帯で領収書の文字を読み込んで自動入力ということができるようになったのでストレスが減りました。,同じような項目(精算コードなど)を精算毎に何回も入れ直す必要があり、そこに不便さを感じます。使用者側で一度入力した内容を次に引き継ぐか選択出来ると良いと思います。システムの不具合がありましたか？特にありませんでした。,外回りの仕事をしているため駐車場の精算をメインに使用していますが、精算が発生したタイミングですぐ申請を行うことが出来るため帰社後の作業を減らすことができました。,帰社後の労働時間の軽減
1093,2022/03/03,経費精算業務をスキマ時間で処理することができるようになりました。承認処理についてもどこまで回っているのかが一目でわかるので、安心できます。,領収書の添付の為に、状況によっては複数のPDFを一つ見まとめる作業があるのが難点です。宿泊費清算など、複数の施設に宿泊した場合、領収書が複数枚(複数ファイル)発生します。これを一つのPDFファイルにまとめるのは労力が必要になります。,圧倒的にペーパーレスになりました。わざわざ事務所に戻って印刷したり、記入したりといった煩雑な処理が簡素化できます。また領収書を精算時まで保管しなければならないといった手間も解消しました。この口コミを詳しく見る,務をスキマ時間で処理することができるようになりました。承認処理についてもどこまで回っているのかが一目でわかるので、安心できます。楽楽精算の改善してほしい点領収書の添付の為に、状況によっては複数のPDFを一つ見まとめる作業があるのが難点です。宿泊費清算など、複数の施設に宿泊した場合、領収書が複数枚(複数ファイル)発生します。これを一つのPDFファイルにまとめるのは労力が必要になります。楽楽精算導入で得られた効果・メリット圧倒的にペーパーレスになりました。わざわざ事務所に戻って印刷したり、記入したりといった煩雑な処理が簡素化できます。また領収書を精算時まで保管しなければならないといった手間も解消しました。
1094,2022/03/03,経費の事前申請から精算まで一連の流れがあるので、事前申請さえしておけば精算忘れが仮にあってもスルーしなくて済む。,経費と交通費がいちいち別のファイルになってしまうので、一つのところにまとめて記載できるようになったらいいと思います。,出張の時はいろいろ経費が掛かるので、精算漏れのないように気をつけていたが、そこまで意識しなくても精算漏れは今のところ個人では発生せずできている。この口コミを詳しく見る,申請から精算まで一連の流れがあるので、事前申請さえしておけば精算忘れが仮にあってもスルーしなくて済む。楽楽精算の改善してほしい点経費と交通費がいちいち別のファイルになってしまうので、一つのところにまとめて記載できるようになったらいいと思います。楽楽精算導入で得られた効果・メリット出張の時はいろいろ経費が掛かるので、精算漏れのないように気をつけていたが、そこまで意識しなくても精算漏れは今のところ個人では発生せずできている。
1095,2022/03/02,公共交通機関を利用した際に、出発地・行先を入力すると経路・金額が検索でき、自動入力できるのが便利です。,過去の申請からコピーして出張申請を作成する際、極力似ているものから選んで作成したいため、一覧表示に出張の期間、行き先などの概要が表示されていると嬉しいです。,出張や交通費の精算にかかる時間が減っただけでなく、便利になったことで心理的なコストが減り楽になった。この口コミを詳しく見る,関を利用した際に、出発地・行先を入力すると経路・金額が検索でき、自動入力できるのが便利です。楽楽精算の改善してほしい点過去の申請からコピーして出張申請を作成する際、極力似ているものから選んで作成したいため、一覧表示に出張の期間、行き先などの概要が表示されていると嬉しいです。楽楽精算導入で得られた効果・メリット出張や交通費の精算にかかる時間が減っただけでなく、便利になったことで心理的なコストが減り楽になった。
1096,2022/03/02,スマートフォンからも精算をすることができるため、リモートワークが多い現在でも円滑に従業員に振り込むことができています。,OCR入力をすることができるのですが、なかなかうまく読み取ることができず、結局手入力の方がはやかったということがありたす。システムの不具合がありましたか？特にありません。,今まで精算者がエクセルで旅費精算書をつくり、紙出しし、経理担当者が電卓で金額をチェックするという作業がなくなり大幅に業務改善が進みました。この口コミを詳しく見る,ォンからも精算をすることができるため、リモートワークが多い現在でも円滑に従業員に振り込むことができています。楽楽精算の改善してほしい点OCR入力をすることができるのですが、なかなかうまく読み取ることができず、結局手入力の方がはやかったということがありたす。システムの不具合がありましたか？特にありません。楽楽精算導入で得られた効果・メリット今まで精算者がエクセルで旅費精算書をつくり、紙出しし、経理担当者が電卓で金額をチェックするという作業がなくなり大幅に業務改善が進みました。
1097,2022/03/02,出張申請が簡単にできます。出張の移動区間を入力すると、その移動手段の候補を検索でき、その中から選択できるので、金額の計算・設定が楽です。,申請すると、承認者に設定した人へ順に流れていきますが、製品内で申請者はどこまで承認されているか把握できないのでその確認ができると嬉しいです。,出張申請・精算の他にもその他申請も設定して行うことができますが、以前申請した内容を検索して参照、引用することもできるので入力の手間を削減できます。,申請・精算を簡潔に行えます
1098,2022/03/02,以前使っていた精算のシステムよりも、検索が簡単で、入力もわかりやすく、一度やれば間違いなくできて、効率が良くなった。,パスワードを忘れた際に、その場で解決できないので、忘れた場合のリンクページがあると嬉しい。先日、パスワードを忘れてしまい、焦りました。システムの不具合がありましたか？パスワードを忘れた自分のミスくらいて、特にありません。,以前のシステムは領収書などの写真を別のフォルダに保存していたが、こちらはその場でカメラの起動ができたり、カメラロールから選ぶことができるので、ありがたい。この口コミを詳しく見る,いた精算のシステムよりも、検索が簡単で、入力もわかりやすく、一度やれば間違いなくできて、効率が良くなった。楽楽精算の改善してほしい点パスワードを忘れた際に、その場で解決できないので、忘れた場合のリンクページがあると嬉しい。先日、パスワードを忘れてしまい、焦りました。システムの不具合がありましたか？パスワードを忘れた自分のミスくらいて、特にありません。楽楽精算導入で得られた効果・メリット以前のシステムは領収書などの写真を別のフォルダに保存していたが、こちらはその場でカメラの起動ができたり、カメラロールから選ぶことができるので、ありがたい。
1099,2022/03/02,スマートフォンでもPCでもいつでも交通費や経費を会社へ申請できるので、いいと思います。また、定期登録や以前のものをコピーして作成できるので、手間が省ける。,乗換案内が自分が使っているアプリと同じように電車など調べられるとさらに分かりやすいと思った。(Yahoo乗換案内を使用中),領収書等の申請方法も分かりやすいので、利用が初めての人でも分かりやすいと思う。領収書の登録も簡単にできた。この口コミを詳しく見る,ォンでもPCでもいつでも交通費や経費を会社へ申請できるので、いいと思います。また、定期登録や以前のものをコピーして作成できるので、手間が省ける。楽楽精算の改善してほしい点乗換案内が自分が使っているアプリと同じように電車など調べられるとさらに分かりやすいと思った。(Yahoo乗換案内を使用中)楽楽精算導入で得られた効果・メリット領収書等の申請方法も分かりやすいので、利用が初めての人でも分かりやすいと思う。領収書の登録も簡単にできた。
1100,2022/03/02,営業活動費の精算として利用しているが、同一(又は似た)内容で作成する際に非常にやりやすい。以前作成したものをコピーでき、日付修正だけで完成できる点で非常に効率的だと感じる。,日付選択用のカレンダーのポップアップが小さく改善されるとより操作性が上がると思う。また、作成・登録済みの一覧が最新順にできると良い。システムの不具合がありましたか？特になし,以前は社内独自の精算システムを利用しており使用できない時間帯があったが、アップデートなどが業務時間(日中)に恐らく被っておらず、帰社が遅い日でも使用できストレスが減った。,管理者、利用者共に使い勝手が良いと感じる
1101,2022/03/02,携帯からでも申請が出来るので、いつでも思い出した時に申請を上げることができる。差し戻しがあった場合も簡単に修正し、再申請をあげることができ、承認が降りた場合もメールがくるのでわかりやすいです。,添付ファイルの容量と、ファイル数をもう少し増やして欲しいです。入力の範囲をもう少し広げてほしいです。システムの不具合がありましたか？たまにエラーでひらかないときがあった。,紙ベースでの申請が必要無くなったので、経費削減にもつながっているし、ほかの業務時間の有効活用もなっていると思う。この口コミを詳しく見る,も申請が出来るので、いつでも思い出した時に申請を上げることができる。差し戻しがあった場合も簡単に修正し、再申請をあげることができ、承認が降りた場合もメールがくるのでわかりやすいです。楽楽精算の改善してほしい点添付ファイルの容量と、ファイル数をもう少し増やして欲しいです。入力の範囲をもう少し広げてほしいです。システムの不具合がありましたか？たまにエラーでひらかないときがあった。楽楽精算導入で得られた効果・メリット紙ベースでの申請が必要無くなったので、経費削減にもつながっているし、ほかの業務時間の有効活用もなっていると思う。
1102,2022/03/02,請求書処理で使用していましたが、使い方は簡単でした。過去に入力した履歴が残るので都度入力する手間も省け、PC初心者の私にも簡単に使いこなすことができています！,使いやすく、特に改善して欲しいというところはないですが、強いて言うならば間違いがあって否認だったときどこが違うかが分かりやすいと更にいい。,紙ベースでの請求書処理だったのが、楽楽精算を取り入れたことでテレワークでも問題なく使用ができ承認までスムーズになった。この口コミを詳しく見る,で使用していましたが、使い方は簡単でした。過去に入力した履歴が残るので都度入力する手間も省け、PC初心者の私にも簡単に使いこなすことができています！楽楽精算の改善してほしい点使いやすく、特に改善して欲しいというところはないですが、強いて言うならば間違いがあって否認だったときどこが違うかが分かりやすいと更にいい。楽楽精算導入で得られた効果・メリット紙ベースでの請求書処理だったのが、楽楽精算を取り入れたことでテレワークでも問題なく使用ができ承認までスムーズになった。
1103,2022/03/02,レシートを写真で撮れば、全ての情報が読み込まれ、人間はそれを順番に並べる、もしくは用途別に仕分けるだけです。,強いて言うなら、レシートの読み込み能力の限界があり、どうしても間違えて認識してしまうことがある。その際は手作業にて修正が必要となり手間がかかる。,時間短縮は言うまでも無いが、領収書原本の提出が不要になるため、出社する必要がなくなったため業務がより効率となった。,経費精算が多い部署であれば必須です。
1104,2022/03/01,シンプルな入力画面のため、操作に悩むことがあまりありませんでした。承認を出すときのルートの設定もスムーズにできるのがよかった。,正直、初見でもそれなりに操作ができるので、改善を求めたいことはありません。色々設定をカスタマイズしたい人には難しいかもしれません。,紙でのやり取りが減り、大幅なペーパーレス化に成功した。承認の作業もスムーズに進み、かなり業務負担が軽くなった。この口コミを詳しく見る,入力画面のため、操作に悩むことがあまりありませんでした。承認を出すときのルートの設定もスムーズにできるのがよかった。楽楽精算の改善してほしい点正直、初見でもそれなりに操作ができるので、改善を求めたいことはありません。色々設定をカスタマイズしたい人には難しいかもしれません。楽楽精算導入で得られた効果・メリット紙でのやり取りが減り、大幅なペーパーレス化に成功した。承認の作業もスムーズに進み、かなり業務負担が軽くなった。
1105,2022/03/01,レシート及び領収書の写真を撮ると、日付、利用店舗名、金額が自動認識され登録に手間を取らない所が非常にいい点である,経費精算を行う際、早く承認→支払い確定を行ってほしい時に、早めの精算お願いしますと意思表示ができる項目があれば良いなと思います,手渡しで領収書及びレシートを渡しての経費精算でしたが、写真を撮り登録する事で、出張先での経費精算できる事が非常にメリットこの口コミを詳しく見る,び領収書の写真を撮ると、日付、利用店舗名、金額が自動認識され登録に手間を取らない所が非常にいい点である楽楽精算の改善してほしい点経費精算を行う際、早く承認→支払い確定を行ってほしい時に、早めの精算お願いしますと意思表示ができる項目があれば良いなと思います楽楽精算導入で得られた効果・メリット手渡しで領収書及びレシートを渡しての経費精算でしたが、写真を撮り登録する事で、出張先での経費精算できる事が非常にメリット
1106,2022/03/01,月々の料金が安いことです。使い始めやすかったです。その上で他者と比較し、こちらでの継続の決め手になっております！,特にありません。強いて言うなら、もう少し経理に詳しくない人でも分かるような何かがあれば嬉しいなと思います。システムの不具合がありましたか？なし。,経理の方が優しくなりました笑。レシートや領収書の管理は、やはり自分の中でピリつくと言いますか緊張する場面のため、それが無くなっただけでもストレスが減りました。,経理の方のために導入を
1107,2022/02/28,定期券の区間を事前に登録しておけるので実際にかかった交通費のみで自動的に計算して経費精算できるのがとても便利。上長の承認機能があり、領収証の画像データ提出が行える機能が備わっているので非常に魅力的。,UIが若干わかりにくい。交通費や日当など、システム上別々に登録しなければいけないので少し手間が増えるのかなというのは実際感じる。システムの不具合がありましたか？これといった不具合やトラブルは特に発生していないが出張申請など、部下からの申請があった際、承認と差戻のボタンがあるが、承認ボタンを押すと押した瞬間に承認されてしまうので注意が必要。,実際の交通区間を自動計算してくれることで、入力の手間が省け、計算ミスも低減され、使い勝手がとてもよくなった。,ペーパーレスで作業効率もとてもよくなり、社内外でも気づいた時にすぐ入力できて非常に便利。
1108,2022/02/28,去年度から会社で導入して使っています。精算の申請から承認までがスムーズで、面倒な作業が少し楽になりました。,私の会社での使い方が悪いのかもしれませんが、画面を変えたりするとたまに入力したデータが消えたりすることなどがありました。システムの不具合がありましたか？特にありません。,今まで事務担当者任せとなっていて精算の仕組みがよくわからなかったが、楽楽精算を使うことで自分で管理できるようになりました。この口コミを詳しく見る,会社で導入して使っています。精算の申請から承認までがスムーズで、面倒な作業が少し楽になりました。楽楽精算の改善してほしい点私の会社での使い方が悪いのかもしれませんが、画面を変えたりするとたまに入力したデータが消えたりすることなどがありました。システムの不具合がありましたか？特にありません。楽楽精算導入で得られた効果・メリット今まで事務担当者任せとなっていて精算の仕組みがよくわからなかったが、楽楽精算を使うことで自分で管理できるようになりました。
1109,2022/02/28,経費精算、支払い依頼が基本的に全て叶うツール。TOP画面で項目ごとに分かれているので一目でみてどれを選択すれば良いかわかる。,特にないが、強いて言えばTOP画面のアイコンがすこしださいかもしれません笑。ドット画のような感じで、CMの昭和とはおさらば、感はないかもしれないです。,毎月の支払い依頼や飲食経費などかなり助かっています。領収書も画像で添付でき、ファイル名等も変更不要で複数の経費精算も戸惑うことなく業務が完了します。,会社で経理部門が小さい会社にはおすすめします。
1110,2022/02/28,ワークフローがシンプルで使いやすく、PDFの請求書を添付できるため、紙に印刷することなく回覧・承認まで完結させることができます。,保護されているPDF請求書を登録しようとするとエラーが表示され登録ができませんが、そのエラー文言が分かりにくいため、エラー文言を修正し解決方法も記載してもらえると助かります。,弊社は取引先が海外の会社ということがあり、様々な通貨で請求書を受領することがあるのですが、楽楽精算では5種類もの通貨に対応している為、スムーズに精算管理ができます。この口コミを詳しく見る,ーがシンプルで使いやすく、PDFの請求書を添付できるため、紙に印刷することなく回覧・承認まで完結させることができます。楽楽精算の改善してほしい点保護されているPDF請求書を登録しようとするとエラーが表示され登録ができませんが、そのエラー文言が分かりにくいため、エラー文言を修正し解決方法も記載してもらえると助かります。楽楽精算導入で得られた効果・メリット弊社は取引先が海外の会社ということがあり、様々な通貨で請求書を受領することがあるのですが、楽楽精算では5種類もの通貨に対応している為、スムーズに精算管理ができます。
1111,2022/02/27,申請から承認までの確認フローを企業で設定できるため内部統制を強化することができます。経費精算をする際に、領収書等の申請書類をスマホなどを使ってスキャニングし経費申請できるので、場所を選ばすどこでも経費精算ができます。,申請書類をスキャニングする際に、書類情報（金額等の情報）がシステムに自動連携できず補正が必要な場合があるため、自動連携の精度があがればもっと使い勝手がよくなると思います。システムの不具合がありましたか？特にありません。,導入前は経費精算を紙の申請書で回付していましたので、承認者が出張の際は承認されるまで時間を要していましたが、導入後は電子申請での業務フローが確立でき申請から承認までの時間が短くなりスピーディーな経費精算を実現できました。この口コミを詳しく見る,認までの確認フローを企業で設定できるため内部統制を強化することができます。経費精算をする際に、領収書等の申請書類をスマホなどを使ってスキャニングし経費申請できるので、場所を選ばすどこでも経費精算ができます。楽楽精算の改善してほしい点申請書類をスキャニングする際に、書類情報（金額等の情報）がシステムに自動連携できず補正が必要な場合があるため、自動連携の精度があがればもっと使い勝手がよくなると思います。システムの不具合がありましたか？特にありません。楽楽精算導入で得られた効果・メリット導入前は経費精算を紙の申請書で回付していましたので、承認者が出張の際は承認されるまで時間を要していましたが、導入後は電子申請での業務フローが確立でき申請から承認までの時間が短くなりスピーディーな経費精算を実現できました。
1112,2022/02/27,領収科目の選択、金額、日付等を選んでいくだけで簡単に処理することができ、精算結果もメールで届くので利用者側でも確認がしやすい。,乗換案内画面で、のぞみ、ひかりやさくら等の種類違いでの金額の変化がわかりにくく、誤差が生じることがよくあったので、もう少し候補を幅広く出してくれたら、同じ車種内での時間帯の変更等がしやすいと思う。,紙の領収書の煩雑な処理がなくなったため、時間を有効に活用できている。テレワーク等でも簡単に上長へ申請が可能なため、顔を合わせなくてもスムーズに処理が進む。この口コミを詳しく見る,選択、金額、日付等を選んでいくだけで簡単に処理することができ、精算結果もメールで届くので利用者側でも確認がしやすい。楽楽精算の改善してほしい点乗換案内画面で、のぞみ、ひかりやさくら等の種類違いでの金額の変化がわかりにくく、誤差が生じることがよくあったので、もう少し候補を幅広く出してくれたら、同じ車種内での時間帯の変更等がしやすいと思う。楽楽精算導入で得られた効果・メリット紙の領収書の煩雑な処理がなくなったため、時間を有効に活用できている。テレワーク等でも簡単に上長へ申請が可能なため、顔を合わせなくてもスムーズに処理が進む。
1113,2022/02/27,レシート、領収書をアプリのカメラから撮れば一瞬で項目入力が出来るのは時間労力が削減できて助かっている。,アプリから写真を撮ると撮った画角と違う画像が承認者へ送られるらしく、少し不便。撮った画面の外側が映ってるらしいので見たままの画像にしてほしい。,自分、直属の上司、さらに上の上司と捺印を回さないといけなかった申請工程が省かれたので、時間労力を効率化できた。この口コミを詳しく見る,領収書をアプリのカメラから撮れば一瞬で項目入力が出来るのは時間労力が削減できて助かっている。楽楽精算の改善してほしい点アプリから写真を撮ると撮った画角と違う画像が承認者へ送られるらしく、少し不便。撮った画面の外側が映ってるらしいので見たままの画像にしてほしい。楽楽精算導入で得られた効果・メリット自分、直属の上司、さらに上の上司と捺印を回さないといけなかった申請工程が省かれたので、時間労力を効率化できた。
1114,2022/02/27,導入前は封筒に入ったお金を経理からもらっていたが、全て振り込みに変わり煩わしさが減った。操作も直感的でわかりやすい。,コピーと編集のボタンがわかりにくく、よく間違えるため改善してほしい。交通費の精算時に駅名を入れると自動で金額が入れば便利だと思う。システムの不具合がありましたか？特になし。,フォーマットが統一され、経理のチェックが楽になったと思う。提出する側も履歴が残るため、ダブりや漏れが減ったように思う。,煩わしいお金のやり取りがなくなります。
1115,2022/02/27,出発地と登録地を入力し、時間を設定すれば乗換案内が起動され、ルートや金額が入力されるため、大変便利です。,電車の乗り換えルートについて検索が出来ますが、実際のルートがなかなか出てこなくて結局手入力することがあるのが少し不便です。システムの不具合がありましたか？現段階では不具合やトラブルは起きていません。,交通費精算が、乗り換え登録と連動しており簡単にできるため、ペーパーレスに貢献することができました。乗り換え案内については、事前に登録を行えばほぼ手入力が必要無くなるため、申請者側の手間がかからないため、業務に支障をきたさなくてすみます。,乗換案内と連動しているため、交通費申請の際の出発地、到着地の記入間違いや金額誤りも防ぐことができ、承認者のチェックの手間も省くことができます。
1116,2022/02/27,今までは経費申請と精算を紙ベースで行っていましたが、このサービスを利用することで外出先からスマホで申請・精算が可能になりわざわざ会社で事務作業をすることがなくなりました。,他の有名なサービスでは標準化されているモバイルSuicaへ対応できていないため、自身のカードを使うか或いはわざわざ会社用に別に用意するかしないとならないので、是非モバイルSuicaにも対応して欲しいです。システムの不具合がありましたか？特にありません。,地方拠点の現金管理が不要になったのでコンプライアンスでのリスクや防犯の観点からも十分にメリットがでていると感じます。,導入に時間が掛かりますがサポートがついているので安心できます。
1117,2022/02/27,楽楽精算の機能がシンプルなので、会社の申請ルールを把握していれば操作自体は簡単にできます。携帯専用アプリから写真で領収書が添付できたり、電子帳簿保存法にも対応しているため機能的にも文句のつけどころがありません。,よく使う精算内容をお気に入り登録できるのですが、申請画面にあるお気に入りリストから編集や削除ができません。トップのユーザー情報でないとできないので、不便と感じることがあります。申請画面からも編集・削除できるとより利便性が上がると思いました。,私が入社当時から採用されているので導入前後比較は出来ないが、楽楽精算が電子帳簿保存法に適応する以前は領収書を用紙に貼り付け、それをPDF化して楽楽精算に添付していた。今は携帯で読み取った領収書をそのまま楽楽精算に添付できるようになったため、申請自体がより簡易的になった。機能が時代に合わせて都度アップデートされているところは評価できる。この口コミを詳しく見る,機能がシンプルなので、会社の申請ルールを把握していれば操作自体は簡単にできます。携帯専用アプリから写真で領収書が添付できたり、電子帳簿保存法にも対応しているため機能的にも文句のつけどころがありません。楽楽精算の改善してほしい点よく使う精算内容をお気に入り登録できるのですが、申請画面にあるお気に入りリストから編集や削除ができません。トップのユーザー情報でないとできないので、不便と感じることがあります。申請画面からも編集・削除できるとより利便性が上がると思いました。楽楽精算導入で得られた効果・メリット私が入社当時から採用されているので導入前後比較は出来ないが、楽楽精算が電子帳簿保存法に適応する以前は領収書を用紙に貼り付け、それをPDF化して楽楽精算に添付していた。今は携帯で読み取った領収書をそのまま楽楽精算に添付できるようになったため、申請自体がより簡易的になった。機能が時代に合わせて都度アップデートされているところは評価できる。
1118,2022/02/27,外回りの仕事で、有料の駐車場に停めたり、経費で材料を買ったりと、領収書の精算の時間がかかっていましたが、写真で領収書を読み取るので早くて良いです。,領収書やレシートの画像を読み取るのにスマホのカメラ機能の性能が悪かったり、また、領収書自体の文字が薄くて読み取れなかったり、文字化けする事が有ります。,月末に精算がたまっていて以前は時間がかかってましたが、基本的には、写メで読み取り、工数は削減できるようになりました。この口コミを詳しく見る,事で、有料の駐車場に停めたり、経費で材料を買ったりと、領収書の精算の時間がかかっていましたが、写真で領収書を読み取るので早くて良いです。楽楽精算の改善してほしい点領収書やレシートの画像を読み取るのにスマホのカメラ機能の性能が悪かったり、また、領収書自体の文字が薄くて読み取れなかったり、文字化けする事が有ります。楽楽精算導入で得られた効果・メリット月末に精算がたまっていて以前は時間がかかってましたが、基本的には、写メで読み取り、工数は削減できるようになりました。
1119,2022/02/27,立替精算申請から支払依頼まで簡単にできます。証憑データも添付できるため、支払申請が正確にされているかどうかもすぐに確認できます。会計ソフトへの連携もできるため、重宝しています。,過去の申請データの確認作業に少々煩わしさを感じます。伝票ナンバーを選択するとプレビュー表示されるようになると必要データを見つけやすくなるかと思います。,銀行への支払データをクリックのみで作成できるため、振込登録作業が簡単にできるようになりました。別オフィスの社員からの精算申請もされるため、紙を使用する必要がなくなりました。この口コミを詳しく見る,請から支払依頼まで簡単にできます。証憑データも添付できるため、支払申請が正確にされているかどうかもすぐに確認できます。会計ソフトへの連携もできるため、重宝しています。楽楽精算の改善してほしい点過去の申請データの確認作業に少々煩わしさを感じます。伝票ナンバーを選択するとプレビュー表示されるようになると必要データを見つけやすくなるかと思います。楽楽精算導入で得られた効果・メリット銀行への支払データをクリックのみで作成できるため、振込登録作業が簡単にできるようになりました。別オフィスの社員からの精算申請もされるため、紙を使用する必要がなくなりました。
1120,2022/02/27,とにかく、経費精算や出張精算などが楽に！領収書の登録や、必要事項の登録も楽で使いやすい。ストレスなし。,金額の修正を、読み取った額と相違があってもできるようにして欲しい。読み取り精度をもっともっとあげていってほしい。,ペーパーレス化と、経費を申請してから入金されるまでの時間が短縮された。また業務の効率も上がった。過去の精算も楽に閲覧可能なので管理しやすいこの口コミを詳しく見る,経費精算や出張精算などが楽に！領収書の登録や、必要事項の登録も楽で使いやすい。ストレスなし。楽楽精算の改善してほしい点金額の修正を、読み取った額と相違があってもできるようにして欲しい。読み取り精度をもっともっとあげていってほしい。楽楽精算導入で得られた効果・メリットペーパーレス化と、経費を申請してから入金されるまでの時間が短縮された。また業務の効率も上がった。過去の精算も楽に閲覧可能なので管理しやすい
1121,2022/02/26,交通費精算をメインに利用。ICカードから情報取り込んで、そのまま会社へ提出。とても簡単で手間がかからない。,交通費精算、スマホでのICカードからの情報読み込みが件数限られているところ。確か20件弱。超過分は情報消えてしまうので、こまめにICカードスキャンしなければいけないのが少々面倒。,事務作業が簡略化できることにより、本質的な仕事に注力できる。また正確な精算ができるので不正の防止もできる。この口コミを詳しく見る,をメインに利用。ICカードから情報取り込んで、そのまま会社へ提出。とても簡単で手間がかからない。楽楽精算の改善してほしい点交通費精算、スマホでのICカードからの情報読み込みが件数限られているところ。確か20件弱。超過分は情報消えてしまうので、こまめにICカードスキャンしなければいけないのが少々面倒。楽楽精算導入で得られた効果・メリット事務作業が簡略化できることにより、本質的な仕事に注力できる。また正確な精算ができるので不正の防止もできる。
1122,2022/02/26,ペーパーレス化されているので精算の手続きが劇的に早くなりました。また、入力もれなどはアプリが指摘してくれるので、ミスもなくなります。,精算のフローは、まず申請フォームに入力して承認をもらいます。次に精算フォームで承認をもらった申請内容を選択し精算します。申請内容の変更が必要になった場合、一旦承認された申請は取り下げできず、再申請になります。この際に不要となった申請が利用者側では削除ができず、ゴミとして溜まっていきます。ゴミが多くなってくると選択の時に、時間がかかったり、選択間違いが起こります。申請者で削除ができるか、不要フラグを立てれるなどの機能があるといいです。システムの不具合がありましたか？携帯アプリからログオフした場合、Googleに記憶させたアカウント情報で再ログインしようとしてもできません。手動で入力が必要です。おそらくログイン画面にIDとパスワードだけでなく、接続先のURLまで入力が必要になっていることが原因だと思います。,携帯にアプリをインストールしておくことで、いつでもどこでも精算の申請が可能になるため、以前は会社で溜まった領収書の処理にまとまった時間が必要でしたが、空き時間にこまめに精算ができるようになりました。,利用者だけでなく、精算チェックを行う側の負担も大きく減ります。
1123,2022/02/26,導入前は、経費で物品を購入したり、出張で交通費が発生した際に、わざわざ紙で申請していた。それが電子化されて作業が楽になった。,スマホアプリからだと操作性が悪く、できることが限られる。せめてパソコン版と同じ機能を持たせて欲しい。,経費申請のたびに書類を作成し、提出し、支社から本社に郵送し、経理が電子化する、という面倒がなくなり、手間とミスが減った。この口コミを詳しく見る,経費で物品を購入したり、出張で交通費が発生した際に、わざわざ紙で申請していた。それが電子化されて作業が楽になった。楽楽精算の改善してほしい点スマホアプリからだと操作性が悪く、できることが限られる。せめてパソコン版と同じ機能を持たせて欲しい。楽楽精算導入で得られた効果・メリット経費申請のたびに書類を作成し、提出し、支社から本社に郵送し、経理が電子化する、という面倒がなくなり、手間とミスが減った。
1124,2022/02/26,乗換案内と連携され、乗降駅を入力するとルートや乗車賃まで検索してくれます。加えて、定期区間内を差し引いた金額が出てくるため、その点考えなくて良いのもメリットです。また、一度登録した経路の申請は次回以降とても楽に精算することができます。,パソコン上の画面のレイアウトが、若干古く見づらい感じはありますが、その点以外申請する側として、困ったこともなく改善してほしい点はありません。システムの不具合がありましたか？現状、申請をあげる側として不具合等はありません。,導入前は、別のサイトにて精算経路を入力し運賃を検索してから、経費精算システムにて申請を行なっていました。その作業がなくなり、また一度使った経路の申請は2度目以降簡単にできるため、感覚として経費精算にかかる時間は半分になりました。,その名の通り楽に経費精算ができます！
1125,2022/02/26,今までは親会社が使用していたツールを使用していました。出張の際、入力項目が多く、入力に無駄な工数がかかっていました。今回導入した楽楽精算のツールでは必要最低限の入力項目で、入力が大変楽になりました。,必要最低限の入力項目にした分、逆に内容が薄い(足りない)部分があった。ユーザーに応じて、多少なりとも入力項目の数を増やしたりできないものか。システムの不具合がありましたか？出張申請の際、社有車での申請欄がなく、自家用車で距離を0kmにして申請し、日当手当のみ受給した。会社で使用するツールであれば、社有車でお客さんのもとに行くこともあるので、自家用車の項目を追加してほしい。,出張申請の入力工数の削減。(0.3h→0.1h)他の社員からも、出張後の申請の手間が大分削減されたと聞きます。前使用していたツールが細かすぎたのもある。以前利用していた製品の解約理由親会社使用システムから離脱したため,申請にかかる工数(入力の手間)を削減したい方におすすめ
1126,2022/02/25,交通費や経費の精算はもちろん、取引先からの請求書に対する振込申請も、スムーズに処理でき効率化に役立ってます。,基本的には電子帳簿保存法に対応した仕様ですが、取引先で請求書pdfに編集不可のパスワードが施されていると、ファイル読み込みできない場合があるので、なんとかしてほしい。システムの不具合がありましたか？なし,以前まで紙に印刷して、経理部門まで持参していたが、これに切り替えてから電子申請だけで済むため、非常に効率化された。この口コミを詳しく見る,費の精算はもちろん、取引先からの請求書に対する振込申請も、スムーズに処理でき効率化に役立ってます。楽楽精算の改善してほしい点基本的には電子帳簿保存法に対応した仕様ですが、取引先で請求書pdfに編集不可のパスワードが施されていると、ファイル読み込みできない場合があるので、なんとかしてほしい。システムの不具合がありましたか？なし楽楽精算導入で得られた効果・メリット以前まで紙に印刷して、経理部門まで持参していたが、これに切り替えてから電子申請だけで済むため、非常に効率化された。
1127,2022/02/25,現金精算のスピードが確実にあがります。特に交通費精算は乗換案内が繰り込まれているので、とても使いやすい。請求書もスキャンしてペーパーレス化できるのが良い。,請求書を事前に登録するところが、直感的でなく使いづらさを感じる人が多いと思う。登録途中でも請求書が添付出来ればもっと使いやすくなると思います。,モバイル対応なので、移動時間や出張途中の隙間時間でも精算ができるようになったのが、嬉しい。またペーパーレス化ができ、プリントアウトの手間やコストを削減出来たのもメリット。この口コミを詳しく見る,スピードが確実にあがります。特に交通費精算は乗換案内が繰り込まれているので、とても使いやすい。請求書もスキャンしてペーパーレス化できるのが良い。楽楽精算の改善してほしい点請求書を事前に登録するところが、直感的でなく使いづらさを感じる人が多いと思う。登録途中でも請求書が添付出来ればもっと使いやすくなると思います。楽楽精算導入で得られた効果・メリットモバイル対応なので、移動時間や出張途中の隙間時間でも精算ができるようになったのが、嬉しい。またペーパーレス化ができ、プリントアウトの手間やコストを削減出来たのもメリット。
1128,2022/02/25,交通費精算に利用しているが、日にち、交通手段、経路、費用などを全て調べて手書きだったのが、ICカードを読み込み、申請する分をチェックするたけでよくなった為、非常に楽になった。,ICカードのみの対応でAppleWatchは対応していない。AppleWatchを通勤用ICカードに使用していると、経費用のICカードは別に持たないといけないので面倒。,上述の通り、手書きの申請でなくなった為、手間が減ったことと、過去は証明の為に券売機で履歴を印字する必要があったが、件数が多くなると履歴が消えてしまい、経費請求できないなど問題があったが、楽楽精算ならICカードの情報をリーダーで読み取ってくれるため、そのような心配はなくなった。この口コミを詳しく見る,に利用しているが、日にち、交通手段、経路、費用などを全て調べて手書きだったのが、ICカードを読み込み、申請する分をチェックするたけでよくなった為、非常に楽になった。楽楽精算の改善してほしい点ICカードのみの対応でAppleWatchは対応していない。AppleWatchを通勤用ICカードに使用していると、経費用のICカードは別に持たないといけないので面倒。楽楽精算導入で得られた効果・メリット上述の通り、手書きの申請でなくなった為、手間が減ったことと、過去は証明の為に券売機で履歴を印字する必要があったが、件数が多くなると履歴が消えてしまい、経費請求できないなど問題があったが、楽楽精算ならICカードの情報をリーダーで読み取ってくれるため、そのような心配はなくなった。
1129,2022/02/25,いままで書面で行ってきた精算と受け取りに経理へ直接行っていた。PC入力し領収書送付で口座に振り込まれるので効率的。これがDXってこと。,スタッフが多いため操作を理解するまでに時間がかかった。弊社の問題と思われるが、もっと感覚的にわかりやすいスマホアプリのようにしてほしい。できればスマホでできるとなおいいのですが、認証問題があると思うのでそこまでは難しいかと思います。システムの不具合がありましたか？とくになかった,リゾートで使用しているので、ホテル・ゴルフ場・温泉などで勤務するスタッフは本部の経理へ行くのが大変。しかも早朝夜間や休日がメインの勤務となり本部のいる時間帯にいけないという悩みが解消された。,勤務時間にとらわれないことと、現金の受け渡しのトラブルが解消。
1130,2022/02/25,クレジットカードと紐づけができているので、カードの使用内容をすぐに反映できる。UI/UXもわかりやすいので使い始めてからすぐに慣れることができた。またスマホでも対応ができ、紙での領収書提出が不要になった。,スマホ版でレシートのスクショを反映する際に、なかなか意図通りに反映されず結局手入力というのがたまにある。,経理担当としては経費を一括で管理できること、クレジットと紐づけられるのでクレジット分は申請忘れがないか簡単に確認でき、申請漏れを防げること。現場担当としては経費精算に時間をかけずにすむこと。この口コミを詳しく見る,カードと紐づけができているので、カードの使用内容をすぐに反映できる。UI/UXもわかりやすいので使い始めてからすぐに慣れることができた。またスマホでも対応ができ、紙での領収書提出が不要になった。楽楽精算の改善してほしい点スマホ版でレシートのスクショを反映する際に、なかなか意図通りに反映されず結局手入力というのがたまにある。楽楽精算導入で得られた効果・メリット経理担当としては経費を一括で管理できること、クレジットと紐づけられるのでクレジット分は申請忘れがないか簡単に確認でき、申請漏れを防げること。現場担当としては経費精算に時間をかけずにすむこと。
1131,2022/02/25,良い点は今のところ見当たらないです。あえて言うなら、電車経路で自動的に交通費を計算してくれるところと、エクセルではないのでスマホで精算提出が可能なことろ。,領収書のファイル提出は1か月に1ファイルしかアップロードできないので、1ファイルにすべての領収書を納めなくてはならないため、非常に小さく読めない文字で提出するしか方法がない。精算ごとでファイルアップロードできるようにしてほしい。交通費のコピー入力ができないので、同じ路線の入力を日を変えて何十回、毎月やっているので疲れる。コピー入力できるようにしてほしい。翌月になると提出不可となってしまう。月末ギリギリまで交通費が分からないことが多々あるので非常に困る。翌月でも提出可能にしてほしい。,電車の交通費の申請誤りをチェックしなくても良いので、経理部の人の負荷が少しだけ削減できていると思う。この口コミを詳しく見る,のところ見当たらないです。あえて言うなら、電車経路で自動的に交通費を計算してくれるところと、エクセルではないのでスマホで精算提出が可能なことろ。楽楽精算の改善してほしい点領収書のファイル提出は1か月に1ファイルしかアップロードできないので、1ファイルにすべての領収書を納めなくてはならないため、非常に小さく読めない文字で提出するしか方法がない。精算ごとでファイルアップロードできるようにしてほしい。交通費のコピー入力ができないので、同じ路線の入力を日を変えて何十回、毎月やっているので疲れる。コピー入力できるようにしてほしい。翌月になると提出不可となってしまう。月末ギリギリまで交通費が分からないことが多々あるので非常に困る。翌月でも提出可能にしてほしい。楽楽精算導入で得られた効果・メリット電車の交通費の申請誤りをチェックしなくても良いので、経理部の人の負荷が少しだけ削減できていると思う。
1132,2022/02/25,出張依頼、経費精算を紙面で行っていたのですが、PC上での申請ができたので手間と時間の節約になりました。,私の会社では、支払いを証明するレシート、領収書については結局別途提出が求められています。スマホのカメラを使って、レシートや領収書も添付できればと思います。システムの不具合がありましたか？一度上司に出張許可ををもらうと、後日、出張内容が変更になった時、こちらで内容を編集できないことがありました。,今までは出張の許可をもらう為に、上司の手すきのタイミングを計っていた余計な時間がありましたが、このシステムでPC上から申請することで、上司からの認証をもらいさえすれば手続きが済むので、両者、非常に効率が良くストレスフリーになりました。また、データベース化されているので、過去の出張の履歴や支払いの履歴が確認できるので、確認として振り返ることができます。,紙面での申請をしているのであれば、データベース化と効率性の向上の為にお勧めです。
1133,2022/02/24,ICカードを読み込んでルートや交通費を自動入力。目的地を手動で入れれば、交通費の精算が終了。交通費精算の手間を大幅削減してくれる。,ICカードを複数枚使っているのだが、その場合の自動読取精算の方法が分からない。特急を使った場合は、それが自動反映されないのも難点。,今まで目的地やルート、そのルートにかかる電車賃を記憶したり検索したりした上で精算表に入力していたが、ICカードを読み取るだけで済むようになった。この口コミを詳しく見る,を読み込んでルートや交通費を自動入力。目的地を手動で入れれば、交通費の精算が終了。交通費精算の手間を大幅削減してくれる。楽楽精算の改善してほしい点ICカードを複数枚使っているのだが、その場合の自動読取精算の方法が分からない。特急を使った場合は、それが自動反映されないのも難点。楽楽精算導入で得られた効果・メリット今まで目的地やルート、そのルートにかかる電車賃を記憶したり検索したりした上で精算表に入力していたが、ICカードを読み取るだけで済むようになった。
1134,2022/02/24,利用者にとても分かりやすい入力画面のため、最初の説明会以外はほとんど操作説明せずにすんだのが助かった。承認ルートをしっかり設定できるのと管理側の通知も分かりやすかったのがよかった。,マイパターンは少し使いにくい、一日でまとまってくれるとありがたい。乗り換え案内で路線図および時刻表から情報を引っ張ってきてくれるのはよいが、もう一歩検索した時刻も引っ張ってくれるとありがたい。,経理申請にかかっていた時間が半分ほどになったところ。出張が多いので大変助かっている。今までは領収書を紙で提出して面倒だったが、いまなら出張先からも経費精算ができる。この口コミを詳しく見る,ても分かりやすい入力画面のため、最初の説明会以外はほとんど操作説明せずにすんだのが助かった。承認ルートをしっかり設定できるのと管理側の通知も分かりやすかったのがよかった。楽楽精算の改善してほしい点マイパターンは少し使いにくい、一日でまとまってくれるとありがたい。乗り換え案内で路線図および時刻表から情報を引っ張ってきてくれるのはよいが、もう一歩検索した時刻も引っ張ってくれるとありがたい。楽楽精算導入で得られた効果・メリット経理申請にかかっていた時間が半分ほどになったところ。出張が多いので大変助かっている。今までは領収書を紙で提出して面倒だったが、いまなら出張先からも経費精算ができる。
1135,2022/02/24,経費や交通費など項目ごとに分かれていて、選択することで時間をかけずに簡単に精算することができます。シンプルで操作も簡単です。,ペーパーレス化ができ、時間短縮になって非常に助かっています。ただ入力欄が小さくて見えにくいので、改善してほしいです。,以前はexcelで精算をしていましたが、交通費の精算だと駅名を入力すると経路を検索してくれるので、申請が大変楽になりました。この口コミを詳しく見る,費など項目ごとに分かれていて、選択することで時間をかけずに簡単に精算することができます。シンプルで操作も簡単です。楽楽精算の改善してほしい点ペーパーレス化ができ、時間短縮になって非常に助かっています。ただ入力欄が小さくて見えにくいので、改善してほしいです。楽楽精算導入で得られた効果・メリット以前はexcelで精算をしていましたが、交通費の精算だと駅名を入力すると経路を検索してくれるので、申請が大変楽になりました。
1136,2022/02/24,TOP画面は分かりやすくなっています。このボタンを押したら申請できそうだなというのがとても分かりやすいです。ただ、そこから先はマニュアルを見ながらじゃないと難しかったです。慣れれば簡易に出来るとは思います。,iPadから利用した時はとても使いやすく、シンプルでよかったです。タイムスタンプの意味がわからず…ネットで調べたらすぐ出てきましたが、専用用語？が表示される時はヘルプマークなどですぐに意味を確認出来るようになってると嬉しいなと思いました。システムの不具合がありましたか？特にありません,経理の方はかなり管理しやすくなるのではないかな？と感じました。レシートと書類番号をセットで管理出来る、データで管理出来る等メリットが多いように思います。この口コミを詳しく見る,は分かりやすくなっています。このボタンを押したら申請できそうだなというのがとても分かりやすいです。ただ、そこから先はマニュアルを見ながらじゃないと難しかったです。慣れれば簡易に出来るとは思います。楽楽精算の改善してほしい点iPadから利用した時はとても使いやすく、シンプルでよかったです。タイムスタンプの意味がわからず…ネットで調べたらすぐ出てきましたが、専用用語？が表示される時はヘルプマークなどですぐに意味を確認出来るようになってると嬉しいなと思いました。システムの不具合がありましたか？特にありません楽楽精算導入で得られた効果・メリット経理の方はかなり管理しやすくなるのではないかな？と感じました。レシートと書類番号をセットで管理出来る、データで管理出来る等メリットが多いように思います。
1137,2022/02/24,全てブラウザ上で精算が可能です。いまどきの脱ハンコにもなりますので、リモートワークも捗ります。電子帳簿保存法にも対応しているとの事です。,出張精算などの入力方法がめんどう。また、PDFなどの添付についてまとめて出来ないようで１枚１PDFなのがめんどうでした。電子帳簿保存法を意識して？の仕様のようですが。システムの不具合がありましたか？特にありませんでした。,紙を廃止してブラウザ上で精算が可能になり、いまどきの脱ハンコにもなりますので、総務（一般事務が）がリモートワークを行う事が可能になります。,一般事務のリモートワーク化に
1138,2022/02/24,昔ながらのシンプルさで読み込み速度が速い。帳票デザイン(項目)を自由にカスタマイズできる。ＩＣ読み取りアプリが良い。領収書の読み取り精度が高い。（学習機能がちゃんと動いている気がする）,帳票デザインの自由度は高いが必須表示項目（距離など）が消さない点。理由として、導入前はＥｘｃｅｌで行っていた為に、明細は１行で済ませたい為、明細一つ一つが見づらい。慣れるとは思いますが。ＩＣ読み取りアプリは便利だが、他社の機能でモバイルＳＵＩＣＡは、タッチせずにクラウド上にアップできる機能があった。是非改善して欲しい。システムの不具合がありましたか？特になし,申請者の手間が大幅に改善。承認者の手間は削減できないが、紙承認だと会社でしか承認できない為、それを改善できる。経理処理の手間、保存などの問題が大幅に改善。,電子帳簿保存法の改正を機に電子化するならばおすすめです。
1139,2022/02/24,経費を立て替える都度、携帯からも登録できるので申請忘れがなく便利です。承認状況が、確認できるのも良いです。,最近ECサイトから購入した領収書はデータとして添付しなくてはいけなくなったのですが慣れていない為、会社からメールで配信されたPDFをいったん開いて確認して行いました。新しく制度が導入された際は楽楽精算のページのわかりやすいところに、クリックするとマニュアルが一瞬ででるボタンのようなものがあればいいなと思いました。,社員の数が多いので、紙ベースのみの時と比較すると担当者の負担が激減しているはず。承認者も3段階あるので、経費の内容を厳正にチェックできる。この口コミを詳しく見る,替える都度、携帯からも登録できるので申請忘れがなく便利です。承認状況が、確認できるのも良いです。楽楽精算の改善してほしい点最近ECサイトから購入した領収書はデータとして添付しなくてはいけなくなったのですが慣れていない為、会社からメールで配信されたPDFをいったん開いて確認して行いました。新しく制度が導入された際は楽楽精算のページのわかりやすいところに、クリックするとマニュアルが一瞬ででるボタンのようなものがあればいいなと思いました。楽楽精算導入で得られた効果・メリット社員の数が多いので、紙ベースのみの時と比較すると担当者の負担が激減しているはず。承認者も3段階あるので、経費の内容を厳正にチェックできる。
1140,2022/02/24,交通費精算でいくと、icカードの対応も早かった。定期期間の登録もできたので使いやすかったです。選択肢で迷うことはなかった。,印刷が必要なのですが、それがあとから間違いないか確認するのが見にくい。横に長くし視線の動かし方がちょっと苦手。,今まで毎回調べて、駅名から金額も手入力していたものが自動で入ることは革新的に処理時間が早くなりました。この口コミを詳しく見る,でいくと、icカードの対応も早かった。定期期間の登録もできたので使いやすかったです。選択肢で迷うことはなかった。楽楽精算の改善してほしい点印刷が必要なのですが、それがあとから間違いないか確認するのが見にくい。横に長くし視線の動かし方がちょっと苦手。楽楽精算導入で得られた効果・メリット今まで毎回調べて、駅名から金額も手入力していたものが自動で入ることは革新的に処理時間が早くなりました。
1141,2022/02/23,申請から精算までWEB上で完結するため、紙ベース時代と比較して、上司や役員の承認するスピードが格段にスムーズになりました。あと出張時は、公共交通機関の検索機能が便利です。,新幹線などの指定席料金が常に加算される状態にあると思いますが、自由席(加算ナシ)の選択肢があると嬉しいです。システムの不具合がありましたか？特にありません。,パソコンのみならず、スマートフォンからも入力可能なため、出先の移動中にも簡単に入力できる点が良い。そのため、出張時も後日精算ではなく、当日精算が無理なく実行できています。,社内のペーパレス化が一気に加速します。
1142,2022/02/23,経費精算や交通費の精算がスマホ上で行うことができ、領収書を写真で撮っただけで内容を自動で入力してくれる点が良い。,種別のコードが沢山ありすぎてよく分からない場合がある。ソート分けや例などを記載して判別を楽にしてもらえると嬉しい。,日々の精算業務を簡易化することにより、労働時間の改善や申請の漏れが少なくなった点において、大変評価できる。この口コミを詳しく見る,交通費の精算がスマホ上で行うことができ、領収書を写真で撮っただけで内容を自動で入力してくれる点が良い。楽楽精算の改善してほしい点種別のコードが沢山ありすぎてよく分からない場合がある。ソート分けや例などを記載して判別を楽にしてもらえると嬉しい。楽楽精算導入で得られた効果・メリット日々の精算業務を簡易化することにより、労働時間の改善や申請の漏れが少なくなった点において、大変評価できる。
1143,2022/02/23,家賃補助手当の申請とその精算、それと交通費の申請とその精算に使用しています。まだ使用して1ヶ月ですが、これまで特に不満な点はないです。,使用している環境のネット回線が良くないのか、ごくまれに読み込めないときがあります。何度かリロードを続けるとできます。システムの不具合がありましたか？特にありません,直接管理する方に申請しに行くという煩わしさがなく、管理する側も同じように楽だと思います。精算作業の効率化ですね。この口コミを詳しく見る,当の申請とその精算、それと交通費の申請とその精算に使用しています。まだ使用して1ヶ月ですが、これまで特に不満な点はないです。楽楽精算の改善してほしい点使用している環境のネット回線が良くないのか、ごくまれに読み込めないときがあります。何度かリロードを続けるとできます。システムの不具合がありましたか？特にありません楽楽精算導入で得られた効果・メリット直接管理する方に申請しに行くという煩わしさがなく、管理する側も同じように楽だと思います。精算作業の効率化ですね。
1144,2022/02/23,毎月出張や購入の際は申請書を作成し、上長に印鑑をもらいその書類を経理に提出（領収とともに）というかなり手間がありましたが、ネットですべて完結できるという点でとても良い。また、経理の面では電子帳簿保存法が適用されているので数年後より困ることがないのが安心。,自動仕訳システムがありますが、すべての仕訳が入るわけではないので、その点は表記の仕方を変えた方がよい。最初のシステム登録（部門別に分けるなど）がかなり手間なので、そのあたりもすべて価格含めてもらえると大変助かる。システムの不具合がありましたか？特になし,営業の社員は出張が多く、申請漏れが多々目立っていたのだが、すべて一つのカードにまとめて申請になると申請漏れもなく助かる。この口コミを詳しく見る,購入の際は申請書を作成し、上長に印鑑をもらいその書類を経理に提出（領収とともに）というかなり手間がありましたが、ネットですべて完結できるという点でとても良い。また、経理の面では電子帳簿保存法が適用されているので数年後より困ることがないのが安心。楽楽精算の改善してほしい点自動仕訳システムがありますが、すべての仕訳が入るわけではないので、その点は表記の仕方を変えた方がよい。最初のシステム登録（部門別に分けるなど）がかなり手間なので、そのあたりもすべて価格含めてもらえると大変助かる。システムの不具合がありましたか？特になし楽楽精算導入で得られた効果・メリット営業の社員は出張が多く、申請漏れが多々目立っていたのだが、すべて一つのカードにまとめて申請になると申請漏れもなく助かる。
1145,2022/02/23,スマホとPCで同じアプリを使用できるので、オフィスでなくとも隙間時間に経費精算が可能です。交通系ICカードの読み込み機能もあるので、移動経費は特に便利です。領収書関係も写真撮影で適用出来るので、紛失するリスクヘッジにもなります。,レシートの撮影をしたデータの税率の登録を間違った際に、後から変更出来ない点が不便だと思いました。これによりデータ化した後に処分してしまった申請が通らず、再申請出来ないことがあったと言う声を周りでもよく聞きます。(8%と10%が混在する際等特に間違いが生じやすい為、後から変更出来るようにして頂きたいです。)システムの不具合がありましたか？私が使用している中では特にありません,申請から支払いまでにかかるタイムラグの軽減が一番大きいと思いす。外部への移動時間等の隙間でスマホから経費申請が出来るので、出張等の比較的大きな金額の申請も新幹線の移動中に申請を完結する事が可能です。また申請者が申請経路を把握出来る為、誰で止まっている申請かを調べた上でリマインドする事が出来る点は便利だと思います。,経費申請を行う社員にストレスを与えず、デジタルシフトしたいと思っている方におすすめです。
1146,2022/02/23,これまでは、エクセルの経費を入力しレシートを添付していたので、時間と管理にコストがかかっていた。楽楽精算導入後はどこでも精算業務ができるので非常に効率が良くなった。,特に使用上の問題点はない。計上項目内訳をもう少し細かく設定でき、自分でカスタマイズ出来ればありがたい。システムの不具合がありましたか？特になし,圧倒的に時間の効率化を実現。スマホで精算ができるので、どこでも申請できるし、直接上長に書類を提出する手間も省けるので非常に良い。,是非業務効率化に向けて導入を検討してみて下さい。
1147,2022/02/23,スマホアプリで領収書の撮影・取込み、電子申請が簡単に終わること。経理側もcsv出力などで管理が簡便になったことがあげられます。導入当初は「紙申請の方が楽だった」と文句を垂れていた従業員も、導入１～２ケ月程度で「楽楽精算の方がイイネ」という結果となり、今では皆に愛されています。,メンテナンス時間が少し多いのではと感じる点と、パソコンとスマホアプリの登録画面がかなり異なるため混乱する従業員はいるようです。,国内旅行の添乗に多く出る旅行会社で、従業員の添乗精算に用いております。１つの添乗で３～４０件の領収書が発生しますが、これまでは手書き（一部の人はエクセル）でリスト化しており、添乗後に多大な時間がかかっておりました。スマホの領収書取込機能を用いる事で添乗精算書の作成が添乗中に完結する事ができるようになり、経理に仮払金を戻す時間も総じて早くなったように思います。上長の承認もカメラで撮影された領収書をクラウド上で確認ができ、最終承認までの時間も早くなりました。「楽楽精算」導入の決め手1名あたりの料金が安く、領収書のカメラ読み取り精度が検討３社の間で一番良かった。この口コミを詳しく見る,リで領収書の撮影・取込み、電子申請が簡単に終わること。経理側もcsv出力などで管理が簡便になったことがあげられます。導入当初は「紙申請の方が楽だった」と文句を垂れていた従業員も、導入１～２ケ月程度で「楽楽精算の方がイイネ」という結果となり、今では皆に愛されています。楽楽精算の改善してほしい点メンテナンス時間が少し多いのではと感じる点と、パソコンとスマホアプリの登録画面がかなり異なるため混乱する従業員はいるようです。楽楽精算導入で得られた効果・メリット国内旅行の添乗に多く出る旅行会社で、従業員の添乗精算に用いております。１つの添乗で３～４０件の領収書が発生しますが、これまでは手書き（一部の人はエクセル）でリスト化しており、添乗後に多大な時間がかかっておりました。スマホの領収書取込機能を用いる事で添乗精算書の作成が添乗中に完結する事ができるようになり、経理に仮払金を戻す時間も総じて早くなったように思います。上長の承認もカメラで撮影された領収書をクラウド上で確認ができ、最終承認までの時間も早くなりました。「楽楽精算」導入の決め手1名あたりの料金が安く、領収書のカメラ読み取り精度が検討３社の間で一番良かった。
1148,2022/02/23,月次の請求書の処理で利用しているが過去のものをコピーして日付を変えるだけで利用できるので、請求書を作成する手間を削減できている,いつからか領収書/請求書を取り込んでから作成時に使用する請求書を選んで申請する形になった。これが少し手間。また、パスワード保護されたPDFが読み取れないので、なんとかしてほしい,予め登録された支払い先だと自動で支払い先の口座番号まで登録してくれるので、確認をしなくても良いところが便利この口コミを詳しく見る,書の処理で利用しているが過去のものをコピーして日付を変えるだけで利用できるので、請求書を作成する手間を削減できている楽楽精算の改善してほしい点いつからか領収書/請求書を取り込んでから作成時に使用する請求書を選んで申請する形になった。これが少し手間。また、パスワード保護されたPDFが読み取れないので、なんとかしてほしい楽楽精算導入で得られた効果・メリット予め登録された支払い先だと自動で支払い先の口座番号まで登録してくれるので、確認をしなくても良いところが便利
1149,2022/02/23,経費精算で使っています。以前のものよりも使いやすくなりました。経路から移動費用が計算できたりして便利。,経費の限界かもしれませんが仕分け区分などが難しかったりします。何に使ったかを選択すれば区分が紐づくようになるなど、経理的な知識がない人でも間違えないような仕組みになってほしい。帳票の出力、領収書の原本貼り付け提出が必要で、経費精算のために結局月に1回は出社しています。ホーム画面に精算、交通費精算、仮払い....と、たくさんボタンが並んでいて面食らう(そして経理的な用語に馴染みがない人は迷う)ので、会社ごとに滅多に使わない機能などは配置を変えても良さそう。ICカード連携、領収書の画像処理は難しくてよくわからない。別途のマニュアルでなく、サービス画面上にヘルプを出してほしい。,以前よりは使いやすくなったが、いちユーザーからすると劇的な変化ではないです。初めて経費に触れる人でも使いやすいようなものになるといいと思う。この口コミを詳しく見る,使っています。以前のものよりも使いやすくなりました。経路から移動費用が計算できたりして便利。楽楽精算の改善してほしい点経費の限界かもしれませんが仕分け区分などが難しかったりします。何に使ったかを選択すれば区分が紐づくようになるなど、経理的な知識がない人でも間違えないような仕組みになってほしい。帳票の出力、領収書の原本貼り付け提出が必要で、経費精算のために結局月に1回は出社しています。ホーム画面に精算、交通費精算、仮払い....と、たくさんボタンが並んでいて面食らう(そして経理的な用語に馴染みがない人は迷う)ので、会社ごとに滅多に使わない機能などは配置を変えても良さそう。ICカード連携、領収書の画像処理は難しくてよくわからない。別途のマニュアルでなく、サービス画面上にヘルプを出してほしい。楽楽精算導入で得られた効果・メリット以前よりは使いやすくなったが、いちユーザーからすると劇的な変化ではないです。初めて経費に触れる人でも使いやすいようなものになるといいと思う。
1150,2022/02/23,楽楽精算なんて、オーバーなネーミングだなと思っていたが、出張費の精算申請が特に楽になりました。交通費などの自動算出が特に便利です。,自分は導入側の人間ではないですが、システム側の人間からすると、対象者の登録、設定が面倒であるといっていました。新入社員が沢山入るこれからの時期は、大変そうです。また、まだまだパソコンが苦手な年配者には、グループ単位で勉強会が必要です。システムの不具合がありましたか？トラブルでは有りませんが、パソコン音痴な人に説明する、紙がいいと言う愚痴を聞く機会が増えたくらいです。,とにかく、在宅ワークが増えた昨今にはもってこいのツールだと思います。いちいち、上司に期限までに紙媒体で提出しなくてもいい。会社に行かないのに、申請だけの為に、無駄に足を運ぶ機会がなくなりました。,とにかく、承認までの流れがスムーズで、申請書を無くすリスクもなくなりました。
1151,2022/02/23,以前、会社で使用していた精算システムよりも入力内容が多くなっていたと感じます。経理の方にとっては、細かく管理できて良かったのではないでしょうか。,デザインは改善してほしいと思いました。入力画面の文字、入力欄が密集していて使いづらさを感じました。なぜエラーコードが出ているか分かりづらく経費精算にとても時間がかかるようになってしまいました。,出張の経費精算内容を細かく入力でき、費用の負担内容を把握しやすくなったのではないかと思います。一度の精算処理で社内負担の費用、依頼者負担の費用を分けて入力する仕様になっていました。以前より複雑にはなりましたが、経理の方にとっては導入メリットが大きいのではないでしょうか。この口コミを詳しく見る,で使用していた精算システムよりも入力内容が多くなっていたと感じます。経理の方にとっては、細かく管理できて良かったのではないでしょうか。楽楽精算の改善してほしい点デザインは改善してほしいと思いました。入力画面の文字、入力欄が密集していて使いづらさを感じました。なぜエラーコードが出ているか分かりづらく経費精算にとても時間がかかるようになってしまいました。楽楽精算導入で得られた効果・メリット出張の経費精算内容を細かく入力でき、費用の負担内容を把握しやすくなったのではないかと思います。一度の精算処理で社内負担の費用、依頼者負担の費用を分けて入力する仕様になっていました。以前より複雑にはなりましたが、経理の方にとっては導入メリットが大きいのではないでしょうか。
1152,2022/02/23,ユーザー目線だと本当に使いにくいが、経理の人が毎月の大量経費処理が楽になったそうなので良かったと思う。,経理の仕分けソフトとの兼ね合いもあるが字数制限が細かいので面倒。また、コピー機能が一応あるが、何故か金額が変えられない...内容が同じで金額だけ変えたいとしても結局使えない。,以前は手書きだったのでPCでの入力の方が楽だと感じる。また、データに残るので後で確認したい時に便利。この口コミを詳しく見る,線だと本当に使いにくいが、経理の人が毎月の大量経費処理が楽になったそうなので良かったと思う。楽楽精算の改善してほしい点経理の仕分けソフトとの兼ね合いもあるが字数制限が細かいので面倒。また、コピー機能が一応あるが、何故か金額が変えられない...内容が同じで金額だけ変えたいとしても結局使えない。楽楽精算導入で得られた効果・メリット以前は手書きだったのでPCでの入力の方が楽だと感じる。また、データに残るので後で確認したい時に便利。
1153,2022/02/22,出張費や備品購入、電車賃など費用がかかったものに対して、多彩な選択肢パターンがあるので選択して精算しやすい。,ただ楽楽精算をしていかないと請求を忘れてしまう場合があり、それを管理することができなかったりまたスマホからがしづらい。システムの不具合がありましたか？領収書なしの精算が領収書ありに変わっていたことなど。,精算のしやすさにより、明確に費用を請求することが可能になったことや、業務の合間に短時間で行えることが効率化につながった。,効率的に精算可能です
1154,2022/02/22,経費に関しては、色々なサービスを使っていますが、なんとか一元化できないか、とこれを使うようになりました。クラウド型で、シンプルな入力操作が社員間でも人気が高いです。,初期設定やパスワード入力の手間（毎回入れるなど）が少々面倒に感じます。実際に使っている事務担当の人には、少し効率が悪いように感じました。,やはり、紙だけで申請業務をしていましたが、そこからクラウドだけで業務がまとまるのが良い点です。意識の上でも大きく変わりました。この口コミを詳しく見る,ては、色々なサービスを使っていますが、なんとか一元化できないか、とこれを使うようになりました。クラウド型で、シンプルな入力操作が社員間でも人気が高いです。楽楽精算の改善してほしい点初期設定やパスワード入力の手間（毎回入れるなど）が少々面倒に感じます。実際に使っている事務担当の人には、少し効率が悪いように感じました。楽楽精算導入で得られた効果・メリットやはり、紙だけで申請業務をしていましたが、そこからクラウドだけで業務がまとまるのが良い点です。意識の上でも大きく変わりました。
1155,2022/02/22,従来、紙で経費精算をし、経理部に提出し、指定口座に振り込まれていたので、日数がかかった。アプリで処理ができるので、外出先や家でも申請を出せるようになった。また、営業活動時、都度経費精算ができることで、精算漏れ等が減った。,申請時、備考欄に入力できる文字数を増やしてほしい。過去の精算を複写して、新規登録できる機能が欲しい。システムの不具合がありましたか？とくにない,精算漏れが減った上、処理スピードが速くなった。会社に行かずとも、紙を使わずとも精算できるようになり、とても効率化した。,経費処理を紙で行なっているのであれば、その業務は大幅に削減できます。（申請者も承認者も）
1156,2022/02/22,アプリを入れれば、いつでもどこでも経費精算の申請や部下からの申請に対する承認ができます。領収書もスマホのカメラで撮影して添付できるので、手軽に申請できます。通勤ルートが登録されているため、交通費を請求する際には、定期券の範囲を自動で引いてくれるので便利です。,交通費を請求する際に、乗換案内から駅やルートを選ぶ際、都内のように、目的地までのルートがいくつもあると、自分が使ったルートが検索で出てこないことがある。システムの不具合がありましたか？今のところ特にありません。,これまで手書きの出金伝票を書いて上司の判子をもらわないと精算されなかったものが、このシステムを使えば出社しなくても申請も承認もできるので、大きな金額を立替えていても、すぐに精算できるようになりました。この口コミを詳しく見る,れれば、いつでもどこでも経費精算の申請や部下からの申請に対する承認ができます。領収書もスマホのカメラで撮影して添付できるので、手軽に申請できます。通勤ルートが登録されているため、交通費を請求する際には、定期券の範囲を自動で引いてくれるので便利です。楽楽精算の改善してほしい点交通費を請求する際に、乗換案内から駅やルートを選ぶ際、都内のように、目的地までのルートがいくつもあると、自分が使ったルートが検索で出てこないことがある。システムの不具合がありましたか？今のところ特にありません。楽楽精算導入で得られた効果・メリットこれまで手書きの出金伝票を書いて上司の判子をもらわないと精算されなかったものが、このシステムを使えば出社しなくても申請も承認もできるので、大きな金額を立替えていても、すぐに精算できるようになりました。
1157,2022/02/22,今まで交通費や、必要経費の申請が紙ベースでの申請でした。上長の押印フローなどもツール経由で行えるため毎月の1時間程度ですが時短に繋がりました。,全体的にUIが見づらいかなと感じています。メニューの選択やアイコンのサイズなどの見直しをしていただけるとありがたいです。システムの不具合がありましたか？今のところありません。,紙での申請がなくなったため、経理の担当の方に書類を届ける手間を省けるようになったのと特にありがたかったのが時間を気にせず申請できるというメリットを強く感じられました。また、経費精算以外でも請求書の処理としても活用できますのでこちらもペーパーレス化できたことが大きいです。,特に経理の方におすすめしたいです。紙でデスクが埋もれた状態から解放されると思います。また、過去の請求書の確認にも使用できますのでお勧めです。
1158,2022/02/22,カスタマイズをする場合は自由度が高いので良いと思います。レイアウトなども細かく設定できることもポイントだと思います。,おおもとの項目名を編集している場合や、フリー1などの項目名称について、どれがどの項目なのかわからなくなる時があるので、そこがわかるようになったら、設定作業や編集が楽になると思います。システムに慣れていない初期段階に一番苦労するかもしれないので、検討いただきたいです。システムの不具合がありましたか？特になし,利用者はExcel入力からWEBになり、移動中でも記入できるようになりました。管理側は電車代の記入があっているのかを検索する手間が減り、まだ設定中ですが仕訳取り込みも行うので起票する工数が減る見込みです。,会社独自のルールなどを活かす場合は楽楽精算が合うと思います。
1159,2022/02/22,定期券の区間を登録することができ、電車移動の際に負担した実費が算出されるのは便利です。ペーパーレス化が図れることから、事務改善に役立っています。,ユーザーインターフェイスが好みではないです。ボタンのレイアウトを見直し、サイズを大きくしてもらえるとさらに使いやすくなると思います。,紙での作業がなくなり社内がすっきりしました。誰でも分かりやすく使いやすいシステムなので社内でスムーズに運用しています。この口コミを詳しく見る,間を登録することができ、電車移動の際に負担した実費が算出されるのは便利です。ペーパーレス化が図れることから、事務改善に役立っています。楽楽精算の改善してほしい点ユーザーインターフェイスが好みではないです。ボタンのレイアウトを見直し、サイズを大きくしてもらえるとさらに使いやすくなると思います。楽楽精算導入で得られた効果・メリット紙での作業がなくなり社内がすっきりしました。誰でも分かりやすく使いやすいシステムなので社内でスムーズに運用しています。
1160,2022/02/22,経費精算や支払い業務がワークフロー化し、押印が要らなくなるため、テレワーク時でも申請できる点が便利に感じる点です。,押印が要らなくなるのは良い点ですが、請求書や領収書を紙で保管するのは変わらないので、ソフト内に請求書（電子提供のもの）の電子保管できるような機能があれば完全テレワークにも対応できいいと思います。システムの不具合がありましたか？特になし,申請した時点で支払い時期が判明するため、支払いスケジュールを先方に明確に伝えられるようになった点がメリット。この口コミを詳しく見る,支払い業務がワークフロー化し、押印が要らなくなるため、テレワーク時でも申請できる点が便利に感じる点です。楽楽精算の改善してほしい点押印が要らなくなるのは良い点ですが、請求書や領収書を紙で保管するのは変わらないので、ソフト内に請求書（電子提供のもの）の電子保管できるような機能があれば完全テレワークにも対応できいいと思います。システムの不具合がありましたか？特になし楽楽精算導入で得られた効果・メリット申請した時点で支払い時期が判明するため、支払いスケジュールを先方に明確に伝えられるようになった点がメリット。
1161,2022/02/22,車のガソリン代や高速代、その他必要経費の精算が簡単に出来ます。やり方もカンタンで誰でもすぐ覚えられます。,毎回毎回ログインを求められるのが少し手間ですがセキュリティ上しょうがないことかなと思います。1度エラーになったりブラウザの戻るを押してしまうと入力していたものがすべて消えてしまうので続きから入力できるように自動保存機能があればいいとおもいます,めんどうな経費精算がパソコン上で簡単に出来るので時間が無くてもすぐ出来る。承認もパソコン上で出来るからどこでも承認が下ろせていいこの口コミを詳しく見る,ン代や高速代、その他必要経費の精算が簡単に出来ます。やり方もカンタンで誰でもすぐ覚えられます。楽楽精算の改善してほしい点毎回毎回ログインを求められるのが少し手間ですがセキュリティ上しょうがないことかなと思います。1度エラーになったりブラウザの戻るを押してしまうと入力していたものがすべて消えてしまうので続きから入力できるように自動保存機能があればいいとおもいます楽楽精算導入で得られた効果・メリットめんどうな経費精算がパソコン上で簡単に出来るので時間が無くてもすぐ出来る。承認もパソコン上で出来るからどこでも承認が下ろせていい
1162,2022/02/22,乗り換え案内ごとに金額が出るのはよい。経理部まで承認を流してくれるのも便利。証票のチェック項目や、立て替えてるか否かのチェックもありがたい。,消費税の計算がややこしいときがある。自由記入の項目もタブでもう少し選択できるようにして記入が楽になると助かる。会社によってはレシートスキャンで対応できるところもあるようなのでそれくらい楽になると嬉しい。一旦記入確定したものの順番の入れ替えができると助かる。,電車移動の交通費については証票がなくとも申請ができるようになったので手間が減った。またルートも数種類出てくるので会社にもなぜそのルートを選んだのかなど説明しやすいこの口コミを詳しく見る,内ごとに金額が出るのはよい。経理部まで承認を流してくれるのも便利。証票のチェック項目や、立て替えてるか否かのチェックもありがたい。楽楽精算の改善してほしい点消費税の計算がややこしいときがある。自由記入の項目もタブでもう少し選択できるようにして記入が楽になると助かる。会社によってはレシートスキャンで対応できるところもあるようなのでそれくらい楽になると嬉しい。一旦記入確定したものの順番の入れ替えができると助かる。楽楽精算導入で得られた効果・メリット電車移動の交通費については証票がなくとも申請ができるようになったので手間が減った。またルートも数種類出てくるので会社にもなぜそのルートを選んだのかなど説明しやすい
1163,2022/02/21,仕事での駐車場料金の精算や出張費の申請・精算、健康診断の費用精算まで様々な申請・精算がこのアプリ1つで完結できるところが良いと思います。,領収書を読み取る際にたまに文字化けをして読み取られ精算が上手く出来ないことがあるのでどうにかならないでしょうか？システムの不具合がありましたか？領収書の読み取りがまれに文字化けをしてうまく読み取られない。,領収書が読み取れることによって、紙を保管・本社へ郵送することが不要になったため。郵送代がかからない、保管場所が空くといったようなメリットあり経費削減・事務所の空きスペースを有効活用できるようになったなどがあげられます。,経理担当の負担がすごく減ると思います。
1164,2022/02/21,以前から会社の経費精算システムとして利用しています。電子帳簿保存法の改正に伴い、請求書等の保存が必須になりましたが、PDFのアップロードのみで済むので比較的手間が少なく済んでよかったです。,上記の請求書や領収書の保存が、トップページでしか出来ず、以前のように伝票明細でアップロードできなくなったので、そこは改善してほしい。出張の精算などで領収書の枚数が多い場合、一度全てアップロードしてから、明細毎に選択して添付しないといけないので、手間なのと、分かりにくくなる。,以前はデータで申請した後に、経理に原本を提出しないといけませんでしたが、データのみで良くなったので少し楽になりました。ただ、主に経理の負担が減って、その負担が社員に来ただけなので、全社員にメリットがあるとは少し言いづらい。この口コミを詳しく見る,社の経費精算システムとして利用しています。電子帳簿保存法の改正に伴い、請求書等の保存が必須になりましたが、PDFのアップロードのみで済むので比較的手間が少なく済んでよかったです。楽楽精算の改善してほしい点上記の請求書や領収書の保存が、トップページでしか出来ず、以前のように伝票明細でアップロードできなくなったので、そこは改善してほしい。出張の精算などで領収書の枚数が多い場合、一度全てアップロードしてから、明細毎に選択して添付しないといけないので、手間なのと、分かりにくくなる。楽楽精算導入で得られた効果・メリット以前はデータで申請した後に、経理に原本を提出しないといけませんでしたが、データのみで良くなったので少し楽になりました。ただ、主に経理の負担が減って、その負担が社員に来ただけなので、全社員にメリットがあるとは少し言いづらい。
1165,2022/02/21,今まで現金でやりとりだったので、それもなくなり間違えがなくった。そして業務が楽になった！領収書の読み取り最高！,特にまだ困ったことなどはありませんが、年配の方が使いこなせてないです。これから徐々に覚えていってもらいます。,紙の節約にもなり、エコだなと思います。あと交通系もいけるのでほぼ、この制度で済むことになり助かってます。この口コミを詳しく見る,でやりとりだったので、それもなくなり間違えがなくった。そして業務が楽になった！領収書の読み取り最高！楽楽精算の改善してほしい点特にまだ困ったことなどはありませんが、年配の方が使いこなせてないです。これから徐々に覚えていってもらいます。楽楽精算導入で得られた効果・メリット紙の節約にもなり、エコだなと思います。あと交通系もいけるのでほぼ、この制度で済むことになり助かってます。
1166,2022/02/21,これまで総務に毎回請求書等の用紙をもっていっていたが、PC上で提出ができるようになり非常にラクに。移動時間がなくなり効率が上がった。,pdfで提出したあと、原紙を提出する必要がある場合がめんどくさい。すべてデジタルでの提出にしてほしい。,紙媒体を提出する労力がカットでき非常に効率的になった。またデジタルでの提出なので、原紙を保管する必要もなくなり探しやすい。以前利用していた製品の解約理由以前は紙での提出だったものを、新しくこちらを導入してデジタル化。この口コミを詳しく見る,務に毎回請求書等の用紙をもっていっていたが、PC上で提出ができるようになり非常にラクに。移動時間がなくなり効率が上がった。楽楽精算の改善してほしい点pdfで提出したあと、原紙を提出する必要がある場合がめんどくさい。すべてデジタルでの提出にしてほしい。楽楽精算導入で得られた効果・メリット紙媒体を提出する労力がカットでき非常に効率的になった。またデジタルでの提出なので、原紙を保管する必要もなくなり探しやすい。以前利用していた製品の解約理由以前は紙での提出だったものを、新しくこちらを導入してデジタル化。
1167,2022/02/21,田舎のローカルバスまで登録できることに驚きました。また、一度登録したら次からは調べなくていいので楽です。,全体的に小さいので見にくいです。また、細かい設定はパソコンでないとできないので、iPad利用だと不便に感じました。,以前の交通費は、紙で承認が必要でしたが、楽楽精算になってからはiPadのみで簡単に承認などとれるので楽になりました。この口コミを詳しく見る,カルバスまで登録できることに驚きました。また、一度登録したら次からは調べなくていいので楽です。楽楽精算の改善してほしい点全体的に小さいので見にくいです。また、細かい設定はパソコンでないとできないので、iPad利用だと不便に感じました。楽楽精算導入で得られた効果・メリット以前の交通費は、紙で承認が必要でしたが、楽楽精算になってからはiPadのみで簡単に承認などとれるので楽になりました。
1168,2022/02/21,画面上で路線検索が出来るところが良い点だと思います。別のページをわざわざ開かなくても良いので楽です。,路線検索の精度が低いです。乗り換え案内では出てくる経路が、楽楽精算上の画面ではでてこないことがあります。,私の会社は今まで社員全員の精算伝票を全て経理が肩代わりして作成していたのですが、導入する事で社員が伝票作成することができ、経理の負担が大幅に減りました。この口コミを詳しく見る,線検索が出来るところが良い点だと思います。別のページをわざわざ開かなくても良いので楽です。楽楽精算の改善してほしい点路線検索の精度が低いです。乗り換え案内では出てくる経路が、楽楽精算上の画面ではでてこないことがあります。楽楽精算導入で得られた効果・メリット私の会社は今まで社員全員の精算伝票を全て経理が肩代わりして作成していたのですが、導入する事で社員が伝票作成することができ、経理の負担が大幅に減りました。
1169,2022/02/20,特に交通費精算が楽になります。出発到着地を記入し、その画面からいくら交通費がかかったかがワンボタンで見れるのが良いです。,機能面では無駄がなくシンプルでわかり易さを追求している分、裏を返すとUIが少し古めなのは気になります。,精算を月末に溜めてしまった結果、やる気も時間を奪われてしまう、ということは誰しもが経験あると思うのですが、このサービスはユーザーの作業量をとにかく減らすことに尽力されていると感じるシステムなので煩雑な処理も最低限の労力で済みました。この口コミを詳しく見る,精算が楽になります。出発到着地を記入し、その画面からいくら交通費がかかったかがワンボタンで見れるのが良いです。楽楽精算の改善してほしい点機能面では無駄がなくシンプルでわかり易さを追求している分、裏を返すとUIが少し古めなのは気になります。楽楽精算導入で得られた効果・メリット精算を月末に溜めてしまった結果、やる気も時間を奪われてしまう、ということは誰しもが経験あると思うのですが、このサービスはユーザーの作業量をとにかく減らすことに尽力されていると感じるシステムなので煩雑な処理も最低限の労力で済みました。
1170,2022/02/20,昨年の1月から我が社でも導入した楽楽精算ですが、経費の精算は一括管理で楽になり今まで何人もやっていた経費の計算などが一人だけでもできるようになりました。経費精算だけではなく出張申請も出来るのでこれまで以上に申請がスムーズになった。あとスマホでできるのも便利です。,使っていて便利なとこが多いのであまり気にしてませんが、年配の方がなかなか使い方を覚えなくて教えるのに苦労しました。やはり選択画面を減らすのが分かりやすいのかなと思います。システムの不具合がありましたか？レシートなどの読取が自動認識なんですが、時々間違えることがあり申請確認を見逃してしまうことがあります。,やはり業務時間と人員のコストを下げられるところといつでも場所を選ばず申請をできるところが隙間時間の活用になり、仕事をスムーズ進めることができました。,手軽に申請できるので休憩時間などの有効活用で業務がスムーズになります。
1171,2022/02/20,もともと、伝票処理は紙で行っていましたが、従業員がたくさんいるので一つ一つ手入力で電子化したり承認したりするのが大変でした。そこで、こちらの楽楽精算を導入したところ、手入力の手間が減り、承認処理も分かりやすくなりました。,申請する際にマニュアルをよく読みながらでないと手順が分かりにくいと思いました。順序などを見やすく表示して欲しいと思います。,こちらは全て電子上で処理ができるので、ペーパーレス化に貢献することができます。また、いつ誰が承認したかもすぐ分かるので助かります。この口コミを詳しく見る,伝票処理は紙で行っていましたが、従業員がたくさんいるので一つ一つ手入力で電子化したり承認したりするのが大変でした。そこで、こちらの楽楽精算を導入したところ、手入力の手間が減り、承認処理も分かりやすくなりました。楽楽精算の改善してほしい点申請する際にマニュアルをよく読みながらでないと手順が分かりにくいと思いました。順序などを見やすく表示して欲しいと思います。楽楽精算導入で得られた効果・メリットこちらは全て電子上で処理ができるので、ペーパーレス化に貢献することができます。また、いつ誰が承認したかもすぐ分かるので助かります。
1172,2022/02/20,事前の設定は大変そうだが、利用者としてはシンプルで使いやすい。あとは導入する側がどれくらいシンプルな運用をするかだが、プラットフォームはわかりやすいので、一度使えばおぼえられる。,ＰＤＦ出力した際の文字が小さめなので、デフォルトのフォントサイズがもっと大きいか、調整できるようになればよいと思う。,テレワークが続いていてもリモートで申請ができるため、コロナ禍での経費精算がスムーズに行えてよいと思う。この口コミを詳しく見る,は大変そうだが、利用者としてはシンプルで使いやすい。あとは導入する側がどれくらいシンプルな運用をするかだが、プラットフォームはわかりやすいので、一度使えばおぼえられる。楽楽精算の改善してほしい点ＰＤＦ出力した際の文字が小さめなので、デフォルトのフォントサイズがもっと大きいか、調整できるようになればよいと思う。楽楽精算導入で得られた効果・メリットテレワークが続いていてもリモートで申請ができるため、コロナ禍での経費精算がスムーズに行えてよいと思う。
1173,2022/02/20,クラウド型経費精算システムの楽楽精算。これまで入力で行っていた経費精算業務を専用アプリから領収書を撮影するだけで、データ管理ができ、経理業務の生産性向上を行えます。,スマートフォンカメラを使用して経費精算を行う場合、正確にデータが読み取れないケースがあります。また、初期費用と月額費用をもう少し低コストにできると中小企業導入が更に進むと考えます。,これまで従業員がそれぞれ経費システムで手入力し、紙を出力、社内承認の流れであった。本システムを導入することで、無駄を削減し、従業員残業時間削減、紙、コピー代削減につながりました。この口コミを詳しく見る,経費精算システムの楽楽精算。これまで入力で行っていた経費精算業務を専用アプリから領収書を撮影するだけで、データ管理ができ、経理業務の生産性向上を行えます。楽楽精算の改善してほしい点スマートフォンカメラを使用して経費精算を行う場合、正確にデータが読み取れないケースがあります。また、初期費用と月額費用をもう少し低コストにできると中小企業導入が更に進むと考えます。楽楽精算導入で得られた効果・メリットこれまで従業員がそれぞれ経費システムで手入力し、紙を出力、社内承認の流れであった。本システムを導入することで、無駄を削減し、従業員残業時間削減、紙、コピー代削減につながりました。
1174,2022/02/20,日々の交通費から、手当、経費を使っての品物の購入まで、決済を絡む物に幅広く対応していて、承認までのフローが簡単になった。,機能面では満足している。ただ画面の作りが少しわかりにくく、タブが切り替わったりと複数の申請をする際に少し手間がかかる。,このシステムを導入したことにより、申請から承認までのフローが明確になり、申請漏れがなくなった。また、否認の際にコメントも入れられるので、スムーズに申請ができる。この口コミを詳しく見る,費から、手当、経費を使っての品物の購入まで、決済を絡む物に幅広く対応していて、承認までのフローが簡単になった。楽楽精算の改善してほしい点機能面では満足している。ただ画面の作りが少しわかりにくく、タブが切り替わったりと複数の申請をする際に少し手間がかかる。楽楽精算導入で得られた効果・メリットこのシステムを導入したことにより、申請から承認までのフローが明確になり、申請漏れがなくなった。また、否認の際にコメントも入れられるので、スムーズに申請ができる。
1175,2022/02/20,ICカードをスマートフォンのアプリから読み込み、一瞬で精算画面に持っていけるところはとても便利だと感じた。,押印しなくてはならない回数が減ったのはとても便利だと感じたが、逆にそれ以外のことについてはあまり楽になったようには思わない。,交通費や備品、事務用品、贈答品など全く関係のない精算も申請する際は一回で済むので面倒に感じる場面が減った。また、申請するごとに上席に通知が行くので今までは申請からお金が振り込まれるまでに時間がかかっていたが、このサービスによりだいぶ短縮化されたと思う。この口コミを詳しく見る,をスマートフォンのアプリから読み込み、一瞬で精算画面に持っていけるところはとても便利だと感じた。楽楽精算の改善してほしい点押印しなくてはならない回数が減ったのはとても便利だと感じたが、逆にそれ以外のことについてはあまり楽になったようには思わない。楽楽精算導入で得られた効果・メリット交通費や備品、事務用品、贈答品など全く関係のない精算も申請する際は一回で済むので面倒に感じる場面が減った。また、申請するごとに上席に通知が行くので今までは申請からお金が振り込まれるまでに時間がかかっていたが、このサービスによりだいぶ短縮化されたと思う。
1176,2022/02/20,エクセル打ち込みだった作業をスマホ完結できるようになり、月の生産作業がかなり楽になった。経理部門の管理も容易になったと聞いている。,写真を撮ることは苦にならないが、その後の打ち込み作業は多少面倒。前回入力情報が反映されるなど、もう少し時短できるポイントがあればありがたい。,自分で計算しなくても月の精算項目がきちんと確認できるので、非常に便利。会社の経理項目に紐づけていくことができるので、原価意識にもつながる。この口コミを詳しく見る,ち込みだった作業をスマホ完結できるようになり、月の生産作業がかなり楽になった。経理部門の管理も容易になったと聞いている。楽楽精算の改善してほしい点写真を撮ることは苦にならないが、その後の打ち込み作業は多少面倒。前回入力情報が反映されるなど、もう少し時短できるポイントがあればありがたい。楽楽精算導入で得られた効果・メリット自分で計算しなくても月の精算項目がきちんと確認できるので、非常に便利。会社の経理項目に紐づけていくことができるので、原価意識にもつながる。
1177,2022/02/20,上司に捺印頂く為の手間がなくなり、申請をクリックするだけで完了、経費の支払予定日もメール配信される。かなり効率がよくなりました。,外出、出張が多い月はまとめて申請しているので、交通費申請、経費申請が漏れないようにスケジュールと連携できたら嬉しいです。システムの不具合がありましたか？今のところは無い。,ペーパーレスなので、ハンコをもらうために上司、経理、複数の部署を回さなくて済む。わざわざ出社しなくても申請できるから大変便利!この口コミを詳しく見る,頂く為の手間がなくなり、申請をクリックするだけで完了、経費の支払予定日もメール配信される。かなり効率がよくなりました。楽楽精算の改善してほしい点外出、出張が多い月はまとめて申請しているので、交通費申請、経費申請が漏れないようにスケジュールと連携できたら嬉しいです。システムの不具合がありましたか？今のところは無い。楽楽精算導入で得られた効果・メリットペーパーレスなので、ハンコをもらうために上司、経理、複数の部署を回さなくて済む。わざわざ出社しなくても申請できるから大変便利!
1178,2022/02/20,ICカードをカードリーダーもしくは携帯アプリから読み取り電車乗車履歴金額を取得可能、またあらゆる費用の入力が可能で経費申請、精算が楽になります。,ICカードでもピタパなどのポストペイには対応しておらずそこが不便、またその他の精算も写真撮影とかで自動だと便利システムの不具合がありましたか？特にありません。,電車代の精算はICカードを読み込むだけなので、手間が省けるのと自動計算で精算も楽になり業務が効率化した。,経費精算を楽にしたい方にオススメ
1179,2022/02/19,このシステムが導入されるまでは、エクセルで手入力し押印の上、上司や経理にペーパーで提出する必要があったが、システム上で申請が出来る様になった。,特別に改善点は無いが、東京方面に出張した際の電車賃がICの運賃が読み込まれており、現金支払いした場合、変更が面倒。システムの不具合がありましたか？特になし,システム上で申請から承認まで完結出来る為、月末の経費精算の締めの為に出社の必要が無くなった。特にテレワーク下では助かる。この口コミを詳しく見る,ムが導入されるまでは、エクセルで手入力し押印の上、上司や経理にペーパーで提出する必要があったが、システム上で申請が出来る様になった。楽楽精算の改善してほしい点特別に改善点は無いが、東京方面に出張した際の電車賃がICの運賃が読み込まれており、現金支払いした場合、変更が面倒。システムの不具合がありましたか？特になし楽楽精算導入で得られた効果・メリットシステム上で申請から承認まで完結出来る為、月末の経費精算の締めの為に出社の必要が無くなった。特にテレワーク下では助かる。
1180,2022/02/19,主に使うのは交通費だが、備品購入など他の項目も網羅しているため、経費を申請する時に明確に説明できる。そのためあやふやな申請がなくなり、差し戻しが減った。,電車とバスがひとくくりになっていて駅名を選ぶときにバスの乗り場なども出てきてすこし邪魔くさい。電車を選択する人が多いと思うのでわけてほしい。,駅名を選択するとどの経路を使ったのか、料金が候補として出てくるため、計算を間違えることがない。このため、経理としては確認する手間が省けるので効率化していると思う。この口コミを詳しく見る,は交通費だが、備品購入など他の項目も網羅しているため、経費を申請する時に明確に説明できる。そのためあやふやな申請がなくなり、差し戻しが減った。楽楽精算の改善してほしい点電車とバスがひとくくりになっていて駅名を選ぶときにバスの乗り場なども出てきてすこし邪魔くさい。電車を選択する人が多いと思うのでわけてほしい。楽楽精算導入で得られた効果・メリット駅名を選択するとどの経路を使ったのか、料金が候補として出てくるため、計算を間違えることがない。このため、経理としては確認する手間が省けるので効率化していると思う。
1181,2022/02/19,乗り換え案内と連動している＆学習機能があるので、使えば使うほど便利になってくる。費用が他社と比べて比較的安い,入力する画面他の見た目があまり良くなくてみづらい点がある。承認の作業が領収書の見た目含め若干やりづらい。,今までは上長が出社して押印作業をしていたが、それが必要無くなったので、事務作業が軽減された。乗り換え案内がみんなにとても好評。「楽楽精算」導入の決め手導入費用が比較的安いこの口コミを詳しく見る,内と連動している＆学習機能があるので、使えば使うほど便利になってくる。費用が他社と比べて比較的安い楽楽精算の改善してほしい点入力する画面他の見た目があまり良くなくてみづらい点がある。承認の作業が領収書の見た目含め若干やりづらい。楽楽精算導入で得られた効果・メリット今までは上長が出社して押印作業をしていたが、それが必要無くなったので、事務作業が軽減された。乗り換え案内がみんなにとても好評。「楽楽精算」導入の決め手導入費用が比較的安い
1182,2022/02/18,写真読み取り機能が秀逸です。また、アプリでの入力もサクサクできて、良いです。読み取りで失敗することはほぼありません！,読み取ったら領収書の添付がややめんどくさい。勘定科目などを経理担当が修正すると、その履歴は利用者の履歴に反映されないので、次回作る時に、また、同じミスを繰り返す。,領収書からの文字の転記をする手間が省けて、効率がよくなった。また、交通費精算は出先でもアプリでできるので、隙間時間の有効活用にも結びついている。この口コミを詳しく見る,り機能が秀逸です。また、アプリでの入力もサクサクできて、良いです。読み取りで失敗することはほぼありません！楽楽精算の改善してほしい点読み取ったら領収書の添付がややめんどくさい。勘定科目などを経理担当が修正すると、その履歴は利用者の履歴に反映されないので、次回作る時に、また、同じミスを繰り返す。楽楽精算導入で得られた効果・メリット領収書からの文字の転記をする手間が省けて、効率がよくなった。また、交通費精算は出先でもアプリでできるので、隙間時間の有効活用にも結びついている。
1183,2022/02/18,主に交通費精算で使用しています。乗り換え案内の機能が備わっており、通勤や取引先への経路などマイパターン登録をすれば都度入力せずに簡単に申請できるので便利です。,特に利用していて困っていることはありませんが、強いて言うなら乗り換え案内の画面で駅名入力する項目が小さく、数も多いので少し使いづらいかなと思います。,導入前は紙の申請書に手書きだったので作成の手間が省け、在宅勤務中でも申請できるようになりました。また、社内のペーパーレス化の意識も高まってきました。この口コミを詳しく見る,精算で使用しています。乗り換え案内の機能が備わっており、通勤や取引先への経路などマイパターン登録をすれば都度入力せずに簡単に申請できるので便利です。楽楽精算の改善してほしい点特に利用していて困っていることはありませんが、強いて言うなら乗り換え案内の画面で駅名入力する項目が小さく、数も多いので少し使いづらいかなと思います。楽楽精算導入で得られた効果・メリット導入前は紙の申請書に手書きだったので作成の手間が省け、在宅勤務中でも申請できるようになりました。また、社内のペーパーレス化の意識も高まってきました。
1184,2022/02/18,定期区間を自動設定してくれるのでわざわざ自身で定期区間を抜いた交通費を調べて申請する。という手間が省けました。仕事柄出張が多いので、これだけでもかなり楽になりました。,あまり気になるところはありませんが、強いて言うなら、人によっては画面がわかりづらいと感じるかもしれません。導入された当初、年配の方が操作にてこずっていて、支援したことがあります。,通勤費の申請処理がかなり短くなるので、他のやるべき仕事に注力できます。弊社はただでさえ毎日実施する社内申請が多いので、このような日常作業が効率化されるのは大変助かります。この口コミを詳しく見る,自動設定してくれるのでわざわざ自身で定期区間を抜いた交通費を調べて申請する。という手間が省けました。仕事柄出張が多いので、これだけでもかなり楽になりました。楽楽精算の改善してほしい点あまり気になるところはありませんが、強いて言うなら、人によっては画面がわかりづらいと感じるかもしれません。導入された当初、年配の方が操作にてこずっていて、支援したことがあります。楽楽精算導入で得られた効果・メリット通勤費の申請処理がかなり短くなるので、他のやるべき仕事に注力できます。弊社はただでさえ毎日実施する社内申請が多いので、このような日常作業が効率化されるのは大変助かります。
1185,2022/02/18,領収書の読み取り機能があるため、これまで紙やPDFで提出など色々な手段で提出してもらっていたものを、全てデータで提出するよう統一でき、紙の申請書を大幅に削減することが出来ました。,他の基幹システムと連携する際、CSVデータを本製品から出力し、それを基幹システムに取り込んでいますが、出力時は全データのみ出力することしかできませんでした。必要なデータだけ選択して出力できるとさらに使い易くなるかと思います。システムの不具合がありましたか？特にありません,複数拠点あるため、精算時は紙やエクセルを各拠点から集めていました。間違いがあると修正依頼し、再度送付が発生するため、非常に時間がかかっておりました。本製品ではクラウド管理のため、修正時の業務負荷が大幅に削減されました。,精算の紙・エクセル管理の削減、業務負荷の軽減をされたい方にお勧めです。
1186,2022/02/18,経費申請の際に、上司の印を直接もらわなくてもWEB申請ができる点が在宅勤務が増えてきた今の勤務体制にあっています。,領収書のデータ登録をしないといけない点。当社の経理処理の問題かもしれませんが、申請から承認されて振り込みまでが結構時間がかかる点。,今までは出張費や購入した経費の申請書を印刷し上司の承認印をもらうまで申請ができなかったため、最悪の場合クレジットカードの利用制限がかかってしまう事態となっていたが、WEBで承認がもらえることによりそのような事態はなくなりました。この口コミを詳しく見る,際に、上司の印を直接もらわなくてもWEB申請ができる点が在宅勤務が増えてきた今の勤務体制にあっています。楽楽精算の改善してほしい点領収書のデータ登録をしないといけない点。当社の経理処理の問題かもしれませんが、申請から承認されて振り込みまでが結構時間がかかる点。楽楽精算導入で得られた効果・メリット今までは出張費や購入した経費の申請書を印刷し上司の承認印をもらうまで申請ができなかったため、最悪の場合クレジットカードの利用制限がかかってしまう事態となっていたが、WEBで承認がもらえることによりそのような事態はなくなりました。
1187,2022/02/18,外出している時の隙間時間に経費の計算ができるので外回りが多い営業にはとても嬉しい。領収書などのアップロードが簡単にできる。,柔軟に使える分、初期設定に時間がかかってしまうのでもう少し簡単に設定できるようにして欲しい。若手には使いやすいが年齢層が高めの人には使いにくいので、年齢層が高めでも簡単に使えるように改善して欲しい。定期が切れた時に二重で払ってしまう可能性があるのでなおしてほしい。システムの不具合がありましたか？今のところ特になし,ICカードなどの経費計上がややこしいものも対応していて簡単に取り込むことができる。手作業でやらなくていいのと無駄な書類が減るので効率がかなり上がる。,業務の効率化をはかりたいひとにおすすめ
1188,2022/02/17,これまでは毎月の交通費の申請の際、移動の際に乗り降りした駅名をExcelの申請書に一駅一駅手入力をしていました。楽楽精算では交通カードから自動で乗降履歴を読み取ることが出来るため、毎月の入力手間から解放されました。,交通カードの状況履歴の読み取りを週一くらいの履歴数しか読み取れない。一回の読み取りぐらいでひと月分の乗降履歴を読み取れるとありがたいです。システムの不具合がありましたか？今のところトラブルは特にありません。,交通カードの乗降履歴を駅で都度発券してましたが、発券する必要が無くなりました。また、毎月1時間以上かけていた交通費の申請業務が5～10分ほどに短縮されました。,交通費の申請を手入力している企業であれば導入をお薦めします。
1189,2022/02/17,アプリで領収書の写真を撮り、出張先や社外でも簡単に精算ができます。また、管理者側からすると案件ごとに簡単に経費を紐づけることができるので、案件別の利益率を簡単に確認することができます。,うちの会社に限る問題の可能性もありますが、webのアカウントとアプリのアカウントが違い、年配の社員が混乱する場合があります。,うちの会社は今までエクセルで経費を精算しておりました。経費精算は月をまたぐことができず、月末の出費の場合、夜遅くでも会社に行き、必ず精算をするのがルールでした。楽楽精算を導入してからは外出先でも携帯で領収書を撮り、精算ができるようになったため、大変便利になりました。この口コミを詳しく見る,収書の写真を撮り、出張先や社外でも簡単に精算ができます。また、管理者側からすると案件ごとに簡単に経費を紐づけることができるので、案件別の利益率を簡単に確認することができます。楽楽精算の改善してほしい点うちの会社に限る問題の可能性もありますが、webのアカウントとアプリのアカウントが違い、年配の社員が混乱する場合があります。楽楽精算導入で得られた効果・メリットうちの会社は今までエクセルで経費を精算しておりました。経費精算は月をまたぐことができず、月末の出費の場合、夜遅くでも会社に行き、必ず精算をするのがルールでした。楽楽精算を導入してからは外出先でも携帯で領収書を撮り、精算ができるようになったため、大変便利になりました。
1190,2022/02/17,iPadやスマートフォンからも精算が出来るため、仕事の隙間時間などに精算を終わらせることができるため、精算が面倒では無くなりました。また、分かりやすい画面ですぐに使い方が分かり使えました。,特に思い当たることはないですが、強いて言うならば、スマートフォンで入力する際はスマートフォン専用の画面があるなど、入力部分が大きいと有難いです。,今までは面倒で精算を溜めてしまっていたこともありましたが、楽楽精算はどこでも簡単に精算出来るため、精算を滞らせることなく出来てます。この口コミを詳しく見る,スマートフォンからも精算が出来るため、仕事の隙間時間などに精算を終わらせることができるため、精算が面倒では無くなりました。また、分かりやすい画面ですぐに使い方が分かり使えました。楽楽精算の改善してほしい点特に思い当たることはないですが、強いて言うならば、スマートフォンで入力する際はスマートフォン専用の画面があるなど、入力部分が大きいと有難いです。楽楽精算導入で得られた効果・メリット今までは面倒で精算を溜めてしまっていたこともありましたが、楽楽精算はどこでも簡単に精算出来るため、精算を滞らせることなく出来てます。
1191,2022/02/17,とにかくユーザー目線で使いやすいのと、低コストで導入、運用できるのがいいと思います。小規模会社だとシステム導入はハードルが高いと思いますが、中小規模の会社にむしろおすすめです。,最新の機能は把握できてませんが、ご時世的に流行りの領収などを電子帳簿保存法に適用したスキャン申請が簡単に低コストでできたらいいと思います。システムの不具合がありましたか？特に経験したことはありません。,利用ユーザーの経費申請の省力化、管理側の確認の時間の削減などがあり、利用料以上の人件費削減効果がありました。,経費精算システムを導入してない会社は第一優先候補としていいと思います。
1192,2022/02/17,名称通り、らくらくに精算申請できること過去の精算状況をリストで一括して確認できること経費など、項目が分かれており選びやすいこと,他の同様のSaaSと比較するとUIが古く見えます。必要最低限の機能はあるものの、もう少しデザインを洗練させても良いかなと思います。,経費精算が担当者が自力で頑張るようなシステムになっている場合、運用によって非常に楽になる可能性があります。精算状況の見える化もできているので、使用者・決裁者どちらも確認しあえる形です。この口コミを詳しく見る,らくらくに精算申請できること過去の精算状況をリストで一括して確認できること経費など、項目が分かれており選びやすいこと楽楽精算の改善してほしい点他の同様のSaaSと比較するとUIが古く見えます。必要最低限の機能はあるものの、もう少しデザインを洗練させても良いかなと思います。楽楽精算導入で得られた効果・メリット経費精算が担当者が自力で頑張るようなシステムになっている場合、運用によって非常に楽になる可能性があります。精算状況の見える化もできているので、使用者・決裁者どちらも確認しあえる形です。
1193,2022/02/17,従来紙で申請していた経費関連を全てWEB上で申請することができた点。従来よりも承認フローが早くなり、業務スピードの改善につながった。,UI部分がより直感的にわかるように仕様を変更して欲しい。また交通費精算の際に、毎回フルネームで駅名を入れないと反応しない等、予測変換が出るようにしてほしい。,従来の請求書を発行するまでのフローが大幅に短縮されました。このサービスを導入後、web上で全ての決済フローが完結する業務フローに変更となり、また請求書の発行もデータですぐ発行できるようになったため大幅な業務時間の短縮につながりました。この口コミを詳しく見る,請していた経費関連を全てWEB上で申請することができた点。従来よりも承認フローが早くなり、業務スピードの改善につながった。楽楽精算の改善してほしい点UI部分がより直感的にわかるように仕様を変更して欲しい。また交通費精算の際に、毎回フルネームで駅名を入れないと反応しない等、予測変換が出るようにしてほしい。楽楽精算導入で得られた効果・メリット従来の請求書を発行するまでのフローが大幅に短縮されました。このサービスを導入後、web上で全ての決済フローが完結する業務フローに変更となり、また請求書の発行もデータですぐ発行できるようになったため大幅な業務時間の短縮につながりました。
1194,2022/02/17,Web上で経費精算が完結するので、隙間時間に対応でき業務の効率化が図れています。入力する箇所がわかりやすいため使いやすいです。,たまにアップロードした領収書がうまく反映できないときがあります。時間が経ってから再度チャレンジすると今度は反映されたりと原因がよくわからないときがあります。システムの不具合がありましたか？特にありません,出張続きで経費精算をしなくてはいけないものが溜まっていたことがありましたが、オフィス外でも経費精算を完結できるので出張の帰りの新幹線で対応することができ助かりました。,経理部門の負担も減りますし、業務の効率化を検討する企業様におすすめです。
1195,2022/02/17,そのままですが、経費精算が従来は紙での回付が必要だったが、本サービスの導入により、物理的な負担が減った点。,経費精算時に添付できるファイルが一つしかないため、複数の経費精算を同時に行うにはzipファイル化する必要がある点。,経理の業務フローの負担軽減と、リモートワーク時の経費精算の容易性が簡単な操作によって担保されている点。この口コミを詳しく見る,すが、経費精算が従来は紙での回付が必要だったが、本サービスの導入により、物理的な負担が減った点。楽楽精算の改善してほしい点経費精算時に添付できるファイルが一つしかないため、複数の経費精算を同時に行うにはzipファイル化する必要がある点。楽楽精算導入で得られた効果・メリット経理の業務フローの負担軽減と、リモートワーク時の経費精算の容易性が簡単な操作によって担保されている点。
1196,2022/02/16,ＰＣだけではなくスマートフォンアプリで操作ができるので、出先での確認ができ便利です。領収書や請求書の登録も簡単にできます。,経費申請やワークフロー申請内で、添付ファイルが1つしかつけられないので、複数添付可能だとさらに良いです。システムの不具合がありましたか？なし,経費の申請からワークフローの承認まで電子化されることにより、業務時間が短縮され、更にリモート環境でも業務ができるので場所を選ばず使えるのが良いです。,電子化することで業務効率が上がります。
1197,2022/02/16,これまでは会社規定の紙の交通費精算をコピペしてパターンごとに自分で管理してきましたが、WEBで全部登録できてお気にいり登録できて便利です。交通費の計算もルートを選択するだけでいいので、自分で手計算する煩雑さから解放されて満足です。承認が早いのですぐに振り込まれて助かる。,シンプル過ぎるユーザーインターフェースが自分には少し不満。色のメリハリがあると誤入力が防げるのかなと思います。交通機関の設定が電車・バスとセットになっているのは無料バスとかあったりするので電車とバスに分けて欲しいです。履歴を見るときに直近３年が2020～2022年で括られているのは単年ごとにして頂きたいです。,テレワークが常態化しつつあるので、紙ベースの承認運用、申請書をPDFをメールで送る手間などを考えるとWEBですべて最後の振込まで完結できるのは無駄な時間とコストを削減、立替金のキャッシュフロー向上に貢献してくれていると思います。,お値段も安いとのことなのでまずはためしてみて。
1198,2022/02/16,これまでは交通費や出張の日当などを申請者が自分で調べて入力するシステムだったため、間違いも多く、申請者、承認者ともに手間と時間が相当かかっていましたが、楽楽精算では出発駅と到着駅を入力すると乗り換え案内から経路を選択するだけで自動で交通費が入力され、出張の日当も自動で入力されるため、金額の確認が不要となり大変助かっています。,経費精算、支払依頼の際の勘定科目選択に困っています。選択画面では科目コードが降順に表示されるだけなので、選びたい科目に到達するまでに非常に時間がかかります。また、全体が見えないためどのような勘定科目があるかがわからず、科目を選ぼうとした際にその科目が明確でない場合、検索機能を使ってもヒットしないということがままあります。せめて大項目、中項目などを先に指定した上でその項目における個別の科目を表示してくれるとよいのですが。システムの不具合がありましたか？特に経験していません,時間と手間の削減ができたのは当然のことですが、その他、以前のシステムでは、申請者が故意に交通費を水増ししようとしたのか、単純に間違ったのかがわからずにお互いの信頼関係に影響が出ましたが、このシステムではそのようなことがなくなり、ストレスがなくなりました。以前利用していた製品の解約理由以前の製品では、交通費や日当などをユーザーが自分で調べないといけなかったため、金額の正誤確認が大変だった,交通系ICカードの自動読み取り機能を利用することで、申請者の交通費精算の手間が相当に省けます。
1199,2022/02/16,交通費や備品購入などでの経費精算が今まで紙の申請書の提出だったがこちらのシステムを導入し、簡単に間違いなく申請出来るようになった。交通費においては、乗換案内で運賃を間違いなく入力出来るし、ICカードを読み込んで反映する事も可能。計算間違いや運賃を覚えてない、などのミスが無くなった。領収書をスマホアプリやスキャンしたPDFからも読み取る事が出来るし、手入力の手間が省けて助かる。,ICカードの読み取り件数上限が少なめのため、こまめに読み取る必要がある。せめて月に一度読み取ればよいぐらいに上限数を拡張されればより使いやすくなると思う。,手入力による申請時間が大幅に削減された。計算間違いや、記憶違いなどの金額ミスが無くなった。出張などで高額の立て替えが必要な場合の事前申請が簡単になって自己負担が無くなった。この口コミを詳しく見る,品購入などでの経費精算が今まで紙の申請書の提出だったがこちらのシステムを導入し、簡単に間違いなく申請出来るようになった。交通費においては、乗換案内で運賃を間違いなく入力出来るし、ICカードを読み込んで反映する事も可能。計算間違いや運賃を覚えてない、などのミスが無くなった。領収書をスマホアプリやスキャンしたPDFからも読み取る事が出来るし、手入力の手間が省けて助かる。楽楽精算の改善してほしい点ICカードの読み取り件数上限が少なめのため、こまめに読み取る必要がある。せめて月に一度読み取ればよいぐらいに上限数を拡張されればより使いやすくなると思う。楽楽精算導入で得られた効果・メリット手入力による申請時間が大幅に削減された。計算間違いや、記憶違いなどの金額ミスが無くなった。出張などで高額の立て替えが必要な場合の事前申請が簡単になって自己負担が無くなった。
1200,2022/02/16,定期区間を登録しておけば自動で定期区間分の交通費は差し引いてくれるので計算不要です。また、駅名を入れるだけ自動で乗り換え候補を出してくれるので交通費の計算も楽です。また同じような交通費申請が多いのでコピー機能があるのも便利です。,操作性にはあまり問題はないのですがUIが古く、一つ一つのボタンが小さいかつ分かりづらい（ボタンなのか分からない）ところがある。慣れてしまえば問題ないのですが最初は使いづらさを感じました。,経費精算時間はなるべく時間をかけたくないのですが、今までどうしても手作業な部分もあり時間がかかっていました。楽楽精算導入により経費精算の時間をかけずに、本来やるべき業務に時間を割けていると思います。そういった意味で会社全体の生産性を上げてくれているサービスです。,経費精算がアナログなままの会社は導入すべきツールです。
1201,2022/02/15,記入する雛形がシンプルで、使い勝手が良くペーパレスで業務効率が上昇。経費精算の申請に使っていた時間が短くなった。,申請後に間違いが判明したときは自ら差し止めることができず、承認者に戻してもらう手間を掛けるので不便。,月末領収書を溜めてしまうと申請が面倒になっていたが、楽楽精算はその名の通りPCで打ち込みができ、ボタン一つで申請を飛ばせるため時間がかからず非常に便利。この口コミを詳しく見る,形がシンプルで、使い勝手が良くペーパレスで業務効率が上昇。経費精算の申請に使っていた時間が短くなった。楽楽精算の改善してほしい点申請後に間違いが判明したときは自ら差し止めることができず、承認者に戻してもらう手間を掛けるので不便。楽楽精算導入で得られた効果・メリット月末領収書を溜めてしまうと申請が面倒になっていたが、楽楽精算はその名の通りPCで打ち込みができ、ボタン一つで申請を飛ばせるため時間がかからず非常に便利。
1202,2022/02/15,誰でも操作が簡単で使いやすい。経理精算にかかる時間が大幅に減少。承認ルートを設定でき、管理者の通知も分かりやすいのが良かったです。,登録しているデータが分析できる機能があればうれしい。不正が行われる予兆等、不自然な点が検知できたらいいと思います。,ペーパーレス化できたこと。経費の申請が楽で経理担当の確認作業が大幅に減少しました。過去の取引の検索が容易にできるのでとても楽です。この口コミを詳しく見る,が簡単で使いやすい。経理精算にかかる時間が大幅に減少。承認ルートを設定でき、管理者の通知も分かりやすいのが良かったです。楽楽精算の改善してほしい点登録しているデータが分析できる機能があればうれしい。不正が行われる予兆等、不自然な点が検知できたらいいと思います。楽楽精算導入で得られた効果・メリットペーパーレス化できたこと。経費の申請が楽で経理担当の確認作業が大幅に減少しました。過去の取引の検索が容易にできるのでとても楽です。
1203,2022/02/15,経理の仕事ではなくユーザ側でのコメントですが、ユーザーインターフェースが分かりやすく入力の際に迷うことがないので大変使いやすい,サービスに関しては特に申し分ないが、経費精算で一部手書きの申請がある為、携帯アプリなども使用し全て電子化して欲しい(自社への要望です…)システムの不具合がありましたか？特にありません。,出張が多く出費が多い月などもこのシステムのおかげか精算がすごく早いと思う。従業員数が増えれば紙媒体では出来ないと思う為、すごく助かっている。,経理側の方もユーザー側の方もwin-winなツールかと
1204,2022/02/15,これまでの経費精算はワークフロー＋ペーパーでの申請、確認、承認というフローでした。楽楽精算になってからは完全ペーパーレスになり承認までのスピードも上がりました。,以前使っていたワークフローのシステムでは承認者をスキップすることができたが、このシステムではそれができないため少し不便を感じる。,一目で承認がどこまで進んでいるかわかります。また、証拠書類の添付もサイト上でできるため紙の申請書を回す必要がなくなりました。ペーパーレスはもちろん、申請書を物理的に回すという手間がなくなったのはこのコロナ禍で嬉しい点でもあります。この口コミを詳しく見る,経費精算はワークフロー＋ペーパーでの申請、確認、承認というフローでした。楽楽精算になってからは完全ペーパーレスになり承認までのスピードも上がりました。楽楽精算の改善してほしい点以前使っていたワークフローのシステムでは承認者をスキップすることができたが、このシステムではそれができないため少し不便を感じる。楽楽精算導入で得られた効果・メリット一目で承認がどこまで進んでいるかわかります。また、証拠書類の添付もサイト上でできるため紙の申請書を回す必要がなくなりました。ペーパーレスはもちろん、申請書を物理的に回すという手間がなくなったのはこのコロナ禍で嬉しい点でもあります。
1205,2022/02/15,領収書を撮影すると自動で読み込みしてくれるところ、読み込みも7割くらい正しいので、入力する手間が少なく楽です,変換がイマイチで、全然違う社名がでたりします。さらに精度を上げて欲しいです。変換で迷ったときは、いくつか候補を出して選択させてほしいシステムの不具合がありましたか？変換ミスくらいでしょうか。それ以外は特にトラブルなく、ありがたいです。,手入力していた経費が撮影し自動反映されるので、楽になりました。一次承認する際もパソコン、携帯からできるので、ありがたいです。,手入力の手間が減ります、移動時に領収書撮影できるので、便利です
1206,2022/02/15,自身の過去の履歴が確認できるため経費番号など忘れても過去の送信履歴から確認できる。また差し戻しになった場合、メールで内容がわかる点もよい。,よく使う交通手段の保存をもっとわかりやすくしてほしい。なんだかんだでいつも手入力しています。そこがすこし手間です。,会社の交通費精算で使用しています。いま、誰がどの承認段階なのかも見える化されているためとても使いやすいです。以前利用していた製品の解約理由忘れましたこの口コミを詳しく見る,の履歴が確認できるため経費番号など忘れても過去の送信履歴から確認できる。また差し戻しになった場合、メールで内容がわかる点もよい。楽楽精算の改善してほしい点よく使う交通手段の保存をもっとわかりやすくしてほしい。なんだかんだでいつも手入力しています。そこがすこし手間です。楽楽精算導入で得られた効果・メリット会社の交通費精算で使用しています。いま、誰がどの承認段階なのかも見える化されているためとても使いやすいです。以前利用していた製品の解約理由忘れました
1207,2022/02/15,機能はシンプルですが使いやすく、マニュアルなどを見なくても直感的に利用することができて非常に便利です。,承認済みの情報をどこから確認することができるのかが分かりにくく困ったことがあったので、UIを改善していただけると助かります。,交通費の申請は数も多く面倒ですが、乗り換え検索と連動していたり、よく使うルートを保存できたりするので、手間が少なくて助かっています。この口コミを詳しく見る,プルですが使いやすく、マニュアルなどを見なくても直感的に利用することができて非常に便利です。楽楽精算の改善してほしい点承認済みの情報をどこから確認することができるのかが分かりにくく困ったことがあったので、UIを改善していただけると助かります。楽楽精算導入で得られた効果・メリット交通費の申請は数も多く面倒ですが、乗り換え検索と連動していたり、よく使うルートを保存できたりするので、手間が少なくて助かっています。
1208,2022/02/15,旅費精算の際に、ソフト内で乗り換え案内が表示できるのが非常に良い。出張に使ったルートでの旅費がシームレスに入力できるのは便利。ブラウザベースで利用できるので、ソフトをインストールする必要がないのも良い。,UIが見にくい。フォントが非常に小さいので見るのが大変。もう少し標準フォントを大きくしてもいいと思う。,経費精算や旅費精算の際、上長や経理部の承認が降りるとメールで通知が来るのでわかりやすい。立て替え払い分の振り込みがいつになるのか気になっていた際に、メールで通知が来たので安心した。この口コミを詳しく見る,際に、ソフト内で乗り換え案内が表示できるのが非常に良い。出張に使ったルートでの旅費がシームレスに入力できるのは便利。ブラウザベースで利用できるので、ソフトをインストールする必要がないのも良い。楽楽精算の改善してほしい点UIが見にくい。フォントが非常に小さいので見るのが大変。もう少し標準フォントを大きくしてもいいと思う。楽楽精算導入で得られた効果・メリット経費精算や旅費精算の際、上長や経理部の承認が降りるとメールで通知が来るのでわかりやすい。立て替え払い分の振り込みがいつになるのか気になっていた際に、メールで通知が来たので安心した。
1209,2022/02/15,これまでの会社では紙申請でしたので、毎回の記載も申請も大変面倒でした。楽楽清算は、電子的申請でよく、また頻度の高い移動先はあらかじめマイパターン登録しておけばよく、助かっています。,経路が消えてしまう事があり、手作業で、反映されるように修正している。このあたりは解決方法はあるのかもしれないが、使い難さがあり改善いただけると嬉しい。システムの不具合がありましたか？上で書きましたが、経路が消えてしまうため、手作業で、反映されるステップを設けています。どうやったら経路が反映されるのでしょうか。。,交通費精算に割く時間が大幅に減っているので、業務効率化がかなえられていると思う。また電子的申請ですべてが事足りるため、紙のロスもなく、ハンコもなしで上長承認も得られるので、リモートワークの多い現代、色々とメリットはあると思う。,リモートワークの会社であれば、効率化の観点から良いと思います。（電子的な手続きで全ての工程が完結する）
1210,2022/02/15,経費関係についての申請は全てここで解決できます。あらかじめ登録されている経費の種類や管理番号などが検索できるので使いやすいです。,申請後、承認されるまでの間に申請した内容を取り下げたり、内容確認したい場合があってもできないところです。,ペーパーレスの経費申請ツールなので、コロナ禍の時期に出社して申請を行わずに、ネットワークで申請ができるところが今の時代にあったシステムだと思います。この口コミを詳しく見る,ついての申請は全てここで解決できます。あらかじめ登録されている経費の種類や管理番号などが検索できるので使いやすいです。楽楽精算の改善してほしい点申請後、承認されるまでの間に申請した内容を取り下げたり、内容確認したい場合があってもできないところです。楽楽精算導入で得られた効果・メリットペーパーレスの経費申請ツールなので、コロナ禍の時期に出社して申請を行わずに、ネットワークで申請ができるところが今の時代にあったシステムだと思います。
1211,2022/02/15,スマホで領収証の写真を撮って登録すると、日付や金額や取引先を自動登録してくれるので精算がスピーディー。,金額や取引先名を読み間違えることがあるため、必ず確認する必要あり。もっと読み取り精度が高いと嬉しい。システムの不具合がありましたか？ない,領収証を受け取ったら直ぐその場で登録できるので、精算忘れや月末に追われることがなくなった。また交通費についても定期区間を登録しておけば自動で計算してくれるので手間が減った。この口コミを詳しく見る,収証の写真を撮って登録すると、日付や金額や取引先を自動登録してくれるので精算がスピーディー。楽楽精算の改善してほしい点金額や取引先名を読み間違えることがあるため、必ず確認する必要あり。もっと読み取り精度が高いと嬉しい。システムの不具合がありましたか？ない楽楽精算導入で得られた効果・メリット領収証を受け取ったら直ぐその場で登録できるので、精算忘れや月末に追われることがなくなった。また交通費についても定期区間を登録しておけば自動で計算してくれるので手間が減った。
1212,2022/02/15,以前はエクセルにて旅費精算をしていましたが、楽楽精算に変えて計算や記入の手間が省け作成時間の短縮化が出来る様になりました。,手続きは楽になったが、仕様によるのか自社では領収書原本はやはり提出が必要な為、全ての紙管理が無くなる訳じゃ無い。,経費精算時の紙による管理が無くなる。また承認請求が随時出来る事による承認待ち時間の短縮がはかれる。この口コミを詳しく見る,セルにて旅費精算をしていましたが、楽楽精算に変えて計算や記入の手間が省け作成時間の短縮化が出来る様になりました。楽楽精算の改善してほしい点手続きは楽になったが、仕様によるのか自社では領収書原本はやはり提出が必要な為、全ての紙管理が無くなる訳じゃ無い。楽楽精算導入で得られた効果・メリット経費精算時の紙による管理が無くなる。また承認請求が随時出来る事による承認待ち時間の短縮がはかれる。
1213,2022/02/15,シンプルで見やすい画面になっていて、各申請項目をクリックすると新規ブラウザが自動的に生成されるので、複数個開けるのも使いやすい。利用者側申請する,最近流行りのスマホ決済や交通系ICカード等から金額を読み取って、入力が要らなくなるような作りができるといいですね。システムの不具合がありましたか？今の所利用者側としてはありません。,紙ベースで支払い書を出していたり、領収書を家から会社に送らないといけなかったのですが、データで送ることができるので会社のコピー用紙削減や切手代等の経費削減になってる。,利用者側としてはかなり楽になります。
1214,2022/02/15,精算承認をスムーズに行う事が出来ます。交通費の乗り換えの案内まで出てくるので調べる手間が省けて便利です。社内の業務のプロセスを効率的に行う事が可能になりました。,経理精算システムの中では決して安くはないので多分スタートアップには向かないのではないかと思います。システムの不具合がありましたか？トラブルは今のところありません。,経費精算がペーパレスになってどこからも申請可能な点が素晴らしい。明細のコピー機能があり、まとめて申請出来るのも嬉しい。,まさに経費精算がらくらくです。
1215,2022/02/15,いちいち小口で交通費の処理をしなくて良くなった。あらかじめ登録してあるものから選べてミスが起こりにくい。,区間選択をする際の切り替えが途中で切れてしまって見づらいので見やすくなるとよりわかりやすくなると思う。システムの不具合がありましたか？ないです。,期日までにまとめて処理ができるので楽になった。小口から出金しないためお金のミスや両替などする必要がなくなった。この口コミを詳しく見る,口で交通費の処理をしなくて良くなった。あらかじめ登録してあるものから選べてミスが起こりにくい。楽楽精算の改善してほしい点区間選択をする際の切り替えが途中で切れてしまって見づらいので見やすくなるとよりわかりやすくなると思う。システムの不具合がありましたか？ないです。楽楽精算導入で得られた効果・メリット期日までにまとめて処理ができるので楽になった。小口から出金しないためお金のミスや両替などする必要がなくなった。
1216,2022/02/15,とにかく操作が簡単です。携帯のアプリで領収書を読み込む機能があるので、領収書が必要な経費精算も楽々こなせます。,電車の経費を精算する際に毎回駅を選んだら往復片道などを選択するのがめんどくさい。基本的に往復で設定するなど一括でできる機能が欲しい。システムの不具合がありましたか？特になし,自分が申請した内容を振り返ることもできるので精算漏れもなく、お金の動きが可視化できるので、無駄に交通費がかかってしまうことがなくなった。,経費精算を考えているならまず楽楽精算から始めて欲しい！簡単なので！
1217,2022/02/14,交通費はスイカで簡単に申請できるし、レシート系はスマホで写メを撮れば良いので楽になったこと。外出先の空き時間に申請できるのが良い。,導入するときの手間が凄くて大変だった。もう少し設定方法が楽だと良いかと思う。アプリは便利だが、パソコンからだと操作しづらいのも難点。,今までは精算において、なんでも紙で管理していて紛失することもあって大変だっだけど、写メやデータで入力できるので確認したい時にすぐにできるのも良い。この口コミを詳しく見る,イカで簡単に申請できるし、レシート系はスマホで写メを撮れば良いので楽になったこと。外出先の空き時間に申請できるのが良い。楽楽精算の改善してほしい点導入するときの手間が凄くて大変だった。もう少し設定方法が楽だと良いかと思う。アプリは便利だが、パソコンからだと操作しづらいのも難点。楽楽精算導入で得られた効果・メリット今までは精算において、なんでも紙で管理していて紛失することもあって大変だっだけど、写メやデータで入力できるので確認したい時にすぐにできるのも良い。
1218,2022/02/14,このシステムを使用すれば出張旅費や経費の精算などすべてシステム上で行えます。承認者へも自動的にメールで承認依頼が送られるので紙での処理がなくなりました。,交通費の精算のときに往復で入れる場合であっても往路と復路、2回とも訪問先への目的を入力する必要があったかと思いますが、往復で1回の入力で済むといいと思います。システムの不具合がありましたか？特にありません。,ユーザー側としては紙での処理がなくなったことが大きいです。また交通費の計算などもWEB上で自動検索の上金額を入力でき効率よく処理できるようになりました。,基本的な機能をおさえた経理システムをお探しの場合とてもいいと思います。
1219,2022/02/14,入力者の段階でエラーチェックがしっかりでき、差戻しや修正といった無駄なやりとりが減り、結果業務改善につながった。,領収証の取り込みで、手修正ができるためか同じ領収証で申請可能。領収証が多い精算者の場合、確認作業が大変。,出張の帰りの新幹線等の移動時間にも経費申請できるので、従業員の精算頻度が増え、月末に精算が偏りが減った。この口コミを詳しく見る,階でエラーチェックがしっかりでき、差戻しや修正といった無駄なやりとりが減り、結果業務改善につながった。楽楽精算の改善してほしい点領収証の取り込みで、手修正ができるためか同じ領収証で申請可能。領収証が多い精算者の場合、確認作業が大変。楽楽精算導入で得られた効果・メリット出張の帰りの新幹線等の移動時間にも経費申請できるので、従業員の精算頻度が増え、月末に精算が偏りが減った。
1220,2022/02/14,どこにいたとしても、PCやスマートフォンがあれば簡単にログイン・申請することが可能。ミスがあった場合もすぐに修正することが出来る。在宅勤務が増えたため、場所にとらわれず使用することが出来る点がとても便利。,交通費申請では業務内容やカテゴリーを選択する箇所があり、特にカテゴリーがかなり細かく設定されていたため、慣れるまでは確認しながらの申請となり以前より余計に時間がかかってしまった。システムの不具合がありましたか？今のところ特にありません。,出張が多い部署のため、月末になると移動区間ごとの料金をネットで調べ、自社のフォーマットへ入力、それを紙で出力するという面倒な作業が発生していたが、システム導入後はそれらが不要となった。乗換案内機能が入っているため、移動区間を検索し、自身が使った経路を選択することで自動的に内容に反映されるためミスも発生しなくなった。この口コミを詳しく見る,としても、PCやスマートフォンがあれば簡単にログイン・申請することが可能。ミスがあった場合もすぐに修正することが出来る。在宅勤務が増えたため、場所にとらわれず使用することが出来る点がとても便利。楽楽精算の改善してほしい点交通費申請では業務内容やカテゴリーを選択する箇所があり、特にカテゴリーがかなり細かく設定されていたため、慣れるまでは確認しながらの申請となり以前より余計に時間がかかってしまった。システムの不具合がありましたか？今のところ特にありません。楽楽精算導入で得られた効果・メリット出張が多い部署のため、月末になると移動区間ごとの料金をネットで調べ、自社のフォーマットへ入力、それを紙で出力するという面倒な作業が発生していたが、システム導入後はそれらが不要となった。乗換案内機能が入っているため、移動区間を検索し、自身が使った経路を選択することで自動的に内容に反映されるためミスも発生しなくなった。
1221,2022/02/14,昔は精算は紙の用紙で行っていました。それから電子での精算となりましたが、やり方がややこしくて面倒で大嫌いな作業でした。昨年から会社が楽楽精算を導入して、やはり最初は面倒でしたがやってみるととても簡単！,特に改善してほしい点は思い浮かばないのですが、電車賃の精算時にパスモ使用かそうじゃないか、の区別が出来ると良いなと（既に出来てたらすみません）思います。システムの不具合がありましたか？今のところ特にありません。,今まで面倒で少額のものは精算していなかったりしましたが、今はキチンと出来ていて助かっています。簡単に精算出来るのでお小遣いが増えた気がします。,PCでの精算が苦手な人でもとても楽になります。特にオジサンにお勧め！です。
1222,2022/02/14,管理者は、個人の簡単な情報を入力するだけでよく、あとは本人にパスワード管理させる。交通費精算は、定期券内の区間を入力するだけで、楽に管理ができる。,SuicaなどのICカードが利用できなくなることが度々あったが、担当者が分からずたらい回しになった。ICカードでの利用をもっと強化してほしい。システムの不具合がありましたか？ICカードの読み込み不能が何回かあった。PCを変えたり、OSを入れ替えたり自分たちで対処しなくてはならなかったので、教えてくれる担当が欲しかった,交通費精算を個人が意識してやるようになった。精算の申請期限があるのも良い点だと思う。毎日やるクセがついてよかった。この口コミを詳しく見る,個人の簡単な情報を入力するだけでよく、あとは本人にパスワード管理させる。交通費精算は、定期券内の区間を入力するだけで、楽に管理ができる。楽楽精算の改善してほしい点SuicaなどのICカードが利用できなくなることが度々あったが、担当者が分からずたらい回しになった。ICカードでの利用をもっと強化してほしい。システムの不具合がありましたか？ICカードの読み込み不能が何回かあった。PCを変えたり、OSを入れ替えたり自分たちで対処しなくてはならなかったので、教えてくれる担当が欲しかった楽楽精算導入で得られた効果・メリット交通費精算を個人が意識してやるようになった。精算の申請期限があるのも良い点だと思う。毎日やるクセがついてよかった。
1223,2022/02/14,精算を承認する側ですが、会社によって使い方を工夫すれば様々な使い方ができるところがとても良いです。精算業務がとても楽になりました。,領収書を読み取るときに手書きだったり文字数が多いと上手く読み取れないことがあり、読み取り機能がもう少し良くなると更にいいと思います,社員の精算で事務所に戻らないとできなかった業務が、自宅でもどこでも携帯ひとつで簡単にできるようになったので、効率化に繋がったのと無駄な残業などが減った。,精算も承認もわかりやすい使いやすいです
1224,2022/02/14,全体的に使いやすいが、特筆すべきは一時保管機能があること。交通費は忘れやすいので、当日に入力を心掛けているが以前使用していた精算システムはこの一時保管機能がなく、その都度経理に申請していたが何か気がひける。よってシステムがあるにもかかわらず別紙を作成して交通費を管理するという非効率性であった。,アフターサービスの検証、有事の際のサポートがどのようなものであるかであるが、幸か不幸か有事の際が今までない。システムの不具合がありましたか？特になし,交通費の精算のための申請漏れを減らすことができた。また、経理もその都度精算による経費精算処理を大幅に減らすことができた。以前利用していた製品の解約理由一時保管機能がないので、その都度申請しなくてはならず気が引ける,使いやすいシステムで、非常にシンプルで経理にも負担が少ない。
1225,2022/02/14,会社で会計をしていますが、毎回毎回領収書を計算、確認作業が本当に大変で、時間もかかる上他の仕事が出来なかったのが今では嘘のように簡単に作業ができている点,特にサービスの改善してほしい点はないですが、会計などで慣れている人には分かりやすいと思いますが、会計初心者には説明確認作業が必要なところ。,今まで月末締めまでにたくさんの領収書を日毎にまとめて、分類分けし入力、計算、確認作業と大幅に時間をとられていましたが、今では残業なしで帰宅できている事。この口コミを詳しく見る,をしていますが、毎回毎回領収書を計算、確認作業が本当に大変で、時間もかかる上他の仕事が出来なかったのが今では嘘のように簡単に作業ができている点楽楽精算の改善してほしい点特にサービスの改善してほしい点はないですが、会計などで慣れている人には分かりやすいと思いますが、会計初心者には説明確認作業が必要なところ。楽楽精算導入で得られた効果・メリット今まで月末締めまでにたくさんの領収書を日毎にまとめて、分類分けし入力、計算、確認作業と大幅に時間をとられていましたが、今では残業なしで帰宅できている事。
1226,2022/02/14,クラウドなので会社にいなくても手持ちのスマートフォンなどで経費精算が出来る。領収書などもカメラでスキャンする事で経費精算に紐づけできる。電子帳票保存法オプションを採用した場合、領収書なども破棄できる。,GUIが見にくいです。もう少しデザインにも拘って欲しいです。若干動作が重い時があります。人数やデータが増えた場合が若干不安です。システムの不具合がありましたか？システムやサービスの不具合・トラブルはありませんでした。,営業部門は外回りが多いい為、営業所に戻ってきてから精算処理をしていましたが、クラウドの楽楽精算を導入してからは出先でも精算処理が出来るようになり、残業が減少しました。,営業部門に精算処理をさせる場合は最適化かと思います。
1227,2022/02/14,昔はペーパーの申請書を使って精算していましたが、楽楽精算を使うようになってから入力誤りがあった時は自動で間違っている箇所を教えてくれるので書き直しにかかる時間が無くなりました。,乗り換え案内との連携ができるのですが思った経路が検索で出てこずに手入力をすることもあります。乗り換え案内の検索結果から転記して経路情報や金額の修正ができれば良いと思いました。,ICカード連携などもできるので情報を入力する手間も省けて時間短縮になっています。友人の会社では経費情報を手入力していると聞いたのでICカード連携で入力の手間すら省けるのは時短の面でメリットかと思いました。この口コミを詳しく見る,ーの申請書を使って精算していましたが、楽楽精算を使うようになってから入力誤りがあった時は自動で間違っている箇所を教えてくれるので書き直しにかかる時間が無くなりました。楽楽精算の改善してほしい点乗り換え案内との連携ができるのですが思った経路が検索で出てこずに手入力をすることもあります。乗り換え案内の検索結果から転記して経路情報や金額の修正ができれば良いと思いました。楽楽精算導入で得られた効果・メリットICカード連携などもできるので情報を入力する手間も省けて時間短縮になっています。友人の会社では経費情報を手入力していると聞いたのでICカード連携で入力の手間すら省けるのは時短の面でメリットかと思いました。
1228,2022/02/13,出張や交通費の申請がとても楽です。以前は申請で紙を出していて用意が煩わしくストレスでした。業務必要な資格取得などで出張することもあるため重宝しています。,全体的にボタンサイズが小さめなので押し間違いが発生する。個人的にボタンサイズをもう少し大きくしてくれるとありがたい,ウェブで完結するのが大きい。入社した時は何をするにも紙での申請が必要でした。資格取得をしたいが交通費等の申請が面倒ということが多かったですが、そのストレスが消えて自由にできるようになりました。効率化とはこういうことかと思いました。この口コミを詳しく見る,費の申請がとても楽です。以前は申請で紙を出していて用意が煩わしくストレスでした。業務必要な資格取得などで出張することもあるため重宝しています。楽楽精算の改善してほしい点全体的にボタンサイズが小さめなので押し間違いが発生する。個人的にボタンサイズをもう少し大きくしてくれるとありがたい楽楽精算導入で得られた効果・メリットウェブで完結するのが大きい。入社した時は何をするにも紙での申請が必要でした。資格取得をしたいが交通費等の申請が面倒ということが多かったですが、そのストレスが消えて自由にできるようになりました。効率化とはこういうことかと思いました。
1229,2022/02/13,外出が多い為、交通費の精算をすることに時間を要しており面倒だった。交通ＩＣカードから読み込みができるのはとても便利です。承認ルートの事前設定が出来る点も便利です。,特にありませんが、若干画面全体が横広く余白が多いため書く項目が小さくなりがちなようには感じております。,会計のシステムに仕訳を今までは手入力していましたが、楽楽精算から仕訳データをダウンロードしてそのままシステムにアップロードできるようになり、計上ミスなど大幅に削減することができました。この口コミを詳しく見る,為、交通費の精算をすることに時間を要しており面倒だった。交通ＩＣカードから読み込みができるのはとても便利です。承認ルートの事前設定が出来る点も便利です。楽楽精算の改善してほしい点特にありませんが、若干画面全体が横広く余白が多いため書く項目が小さくなりがちなようには感じております。楽楽精算導入で得られた効果・メリット会計のシステムに仕訳を今までは手入力していましたが、楽楽精算から仕訳データをダウンロードしてそのままシステムにアップロードできるようになり、計上ミスなど大幅に削減することができました。
1230,2022/02/13,紙で判子を押して行っていた交通費精算や経費が、スマホでいつでもどこでも請求できるようになったのがとても便利。,勘定科目名の表記が小さく分かりづらい。直感的に選択しにくくどの経費にしたらいいかすこし分かりづらい時もある,今までは精算が紙媒体で内容が合っているかなどチェックするのに大幅な時間を要してたのが、10分の１に短縮でき効率化ができた。この口コミを詳しく見る,押して行っていた交通費精算や経費が、スマホでいつでもどこでも請求できるようになったのがとても便利。楽楽精算の改善してほしい点勘定科目名の表記が小さく分かりづらい。直感的に選択しにくくどの経費にしたらいいかすこし分かりづらい時もある楽楽精算導入で得られた効果・メリット今までは精算が紙媒体で内容が合っているかなどチェックするのに大幅な時間を要してたのが、10分の１に短縮でき効率化ができた。
1231,2022/02/13,タイトルの通り。特に電車移動の多い私は乗り換え案内ですぐに自分が乗った電車の経路、運賃などが出るのが楽で使いやすい。,UIが古いと感じる。直感的に操作できない。毎回どうやるんだっけと思い出す作業がある。経理系なので仕方ないかもしれないが、選択する科目が多く、専門知識のない自分にはその見分けがつかない。,以前使っていたサービスよりも格段早く申請することができるようになり、経費精算を諦めなくなった。そのおかげで交通費を無駄にすることがなくなった。この口コミを詳しく見る,通り。特に電車移動の多い私は乗り換え案内ですぐに自分が乗った電車の経路、運賃などが出るのが楽で使いやすい。楽楽精算の改善してほしい点UIが古いと感じる。直感的に操作できない。毎回どうやるんだっけと思い出す作業がある。経理系なので仕方ないかもしれないが、選択する科目が多く、専門知識のない自分にはその見分けがつかない。楽楽精算導入で得られた効果・メリット以前使っていたサービスよりも格段早く申請することができるようになり、経費精算を諦めなくなった。そのおかげで交通費を無駄にすることがなくなった。
1232,2022/02/13,領収書やレシートなどの紙での提出をアプリ（オンライン上）でできるので、ペーパーレス、業務の効率化になる。PC、スマホともに操作ができる。特にスマホだと会社でなくとも処理ができるので、非常に使いやすい。,交通費の請求で、モバイルSuicaのスクリーンショットを添付しようとしたら、ファイルの拡張子（PNGファイル）が対応していなかったので、画像のファイルの種類や容量などをもう少し幅広く取り扱ってほしい。システムの不具合がありましたか？トラブルや不具合は特に無し。,今までは領収書やレシートなどを社内の規定書面と同封して人事に提出していたが、楽楽精算を活用することにより、紙で提出する煩わしさ、面倒なひと手間が無くなったので、ストレスが減少した。また、データの管理になるため、提出する側、確認する側ともにいつ利用して提出したのかという履歴も残るので、管理がしやすくなった。,PCやスマホを会社で利用しているのであれば、これを機に脱アナログで楽楽精算を導入してみて下さい。
1233,2022/02/13,会社の経費、交通費計算に使用しているが、乗り換え案内から経由して計算できて、経費の計上が見えやすい。,マイパターンというのが登録できるが、pcでしか並び替えできない。iPadなどでもできるようにしてほしい。システムの不具合がありましたか？特に無し。,これが導入されるまでは、全て紙に書いて、逐一それを毎月印刷してしかもそれを本社に郵送していたが、社のiPadに楽楽精算が導入されてからは、書き込み送信ボタンを押すだけ！になった。,経費の軽減につながります。
1234,2022/02/13,職業柄出張が多く精算の頻度が高く、決裁書を提出するために出社がマストであったが、オンライン上で行えるようになり業務負担がかなり減少しました。直感的に入力できるUＩで使い勝手も良く、精算の時間削減につながっています。,モバイルアプリも使用しているが、UIはじめ使い勝手があまり良くなく、PCメインで使っている。モバイル版の使いやすさを改善してもらうと、さらなる業務改善につながると思う。,このサービスにより完全に紙の申請からオンラインに切り替わった。紙申請で分かりにくかったワークフローや承認状況も一目瞭然のため役立っている。この口コミを詳しく見る,が多く精算の頻度が高く、決裁書を提出するために出社がマストであったが、オンライン上で行えるようになり業務負担がかなり減少しました。直感的に入力できるUＩで使い勝手も良く、精算の時間削減につながっています。楽楽精算の改善してほしい点モバイルアプリも使用しているが、UIはじめ使い勝手があまり良くなく、PCメインで使っている。モバイル版の使いやすさを改善してもらうと、さらなる業務改善につながると思う。楽楽精算導入で得られた効果・メリットこのサービスにより完全に紙の申請からオンラインに切り替わった。紙申請で分かりにくかったワークフローや承認状況も一目瞭然のため役立っている。
1235,2022/02/13,これまでは社内の請求書、立替払いの精算システムとしてBizインテグラルを使用していた。楽楽精算への変更理由は、経理側での手間削減のための導入との説明があった。利用者側でのBizインテグラルの一番の不満点として、ワークフローで提出した書類をキャンセルしようとしたときに、３回くらい画面を処理する必要（取りやめ、差戻、削除だったかな？）があったことである（１回の処理のたびに待ち時間でアイコンがクルクルしててそれがまたうっとおしかった）。楽楽精算は一発でキャンセルできるので、その点のイライラがなくなった。,サービス自体の問題ではなく法律上の問題なのかもしれないが、結局レシートや請求書類は紙で提出している。これも電子データで完結できればさらに便利になる。システムの不具合がありましたか？今のところトラブルはありません。,レシートをスマホで撮影してある程度読み取ってくれるので手入力の手間が減った。スマホにも対応しており、移動中などに精算処理できる（最近出張がないが）。以前のサービスでは、ワークフローの書類を印刷しそれにレシートを留めて、さらに自分のハンコ、上長のハンコをもらって経理に提出していた。楽楽精算になった後は、レシートの提出だけで済んでおり紙と手間がかなり削減された。以前利用していた製品の解約理由Biz∫（ビズインテグラル）から変更。楽楽精算と同様にワークフロー形式での旅費、立替払いで使用していた。利用者側では特に不満はなかったが、経理側の手間が大きかったため変更したとのこと。この口コミを詳しく見る,社内の請求書、立替払いの精算システムとしてBizインテグラルを使用していた。楽楽精算への変更理由は、経理側での手間削減のための導入との説明があった。利用者側でのBizインテグラルの一番の不満点として、ワークフローで提出した書類をキャンセルしようとしたときに、３回くらい画面を処理する必要（取りやめ、差戻、削除だったかな？）があったことである（１回の処理のたびに待ち時間でアイコンがクルクルしててそれがまたうっとおしかった）。楽楽精算は一発でキャンセルできるので、その点のイライラがなくなった。楽楽精算の改善してほしい点サービス自体の問題ではなく法律上の問題なのかもしれないが、結局レシートや請求書類は紙で提出している。これも電子データで完結できればさらに便利になる。システムの不具合がありましたか？今のところトラブルはありません。楽楽精算導入で得られた効果・メリットレシートをスマホで撮影してある程度読み取ってくれるので手入力の手間が減った。スマホにも対応しており、移動中などに精算処理できる（最近出張がないが）。以前のサービスでは、ワークフローの書類を印刷しそれにレシートを留めて、さらに自分のハンコ、上長のハンコをもらって経理に提出していた。楽楽精算になった後は、レシートの提出だけで済んでおり紙と手間がかなり削減された。以前利用していた製品の解約理由Biz∫（ビズインテグラル）から変更。楽楽精算と同様にワークフロー形式での旅費、立替払いで使用していた。利用者側では特に不満はなかったが、経理側の手間が大きかったため変更したとのこと。
1236,2022/02/13,領収書を写真で撮っておくだけで、出先でも経費申請ができる点。従来は台紙を印刷、領収書原紙の添付が必須であったが、楽楽精算の導入後ペーパーレス申請が可能となり利便性が向上したと感じた。,領収書の登録画面と経費申請画面のどたらも『支払い先』の記入を求められる。二重作業となる為、自動で反映されるようにして欲しい。,データで領収書を管理するようになり、領収書を紛失してしまった際の自腹リスクが無くなった。スマホアプリでの運用のため申請履歴も手軽に確認でき、申請漏れの防止にも繋がっている。,領収書を撮影しデータ化。金額も自動読込。
1237,2022/02/13,会社にて交通費・経費精算に活用しています。交通費に関しては区間ルートや金額の計算は乗り換え案内的な機能がついており、そこから簡単に検索、設定が出来るので楽です。また、定期区間は自動反映されるなどの機能も入力がスムーズでとてもよいです。,特定のルートを営業日分一括反映ができるとさらに楽でいいなと思います。一括で入力した後に在宅ワークの日の分は削除するなどができると非常に入力が楽です。また承認された後の差し戻しができないのが少し不便。,費用精算の入力から承認までを行えるので、個人の月初作業の一部としてはかなり工数削減ができていてありがたいです。本来の目的ではないですが、管理者側としては各自の営業活動ボリュームの把握にも役立っています。この口コミを詳しく見る,通費・経費精算に活用しています。交通費に関しては区間ルートや金額の計算は乗り換え案内的な機能がついており、そこから簡単に検索、設定が出来るので楽です。また、定期区間は自動反映されるなどの機能も入力がスムーズでとてもよいです。楽楽精算の改善してほしい点特定のルートを営業日分一括反映ができるとさらに楽でいいなと思います。一括で入力した後に在宅ワークの日の分は削除するなどができると非常に入力が楽です。また承認された後の差し戻しができないのが少し不便。楽楽精算導入で得られた効果・メリット費用精算の入力から承認までを行えるので、個人の月初作業の一部としてはかなり工数削減ができていてありがたいです。本来の目的ではないですが、管理者側としては各自の営業活動ボリュームの把握にも役立っています。
1238,2022/02/13,交通費や日々の経費精算だけではなく、項目さえ作ってしまえば冠婚葬祭の費用決済なども簡単に精算できます！,操作自体は簡単だが、初めて使用してすぐ使えるようになるわけではなく、精算項目も多岐にわたるので何度か使用方法を教えてもらわなくてはいけなかったことシステムの不具合がありましたか？これまで特にトラブルはない,入籍した後お祝い金を精算したが、簡単な操作方法のため上司に電話で教えて貰いながら容易に請求することができた。この口コミを詳しく見る,々の経費精算だけではなく、項目さえ作ってしまえば冠婚葬祭の費用決済なども簡単に精算できます！楽楽精算の改善してほしい点操作自体は簡単だが、初めて使用してすぐ使えるようになるわけではなく、精算項目も多岐にわたるので何度か使用方法を教えてもらわなくてはいけなかったことシステムの不具合がありましたか？これまで特にトラブルはない楽楽精算導入で得られた効果・メリット入籍した後お祝い金を精算したが、簡単な操作方法のため上司に電話で教えて貰いながら容易に請求することができた。
1239,2022/02/13,利用者が送信すると管理者がすぐに確認して精算がスムーズにできます。利用者が精算申請をしてからのタイムロスが少なくて済む。,履歴閲覧をもっとわかりやすくしてほしい。1つずつ確認しないといけないので、一目でいつ何の申請をしたか見やすくしてほしい。,今までは仕事場の手当の精算は手書きで行われていました。1年半前から楽楽精算に変わり、時間の短縮ができ、短縮できた時間を他の業務に使えます。この口コミを詳しく見る,信すると管理者がすぐに確認して精算がスムーズにできます。利用者が精算申請をしてからのタイムロスが少なくて済む。楽楽精算の改善してほしい点履歴閲覧をもっとわかりやすくしてほしい。1つずつ確認しないといけないので、一目でいつ何の申請をしたか見やすくしてほしい。楽楽精算導入で得られた効果・メリット今までは仕事場の手当の精算は手書きで行われていました。1年半前から楽楽精算に変わり、時間の短縮ができ、短縮できた時間を他の業務に使えます。
1240,2022/02/13,名前の通り、交通費等の経費精算を楽にできるようになる。経路の登録や交通費の算出等が便利。Web上で完結するのが良い点。,パスワードやログインが忘れやすくすこぶる面倒なので、可能な限りログイン状態を維持してくれるとありがたいと思った。,紙の領収書などの書類郵送が不要となるため、経費精算による出社が不要となる。単純に郵送コストも減少する。この口コミを詳しく見る,、交通費等の経費精算を楽にできるようになる。経路の登録や交通費の算出等が便利。Web上で完結するのが良い点。楽楽精算の改善してほしい点パスワードやログインが忘れやすくすこぶる面倒なので、可能な限りログイン状態を維持してくれるとありがたいと思った。楽楽精算導入で得られた効果・メリット紙の領収書などの書類郵送が不要となるため、経費精算による出社が不要となる。単純に郵送コストも減少する。
1241,2022/02/13,これまでは伝票処理を紙ベースを使い行っていましたが、ネットワークで一括処理できるようになり決済も画面上で確認でき管理がラクになりました。,設定で変えられるのかわかりませんが、インターフェースが全体的に小さく感じます。また、画面遷移が多いので１画面で完了できれば尚良いかもしれません。,総務経理部署が在事業所と拠点が違う為、処理に時間もかかり何かと手間も発生しておりました。経理処理も何かと業務時間を食われる部分でしたが解消された感はあります。この口コミを詳しく見る,伝票処理を紙ベースを使い行っていましたが、ネットワークで一括処理できるようになり決済も画面上で確認でき管理がラクになりました。楽楽精算の改善してほしい点設定で変えられるのかわかりませんが、インターフェースが全体的に小さく感じます。また、画面遷移が多いので１画面で完了できれば尚良いかもしれません。楽楽精算導入で得られた効果・メリット総務経理部署が在事業所と拠点が違う為、処理に時間もかかり何かと手間も発生しておりました。経理処理も何かと業務時間を食われる部分でしたが解消された感はあります。
1242,2022/02/13,交通費の精算などがまとめてできるのが便利である。また、毎月同じ精算や請求に対し、簡略化できる点が良い。,導入時の設定が複雑な為、カスタマイズがし辛い。また、プランにもよるがサポートが乏しい点を改善してほしい(メールの為、レスポンスが遅い)。,多くの申請がまとめて行える為、申請&承認する側が楽であり、時間削減となった。また、入力が簡単でミスが減った。この口コミを詳しく見る,算などがまとめてできるのが便利である。また、毎月同じ精算や請求に対し、簡略化できる点が良い。楽楽精算の改善してほしい点導入時の設定が複雑な為、カスタマイズがし辛い。また、プランにもよるがサポートが乏しい点を改善してほしい(メールの為、レスポンスが遅い)。楽楽精算導入で得られた効果・メリット多くの申請がまとめて行える為、申請&承認する側が楽であり、時間削減となった。また、入力が簡単でミスが減った。
1243,2022/02/13,従来は指定フォーム(エクセル)に金額を入力→印刷→上職者の印を貰う→経理担当へ用紙を郵送(駐在勤務の為、用紙を郵送する必要があった)→経理担当者の承認が下りた後、交通費が振り込まれる仕組みでした。その為、交通費の振り込みまで1週間以上かかるケースがある上、新型コロナウイルス感染症で在宅勤務が増えた影響で、経理課へ上職者押印済みフォームを送付する事が困難な状況でした。しかし、この製品を導入した事により、在宅勤務でもすべて電子で手続きが完了でき、また、会社携帯にこの製品のアプリを取り込む事により、ICカードを携帯にかざすだけで、履歴が自動的に反映される為、交通費の入力も行う事なく、かなり精算が楽になりました。,ICカードを携帯にかざすだけで履歴を取り込む点は良いですが、最近はICカードではなく、携帯や時計(AppleWatch等)をICカード代わりに使用している(携帯PASMOや携帯Suica）方も増えてきている為、そのような方でも履歴がすぐに取り込める仕組みになれば良いと思います。システムの不具合がありましたか？特になし。,交通費の精算に時間を取られる事が極端に少なくなり、本来の業務(営業活動）に集中できるようになりました。また、自動で履歴が取り込める為、エクセル時代にあった入力ミスがなくなりました。,交通費精算業務を効率化したい方はお薦めです。
1244,2022/02/13,画面がシンプルなので、やりやすい。出勤場所が変わる度に通勤申請をその都度用紙に記入して送っていたので、それがタブレットで申請出来るようになった。そして管理部からの申請が降りるまで早くなった,最初に扱う時は説明書を読む手間があったので、YouTubeに挙げるなど動画にしてわかりやすく解説してほしかった。システムの不具合がありましたか？初回に操作方法に苦戦した程度で特に問題なし,以前は精算の管理をしているところへ申請用紙を書いて別の施設にある管理部へ送らないといけなかったが、その手間がパソコンで管理出来るようになり助かったこの口コミを詳しく見る,プルなので、やりやすい。出勤場所が変わる度に通勤申請をその都度用紙に記入して送っていたので、それがタブレットで申請出来るようになった。そして管理部からの申請が降りるまで早くなった楽楽精算の改善してほしい点最初に扱う時は説明書を読む手間があったので、YouTubeに挙げるなど動画にしてわかりやすく解説してほしかった。システムの不具合がありましたか？初回に操作方法に苦戦した程度で特に問題なし楽楽精算導入で得られた効果・メリット以前は精算の管理をしているところへ申請用紙を書いて別の施設にある管理部へ送らないといけなかったが、その手間がパソコンで管理出来るようになり助かった
1245,2022/02/13,今まで、経費精算は、電車やバスの金額を別のツールで調べていたが、調べる仕組みがあるため、ツール内で完結できる。,レシートや領収書などの、金額がわかる資料は、紙に貼り付けて、提出しないといけないので、ツール内に電子化できる仕組みがあるといい。,上長や経理担当者に持って行って、承認印をもらう必要があったか、入力後に、電子データで送る事が出来るのて、いつでも提出出来るようになり、歩行などのムダが無くなった。この口コミを詳しく見る,費精算は、電車やバスの金額を別のツールで調べていたが、調べる仕組みがあるため、ツール内で完結できる。楽楽精算の改善してほしい点レシートや領収書などの、金額がわかる資料は、紙に貼り付けて、提出しないといけないので、ツール内に電子化できる仕組みがあるといい。楽楽精算導入で得られた効果・メリット上長や経理担当者に持って行って、承認印をもらう必要があったか、入力後に、電子データで送る事が出来るのて、いつでも提出出来るようになり、歩行などのムダが無くなった。
1246,2022/02/13,経費精算は、以前は入力したフォーマットをプリントアウトして、更にハンコ押して、上司のハンコを押印してもらっていました。提出したのちは現金精算でしたので、経理部は毎日小口現金から出金する必要がありました。それが、楽々精算を導入してから、経費は入力申請に変わり、振り込み精算に変わりました。コロナ禍の現在において、在宅勤務でも経費精算ができて便利です。また、経路のパターン登録もできるので、使用頻度の多い交通費精算は登録しておけば入力が簡単です。,領収証はPDFで添付できるのですが、在宅勤務でパソコンでPDF化するのが難しいです。また、振り込み精算に変わったので、銀行やATMに引き出しに行く必要があります。手数料かからない時間帯に引き出しに行くのが面倒というか、しいて言えば困ったところです。システムの不具合がありましたか？トラブルは聞いたことがないです。たまに間違えると、差し戻しされますけど。,経理の仕事が簡素化されました。そして現金を申請者に手渡したのちに受領のハンコを押印してもらう雑務がなくなりました。また小口現金も各支店で大金を持たずに済むので、支店間の現金振り込みも金額が減りました。,在宅勤務には便利です。
1247,2022/02/13,経費精算や手当の申請などを行う際に、以前であればいちいち該当する規程や適用表などを参照していたので見落としや誤認が発生する可能性があり、従って時間がかかって面倒だった。楽楽精算にしてからは自動的にそれらが適用されるので非常に効率的で正確になった。,担当部署の怠慢もあったと思うが、導入に1年以上かかったし、トライアル期間（紙と併用）も結局２カ月。自分は単なる社内ユーザーだが、導入のハードルが高かったと思われる。サポートが足りない？システムの不具合がありましたか？特にトラブルは聞いていないし、ぽちった承認をやり直した経験も無いので上手くいっていると思われる。,在宅でもスムーズに申請、承認が進む。領収書の添付が税務署から免除されたりして（例えば低額なタクシー領収書）いるので、それも追い風になっているかと思う。紙で書類を作成して回覧するストレスが無いのが良い。,費用がどの位であったか知らないが、運用は問題ないので最初の導入体制をしっかり検討しておけばよいのでは。
1248,2022/02/13,出張費などの精算を全て、電子で行えるため紙で保管することが必要なくなり負担がとても少なくなった。上司の承認もパソコン場で可能。,上司の精算の承認が遅いことが1番な問題であるが、承認されず出張費が振り込まれないことがあるため、承認が遅れているときは追撃メール機能などあればいい。システムの不具合がありましたか？特になし,出張続きで本社に戻って出張費の精算などが経理の担当者にあってできないことが多かったが、楽楽精算を導入した事によって、出張先からでも精算を行うことが可能になった。,すぐに導入するべき
1249,2022/02/13,スマホアプリでも使え、移動中に経費精算が出来、帰社後に紙で申請を行なっていた時に比べ圧倒的な時短が実現可能。,使いやすさはメニュー構成によるところが大きいので、必要なフォームが何処に有るか一覧表示又は検索機能が欲しい。システムの不具合がありましたか？システムトラブルは無かった。,頻繁に使うルートや定期券情報を登録出来るので、毎回同じ入力が不要となり、書類作成が楽になった。また、駅の検索機能連携により料金の入力ミスも無くなった。,UIも使い易く、入力、承認、支給、全て省力化可能。
1250,2022/02/13,交通費の精算の際に、出発駅と到着駅を入力すると、様々な経路パターンと料金が自動で算出されるので、毎回どこで乗り換えたかなど調べる必要がないので時間短縮できる点です。,やり方がわからないだけなのかもしれないが、１週間や１ヶ月分まとめて申請できるようにしたい。毎回経路が同じだとまとめて入力する際面倒です。システムの不具合がありましたか？特にありません。,当製品を使用する以前は、Excelに就業時間や交通費の詳細を入力して、上司に確認していただいていたので、ファイルの作成することと上司に提出することがセットになり、間の時間と申請忘れが短縮できたこと。,一度やり方を覚えると、効率が良くなるのでIT分野以外の方でも就業時間や経費の精算に活用することを強くお勧めします。
1251,2022/02/13,スマートフォンで領収書を撮影して電子登録できる機能が便利です。また、交通系ICカードをスマートフォンのカードリーダーで読み取り、移動区間を選択して料金計算してくれるので、短時間で交通費精算できるようになりました。,定期的に同じ商品を購入して経費精算することがあるため、お気に入りの設定を登録できるようになると便利だと思います。,ECサイトで購入したショートの領収書をPDFで保存して、それをアップロードすることで、購入元や金額を自動的に入力してくれるので、経費処理にかかる時間が短縮されました。この口コミを詳しく見る,ォンで領収書を撮影して電子登録できる機能が便利です。また、交通系ICカードをスマートフォンのカードリーダーで読み取り、移動区間を選択して料金計算してくれるので、短時間で交通費精算できるようになりました。楽楽精算の改善してほしい点定期的に同じ商品を購入して経費精算することがあるため、お気に入りの設定を登録できるようになると便利だと思います。楽楽精算導入で得られた効果・メリットECサイトで購入したショートの領収書をPDFで保存して、それをアップロードすることで、購入元や金額を自動的に入力してくれるので、経費処理にかかる時間が短縮されました。
1252,2022/02/13,領収証からの自動取り込み機能が想像以上に良かったと感じた。オンラインで申請できるようになって便利になった,自社ルールかもしれないが、ルールに沿った領収証のファイル名の作成作業が面倒くさい。自動的に連動出来そう,出社せずに申請が可能になった点。上司に書類を持っていくひと手間がなくなったことはストレスが軽減したと感じたこの口コミを詳しく見る,の自動取り込み機能が想像以上に良かったと感じた。オンラインで申請できるようになって便利になった楽楽精算の改善してほしい点自社ルールかもしれないが、ルールに沿った領収証のファイル名の作成作業が面倒くさい。自動的に連動出来そう楽楽精算導入で得られた効果・メリット出社せずに申請が可能になった点。上司に書類を持っていくひと手間がなくなったことはストレスが軽減したと感じた
1253,2022/02/12,月に何度も出張に行くので、出張後の忙しいタイミングに行う出張精算にかかる時間が以前はかなりかかっていました。導入後は総務部とのやりとりもスムーズで簡略化されました！,精算を許可する側になったことがないのでそちらの意見は分かりませんが、精算を申請する側にとっては改善点など特にありません。システムの不具合がありましたか？特になし。,出張後に上司に内容を報告したり、資料作成したりタスクが山積みになる中で事務的な精算はつい後回しにしがちですが、楽楽精算を導入してから効率アップして億劫じゃなくなりました。,ロストタイムの削減！
1254,2022/02/12,何より安い。規模によるが中小企業なら数万円から開始できる点は非常に良い。法人カード明細の自動取り込み機能も効率化に役立つ。営業担当の対応も良い。いまだにExcel等のアナログ管理をしている会社は絶対に同サービスを導入した方がいい。,フロー等の設定が一定範囲しかできないなど、大企業が望むカスタマイズ性には対応できていない。そもそもターゲットが異なると思うが、強いて言うならもう少し柔軟なカスタマイズ性があればいいと思うが、現状でも十分満足している。システムの不具合がありましたか？ない。,経費精算のためにわざわざ会社に出向く必要がなくなった。特に多くの申請が飛んでくる承認者側の恩恵が大きい。,導入時および導入後も営業の方の対応も親切なのでおすすめです。
1255,2022/02/12,項目別のアイコンになっていてわかりやすい、使いやすい。交通費はアプリで読み込めるのでAppleWatchで使っている。Suicaも簡単に読み込める。,バスや地方の交通系がよみこめないので、その場合は手入力で乗り降り場所を選択して登録する必要がありますシステムの不具合がありましたか？途中で申請内容が保存されずに戻るボタンを押してしまった。自動保存があると良いと思う。,会社全体での交通費がエクセルで自己申告していたときより、だいぶ減ったらしいので、会社としてはメリットになっていると思う。また過去の出張内容なども履歴で見れるのでそれも良い。,経理は楽になると思う
1256,2022/02/12,社員が申請したら外部メールにもすぐに通知があり、PCが無くても承認をする事が出来るようになりました。申請者も領収書をスマホで撮影して申請したり、交通系のカードの利用履歴をスマホのカードリーダーを使い簡単に申請に反映させる事が出来るので、非常に便利になりました。,日当や手当の申請が項目が分かり辛くほとんどの社員が交通費の項目に一緒に計上します。又、手土産代などの精算も別の申請に分かれてしまい、１回の出張で何種類もの申請をしなければならないのは煩わしいので、この部分は改善して頂きたいです。システムの不具合がありましたか？特にありません。,出張が多くても移動中に申請が出来るので、精算を忘れることが少なくなります。交通費をいちいち調べなくてもカードを読み込めば利用金額が反映されるので、調べる時間が無くなり効率化に貢献出来ます。,使い慣れるまでは色々と不便に感じる事がありましたが、運用し出すとメリットの方が多いと感じます。精算忘れをする人が多いなら検討する価値はあると思います。
1257,2022/02/12,知り合いの会社の方に勧められました。今まで紙の経費精算書でしたが、移行してもほとんど問題がなかったので、誰にとっても操作が簡単な点が良いと思います。,おそらくまだ一部の機能しか使っていないので、改善してほしい点は特にありません。今後もっと便利になっていくと期待します。,全社員、出社することがなくなりリモートワークに移行したため、ペーパーレス化できたのが一番大きいと思います。紙だとファイリングなどの手間もありますがそれもなくなりました。この口コミを詳しく見る,会社の方に勧められました。今まで紙の経費精算書でしたが、移行してもほとんど問題がなかったので、誰にとっても操作が簡単な点が良いと思います。楽楽精算の改善してほしい点おそらくまだ一部の機能しか使っていないので、改善してほしい点は特にありません。今後もっと便利になっていくと期待します。楽楽精算導入で得られた効果・メリット全社員、出社することがなくなりリモートワークに移行したため、ペーパーレス化できたのが一番大きいと思います。紙だとファイリングなどの手間もありますがそれもなくなりました。
1258,2022/02/12,今までペーパーで行っていた内容がパソコンで出来るので便利。申請時に紙が必要な場合も印刷できる。各項目から内容を選べるので個人差が無くなる。,特に不満という不満は無いですが、領収書の読み込み機能があるとより良い。ほぼ同じ内容の申請が多いので前回のデータが記憶されていると良い。システムの不具合がありましたか？特になし,楽楽精算上での申請のため、以前は本社が一括して申請書（ペーパー）の処理を行なっていた為、郵送する手間と時間が掛かっていたが、それが無くなり社内の伝達が良くなり、承認までのスピードが格段に速くなった。この口コミを詳しく見る,パーで行っていた内容がパソコンで出来るので便利。申請時に紙が必要な場合も印刷できる。各項目から内容を選べるので個人差が無くなる。楽楽精算の改善してほしい点特に不満という不満は無いですが、領収書の読み込み機能があるとより良い。ほぼ同じ内容の申請が多いので前回のデータが記憶されていると良い。システムの不具合がありましたか？特になし楽楽精算導入で得られた効果・メリット楽楽精算上での申請のため、以前は本社が一括して申請書（ペーパー）の処理を行なっていた為、郵送する手間と時間が掛かっていたが、それが無くなり社内の伝達が良くなり、承認までのスピードが格段に速くなった。
1259,2022/02/12,インターフェースを見れば、やりたいことがどうすればできるのか、わかりやすくできていると思います。領収書を取り込むと日付や金額等自動で入力されるので、便利です。,勘定科目については手動で入力しています。領収書記載の品目から候補を挙げる機能があれば便利かと思います。,こちらのサービスを使用するまでは各事業所ごとに精算を行なっていましたが、導入後は全て本部とのやりとりて行うことができるようになりました。事業所の経理担当の負担がかなり軽減できているかと思います。この口コミを詳しく見る,ェースを見れば、やりたいことがどうすればできるのか、わかりやすくできていると思います。領収書を取り込むと日付や金額等自動で入力されるので、便利です。楽楽精算の改善してほしい点勘定科目については手動で入力しています。領収書記載の品目から候補を挙げる機能があれば便利かと思います。楽楽精算導入で得られた効果・メリットこちらのサービスを使用するまでは各事業所ごとに精算を行なっていましたが、導入後は全て本部とのやりとりて行うことができるようになりました。事業所の経理担当の負担がかなり軽減できているかと思います。
1260,2022/02/12,スタッフからの請求が非常に楽なので、経費申請の漏れが少ない。機械に弱くても使用でき、価格も安いので導入ハードルは低いと思われる。,カードと、個別の領収書の請求と二重に請求されることがあるので、結局紙と突合する作業は必要になる。カードの申請も、経理側からすると少しわかりにくい。システムの不具合がありましたか？特に不具合というほどのことはなかった。,清算漏れがないこと、仕訳連携ができることで作業は明らかに効率化し、月次のタイミングに確実に間に合うようになった。,作業がシンプルで負担が少ないです
1261,2022/02/12,私が勤めている企業では以前まで、出張旅費や宿泊費を紙ベースで経費申請・経費精算していましたが、このサービスを導入したことで紙の印刷や郵送などの手間が省けました。,従業員数ではなく、利用回数で料金を決めて欲しい。出張に行かない社員などは経費申請の回数も少なく、そういった社員に対してはこのサービスに余分にコストがかかってしまっているので。,電子書面になったことで、書き間違いや印鑑のかすれ・ズレによる訂正や紙の再印刷がなくなり、修正の時間短縮と紙の節約というメリットが得られました。この口コミを詳しく見る,いる企業では以前まで、出張旅費や宿泊費を紙ベースで経費申請・経費精算していましたが、このサービスを導入したことで紙の印刷や郵送などの手間が省けました。楽楽精算の改善してほしい点従業員数ではなく、利用回数で料金を決めて欲しい。出張に行かない社員などは経費申請の回数も少なく、そういった社員に対してはこのサービスに余分にコストがかかってしまっているので。楽楽精算導入で得られた効果・メリット電子書面になったことで、書き間違いや印鑑のかすれ・ズレによる訂正や紙の再印刷がなくなり、修正の時間短縮と紙の節約というメリットが得られました。
1262,2022/02/11,様々な申請が簡単に出来て楽です。承認・非承認がメールで来るし、一時保存や、前回の申請のコピーを使うことも出来るので申請しやすい。,発生時間などを記載する際、営業時間が29時までだが、24時間での申請しか出来ず、営業日のズレが発生してしまうので、困ります。システムの不具合がありましたか？特にありません。,申請からの一次承認者、二次承認者と決裁がデータ上で出来るので書面による郵送など不要なため、紙や印刷代・郵送費など削減でき、スムーズな申請承認が可能となった。,決裁だけでなく申請内容の不備による差し戻しなどもメールと連動するのでスピーディな対応ができるようになります。
1263,2022/02/11,領収書と経費の精算は簡単に出来て良いポイントかなと思います。あとは写真で取って読み取ってもらうだけなので楽です。,反対にレシートなど、写真でいちいち取ってからの、いちいちパソコンで打ち直してーってところが、ひと手間です。,領収書の画像を撮影するときかアップするときに、自動で最小化できてほしい。Wi-Fiないところでアップしたら通信容量をいっぱい使われてしまって..会社から携帯の支給がない、容量もそんな大きな契約してない人のことも考えたアプリ設計も必要だと思います。この口コミを詳しく見る,費の精算は簡単に出来て良いポイントかなと思います。あとは写真で取って読み取ってもらうだけなので楽です。楽楽精算の改善してほしい点反対にレシートなど、写真でいちいち取ってからの、いちいちパソコンで打ち直してーってところが、ひと手間です。楽楽精算導入で得られた効果・メリット領収書の画像を撮影するときかアップするときに、自動で最小化できてほしい。Wi-Fiないところでアップしたら通信容量をいっぱい使われてしまって..会社から携帯の支給がない、容量もそんな大きな契約してない人のことも考えたアプリ設計も必要だと思います。
1264,2022/02/11,今まで精算処理を紙ベースで行っていたが、楽々精算導入により、ペーパーレスが可能になった。また、出張中でもスマホやiPadから精算処理が可能で新幹線の移動時間を使って作成出来るので業務効率が良くなった。,精算業務に特化しているが、出退勤は別のソフトを使っているため、可能であれば統合できると良い。同じ入力を繰り返す箇所は、候補が出て入力作業を省略できると良い。システムの不具合がありましたか？移行時に操作方法を覚えるまでは、少し手間取った程度。,ペーパーレスになったこと。精算書類の郵送が不要になったこと。どこにいても、精算処理が、可能になったこと。,ペーパーレスと業務改善が可能になります。
1265,2022/02/11,領収書をデータ添付して精算ができること。CMも流しており信頼感があること。承認フローなどの設定が容易なこと。,デザイン性がイマイチなので改善してほしい。想像よりも余白が詰まっていてボタンも小さく、古めかしい印象だった。,以前は申請して印刷した紙に領収書を貼って提出していたので提出遅延も発生していたが、携帯で撮影してWEB添付ができるので手間も遅滞も減った。以前利用していた製品の解約理由領収書の添付フローが複雑だったこの口コミを詳しく見る,ータ添付して精算ができること。CMも流しており信頼感があること。承認フローなどの設定が容易なこと。楽楽精算の改善してほしい点デザイン性がイマイチなので改善してほしい。想像よりも余白が詰まっていてボタンも小さく、古めかしい印象だった。楽楽精算導入で得られた効果・メリット以前は申請して印刷した紙に領収書を貼って提出していたので提出遅延も発生していたが、携帯で撮影してWEB添付ができるので手間も遅滞も減った。以前利用していた製品の解約理由領収書の添付フローが複雑だった
1266,2022/02/11,スマホに楽楽精算アプリをダウンロードすれば領収書を簡単に読み込めるので便利。また、精算内容を保存することができるので助かる。,若者にとってはとても便利な機能だが、お年寄りの人には操作が難しい。会社の上司も分かりづらいといっている。,導入前は領収書を精算用紙につけて、経理に提出していたが、楽楽精算を使うことですべてデータで管理することができるようになった。この口コミを詳しく見る,楽精算アプリをダウンロードすれば領収書を簡単に読み込めるので便利。また、精算内容を保存することができるので助かる。楽楽精算の改善してほしい点若者にとってはとても便利な機能だが、お年寄りの人には操作が難しい。会社の上司も分かりづらいといっている。楽楽精算導入で得られた効果・メリット導入前は領収書を精算用紙につけて、経理に提出していたが、楽楽精算を使うことですべてデータで管理することができるようになった。
1267,2022/02/11,経費精算の紙回覧の手間が激減されます。従来ならExcelフォームに記入し印刷し捺印し上長提出、上長から管理部門まで順次回覧と大変な労力でしたがWeb上で完結するようになったので劇的に手間が改善されました。,そんなに不満はないのですが、強いてあげるならPC画面のUIについては文字が小さすぎるので大きくした方が良いのではと思いました。,交通費精算の時に乗り換え案内と連携させて入力ができるのですが、何気に便利です。乗り換え案内の仕様上、料金がEX-ICに対応していないので手打ちで直さないとなりませんが、駅名とかの入力ミスが防げるのでそれだけでも良いと思います。この口コミを詳しく見る,紙回覧の手間が激減されます。従来ならExcelフォームに記入し印刷し捺印し上長提出、上長から管理部門まで順次回覧と大変な労力でしたがWeb上で完結するようになったので劇的に手間が改善されました。楽楽精算の改善してほしい点そんなに不満はないのですが、強いてあげるならPC画面のUIについては文字が小さすぎるので大きくした方が良いのではと思いました。楽楽精算導入で得られた効果・メリット交通費精算の時に乗り換え案内と連携させて入力ができるのですが、何気に便利です。乗り換え案内の仕様上、料金がEX-ICに対応していないので手打ちで直さないとなりませんが、駅名とかの入力ミスが防げるのでそれだけでも良いと思います。
1268,2022/02/11,経費精算がスムーズに、スマホのみで解決する。領収書の写真提出で完了するため、リモートワーク等で出社しない場合でも経費申請がすぐに完了する。,経費精算の利便性は高まるが、社員への周知には時間がかかる、使い方ガイドなどがもう少し充実すればより使い易いものになる,完全リモートワークの中で、交通費や接待費などさまざまな経費を領収者の写真のみで提出できるため、不要な出社や郵送の手間が省ける。この口コミを詳しく見る,スムーズに、スマホのみで解決する。領収書の写真提出で完了するため、リモートワーク等で出社しない場合でも経費申請がすぐに完了する。楽楽精算の改善してほしい点経費精算の利便性は高まるが、社員への周知には時間がかかる、使い方ガイドなどがもう少し充実すればより使い易いものになる楽楽精算導入で得られた効果・メリット完全リモートワークの中で、交通費や接待費などさまざまな経費を領収者の写真のみで提出できるため、不要な出社や郵送の手間が省ける。
1269,2022/02/11,会計がわからない他の社員でもわかりやすく入力できるところがいいところだと思います。社員から見える科目としては、フィットネス代という科目に設定し、データにした際は福利厚生費となるように設定できるので、社員の入力間違いが少ないです。,立替経費でも不課税や非課税があるので、データにした際にうまく反映されないので改善されると嬉しいです。また、携帯で写真を撮って領収書が自動でアップされる機能があるとありがたいです。システムの不具合がありましたか？不具合などは特にありませんでした。分からない点などサポートセンターに電話すると細かく教えていただけました。,細かく設定を決めることができるため、プロジェクトが多い場合とてもありがたいです。また決算の際、交際費明細などを作成するのですがその際も楽楽精算で外部と人との飲食なのか、参加者の人数、一人当たり5000円以上かなど細かく記入できるので後から資料も作成しやすいです。,本社の経費精算であれば楽楽精算だけでかなり効率を図れると思います。
1270,2022/02/11,今まで経費申請はexcelテンプレートをダウンロードして記入の後、総務に送付していたが、楽楽精算は単に入力して申請ボタンを押すだけなので、楽になった。また前回申請をコピーして申請する機能もあり、とても便利である。,ユーザー側から見ると、少々字が小さくて見にくかったので、表示レイアウトをいくつか選べるように成っていると良かった。システムの不具合がありましたか？ユーザー側からは特に障害はなかった。,経費申請にかかる時間が大幅に減った。また誰が承認したか、止めているのかがすぐにわかるので、問い合わせも非常に楽である。,ユーザー側、管理者側双方の負担が大幅に減り、使い勝手もよかったので、強く導入を推奨する。
1271,2022/02/11,交通費精算や経費精算の手間が減りました。導入前までは紙に書いて提出する必要があったのですが、入力して申請するだけになりました。,経路情報から運賃を検索できるので、駅すぱあとなどと連携し、発着時刻から乗るべき電車等の検索ができると便利,交通費に関して申請書を提出する手間ヒマがなくなった。運賃もICカードリーダーを使用すればスイカから直接読み取ることができる。この口コミを詳しく見る,や経費精算の手間が減りました。導入前までは紙に書いて提出する必要があったのですが、入力して申請するだけになりました。楽楽精算の改善してほしい点経路情報から運賃を検索できるので、駅すぱあとなどと連携し、発着時刻から乗るべき電車等の検索ができると便利楽楽精算導入で得られた効果・メリット交通費に関して申請書を提出する手間ヒマがなくなった。運賃もICカードリーダーを使用すればスイカから直接読み取ることができる。
1272,2022/02/11,転職前の会社は経費精算は紙で承認を得ねばならず、交通費一件申請するのも大変でした。転職後の今の会社では楽楽精算を導入しており、経費精算がビックリするほど楽になりました！まとめて申請出来るし、承認もオンラインでもプリントもできる仕様です。金額次第ではプリントし上司に押印を貰わないといけないので助かっています。,大変満足しているので特にないかな…強いて言うならもう少しモダンなデザインになったらいいかなと思います。,領収書を添付出来るので、いちいち領収書の原本を経理に提出しなくて良い点。在宅ワークがメインの今だからこそ、出社せずに済み更に助かっています。この口コミを詳しく見る,社は経費精算は紙で承認を得ねばならず、交通費一件申請するのも大変でした。転職後の今の会社では楽楽精算を導入しており、経費精算がビックリするほど楽になりました！まとめて申請出来るし、承認もオンラインでもプリントもできる仕様です。金額次第ではプリントし上司に押印を貰わないといけないので助かっています。楽楽精算の改善してほしい点大変満足しているので特にないかな…強いて言うならもう少しモダンなデザインになったらいいかなと思います。楽楽精算導入で得られた効果・メリット領収書を添付出来るので、いちいち領収書の原本を経理に提出しなくて良い点。在宅ワークがメインの今だからこそ、出社せずに済み更に助かっています。
1273,2022/02/11,これまでは紙ベースで経費精算申請を都度作成していたが、システムが導入されてからはブラウザ上で簡単に申請書の作成・提出ができるようになった。,項目を入力するダイアログボックスが妙に小さい。せっかく広い画面を使っているのだから、もう少し欄を大きくして視認性と操作性を向上してほしい。,これまでは経費精算をすべて現金で行っていたが、こちらのシステムを導入してからは誰が何円精算したかの管理が容易になったため、口座振り込みで対応できるようになった。現金の扱いが減ったので非常に楽である。,経費の精算が多い企業では大幅な工数の削減が見込めると思う。
1274,2022/02/11,会社の交通費精算が紙式だった為、導入後使用しましたがかなり楽になりました！また、過去の申請履歴が残るので同じ内容であればコピー入力出来るので楽です！定期券登録も出来るので文句無しのサービスです。,承認を押してしまうと完了になってしまうので、承認後再確認ができると助かります。また、デザインがカラフルでは無いので、慣れれば使用しやすいですが、不慣れな人だと慣れるまでに少し時間がかかると思います。システムの不具合がありましたか？現在まで使用していて特にトラブルやシステムの不具合は発生していません,今までは紙式の精算でFAXで財務に送っていた為、届いていないなどのイレギュラーがありました。ですが、楽楽精算を導入してからはトラブル無くしっかり精算される様になりました。,紙式で精算をしている場合はすぐに導入した方が業務効率アップに繋がります！
1275,2022/02/11,これまでは、wordで入力し、印刷したものにハンコを押し、上司のいる時を見計らって手渡ししに行く、という流れでやっていましたが、ウェブ上でおおむね完結できるので事務手間がすごく削減された。,申請画面において入力必須の備考欄があるが、特段入力する内容がない場合に入力しないといけないのがやや手間に感じることがある。,領収証の添付も業務用スマホで撮影したものを取り込みできるようになっており、自分自身でいちいちスキャナでPDF化して添付する必要がなく、経費精算に掛かる手間やミスが縮減されたと感じる。この口コミを詳しく見る,、wordで入力し、印刷したものにハンコを押し、上司のいる時を見計らって手渡ししに行く、という流れでやっていましたが、ウェブ上でおおむね完結できるので事務手間がすごく削減された。楽楽精算の改善してほしい点申請画面において入力必須の備考欄があるが、特段入力する内容がない場合に入力しないといけないのがやや手間に感じることがある。楽楽精算導入で得られた効果・メリット領収証の添付も業務用スマホで撮影したものを取り込みできるようになっており、自分自身でいちいちスキャナでPDF化して添付する必要がなく、経費精算に掛かる手間やミスが縮減されたと感じる。
1276,2022/02/11,画面のレイアウトを自分で改良することが出来きて使い勝手がよいです。添付資料もダウンロードしやすく、処理速度も快適です。何か問題が起きてもサポートが充実していました。経理ソフトへのcsv取り込みによって、手入力の必要がなくなったのが一番よかったです。,申請画面の承認の際、未承認欄から承認した申請が消えてしまうので、残してもらえたら使いやすいと思います。外貨を扱うので、画面の表示が円換算なのを外貨のままにしてもらえると有り難いです。また、外貨の金額でも検索に掛かるようにしていただけると嬉しいです。システムの不具合がありましたか？特にはありません。,以前は、交通費を所定の用紙に記入してもらい、小口現金からお金を渡していたのが、導入によって金額入力もクラウド上ででき、交通費も銀行振込で完結するようになり、小口出納係の負担が大幅に減りました。また、振込依頼で、請求書を添付してもらうことで、請求書の重複や紛失がなくなりました。「楽楽精算」導入の決め手小口現金削減に役立ちそうだった為,経理の仕事が格段に楽になります
1277,2022/02/10,システム上から経費申請が可能です。その他のシステムを使用したことはありませんので、比較ができませんが交通費申請は経路が自動で入力されて手間がかなり省けます。,一度間違えて行った経費申請を、決定権者が取り消しを行わないと修正申告ができない点が少し不便に感じました。システムの不具合がありましたか？特にありません。,従来は経理から申請書をもらって入力か記入をするのが一般的な経費申請方法でしたが、パソコン上で完結できるので、最初の登録は手間がありますが、導入後は時間削減におおいに効果があると思います。,紙申請をしてる会社は是非変えた方がいいです。
1278,2022/02/10,今までは紙での申請が必要で、書類をそろえて郵送したり、わざわざ直接手渡しをしないといけない状況がありました。楽楽精算が導入された事で全てをネット上で完結する事ができましたので、移動の時間やコストをかける事なく助かりました。,細かい点ですが、内訳の検索方法がもう少しわかりやすいとありがたいと思いました。内訳の入力にてこずりどのように申請をしたらいいかが分からない事がありましたので、検索ボタンがわかりやすく表示されていますともっといいサービスになるかと思いました。システムの不具合がありましたか？今のところ特にトラブルは起きていません。,紙の精算では一度申請を間違えてしまうと、再度紙を作成しなおして申請を行うため1度目と同じ工数をかける事になっていました。楽楽精算のようにシステム上で申請を修正できるようになったことで、間違えた箇所だけを修正し申請をすれば良いので、経費精算にかかるコストもストレスも軽減されました。,紙で精算を行っている企業は、全てをネット上で完結できる便利さを実感できると思います
1279,2022/02/10,シンプルな操作性。経費精算などわかりやすいです。スマホなどPC以外の複数デバイスで使用できるので、便利に使っています。,領収書添付が面倒です。複数手順を踏まなければいけないので、面倒です。ログイン(初回?)の際にURLを入力しなければいけないのも面倒です。,直行直帰などの場合も出先や、移動中に申請ができてしまうので効率的です。申請忘れを防ぐことができています。この口コミを詳しく見る,操作性。経費精算などわかりやすいです。スマホなどPC以外の複数デバイスで使用できるので、便利に使っています。楽楽精算の改善してほしい点領収書添付が面倒です。複数手順を踏まなければいけないので、面倒です。ログイン(初回?)の際にURLを入力しなければいけないのも面倒です。楽楽精算導入で得られた効果・メリット直行直帰などの場合も出先や、移動中に申請ができてしまうので効率的です。申請忘れを防ぐことができています。
1280,2022/02/10,自分自身の精算管理が容易にできます。特に交通費に関しては、区間入力することで金額も簡単に出てきます。時間もさほどかからず申請ができます。承認側もメールでお知らせが届き、すぐに承認できる状況となっています。,精算申請・承認後に印刷機能までスムーズに行うことができるのですが、印刷時はできればカラー印刷ではなく、白黒印刷で良いのではないかと思います。システムの不具合がありましたか？特にございません。,精算の入力が簡単にでき、作成・申請・承認・印刷までの時間が、今までの精算管理に比べると、比較にならないほど時間短縮でできます。効率化を目指す企業や個人事業主にはとても便利なツールだと思います。,効率化を目指し、経費改善にはとても効果があるツールです。
1281,2022/02/10,これまでの精算業務では、ICカードの履歴を紙に転記していましたが非常に面倒で、ICカードの履歴も２０件程度しか残らず、繁忙期には未精算の経費が多数発生した。このシステムを採用してからは経費精算の手間が圧倒的に楽になりました。,毎パターンが金額から検出しているため、同金額の多区間の算定や、バス路線の生産には上手く対応できません。もう少し改善の余地があります。,圧倒的な時間短縮につながっています。また交通費使用のスマホで読み込みが可能なため、経費の精算漏れが少なくなりました。この口コミを詳しく見る,精算業務では、ICカードの履歴を紙に転記していましたが非常に面倒で、ICカードの履歴も２０件程度しか残らず、繁忙期には未精算の経費が多数発生した。このシステムを採用してからは経費精算の手間が圧倒的に楽になりました。楽楽精算の改善してほしい点毎パターンが金額から検出しているため、同金額の多区間の算定や、バス路線の生産には上手く対応できません。もう少し改善の余地があります。楽楽精算導入で得られた効果・メリット圧倒的な時間短縮につながっています。また交通費使用のスマホで読み込みが可能なため、経費の精算漏れが少なくなりました。
1282,2022/02/10,旅費交通費など生産する際もシステム上で検索して金額まで出せるのでいちいち調べる手間が省ける。領収書の電子化についても誰でもわかるように設計されており、とても使いやすい。,これはユーザー由来かもしれないが、新規ウィンドウがいちいち開かれてしまう。新規ウィンドウではなく新規タブが開かれるようにしてほしいと感じる。,今まで依頼書を印刷し、必要事項を記載し、印鑑を押し、領収書を張り付けて、社内の承認をもらい、経理に提出していたのをシステム上で一貫して行なえる画期的なシステム。UIもとても見やすい。この口コミを詳しく見る,など生産する際もシステム上で検索して金額まで出せるのでいちいち調べる手間が省ける。領収書の電子化についても誰でもわかるように設計されており、とても使いやすい。楽楽精算の改善してほしい点これはユーザー由来かもしれないが、新規ウィンドウがいちいち開かれてしまう。新規ウィンドウではなく新規タブが開かれるようにしてほしいと感じる。楽楽精算導入で得られた効果・メリット今まで依頼書を印刷し、必要事項を記載し、印鑑を押し、領収書を張り付けて、社内の承認をもらい、経理に提出していたのをシステム上で一貫して行なえる画期的なシステム。UIもとても見やすい。
1283,2022/02/10,以前使っていた他社の製品との違いはスマートフォンとの相性です。以前のものはブラウザ上での精算だったため提出や承認の通知などがそのページを閲覧しない限りは閲覧できませんでしたが、楽楽精算は主にアプリでの運用になるので進捗がわかりやすく、また承認フローもどこで止まっているかもわかりやすいです。今の時代にあった運用が出来ています。,アプリ上のデザインが少し古い。office365など他に運用しているツールと比べるとやや前時代的感じるので、定期的なアップデートでもう少し体感的なUIに即したボタンの配置やレイアウトにしていただけるとより使いやすくなると思います。,会社から支給されているスマートフォンでスケジュール管理、メールの送受信、その他アプリの運用をしているので、ややこしい経費の管理も地続きでスマホ内で出来るのはとても助かっています。まだ試験運用段階なのですがランニングコストも安く、時代の進化を感じます。以前利用していた製品の解約理由ランニングコストこの口コミを詳しく見る,いた他社の製品との違いはスマートフォンとの相性です。以前のものはブラウザ上での精算だったため提出や承認の通知などがそのページを閲覧しない限りは閲覧できませんでしたが、楽楽精算は主にアプリでの運用になるので進捗がわかりやすく、また承認フローもどこで止まっているかもわかりやすいです。今の時代にあった運用が出来ています。楽楽精算の改善してほしい点アプリ上のデザインが少し古い。office365など他に運用しているツールと比べるとやや前時代的感じるので、定期的なアップデートでもう少し体感的なUIに即したボタンの配置やレイアウトにしていただけるとより使いやすくなると思います。楽楽精算導入で得られた効果・メリット会社から支給されているスマートフォンでスケジュール管理、メールの送受信、その他アプリの運用をしているので、ややこしい経費の管理も地続きでスマホ内で出来るのはとても助かっています。まだ試験運用段階なのですがランニングコストも安く、時代の進化を感じます。以前利用していた製品の解約理由ランニングコスト
1284,2022/02/10,交通費や出張時の精算をする際、ジョルダンの乗換案内と連携して申請処理ができるので、簡単で速やかに処理できる。通勤定期を使用した区間は、自動的に0円で計算されるので、誤申請を防げる。申請者の銀行口座に入金する際、各銀行共通のFBデータが作成できるので、簡単かつミスなく処理できる。,会計システムの連携用に作成されるデータの日付が、申請処理日を使用されていて、基本的にはよいのだが、状況によっては、不適切な場合もあるので、別途、会計システムに計上するための日付項目が設定できるようにして欲しい。,楽楽精算導入前は、Excelの申請書で申請していたため、ミスや不正などがあったが、導入後、正確に早く処理できるようになった。,経費精算と会計処理が効率的にでき、費用対効果も高い製品だと思います。
1285,2022/02/10,web上で申請できるので、在宅ワークの者が精算のために会社へ出勤しなくて良くなった点が非常に役立ちます。,利便性が高く、非常に使いやすいですが設定が複雑なのでツール操作が苦手な人にとっては困るかもしれないので、簡易化されると扱いやすいかもしれません。,会計システムは経理が手入力で入力する必要があり工数がかかるという課題がありましたが、楽楽精算を導入したことによって、自動連携できるようになり大幅に効率がよくなりました。この口コミを詳しく見る,申請できるので、在宅ワークの者が精算のために会社へ出勤しなくて良くなった点が非常に役立ちます。楽楽精算の改善してほしい点利便性が高く、非常に使いやすいですが設定が複雑なのでツール操作が苦手な人にとっては困るかもしれないので、簡易化されると扱いやすいかもしれません。楽楽精算導入で得られた効果・メリット会計システムは経理が手入力で入力する必要があり工数がかかるという課題がありましたが、楽楽精算を導入したことによって、自動連携できるようになり大幅に効率がよくなりました。
1286,2022/02/10,お役所系の職場であるため、今まで決済時には多い時で10名程度からの承認印を必要としていましたが、このシステムを導入してからは承認スピードが格段に上がりました。,見た目がかなり昭和感ありますね。もう少しスタイリッシュな画面になればよいのにとおもいます。表示方法の変更ができれば良いのにと思います。,承認スピードがかなり上がりました。新型コロナウイルス前に導入していましたが、今となれば本当にその時に導入済みでよかったです。現在はテレワークなどが進み、紙媒体で承認をもらうことは不可能ですので。,テレワークであれば導入が必要です！
1287,2022/02/10,経費精算をする際に、電車やバスの乗り換え情報などを自分で調べなくても良いので、経費精算に費やす時間が短縮できます。,「よく使うルート」などが登録できれば更に時間の短縮になると感じました。また、登録内容の日付編集をするときに不便を感じました。,以前は経費精算は手書きで「〇〇線の電車　140円」などと、わざわざメモを見ながら行っておりました。このサービスなら、候補や時間までレコメンドしてくれるので作業時間が短縮できました。この口コミを詳しく見る,する際に、電車やバスの乗り換え情報などを自分で調べなくても良いので、経費精算に費やす時間が短縮できます。楽楽精算の改善してほしい点「よく使うルート」などが登録できれば更に時間の短縮になると感じました。また、登録内容の日付編集をするときに不便を感じました。楽楽精算導入で得られた効果・メリット以前は経費精算は手書きで「〇〇線の電車　140円」などと、わざわざメモを見ながら行っておりました。このサービスなら、候補や時間までレコメンドしてくれるので作業時間が短縮できました。
1288,2022/02/09,経費精算は今まで紙精算でしたが、PCとアプリで両方で簡単に申請できるのが非常にありがたいです。電車に乗る方であれば、ICカードもタッチするだけで読み込みできるので楽ちんです,レシートなどで経費精算をする際に、スキャナーでスキャンしてからアップロードしなければならないのが面倒臭いと感じています。紙でもらう物なのでしょうがないとは思いますが、もっと楽になればいいなと思います。,まず紙の申請からWEB申請になった事により、場所を選ばず経費申請ができるようになった。以前は紙の印刷代、印鑑を押すための時間、提出から経費精算までの時間と無駄が多かったが、それが全てシームレスに行えるようになった,WEB経費精算なら楽楽精算がおすすめです！
1289,2022/02/09,領収書をスキャン、添付し、経費の区分、かかった経費の金額をパソコン上で簡単に申請できるため、会社規程の用紙に書いて提出、承認、書類の管理など煩わしい仕事がなくなり効率化がはかれる。,申請区分が細かくわかれており、それぞれの経費がどの区分かがわかりにくく、一覧で簡単にわかる表なんかがあると便利だなと思う。システムの不具合がありましたか？トラブルはとくにないが慣れるまでかなり時間がかかった。,やはり1番は申請書類をわざわざ手書きで書いて領収書をはっつけてといった煩わしい仕事から解放されることと、承認されるまでその書類一式を管理保管するのが手間で面倒だったのが解消されたこと。,経費精算が社員1人1人が行っている企業はいいと思うが、自分の会社は、楽楽精算を導入するまでは全て事務の方が全てやってくれていたので、逆に、仕事が増えた。
1290,2022/02/09,紙書類が削減でき、どこにいてもインターネット環境があれば、申請・承認ができること。請求書等よみとることで、金額の入力ミスが少ないこと。,交通費精算の際、電子の領収証等を取り込むのが、慣れないと難しいと感じた。支払依頼書は、1支払先毎の登録になるが、多数の振込先に同じ内容で振込む場合に、まとめて登録する方法はないか。システムの不具合がありましたか？支払依頼書承認の際、一部修正して登録しようとすると支払日が空欄になる。,取下げ・差し戻しの機能により、間違いがあった場合の修正が素早くできる。また申請した内容の進捗状態を確認する事ができるので、問合せに対応もでき、承認が遅れている場合は、承認を促すこともできる。,電子請求書やリモートワークの機会が増える可能性を考えると、紙の書類のやりとりがなくなるのは良いと思います。
1291,2022/02/09,1番は作業効率が上がったことです。交通費精算は他サイトを検索しなくても精算できる点などとても助かっております。,特にこれといって改善点は見当たりませんが、強いて言うならば、入力操作が戸惑いやすいところがある点です。,システム化により集計作業に時間をかけることなく、確実にデータにしてまとめられるようになった。円滑に仕事ができるから有難いです。この口コミを詳しく見る,効率が上がったことです。交通費精算は他サイトを検索しなくても精算できる点などとても助かっております。楽楽精算の改善してほしい点特にこれといって改善点は見当たりませんが、強いて言うならば、入力操作が戸惑いやすいところがある点です。楽楽精算導入で得られた効果・メリットシステム化により集計作業に時間をかけることなく、確実にデータにしてまとめられるようになった。円滑に仕事ができるから有難いです。
1292,2022/02/09,特段良い訳ではないのが正直なところではあるが、非常に簡単な操作で経費申請出来るのは誰でも使えて良いと思います。,簡単な操作はいいが、システムデザインがイマイチ古いのが気になるところではあるが、機能性に不足はない。,誰でも使えるという点が優れている。パソコン操作が全く出来ないユーザーでも、簡単な操作で入力、申請ができるのは幅広い世代が在籍する企業では非常に使いやすいと感じました。この口コミを詳しく見る,ではないのが正直なところではあるが、非常に簡単な操作で経費申請出来るのは誰でも使えて良いと思います。楽楽精算の改善してほしい点簡単な操作はいいが、システムデザインがイマイチ古いのが気になるところではあるが、機能性に不足はない。楽楽精算導入で得られた効果・メリット誰でも使えるという点が優れている。パソコン操作が全く出来ないユーザーでも、簡単な操作で入力、申請ができるのは幅広い世代が在籍する企業では非常に使いやすいと感じました。
1293,2022/02/09,主に交通費精算で使用しています。経路検索と連携して金額の入力が可能なのでスムーズな交通費の入力が可能です。,タブが増えるのでなく、ウィンドウが新規に立ち上がるのが個人的に違和感です。タブで増えてくれると助かります。システムの不具合がありましたか？特にありません,通勤経路を考慮してくれるので乗降駅をダイレクトに入れても正しい金額で申請できます。無駄なことを行う必要がなく、交通費入力に必要なことしかしないで作業が行えるので非常に効率がいいです。,入力者としては入力の手間は最小限でとても使いやすいと感じています
1294,2022/02/09,現代、ペーパーレス化が進んでいる中で、印刷不要で出張精算、経費精算が可能なソフトのひとつだと思います。,会社によって違うとは思いますが、記載項目が多すぎてシステムの要件通りに正しく入力しないといけません。経理側としては楽だと思いますが精算側としては手間が増えた印象です。システムの不具合がありましたか？トラブルは現状ございません。,経理側と経費精算側での理解の差異がなくなりました。以前紙で自由記述の場合は、具体的に状況を記載していなかったためトラブルがおこることがありました。,トラブルを防ぐことが出来ます。
1295,2022/02/09,従来は外勤社員の交通費申請などは、全て紙とエクセルで行っていました。その一方、サービスで登録出来るので非常にメリットだらけなので良い製品である。交通費申請などを書く時間が５分程縮まった。,特にない。バックアップもしっかり取れるので、サービスとしても問題ないと思う。多くの問題は弊社には高齢社員が多いため、それらの社員にしっかり伝播していないので、分かりやすく説明するサービスが必要だと感じたシステムの不具合がありましたか？自支社では特にない。他支社で問題が起きたことがあった。,新聞社だからこそ、紙文化が色濃く残る弊社。だからこそ、社長がペーパレスを推奨していて、その１歩目の取り組みだと感じる。紙文化だからこそ取り入れることは、対外的に良いPRになった。以前利用していた製品の解約理由紙とエクセルを使用していて、新しいツールが必要だったから,紙文化の会社に非常にオススメしたい
1296,2022/02/09,今までは立替金の精算時に領収書の添付手間がありましたが、導入後は写真データを添付するだけで済むので楽になりました。,あまりないですが、スマートフォンのカメラで撮った画像データの読み取りに失敗するときがあるので、それを無くして欲しい。システムの不具合がありましたか？特にありません。,クラウドサービスのため、自前でサーバ等の設備の準備をする必要が無く、初期投資コストや管理コストを削減できている。,手間の削減とコスト削減が大きなポイントです。
1297,2022/02/09,ペーパーレス・ハンコなしに移行できたので管理が楽になった。いままではExcel管理でプリントアウトして承認印が必要だった。,とにかくUIがひどくとても使いづらい。すべての画面において改善が必要だと感じる。それが最大のネック。,管理者側からは今まで一人ひとり対応していた精算管理・承認が一括で行うことができるので楽になった。通勤精算もマイパターン（通勤経路）を登録しておけるので毎回入れる必要がない。この口コミを詳しく見る,ス・ハンコなしに移行できたので管理が楽になった。いままではExcel管理でプリントアウトして承認印が必要だった。楽楽精算の改善してほしい点とにかくUIがひどくとても使いづらい。すべての画面において改善が必要だと感じる。それが最大のネック。楽楽精算導入で得られた効果・メリット管理者側からは今まで一人ひとり対応していた精算管理・承認が一括で行うことができるので楽になった。通勤精算もマイパターン（通勤経路）を登録しておけるので毎回入れる必要がない。
1298,2022/02/09,交通費精算が、パターン登録からの入力とSuicaやパスモ等の交通ICカードからの読み込みで、完了すること。,パターン登録の指定がひとつの日しか指定できず、繰り返し入力が必要になるので、期間入力やカレンダーからの複数日登録を可能にして欲しい。システムの不具合がありましたか？特になし,外出が多い会社なので、社員が精算にかける時間を導入後短縮できた。web上で入力可能なので、精算の場所を選ばなくて済むようになった。この口コミを詳しく見る,が、パターン登録からの入力とSuicaやパスモ等の交通ICカードからの読み込みで、完了すること。楽楽精算の改善してほしい点パターン登録の指定がひとつの日しか指定できず、繰り返し入力が必要になるので、期間入力やカレンダーからの複数日登録を可能にして欲しい。システムの不具合がありましたか？特になし楽楽精算導入で得られた効果・メリット外出が多い会社なので、社員が精算にかける時間を導入後短縮できた。web上で入力可能なので、精算の場所を選ばなくて済むようになった。
1299,2022/02/09,今まで紙ベースで精算管理を行っていましたが、かかる工数が圧倒的に減りました。書類保管場所も必要ありませんし、ウェブ承認ですので支払、精算までのスピードも早いです。,交通費精算の際、システム内で駅名、バス停などを入力して交通費金額が確認できるようになっていますが、バス路線についてはまだ情報が網羅されておらず別途他サイトなどから確認が必要になることがあります。システムの不具合がありましたか？特に不具合を感じたことはありません。,経費処理が簡単かつ、迅速に処理できます。紙精算でなくなったため、在宅勤務が主流な今、大変助かっています。この口コミを詳しく見る,ースで精算管理を行っていましたが、かかる工数が圧倒的に減りました。書類保管場所も必要ありませんし、ウェブ承認ですので支払、精算までのスピードも早いです。楽楽精算の改善してほしい点交通費精算の際、システム内で駅名、バス停などを入力して交通費金額が確認できるようになっていますが、バス路線についてはまだ情報が網羅されておらず別途他サイトなどから確認が必要になることがあります。システムの不具合がありましたか？特に不具合を感じたことはありません。楽楽精算導入で得られた効果・メリット経費処理が簡単かつ、迅速に処理できます。紙精算でなくなったため、在宅勤務が主流な今、大変助かっています。
1300,2022/02/09,OCR機能が付いていて、領収書から金額や会社名を自動認識してくれるので、入力の手間が大幅に減りました。,領収書を登録したうえで、起票しないと一時保存ができずやり直しになる。一時保存可能とするか、起票中に新規領収書の読み込みができるようにしてほしい。システムの不具合がありましたか？領収書のファイルの形式が限定されており、カメラで撮った写真もPDFに変換する必要があったが気付かず、何度か試してしまった。,紙の領収書をカメラで撮って登録できるようになったため、テレワーク時でも交通費や経費の精算ができるようになった。以前利用していた製品の解約理由SAP系のシステム,こまごました交通費精算が多い場合に有効です。
1301,2022/02/09,全社的な導入により、経費精算の電子承認化が実現できた。また、コーポレートカードの併用により、現金精算が激減した。,1月から電子帳簿保存のオプションを導入したが、PDF証憑の添付するメニューが別で、分かりにくい。ワークフロー製品のような複雑な承認ルートは組めない。システムの不具合がありましたか？大きなトラブルはない。,経費精算業務の効率化と営業事務部門の小口現金精算を大幅にへらすことができた。経理部門の働き方改善にも寄与している。,経費精算のDXツールとしては、導入しやすい。
1302,2022/02/09,交通費の精算は、乗車駅と降車駅を入力してルート選択すれば交通費を自動計算、予め通勤定期区間を設定しておけばその分を除いて自動計算してくれる。オプションになりますがタイムスタンプ機能があるので電子帳簿保存法にも対応、領収書の写真を撮るだけで良いのでペーパーレス化が可能。,オプションのワークフロー機能も使用していますが、もう少し機能向上してほしい。例えば、経費精算申請途中の確認は出来るが、ワークフローは出来ないなど。システムの不具合がありましたか？特にない,経費精算の手間が激減、承認がweb上で出来るのでペーパーレス化、オプションのタイムスタンプを導入する事で領収書原本が不要（電子帳簿保存法に対応）。「楽楽精算」導入の決め手エンドユーザーの使用感、料金以前利用していた製品の解約理由以前使用していた基幹システムの経費精算機能が使いにくかった為、新基幹システム導入のタイミングで導入,エンドユーザーの経費精算が楽になるので管理部としては経費精算がすぐに完了
1303,2022/02/09,今まで、Excelで処理していたものをWeb経由で処理できるようになったので利便性アップ。かつ、乗り換え案内等とも連携しているため、交通機関の金額反映も便利。,スマホのモバイルSuicaとの連携(磁気カードのみではなく)で、利用データのインポートができるようになると便利。,交通費計算のときに、該当区間を調べて～転記して～としていた作業が、乗り換え案内の連携で、自動でデータを引っ張ってこれるようになった。かつ、磁気カードからデータ読込も便利。この口コミを詳しく見る,xcelで処理していたものをWeb経由で処理できるようになったので利便性アップ。かつ、乗り換え案内等とも連携しているため、交通機関の金額反映も便利。楽楽精算の改善してほしい点スマホのモバイルSuicaとの連携(磁気カードのみではなく)で、利用データのインポートができるようになると便利。楽楽精算導入で得られた効果・メリット交通費計算のときに、該当区間を調べて～転記して～としていた作業が、乗り換え案内の連携で、自動でデータを引っ張ってこれるようになった。かつ、磁気カードからデータ読込も便利。
1304,2022/02/09,スマートフォンを使用して、領収書を撮影して保存するだけで申請ができるので、かなり便利。金額なども反映してくれるので、数タップで申請が可能。,特に不満はないが、経費精算で選択項目や明細追加など見づらい部分があるので、十分シンプルだが、UIを改良していって欲しい。,いままでは、経費精算を手書きで申請して、提出する流れで精算自体が面倒な作業になっていたが、利用することで、手書きで対応する必要もなく、お金もスムーズに振り込まれるので、かなり楽になった。,経理部門が喜ぶツールです。
1305,2022/02/09,経費精算はどうしても紙でのやり取りが多かったですが、紙が減るのが良いです。また、過去の履歴を利用すれば新規作成よりも手間が省けるので重宝しています。,どうしても、最初は慣れが必要ですので、年配の方にはサポートが必要になります。最初はそのフォローで経理担当者が苦労すると思いますので、その点のサポートを手厚くして頂きたい。システムの不具合がありましたか？特にありません。,主に出張申請に使用していますが、交通費については路線図を使用でき、経路の検討が行い易くなりました。今までは手書きだったので申請時と精算時の２回書かなくてはいけませんでしたが、申請時の入力を流用できるので便利です。,データによる管理には最適です。
1306,2022/02/09,出張申請などの経費申請作業がペーパーレス化により、各段に効率的になりました。また、操作も簡単なのでこのようなシステムを使ったことがないユーザーにも使いやすいと思います。また、過去に申請したものをコピーしてまた申請することができる点や一時的に保存して一括で申請することができる点なども、利便性を高めていると思います。経理側としても、ワークフローで申請を行うため、処理漏れがなくなり、管理がしやすくなりました。,特にありませんが、強いて言うと、UIが少々分かりにくいと思います。また、フォントサイズが小さいと感じますので、その点が改善されると、より使いやすくなると思います。システムの不具合がありましたか？特にありません。,これで紙ベースで行っていた経理申請作業の効率化がアップしました。また、これまでは申請側の記載漏れれ記入ミスなどがとても多く、経理側での確認作業や差し戻し作業がとても負担になっていましたが、ペーパーレス化により、この確認作業に要する時間がこれまでの２０％以下になりました。,経理業務の効率化が格段にアップし、経理側の負担も大幅に軽減されました。
1307,2022/02/09,現在紙媒体メインのとこからすれば劇的に改善はされるだろうが、半々もしくは少し紙媒体から抜けようとしている企業からすると、簡易的にはなるものの、あまり良い点が浮かばない。,CMの誇大広告は改善点かと思う。少し大げさで、あまりにそれに特化しすぎかと思う。現在は経費の精算自体紙媒体が、少なくなりつつあって使用感も難しいとこがある。弊社は後悔した。システムの不具合がありましたか？特にありません。,営業マンは楽になった。経費精算がとにかく多いので、本来は我々管理部門がやるべきところを営業マンにやってもらっているので、手間は少し省けた。,特にありません。
1308,2022/02/08,営業部門ではないため経費精算の機会が極めて少ないが、簡単なマニュアルに目を通せば、基本的操作が出来る。,承認者を設定するときの操作にコツが必要で、使い始めは設定が出来ず経費申請するのに苦労した。使用頻度の高い人には苦でもないと思うが、使用頻度の低い人には最初は苦労すると思う。,一部分を除いて使用頻度が少ない人でも直感的に操作可能なので、経費申請の煩わしさを感じにくい点がいい点だと思う。この口コミを詳しく見る,はないため経費精算の機会が極めて少ないが、簡単なマニュアルに目を通せば、基本的操作が出来る。楽楽精算の改善してほしい点承認者を設定するときの操作にコツが必要で、使い始めは設定が出来ず経費申請するのに苦労した。使用頻度の高い人には苦でもないと思うが、使用頻度の低い人には最初は苦労すると思う。楽楽精算導入で得られた効果・メリット一部分を除いて使用頻度が少ない人でも直感的に操作可能なので、経費申請の煩わしさを感じにくい点がいい点だと思う。
1309,2022/02/08,社内の経費精算ツールとして何年か前から利用しています。今までは社内ネットワークからパソコンでの申請だったのですが、いつでもどこでも自身のスマホで申請と承認ができるのがとても手軽で良いと思います。機能もシンプルで使いやすいです。,正直特に感じませんが、欲を言えばスマホのアプリからもプリンターに接続して、精算書の印刷ができるようになるとより便利かと感じます。,承認が漏れていたり、遅れていたりするとスマホにリマインドが届き、承認の催促がくるので一定期間以上承認漏れが起きることはなくなります。この口コミを詳しく見る,精算ツールとして何年か前から利用しています。今までは社内ネットワークからパソコンでの申請だったのですが、いつでもどこでも自身のスマホで申請と承認ができるのがとても手軽で良いと思います。機能もシンプルで使いやすいです。楽楽精算の改善してほしい点正直特に感じませんが、欲を言えばスマホのアプリからもプリンターに接続して、精算書の印刷ができるようになるとより便利かと感じます。楽楽精算導入で得られた効果・メリット承認が漏れていたり、遅れていたりするとスマホにリマインドが届き、承認の催促がくるので一定期間以上承認漏れが起きることはなくなります。
1310,2022/02/08,PCからはもちろん、スマホからも利用が可能です。出勤途中など、移動中に経費精算をすることができるので、申請忘れが少なくなりました。移動経路についても、複数表示してくれるので、入力の手間も省けます。,バスを利用した時の経路検索が少し手間です。複数のルートが考えられるため、仕方がないことかもしれません。入力した時に最有力候補を出してくれると助かります。,紙伝票での精算の場合、書き損じが生じて無駄になってしまうことがありました。また、全てのルートと金額を事細かに記録しておく必要もありました。楽楽精算により、書き損じはなくなり、書き直すストレスが無くなりました。ルート検索機能により、事細かに記録することも必要がなくなり、ストレスが少なくなりました。この口コミを詳しく見る,もちろん、スマホからも利用が可能です。出勤途中など、移動中に経費精算をすることができるので、申請忘れが少なくなりました。移動経路についても、複数表示してくれるので、入力の手間も省けます。楽楽精算の改善してほしい点バスを利用した時の経路検索が少し手間です。複数のルートが考えられるため、仕方がないことかもしれません。入力した時に最有力候補を出してくれると助かります。楽楽精算導入で得られた効果・メリット紙伝票での精算の場合、書き損じが生じて無駄になってしまうことがありました。また、全てのルートと金額を事細かに記録しておく必要もありました。楽楽精算により、書き損じはなくなり、書き直すストレスが無くなりました。ルート検索機能により、事細かに記録することも必要がなくなり、ストレスが少なくなりました。
1311,2022/02/08,ペーパーレスで申請するので、コピー代、紙代の節約になる。交通費等のICを読み込むことができるので、自身で計算する必要がないので、作業時間が短くなる。,OCR機能が、うまくできないことが時々あり、逆に時間がかかってしまうことがある。また電車のICカードの読み取りでは、表示される件数が少ないので、表示件数を増やして欲しい。システムの不具合がありましたか？特になし。,経費の申請は事務職の方にお願いして精算をしていたが、このシステムを導入する際に、各人で申請するようになった。それに伴い、事務職営業のサポートに時間を充てることができるようになった、会社全体の残業時間が減少したなどのメリットがあった。また、電子で申請しているので、誤りを修正することが簡単なので、時間をとられない。,最初は少し手間取りますが、慣れてくれば時間を効率的に使えるようになります。
1312,2022/02/08,導入する前は、出張の申請を行ってから、承認されるまでに、かなり時間がかかっていたのが、迅速に承認されるようになった,「一時保存」の機能がついてますが、「一時保存」せず画面を閉じても、内容が更新されて保存されており、では、「一時保存」の機能は何か、わかりにくい,申請データが精算データに流れるので、精算が楽。また、出張先が同じ出張を頻繁にしている場合は、コピー機能を使うことにより、楽で正確に申請が出来る。この口コミを詳しく見る,は、出張の申請を行ってから、承認されるまでに、かなり時間がかかっていたのが、迅速に承認されるようになった楽楽精算の改善してほしい点「一時保存」の機能がついてますが、「一時保存」せず画面を閉じても、内容が更新されて保存されており、では、「一時保存」の機能は何か、わかりにくい楽楽精算導入で得られた効果・メリット申請データが精算データに流れるので、精算が楽。また、出張先が同じ出張を頻繁にしている場合は、コピー機能を使うことにより、楽で正確に申請が出来る。
1313,2022/02/08,これまではエクセルで管理していましたが、個人によって集計方法が異なるため、サービスを導入して画一的な作業ができるようになりました。,同じ方法で生成したPDFであっても領収書の自動読み取りをする際にエラーが複数回出て、正しく動作しない時があります。,経理以外の業務に時間を割くことができるようになった。申請者の時間も削減できるだけではなく、テレワークをしていると領収書の原本も経理担当者が受け取ることができないため、クラウドに保存できるのはありがたい。この口コミを詳しく見る,エクセルで管理していましたが、個人によって集計方法が異なるため、サービスを導入して画一的な作業ができるようになりました。楽楽精算の改善してほしい点同じ方法で生成したPDFであっても領収書の自動読み取りをする際にエラーが複数回出て、正しく動作しない時があります。楽楽精算導入で得られた効果・メリット経理以外の業務に時間を割くことができるようになった。申請者の時間も削減できるだけではなく、テレワークをしていると領収書の原本も経理担当者が受け取ることができないため、クラウドに保存できるのはありがたい。
1314,2022/02/08,定期外の交通費が発生した際に、Webでの申請のみで完結させることができ、上司の承認漏れ等も発生しないようになっている。また複製が手軽に出来るため、複数回の申請が必要な場合もそれほど時間はかからない。,会社の所在地が関東であれ、「と」と打てば「東京」と予測に出てくるようになると便利だと思いました。また会社の他システムとSSOできるとより手軽だと思います。システムの不具合がありましたか？特にありませんでした。,毎月の精算を月末にまとめてやることができ、1つのシステムで完結するため、漏れが発生しにくい。またほとんどがWeb上で完結することで、経理部に行く必要がほとんどない。この口コミを詳しく見る,通費が発生した際に、Webでの申請のみで完結させることができ、上司の承認漏れ等も発生しないようになっている。また複製が手軽に出来るため、複数回の申請が必要な場合もそれほど時間はかからない。楽楽精算の改善してほしい点会社の所在地が関東であれ、「と」と打てば「東京」と予測に出てくるようになると便利だと思いました。また会社の他システムとSSOできるとより手軽だと思います。システムの不具合がありましたか？特にありませんでした。楽楽精算導入で得られた効果・メリット毎月の精算を月末にまとめてやることができ、1つのシステムで完結するため、漏れが発生しにくい。またほとんどがWeb上で完結することで、経理部に行く必要がほとんどない。
1315,2022/02/08,このシステムを使い始めたことによって経費の精算効率がとても良くなりました。出張費用の精算などもスムーズに出来ました。,申請漏れがあり返ってきた時の通知をもっと利用者の目に入りやすいようにしてほしい。気付かないことがあった。,総務部の経費のまとめがとても楽になり、作業負担の軽減になっていてとても助かっていると思う。申請側も漏れがすくなくなった。この口コミを詳しく見る,ムを使い始めたことによって経費の精算効率がとても良くなりました。出張費用の精算などもスムーズに出来ました。楽楽精算の改善してほしい点申請漏れがあり返ってきた時の通知をもっと利用者の目に入りやすいようにしてほしい。気付かないことがあった。楽楽精算導入で得られた効果・メリット総務部の経費のまとめがとても楽になり、作業負担の軽減になっていてとても助かっていると思う。申請側も漏れがすくなくなった。
1316,2022/02/07,交通費の精算が楽です。以前は自分でガソリン代と距離を計算する手間がありましたが、楽楽精算では距離を打ち込むだけでガソリン代を自動で計算してくれるので非常に助かります。,同じ場所への交通費を申請する際、駐車代、ガソリン代、高速代をそれぞれ入力するのですが、その際各項目で出発地と目的地を入力しなければならないのが面倒です。,やはりペーパーレスになったのが一番大きいです。あとは自宅でも自分のスマホで申請から精算まで行えるので気楽です。この口コミを詳しく見る,算が楽です。以前は自分でガソリン代と距離を計算する手間がありましたが、楽楽精算では距離を打ち込むだけでガソリン代を自動で計算してくれるので非常に助かります。楽楽精算の改善してほしい点同じ場所への交通費を申請する際、駐車代、ガソリン代、高速代をそれぞれ入力するのですが、その際各項目で出発地と目的地を入力しなければならないのが面倒です。楽楽精算導入で得られた効果・メリットやはりペーパーレスになったのが一番大きいです。あとは自宅でも自分のスマホで申請から精算まで行えるので気楽です。
1317,2022/02/07,精算の手間が省けたり、支払い依頼が出来たりとお金の申請や精算はしやすい。最近スマホに対応になり、ICカードリーダー不要になったのは好印象。,ICカードリーダーからの取り込みをすると、過去の履歴の一部が消えてしまい、結局手入力になってしまうことがある。,時間短縮はもちろんありますが、承認経路が確認できるので、お金の流れが把握しやすいところ。それによって次の申請が出しやすくなる。この口コミを詳しく見る,が省けたり、支払い依頼が出来たりとお金の申請や精算はしやすい。最近スマホに対応になり、ICカードリーダー不要になったのは好印象。楽楽精算の改善してほしい点ICカードリーダーからの取り込みをすると、過去の履歴の一部が消えてしまい、結局手入力になってしまうことがある。楽楽精算導入で得られた効果・メリット時間短縮はもちろんありますが、承認経路が確認できるので、お金の流れが把握しやすいところ。それによって次の申請が出しやすくなる。
1318,2022/02/07,出発地、到着地を入力するだけで乗換案内機能がルートや金額を弾き出してくれる。分かりやすくて便利になりました。,単純なフローしか作りこめない。役職者の人事異動が多い会社は、承認フローのメンテナンスが大変だと思う。,領収書をスキャンするだけで、経費精算ができるようになり、作業効率、ペーパーレス効果も大きく高まった。この口コミを詳しく見る,着地を入力するだけで乗換案内機能がルートや金額を弾き出してくれる。分かりやすくて便利になりました。楽楽精算の改善してほしい点単純なフローしか作りこめない。役職者の人事異動が多い会社は、承認フローのメンテナンスが大変だと思う。楽楽精算導入で得られた効果・メリット領収書をスキャンするだけで、経費精算ができるようになり、作業効率、ペーパーレス効果も大きく高まった。
1319,2022/02/07,毎月出張があり、毎月エクセルで内容を記載して提出しました。この製品を導入したことで経費精算のため会社に行かなくてよくなりました。,会計ソフトとCSV経由で会計ソフトに取り込むことができるようになりましたが、可能であればAPI連携で会計ソフトに取り込めるようにしてほしいです。,毎月出張があり、出張精算や経費精算の数が多く経費精算に時間がとられておりました。楽楽精算を導入したことで経費精算を適時に行うことができるようになり、経費精算のストレスが減りました。,経費精算の多い会社にお勧めです
1320,2022/02/07,交通費精算が便利です。出発駅と到着駅を入力して、検索をすると、乗り換え案内のような画面が表示され、複数のルートがあれば、表示してくれ、使用したルートを選択すると、料金が自動入力されるので、便利です。,初回利用者には、ポップアップ等で案内画面が表示されれば便利だと思います。新入社員等が入った時に案内があれば、案内通りに入力したらいいと伝えれる方が便利だと思います。システムの不具合がありましたか？特にありせん。,以前はExcelで作成した、支払請求書というフォーマットに各自が領収書の内容を転記して、領収書を添付していました。楽楽精算が入った後は、転記は必要ですが、交通費は楽楽精算内で乗換案内で経路と料金を表示してくれ、そのまま入力されるので、料金の入力ミスが無くなりました。今までは入力者と経理担当者が経路や料金が合っているか調べていましたが、その点は自動入力されるので、手間が減り、業務効率が向上しました。この口コミを詳しく見る,が便利です。出発駅と到着駅を入力して、検索をすると、乗り換え案内のような画面が表示され、複数のルートがあれば、表示してくれ、使用したルートを選択すると、料金が自動入力されるので、便利です。楽楽精算の改善してほしい点初回利用者には、ポップアップ等で案内画面が表示されれば便利だと思います。新入社員等が入った時に案内があれば、案内通りに入力したらいいと伝えれる方が便利だと思います。システムの不具合がありましたか？特にありせん。楽楽精算導入で得られた効果・メリット以前はExcelで作成した、支払請求書というフォーマットに各自が領収書の内容を転記して、領収書を添付していました。楽楽精算が入った後は、転記は必要ですが、交通費は楽楽精算内で乗換案内で経路と料金を表示してくれ、そのまま入力されるので、料金の入力ミスが無くなりました。今までは入力者と経理担当者が経路や料金が合っているか調べていましたが、その点は自動入力されるので、手間が減り、業務効率が向上しました。
1321,2022/02/07,基本的な操作は非常に簡単で使いやすく、使い始めてから慣れるまでに時間はかからなかった。特に、交通費精算は複数ルートが即時検出されるため便利。,社内での使われ方に問題があるのかもしれないが、経費の勘定項目が多く、どの項目を選べばいいか即時に判断できない。,今まで紙ベースで回付していた申請をクラウド上で申請できるため、紙面の印刷をわざわざしなくて良くなった。また、領収書の写真をカメラで撮るだけでアップロードできるため、リモート勤務でも申請ができるようになった。この口コミを詳しく見る,作は非常に簡単で使いやすく、使い始めてから慣れるまでに時間はかからなかった。特に、交通費精算は複数ルートが即時検出されるため便利。楽楽精算の改善してほしい点社内での使われ方に問題があるのかもしれないが、経費の勘定項目が多く、どの項目を選べばいいか即時に判断できない。楽楽精算導入で得られた効果・メリット今まで紙ベースで回付していた申請をクラウド上で申請できるため、紙面の印刷をわざわざしなくて良くなった。また、領収書の写真をカメラで撮るだけでアップロードできるため、リモート勤務でも申請ができるようになった。
1322,2022/02/07,過不足ない機能で大変使いやすいです。アプリとブラウザ両方あるのでその時々で使い分けることができる。ページを開く都度新規タブで開かれる点もありがたい機能です。,「よく使う経路」の保存機能があるともっと効率的になると思いました。リモートワークで定期券購入をしなくなるため、出勤するたび同じ経路を打ち込むのが少々手間に感じてしまいました。,機能が多すぎないから入力ミスが起こりにくいです。交通費で入力ミスがあった場合、無駄な工数が増えがちですがそれをカットできる。また、乗り換え経路もかなり細かく入力できるので正確です。この口コミを詳しく見る,機能で大変使いやすいです。アプリとブラウザ両方あるのでその時々で使い分けることができる。ページを開く都度新規タブで開かれる点もありがたい機能です。楽楽精算の改善してほしい点「よく使う経路」の保存機能があるともっと効率的になると思いました。リモートワークで定期券購入をしなくなるため、出勤するたび同じ経路を打ち込むのが少々手間に感じてしまいました。楽楽精算導入で得られた効果・メリット機能が多すぎないから入力ミスが起こりにくいです。交通費で入力ミスがあった場合、無駄な工数が増えがちですがそれをカットできる。また、乗り換え経路もかなり細かく入力できるので正確です。
1323,2022/02/07,今までは営業職の精算は事務職が行なっていましたが、個人が自ら精算できるほど感覚的に使うことができます。,特段ありませんが、強いて言えば、精算申請の承認作業についてです。複数人に承認依頼があった時に誰か他の人が既に承認済みかどうかは、ログインしないと確認出来ません。システムの不具合がありましたか？特段ありません。,今までは社内で開発した独自のシステムを長年利用していました。楽楽精算であれば、税率が変わった際のメンテナンスなども独自に行う必要がなく、業務もスリム化されました。以前利用していた製品の解約理由社内システムの開発に費用がかさんだ。,社内システムを利用しているのであれば、導入をおすすめします。
1324,2022/02/07,領収書をスマホで読み取りできるのが非常に利点です。読み取った情報から経費申請ができ、金額等反映されている状態なので入力項目が少なくて済みます。,まだこのシステムが導入されて日が浅いため、あまり改善点は見受けられませんが、領収書がまとめて読み取りできたらいいと思います。システムの不具合がありましたか？トラブルは特にありません。非常に使いやすいです。,単純に経費にかかる作業が減りました。また、ペーパーレスのため、紙のロスを減らすことができるのも利点だと思います。以前利用していた製品の解約理由契約期間が切れたからと聞いています。,経費の無駄な作業を（印刷して、入力して等）を減らすことができます。
1325,2022/02/07,アプリで領収書の読み取り、入力、精算まで完了できるため、スマートフォンさえあれば出先での空き時間や移動中にも申請できる。,領収書撮影後、画像がうまく読み取れず何度も撮り直しになることがあった。ただし最近改善傾向にあると感じる。,出社して申請する必要がないので隙間時間に申請でき時短になる。また自動入力もあり過去の履歴も残るため、交通費入力の際には手間が少なくて済む。この口コミを詳しく見る,収書の読み取り、入力、精算まで完了できるため、スマートフォンさえあれば出先での空き時間や移動中にも申請できる。楽楽精算の改善してほしい点領収書撮影後、画像がうまく読み取れず何度も撮り直しになることがあった。ただし最近改善傾向にあると感じる。楽楽精算導入で得られた効果・メリット出社して申請する必要がないので隙間時間に申請でき時短になる。また自動入力もあり過去の履歴も残るため、交通費入力の際には手間が少なくて済む。
1326,2022/02/07,申請について部署、申請内容についての選択が細かく設定することができる点、また申請の履歴をみることができるので、あとから申請内容について確認があった際も履歴を見れば良いだけなので、便利だと感じました。,ログインする際に、IDはパスワードがわからなくなるような場合、ログイン画面からの確認方法やパスの再発行設定ができないので、都度、管理者に確認しなければならないので、改善されると良いと思いました。弊社の場合、利用者が限られていることもあり、IDの有効性なのか、間違っているのかがわからないため。,申請がスムーズで、不備についても差し戻しがはやいので、経費精算も、締め日までにおこなえば、間違いなく、精算される点は良いと思いました。この口コミを詳しく見る,て部署、申請内容についての選択が細かく設定することができる点、また申請の履歴をみることができるので、あとから申請内容について確認があった際も履歴を見れば良いだけなので、便利だと感じました。楽楽精算の改善してほしい点ログインする際に、IDはパスワードがわからなくなるような場合、ログイン画面からの確認方法やパスの再発行設定ができないので、都度、管理者に確認しなければならないので、改善されると良いと思いました。弊社の場合、利用者が限られていることもあり、IDの有効性なのか、間違っているのかがわからないため。楽楽精算導入で得られた効果・メリット申請がスムーズで、不備についても差し戻しがはやいので、経費精算も、締め日までにおこなえば、間違いなく、精算される点は良いと思いました。
1327,2022/02/07,紙ベースでの書類提出不要で社外にいても申請ができるようになった。パソコンではなくスマホからでもできるので楽。,サービスはまだ使い始めたばかりなので問題無さそうだが、レシート写真添付しているにも関わらずレシート提出が求められたので提出の必要性がわからない。,今まで申請が、課の担当者→各エリアのの担当者→会計に書類送付されていたのがデータ管理になったので郵送の手間と郵送時間の削減に繋がった。この口コミを詳しく見る,の書類提出不要で社外にいても申請ができるようになった。パソコンではなくスマホからでもできるので楽。楽楽精算の改善してほしい点サービスはまだ使い始めたばかりなので問題無さそうだが、レシート写真添付しているにも関わらずレシート提出が求められたので提出の必要性がわからない。楽楽精算導入で得られた効果・メリット今まで申請が、課の担当者→各エリアのの担当者→会計に書類送付されていたのがデータ管理になったので郵送の手間と郵送時間の削減に繋がった。
1328,2022/02/07,過去務めていた会社では、独自のワークフローで交通費精算と経費精算が分かれていたり、どこに何を入れれば完了するのかわかりにくいものが多かったですが、楽楽精算は本当に簡単で直感的なのでIT音痴にも使いやすいです。,交通費精算でマイパターン登録が出来るのでコロナ禍で定期代が出なく毎回精算しないといけないため便利なのですが、どこから登録するのか、登録内容を変更するにはどうしたらいいのか、どうやったらマイパターンを呼び出せるのかがわかりにくいです。また、法律の関係で領収書をデータ管理する必要がありフローが変わって非常に面倒になりました。特にPCからだとpdfでしか受け付けてくれないのでjpgなどから変換する必要があります。システムの不具合がありましたか？特に思いつきません。,経費関連はここを見ればよいのとシンプルな作りなのでクライアントへの手土産代、滅多にいかない出張の新幹線代、イレギュラーな費用発生による事前申請など日常的に使わない項目もなんとなくこれかな？でうまくいくのでかなりの工数削減になっていると思います。,名称通りの楽楽精算なので経理関連サービスが複数にまたがっている会社は導入をおすすめします。
1329,2022/02/07,今までは交通費や備品の購入は小口現金の都度精算で、あまり現金を持たない私にとっては苦だったのですが、楽楽精算導入でまとめて給与と振り込まれてくるのは非常にありがたかったです。,改善してほしいとまでは思いませんが、入力のインターフェイスが若干わかりづらい気もします。慣れてしまっているので今は気になりませんが。システムの不具合がありましたか？特になし,良い点に記載しましたが、給料日までの立替期間が長いですが、それを加味しても小口現金精算のストレスが解消されたのはありがたいです。この口コミを詳しく見る,通費や備品の購入は小口現金の都度精算で、あまり現金を持たない私にとっては苦だったのですが、楽楽精算導入でまとめて給与と振り込まれてくるのは非常にありがたかったです。楽楽精算の改善してほしい点改善してほしいとまでは思いませんが、入力のインターフェイスが若干わかりづらい気もします。慣れてしまっているので今は気になりませんが。システムの不具合がありましたか？特になし楽楽精算導入で得られた効果・メリット良い点に記載しましたが、給料日までの立替期間が長いですが、それを加味しても小口現金精算のストレスが解消されたのはありがたいです。
1330,2022/02/07,これまで手書きであったのがデータ入力となり作業が軽くなり、過去履歴の複写で時短ができるようになり、ちょっとした作業軽減になりました。,特段の改善点は思い当たらないが、システム起動に少しタイムラグがあり、少しだけストレスになってしまいます。システムの不具合がありましたか？特段ありません。,これまで手書き若しくは、手入力した精算書を専門の担当者へわたし、担当が専門の精算システムで処理していたが、誰でも使えるシステムで二重入力がなくなり担当が一人省人出来そうです。この口コミを詳しく見る,書きであったのがデータ入力となり作業が軽くなり、過去履歴の複写で時短ができるようになり、ちょっとした作業軽減になりました。楽楽精算の改善してほしい点特段の改善点は思い当たらないが、システム起動に少しタイムラグがあり、少しだけストレスになってしまいます。システムの不具合がありましたか？特段ありません。楽楽精算導入で得られた効果・メリットこれまで手書き若しくは、手入力した精算書を専門の担当者へわたし、担当が専門の精算システムで処理していたが、誰でも使えるシステムで二重入力がなくなり担当が一人省人出来そうです。
1331,2022/02/07,詳しい説明がなくとも直感的操作で申請できる、わかりやすいUIです。立替精算だけでなく社外の請求書支払いにも対応しており、経理業務の統一化ができます。,電子帳簿保存法オプションにて、請求書の複数明細への対応がイマイチです。ヘッダーに1つのPDFの登録で済むようにできれば嬉しいです。,PCだけでなくスマホのアプリケーションから申請できるため、在宅勤務中、移動中など隙間時間に処理を進めることが可能です。経費精算のための無駄な出社が減り、働きやすさに繋がっています。この口コミを詳しく見る,がなくとも直感的操作で申請できる、わかりやすいUIです。立替精算だけでなく社外の請求書支払いにも対応しており、経理業務の統一化ができます。楽楽精算の改善してほしい点電子帳簿保存法オプションにて、請求書の複数明細への対応がイマイチです。ヘッダーに1つのPDFの登録で済むようにできれば嬉しいです。楽楽精算導入で得られた効果・メリットPCだけでなくスマホのアプリケーションから申請できるため、在宅勤務中、移動中など隙間時間に処理を進めることが可能です。経費精算のための無駄な出社が減り、働きやすさに繋がっています。
1332,2022/02/07,過去は紙でExcelと経費精算提出していましたが、このソフトに変えて申請が便利になりました。さらに便利なのは、過去の申請がコピーできたりすることと、交通費計算サイトと連携されていること。この２点が最大に使いやすいポイントです。,利用していて特に困らないと思うほど使い慣れると使いやすい。使い慣れるまでや、コピー機能に気づかないまではちょっと面倒と感じるポイントがある程度です。,だいたい経費精算って何度も同じような精算をすることがあるのですが、コピー機能があることで時間短縮につながりました。この口コミを詳しく見る,Excelと経費精算提出していましたが、このソフトに変えて申請が便利になりました。さらに便利なのは、過去の申請がコピーできたりすることと、交通費計算サイトと連携されていること。この２点が最大に使いやすいポイントです。楽楽精算の改善してほしい点利用していて特に困らないと思うほど使い慣れると使いやすい。使い慣れるまでや、コピー機能に気づかないまではちょっと面倒と感じるポイントがある程度です。楽楽精算導入で得られた効果・メリットだいたい経費精算って何度も同じような精算をすることがあるのですが、コピー機能があることで時間短縮につながりました。
1333,2022/02/07,元々は複写式の紙での精算だったので、ユーザーがブラウザ上で入力した情報が承認ルートを経て、基幹システムにインポートできるようになり、間の手間が省けるようになった。,乗換案内が地方のバス路線まで網羅しきれていない時があり、出張時のバス路線が検索できない時があるのは改善して欲しい。システムの不具合がありましたか？会議費精算の画面で、先方人数の入力欄が先方担当者名入力欄と色分けが違うために入力漏れが発生しやすい。,ブラウザ上で動いているので、承認者が出張先にいても、承認できるため、１週間精算が止まる等の問題点は解消された。,法整備に先駆けて領収証のデータ申請化を取り入れているので、新たに起業する会社など、既存のワークフローが無い会社には、導入するメリットが大きいと思う。
1334,2022/02/07,紙の領収書を回収しなくて良くなりました。電子帳簿保存法にも対応しており、申請から振込までの業務が時短できました。,スマホとパソコン両方から使えるが、スマホからだと申請が楽ですが、スマホよりパソコンを使い慣れている人がパソコンから申請する場合は少し面倒かもしれません。,今まで紙の領収書を回収して電卓で叩いていたのがなくなり、また不備があれば差し戻しをして精算できるまで1週間はかかりましたが導入してからは最短当日で処理できるようになり業務も大幅に楽になりました。この口コミを詳しく見る,を回収しなくて良くなりました。電子帳簿保存法にも対応しており、申請から振込までの業務が時短できました。楽楽精算の改善してほしい点スマホとパソコン両方から使えるが、スマホからだと申請が楽ですが、スマホよりパソコンを使い慣れている人がパソコンから申請する場合は少し面倒かもしれません。楽楽精算導入で得られた効果・メリット今まで紙の領収書を回収して電卓で叩いていたのがなくなり、また不備があれば差し戻しをして精算できるまで1週間はかかりましたが導入してからは最短当日で処理できるようになり業務も大幅に楽になりました。
1335,2022/02/06,外出時の交通費精算に利用しているが、Suicaで記録が転記できるので、金額などを調べなくても精算できる。,Suicaで交通費精算していたが、楽楽精算のデータ更新を機に、Suicaで記録を転記する機能が使えなくなったので改善してほしい。,利用する社員は交通費の金額を調べなくてよくなっただけで、メリットは無く、単に経理が楽になっただけのシステムだと思う。この口コミを詳しく見る,通費精算に利用しているが、Suicaで記録が転記できるので、金額などを調べなくても精算できる。楽楽精算の改善してほしい点Suicaで交通費精算していたが、楽楽精算のデータ更新を機に、Suicaで記録を転記する機能が使えなくなったので改善してほしい。楽楽精算導入で得られた効果・メリット利用する社員は交通費の金額を調べなくてよくなっただけで、メリットは無く、単に経理が楽になっただけのシステムだと思う。
1336,2022/02/06,コーポレートカードと同時に導入することで、経費精算を全てシステム上で実施することができるようになる点。,全体的に文字が小さいため、もう少し文字を大きくする等、フォントやレイアウトを改善してもらえると嬉しい。,導入前は、エクセルで経費を入力・印刷して提出していたが、本サービスを提出することでペーパーレス化かつ時短になった。,予算があれば、交通系IC読取用リーダーを導入すればICのデータを自動的に読み取ることができるため検討するのもよし。
1337,2022/02/06,支払依頼書がなくなりペーパーレスになった。経理だけに負担になってたものが分散され事務作業が減りました。,まだ使い始めて日が浅く、使いこなせていないので詳しくはわかりませんが、支払い日を先に入れると変わってしまう所が不思議ですシステムの不具合がありましたか？最初会社のシステムにうまくとりこめず総勘定元帳に反映されなかったりしてました。,経理の業務軽減が出来、他部署とのコミュニケーションがとれるようになった。請求書領収書が見やすくチェックし易くなった。以前利用していた製品の解約理由業務負担を軽くするため,業務効率化とペーパーレスになります
1338,2022/02/06,楽楽精算は経費管理に使用しています。今までは書類を記入、提出していましたが、導入後は管理、処理の簡略化、コピー用紙の削減などの効果が得られました。非常によいです。,入力項目が多いのと文字が小さいので内容を簡単に出来たり写真から読み込みができたらいいと思います。領収書が写真を撮るだけで入力されたらかなりの効果が得られると思います。システムの不具合がありましたか？今のところありません。,業務効率化と経費削減ができました。今までは上司の承認印をもらいに行っていましたが、自分のタイミングで申請でき、相手も承認できるのでいいと思います。この口コミを詳しく見る,経費管理に使用しています。今までは書類を記入、提出していましたが、導入後は管理、処理の簡略化、コピー用紙の削減などの効果が得られました。非常によいです。楽楽精算の改善してほしい点入力項目が多いのと文字が小さいので内容を簡単に出来たり写真から読み込みができたらいいと思います。領収書が写真を撮るだけで入力されたらかなりの効果が得られると思います。システムの不具合がありましたか？今のところありません。楽楽精算導入で得られた効果・メリット業務効率化と経費削減ができました。今までは上司の承認印をもらいに行っていましたが、自分のタイミングで申請でき、相手も承認できるのでいいと思います。
1339,2022/02/06,楽楽精算を導入する前は、毎回紙で上司の承認を得る必要がありましたが、導入されてからはネットで承認してもらえるようになりました。また、申請に不備があるときは通知で教えてくれるのは使い勝手が良いです。,請求書をスキャンや携帯の写真等で読み取るときに、金額や会社名が正しく反映されないことが多々あります。もう少し正確に読み取っていただけますと幸いです。,一度申請した請求書を、データベースから情報を探して転記するということができるので、作成時間を削減することができました。,テレワーク導入企業にお勧めです！
1340,2022/02/06,これまでは経費精算時に経費の詳細を細かく入力して領収書はA4用紙に糊付けして本社へ送付していました。楽楽精算を導入してからは詳細入力と領収書提出の手間が大幅に削減されました。まず領収書をスマホで撮影し、詳細入力時に撮影した画像を選択するだけでほぼ入力項目が埋まるので合っているかの確認程度で入力が終了するのが楽です。領収書の送付もしなくてよい事になり作業負担が減りました。,領収書の写真画像からの自動入力機能はとても助かっていますが読み取りの精度が上がると更に使いやすくなると感じました。またスマホのアプリがたまに自動ログアウトしてしまい困ったことが何度かあったので指紋認証などの機能があると良いと思いました。システムの不具合がありましたか？一時申請ができなくなるトラブルがありましたがサポートですぐに解決しました。,経費精算の申請をする人も経費申請の承認をする人もどちらも作業時間削減につながり、入力や入力チェックのミスも少なくなり業務の効率が改善しました。,シンプルで迷わず利用できるので簡単に導入できて業務効率化ができたのでお勧めです。
1341,2022/02/06,昔はエクセルを使っていました。交通費も自分で計算が必要だったので細かいミスが多く差し戻しも多く発生、時間がかかっていました。楽楽精算は出発、到着駅を選択するだけで良いのでミスがなく大幅に時間削減できました。,昔の登録内容と見比べたい事が多いので簡単にできる機能があると嬉しいですね。後はいつもと違う入力をした時に注意してくれると入力ミスした時に助かりますね。システムの不具合がありましたか？トラブルは全然ありません。,エクセルの時は計算式がおかしくなってたり、コピーミスで金額がおかしい等、本当に多かったんです。自分が管理者になった時は何でこんなにミスが多いんだ、見直してるのかとつい怒ってしまう事もありました。今はミスが減って無駄な時間を使わないで済むので有意義な他の事に時間が使えてます。,交通費の入力が簡単になるだけでなくミスも減るので管理者のコストが大分減りますよ
1342,2022/02/06,駅と駅との間の金額を記入することですぐいくら使ったのかが出てくるので精算申請がしやすいです。バス停との間もすぐにでます。,タクシーのみ、領収書をもらってどこからどこまでというのを記載して書かないといけないです。仕方がないことですが。,携帯でも申請が出来るのでそんなに苦にならないところです。次の朝早くて精算しないといけないときでも携帯で一次保存して次の日に申請すれば早く終わります。この口コミを詳しく見る,間の金額を記入することですぐいくら使ったのかが出てくるので精算申請がしやすいです。バス停との間もすぐにでます。楽楽精算の改善してほしい点タクシーのみ、領収書をもらってどこからどこまでというのを記載して書かないといけないです。仕方がないことですが。楽楽精算導入で得られた効果・メリット携帯でも申請が出来るのでそんなに苦にならないところです。次の朝早くて精算しないといけないときでも携帯で一次保存して次の日に申請すれば早く終わります。
1343,2022/02/06,交通費や経費などの精算をその都度簡単に登録できて登録した分をまとめて管理しておけるのでとても助かります。,利用していて困ったことは今まで特にありませんが、操作がたまにややこしいことがあるのでもう少しだけ簡単になれば嬉しいです。,職員がそれぞれ自分の経費の管理を簡単にできるので、いつ・何に・いくら使ったのかわかりやすく、経費の節約にも意識が向く。この口コミを詳しく見る,費などの精算をその都度簡単に登録できて登録した分をまとめて管理しておけるのでとても助かります。楽楽精算の改善してほしい点利用していて困ったことは今まで特にありませんが、操作がたまにややこしいことがあるのでもう少しだけ簡単になれば嬉しいです。楽楽精算導入で得られた効果・メリット職員がそれぞれ自分の経費の管理を簡単にできるので、いつ・何に・いくら使ったのかわかりやすく、経費の節約にも意識が向く。
1344,2022/02/06,定期区間を登録しておけば、icカードリーダーに定期をかざすと、定期区間外で使用したリストが一覧で表示されるのでとても便利です。,30件までしか表示されないのを改善して頂きたいです。日々外出するため、こまめに処理しないと手入力で入力しなければならなくなるからです。システムの不具合がありましたか？ありません。,交通費申請の際にわざわざルートや金額を定期区間を調べて申請書に入力したりする手間が省けて、申請がとても楽になりました。この口コミを詳しく見る,登録しておけば、icカードリーダーに定期をかざすと、定期区間外で使用したリストが一覧で表示されるのでとても便利です。楽楽精算の改善してほしい点30件までしか表示されないのを改善して頂きたいです。日々外出するため、こまめに処理しないと手入力で入力しなければならなくなるからです。システムの不具合がありましたか？ありません。楽楽精算導入で得られた効果・メリット交通費申請の際にわざわざルートや金額を定期区間を調べて申請書に入力したりする手間が省けて、申請がとても楽になりました。
1345,2022/02/06,リモートワーク時であっても出社せずに、経費精算申請が可能で、外に出ている営業の時間短縮に寄与している。,スマートフォンからでも申請が可能だが、いちいち行き先を記入しなければならないため、面倒である。領収書の取り込みが若干遅い。,管理部の人件費削減に寄与していると思われる。どこにいても、経費精算が可能なのは、締日に出社不要となるのが嬉しい。この口コミを詳しく見る,ーク時であっても出社せずに、経費精算申請が可能で、外に出ている営業の時間短縮に寄与している。楽楽精算の改善してほしい点スマートフォンからでも申請が可能だが、いちいち行き先を記入しなければならないため、面倒である。領収書の取り込みが若干遅い。楽楽精算導入で得られた効果・メリット管理部の人件費削減に寄与していると思われる。どこにいても、経費精算が可能なのは、締日に出社不要となるのが嬉しい。
1346,2022/02/06,経費や交通費など、社員の精算処理に関するペーパーレス化の為に導入しました。操作がわかりやすく、以前の紙での請求と比べ作業も効率化されました。,交通費精算の際に電車賃などは不自由なく使用させていただいていますが、領収書が必要な精算に関しては紙の出力が必要になるシステムの不具合がありましたか？現状特にございません。,精算作業時間の効率化だと感じております。紙媒体でやっていた時は計算、入金を人員を要して行っていた為、非常に便利です。以前利用していた製品の解約理由ペーパーレス化に向けた改善のためこの口コミを詳しく見る,費など、社員の精算処理に関するペーパーレス化の為に導入しました。操作がわかりやすく、以前の紙での請求と比べ作業も効率化されました。楽楽精算の改善してほしい点交通費精算の際に電車賃などは不自由なく使用させていただいていますが、領収書が必要な精算に関しては紙の出力が必要になるシステムの不具合がありましたか？現状特にございません。楽楽精算導入で得られた効果・メリット精算作業時間の効率化だと感じております。紙媒体でやっていた時は計算、入金を人員を要して行っていた為、非常に便利です。以前利用していた製品の解約理由ペーパーレス化に向けた改善のため
1347,2022/02/06,SuicaやPASMOのカードを端末で読み取ることで利用した交通情報を入力する必要がなくなった。部門統廃合や人事異動などの変更についても柔軟に対応できる。,モバイルSuicaやモバイルPASMOに対応していない。最近はモバイルSuicaやモバイルPASMOを利用する人も増えているので、対応すればもっと便利になると思う。システムの不具合がありましたか？特になかったと思います。,上司の承認や証票の添付など面倒なことが多かったが、この製品の導入で承認行為や証票の添付が楽になり作業効率がよくなった。この口コミを詳しく見る,やPASMOのカードを端末で読み取ることで利用した交通情報を入力する必要がなくなった。部門統廃合や人事異動などの変更についても柔軟に対応できる。楽楽精算の改善してほしい点モバイルSuicaやモバイルPASMOに対応していない。最近はモバイルSuicaやモバイルPASMOを利用する人も増えているので、対応すればもっと便利になると思う。システムの不具合がありましたか？特になかったと思います。楽楽精算導入で得られた効果・メリット上司の承認や証票の添付など面倒なことが多かったが、この製品の導入で承認行為や証票の添付が楽になり作業効率がよくなった。
1348,2022/02/06,駅名を検索すると、自動でルート検索をしてくれ、電車賃を算出できる。なので自分でわざわざ計算しなくていいのが素晴らしい。,あまり使用することはないが、web版はけっこう見づらい。あと、キーワード検索で駅名を出してくれれば嬉しい。,電車の帰り道などに迅速に申請できる為、移動時間を有効に活用することが出来ている。それは時間効率を考えてもメリットに感じる。この口コミを詳しく見る,すると、自動でルート検索をしてくれ、電車賃を算出できる。なので自分でわざわざ計算しなくていいのが素晴らしい。楽楽精算の改善してほしい点あまり使用することはないが、web版はけっこう見づらい。あと、キーワード検索で駅名を出してくれれば嬉しい。楽楽精算導入で得られた効果・メリット電車の帰り道などに迅速に申請できる為、移動時間を有効に活用することが出来ている。それは時間効率を考えてもメリットに感じる。
1349,2022/02/06,ICカードの読み取りで手軽に申請入力できるためすごく楽です。乗り換え履歴なども反映されるため、自分で記録しなくていいのが便利です。,出社していた頃はICカードの読み取りで手軽にできたのですが、在宅勤務になり手入力になりました。乗り換えをいちいち別タブで入力・選択しなければならないため時間がかかってしまいます。,手入力の場合でも、同じ経路をコピーすることができるため時短できます。スマホからも入力できるので便利です。この口コミを詳しく見る,の読み取りで手軽に申請入力できるためすごく楽です。乗り換え履歴なども反映されるため、自分で記録しなくていいのが便利です。楽楽精算の改善してほしい点出社していた頃はICカードの読み取りで手軽にできたのですが、在宅勤務になり手入力になりました。乗り換えをいちいち別タブで入力・選択しなければならないため時間がかかってしまいます。楽楽精算導入で得られた効果・メリット手入力の場合でも、同じ経路をコピーすることができるため時短できます。スマホからも入力できるので便利です。
1350,2022/02/06,以前は交通費精算をエクセルで行っていました。最初は操作に慣れず時間がかかりましたが慣れると色々な機能があり作業時間短縮に繫りました。,交通費の区間料金がローカル過ぎると検索出来ない事があります。バス停など全て検索可能になれば助かります。,交通費の区間入力をする場合コピペが出来ないかと思ってましたがマイパターンを利用出来る事が分かり毎回の精算に役立ってます。,慣れてしまえば、とても操作しやすく簡単に精算作業が出来ます。
1351,2022/02/06,ペーパーレスで回覧・承認ができるので、出張先やテレワークでもスムーズに進めることができ、テレワーク推進の世の中に適している。,iPadで修正ができるようにしてほしい。(現状はPCのみで、iPadでは出来ることに制約があるので),従来は原則現金での経費精算で、出納の手間が大きかったが、承認のみで自動的に振込できるので業務の時短に繋がった。この口コミを詳しく見る,スで回覧・承認ができるので、出張先やテレワークでもスムーズに進めることができ、テレワーク推進の世の中に適している。楽楽精算の改善してほしい点iPadで修正ができるようにしてほしい。(現状はPCのみで、iPadでは出来ることに制約があるので)楽楽精算導入で得られた効果・メリット従来は原則現金での経費精算で、出納の手間が大きかったが、承認のみで自動的に振込できるので業務の時短に繋がった。
1352,2022/02/06,スマホでもパソコンでも申請できるのでとにかく楽です。出先で申請して、会社に戻ってパソコンで申請書を印刷するなどやりやすいです。,会社の経費申請で申請用紙を印刷する必要があるのですが、スマホからでも印刷できるようになるとパソコンでの一手間が減るので実装されると嬉しいです（すでにできたらすみません。）,コロナ禍の関係で社用車を通勤時に使用するため経費申請する頻度が増えているので、スマホでも申請できる手軽さに助かっています。この口コミを詳しく見る,パソコンでも申請できるのでとにかく楽です。出先で申請して、会社に戻ってパソコンで申請書を印刷するなどやりやすいです。楽楽精算の改善してほしい点会社の経費申請で申請用紙を印刷する必要があるのですが、スマホからでも印刷できるようになるとパソコンでの一手間が減るので実装されると嬉しいです（すでにできたらすみません。）楽楽精算導入で得られた効果・メリットコロナ禍の関係で社用車を通勤時に使用するため経費申請する頻度が増えているので、スマホでも申請できる手軽さに助かっています。
1353,2022/02/06,経費精算の為に出社する事なく、パソコンひとつで精算が出来る。経路もすぐに検索出来て、勘定科目も充実している。,途中で保存する際、金額は保存されているが、添付の領収書は保存されておらず、再度添付する必要があるので二度手間となる。,仕入れ先コードも一度インプットすれば、探す手間が省けて時間の短縮になる。紙に印刷する必要がないので、経費削減にもなる。この口コミを詳しく見る,為に出社する事なく、パソコンひとつで精算が出来る。経路もすぐに検索出来て、勘定科目も充実している。楽楽精算の改善してほしい点途中で保存する際、金額は保存されているが、添付の領収書は保存されておらず、再度添付する必要があるので二度手間となる。楽楽精算導入で得られた効果・メリット仕入れ先コードも一度インプットすれば、探す手間が省けて時間の短縮になる。紙に印刷する必要がないので、経費削減にもなる。
1354,2022/02/06,紙媒体での承認の不要化の為に使用しています。過去の経費の確認にも使えますので自部署の費用管理におすすめです。,添付資料のポップアップ表示などを簡単にできればより使用しやすくなるかと思います。情報量の多い申請の際に添付できる数が少ないのでもっと増やせればとも感じています。,社内の経費を管理する上で、スピード感を持って進行できるので、日々使用しております。承認者側からすると過去の紙媒体でのやり取りより格段に楽になりました。この口コミを詳しく見る,承認の不要化の為に使用しています。過去の経費の確認にも使えますので自部署の費用管理におすすめです。楽楽精算の改善してほしい点添付資料のポップアップ表示などを簡単にできればより使用しやすくなるかと思います。情報量の多い申請の際に添付できる数が少ないのでもっと増やせればとも感じています。楽楽精算導入で得られた効果・メリット社内の経費を管理する上で、スピード感を持って進行できるので、日々使用しております。承認者側からすると過去の紙媒体でのやり取りより格段に楽になりました。
1355,2022/02/06,ペーパーレスの時代に向けての取り組みの一環で会社が導入しました。経費の精算はどうしても紙が多くなる傾向ですが、このシステムのおかげで経費精算を提出する側も会社側も管理が時間短縮の面で圧倒的に改善されました。,システム導入当初は慣れるのに時間がかかりました。特に経費精算は1ヶ月後分を纏めて作業することが多く、やり方を忘れてしまい苦労しました。入力項目ごとに、ヒントが付いていると最初安心かと思います。システムの不具合がありましたか？導入当初、利用者が多かったのか月末になるとシステムが重くなり、画像のアップロードが上手くできなくなるトラブルがありました。ただし、すぐにサポートがあり解決したので良かったです。,圧倒的に紙の量が減りましたし、写真を添付し、パソコンで入力して申請するだけで完了するので速い!もし不備があっても上長から差し戻しがきて、すぐに訂正して再申請ができます。,紙の削減と、スピーディーな対応が可能
1356,2022/02/06,領収書は写メで対応出来るので出張先や移動中でも精算伝票が作成出来るので効率的です。パソコンが無くても携帯から操作出来るのが便利です。,領収書の画像から金額を読み込むようにしてもらえたら更に便利になると思います。新幹線の運賃は毎回修正しないといけない。,デスクに居なくても精算伝票が作成出来るので効率化が出来ています。経理部門もチェック作業が時短出来たと聞いています。この口コミを詳しく見る,メで対応出来るので出張先や移動中でも精算伝票が作成出来るので効率的です。パソコンが無くても携帯から操作出来るのが便利です。楽楽精算の改善してほしい点領収書の画像から金額を読み込むようにしてもらえたら更に便利になると思います。新幹線の運賃は毎回修正しないといけない。楽楽精算導入で得られた効果・メリットデスクに居なくても精算伝票が作成出来るので効率化が出来ています。経理部門もチェック作業が時短出来たと聞いています。
1357,2022/02/06,申請がWEBアプリ内で完結しており、申請者からすると非常に楽。入力もコピー等が使えるので、1件ずつ入力しなくても良い。,いまのところ大きな不満はない。強いて言えば、支払確定の連絡メールが何通も来ることがあり、若干煩わしく思う程度。正直それも大きな問題ではない。,毎週の経費精算に割く時間が圧倒的に減った。以前は紙を利用した申請であったので、間違いがあると訂正印を押したり、もう一度新しく印刷し直していた。簡単にデータを修正できて、再提出できるようになった点は本当にありがたい。この口コミを詳しく見る,Bアプリ内で完結しており、申請者からすると非常に楽。入力もコピー等が使えるので、1件ずつ入力しなくても良い。楽楽精算の改善してほしい点いまのところ大きな不満はない。強いて言えば、支払確定の連絡メールが何通も来ることがあり、若干煩わしく思う程度。正直それも大きな問題ではない。楽楽精算導入で得られた効果・メリット毎週の経費精算に割く時間が圧倒的に減った。以前は紙を利用した申請であったので、間違いがあると訂正印を押したり、もう一度新しく印刷し直していた。簡単にデータを修正できて、再提出できるようになった点は本当にありがたい。
1358,2022/02/06,これまではExcelで精算入力していました。Excelでの入力はマクロで制限がかかっていたりフォームがバージョンで違っていたり、使う側がそれを理解しなければならずストレスに感じていました。この製品になってからはインターフェースが一定になり、使うことにおいて拒否感がなくなりました。また、インターフェースとして入力を補助する機能が豊富で、検索結果が入力連動していたり、過去の入力が部分的に使えたりたりと、作業時間が体感的に5倍は早くなったと感じます。,マイパターンを使って、自分がよく利用する精算方法を登録できるようになっているのですが、そのパターンの精算日を1日単位で設定するようになっています。これをまとめて複数の日にちに設定できるようにして欲しいです。月初にまとめて処理することが多いので、まとめて操作する機能はもっと追求して欲しいと思います。システムの不具合がありましたか？これまでに不具合やトラブルはありません。この機能を使う前のやり方では、入力途中のデータが消えて一からやり直し、という事がしばしばあったので懸念していましたが、そういった事も起きておらず、安定して利用できています。,これまでは月初に少なくとも半日かけて作業していたと思います。まとめて精算をやる事への自己嫌悪感から自分を卑下し、仕事へのやる気自体が低下する事もありマイナスイメージが多かったのですが、この機能を使ってからは、それが殆ど無くなりました。この様なサブ業務に意識を持っていかれることが無くなって本業だけに集中できる点は大変ありがたい事だと感じています。,本業に集中できる環境作りは簡単ではないと思いますが、これは本当に簡単に実現できると感じます。導入していない企業であれば1日でも早く検討する事をお勧めします。参考になれば幸いです。
1359,2022/02/06,自分は経理担当者でシステムを作り上げる事など無縁でしたが、3か月以内にまずは社内の仮払精算を楽楽精算でと上司に言われ、しかもラクスさんに作成を頼むと100万円程度掛かるため、導入サポートという20万円で電話やメールで問い合わせ自由という初期サポートのみで自分で設定しましたが、無事に導入することができました。なので、経理担当者が自ら設定、早期導入できる手軽なところが良いところだと思います。,支払いが確定した後、その伝票に対して何もコメント入力できないのですが、口座入力ミスが送金時に発覚したり、確定取り消しする程でもないけど追加でコメントしたい時があるので、確定後にコメントできる欄が欲しいです。あと複数部門担当の承認者の場合、3部門あれば3回承認作業がいる、しかもどの部門に対して承認したかは表示されないという点は改善して欲しいです。(同じ人は1回、もしくは承認者の上に負担部門表示)システムの不具合がありましたか？特に目立ったことはないです。ただ、サポートサイトの検索では、ピンポイントで文字入力しないとなかなかヒットしない気がしています。,仮払精算、経費精算とこれまで紙で決裁依頼していたものがクラウドになって時間短縮になりましたし、履歴が見れるので便利です。添付ファイルオプションで請求書を添付してるのでいちいち紙を探す必要がないのもいい。あとワークフローオプションを使えば、紙で廻していた備品発注、在宅勤務許可等、細々した申請をほぼ楽楽精算申請に集約できるので、窓口が一つになって分かりやすいです。,経理担当者でも設定できる！
1360,2022/02/06,領収書をスマホで撮影すると自動で金額や取引先が入力されるため、自分で打ち込む手間が省ける。またAmazonビジネスともカタログ連携できるため、ネット通販で購入した商品も簡単に経費精算できる点。,写真の内容を正しく認識してくれないことが偶にある。また、経費申請をしてから精算を行うと金額にずれがなくても「金額に差異があります」という文言が画面に出てくる。この点については使いこなせていないだけかもしれませんので参考までに。システムの不具合がありましたか？特になし。,従来は領収書の詳細を自分で記入して申請していたので、入力ミスの可能性があった。しかし楽楽精算を使えば自動で反映されるため人為的ミスが軽減される。,経費申請の多い会社や職種におすすめです。
1361,2022/02/06,マイパターン登録ができ、日々の交通費入力の負担が軽減された。領収書をスマホカメラで撮影してアップロードできるので、いちいちスキャンする必要がない。,交通費入力する際、交通機関毎に入力する必要がある。(うちの会社だけ？)行数が多くなり見にくくなる。システムの不具合がありましたか？今のところ特になし,以前使用していたシステムと違い、スマホで入力できるので、移動中や隙間時間に精算処理できるので非常に効率が良くなった。,スマホで精算処理できるのが非常に良い！
1362,2022/02/06,デザインがシンプルなので、どこを触って入力していけばいいかが感覚的に分かりやすいです。年齢問わず触りやすいシステムだと思います。定期的にデザイン等含めてアップデートされているようで、導入当初よりも見やすく、扱いやすくなっています。旅費精算や経費精算で利用していますが、事前申請をしておけば、精算時には事前申請内容を呼び出して、精算金額のみを追記した形で精算できるので、時短にもなり便利です。,経費精算する際に、領収書が複数枚に渡った場合、領収書が一枚しか添付できず、精算を分けてする必要があり、不便に感じます。,導入前まで紙ベースで経費精算していたものが、楽楽精算のおかげで、すべてオンライン申請できるようになりました。過去の自身の申請内容を確認したいときも紙を探し出すより格段に楽になりました。紙を書いて、上司に判子をもらってという手間がなくなりかなりの時短になっています。申請受付部署も紙ベースでなくなり、申請内容の確認が短時間でできているようです。この口コミを詳しく見る,シンプルなので、どこを触って入力していけばいいかが感覚的に分かりやすいです。年齢問わず触りやすいシステムだと思います。定期的にデザイン等含めてアップデートされているようで、導入当初よりも見やすく、扱いやすくなっています。旅費精算や経費精算で利用していますが、事前申請をしておけば、精算時には事前申請内容を呼び出して、精算金額のみを追記した形で精算できるので、時短にもなり便利です。楽楽精算の改善してほしい点経費精算する際に、領収書が複数枚に渡った場合、領収書が一枚しか添付できず、精算を分けてする必要があり、不便に感じます。楽楽精算導入で得られた効果・メリット導入前まで紙ベースで経費精算していたものが、楽楽精算のおかげで、すべてオンライン申請できるようになりました。過去の自身の申請内容を確認したいときも紙を探し出すより格段に楽になりました。紙を書いて、上司に判子をもらってという手間がなくなりかなりの時短になっています。申請受付部署も紙ベースでなくなり、申請内容の確認が短時間でできているようです。
1363,2022/02/06,無料お試しによって、前もって使用感を理解できた点。データの管理、保守が簡単だった点。経費の負担やコストを削減できた点。,初期設定がやや複雑であったところや、OCR入力で時々失敗することがあった点。OCR入力はもう少しやりやすくしてほしい。,電子化によって効率的、現代的な経費の精算ができた。また、圧倒的に使いやすく、担当者もほぼミスなく業務を行えた。「楽楽精算」導入の決め手電子である点,サポートが丁重な点
1364,2022/02/05,コインパーキング代などの経費精算がスマートフォンからどこでもできる点が良いです。レシートの写真を撮るだけで支払い先等の入力も楽にできる点もいいです。,ほとんどないのですが強いてあげるなら慣れるまで操作に手間がかかる点です。誤った部分の修正の仕方等の操作に手こずったことがあるためシステムの不具合がありましたか？特にありません。,以前は経費精算の処理をするシステムが18時に止まってしまうため時間を気にしないといけませんでしたがこの製品は好きな時間に処理できるのがメリットです,製品名の通り楽に精算できます。
1365,2022/02/05,ネット環境があればどこでも申請でき、承認ももらえる。紙でのやり取りがなく、承認までが早く、処理が早くなった。特にコロナ禍でテレワークの導入等、以前は紙上で上長の承認印を押印してもらわないといけないようなことも解消された。法人カードとの連携で不正防止になる。,入力の仕方がすぐにはわかりづらかったので、もう少し簡単に分かりやすい画面や入力の仕方にしてほしい。ポップアップみたいなもので説明が出てくるようにして頂けると少しは入力の助けになるかも。,法人カードと連携されることにより、不正精算を防ぐこととなり、会社と社員の間の信頼関係に繋がっている。また、以前は紙ベースでの処理だった(上長の承認印が必要だった)ので出張精算(旅費、手当等)に時間がかかり、入金まで時間がかかっていたが今は処理のスピードが断然早くなり、すぐに入金される。,紙ベースでの処理よりかなりスピードアップでき、テレワーク導入されている会社であれば紙上での押印も省けます。
1366,2022/02/05,申請者や部門とかのカテゴリーがあるので見やすいし何かの不備があったときに修正もしやすい。いろんな購入方法に対応しているので選択して申請をあげやすいです。,使っていて特に不便はないですが強いて言うのであれば他の業務や接客があると放置してしまうこともあるので申請明細の一時保存とか自動保存だと嬉しいです。システムの不具合がありましたか？特になかったです。,誰が何の目的で何を発注したのかが明確になり本人との確認する手間が省け、他のことに時間を当てれるようになりました。データで管理もしやすいのでとても助かります。,作業効率がアップし、他のことに時間をかけることもできたのでぜひ使ってみてもらいたいです。
1367,2022/02/05,クレジットカード利用との紐づけやペーパーレスで経費精算が可能な点は有用。電車経路もシステム内で検索可能。,経費精算を管理する側に立ちすぎて、精算をする知識があまりない人に対して不親切。細かい費目設定や例外的な処理に対して融通が利かないことが多い。後日、管理者から修正指示を出されて二度手間、三度手間になりやすい。,領収書を写真に撮ってスマホで精算できるので場所を選ばずに経費精算ができる。在宅勤務が増えている中、会社に出社せず処理できる機能は今後必要になる。この口コミを詳しく見る,カード利用との紐づけやペーパーレスで経費精算が可能な点は有用。電車経路もシステム内で検索可能。楽楽精算の改善してほしい点経費精算を管理する側に立ちすぎて、精算をする知識があまりない人に対して不親切。細かい費目設定や例外的な処理に対して融通が利かないことが多い。後日、管理者から修正指示を出されて二度手間、三度手間になりやすい。楽楽精算導入で得られた効果・メリット領収書を写真に撮ってスマホで精算できるので場所を選ばずに経費精算ができる。在宅勤務が増えている中、会社に出社せず処理できる機能は今後必要になる。
1368,2022/02/05,出張の際の領収書の申請など、今まで手間に感じていましたが、画像で簡単に登録できて、申請にかかる時間が短縮されました。,過去の申請の内容を流用して、領収書や日付のみ更新できるような機能があると便利です。コードや備考欄の入力を毎回確認するのが大変です。システムの不具合がありましたか？トラブルが起こったことはありません。,スマートフォンで領収書を撮影して、その画像をそのまま登録できるので申請忘れがなくなりました。また、領収書の画像から取引の日付などを自動入力してくれるので、入力ミスがなくなりました。,領収書の画像から自動入力
1369,2022/02/05,とても簡単に経費精算ができる。入力もとてもわかりやすく、初めて利用する人にも使いやすい。印刷の手間がはぶけるし、ミスがなくなった。さらに項目をオリジナルで作成できる。,初期設定は自身で行うのが大変。慣れてる人であれば簡単だと思いますが、初めての人には設定完了まで時間がかかる。,いままでは、Excel入力→印刷→提出の流れでやっていましたが、楽楽精算導入後は入力が楽になり、無駄な紙を使わなくて済むので人件費も経費削減できるメリットがありました。,とにかく効率良く作業できて、時間短縮できます。
1370,2022/02/05,写真を撮影するだけで、値段の読み取り等まで自動で行ってくれる。今まで行っていた領収書を貼り付けるといった手間がなくなるのが良い。,直感的な操作で動かしにくい。登録をしている管理者は使いやすいのかもしれないが、突然はじめて申請する方法を使おうとするといちいちマニュアルを見ないといけない。,デメリットはあれ、ルートの検索や事前申請の手順等を全てひとつのアプリで完結できている点は素晴らしい。一気にペーパーレスとなった。この口コミを詳しく見る,するだけで、値段の読み取り等まで自動で行ってくれる。今まで行っていた領収書を貼り付けるといった手間がなくなるのが良い。楽楽精算の改善してほしい点直感的な操作で動かしにくい。登録をしている管理者は使いやすいのかもしれないが、突然はじめて申請する方法を使おうとするといちいちマニュアルを見ないといけない。楽楽精算導入で得られた効果・メリットデメリットはあれ、ルートの検索や事前申請の手順等を全てひとつのアプリで完結できている点は素晴らしい。一気にペーパーレスとなった。
1371,2022/02/05,これまで紙で管理していた領収書の経費精算ですが、データをアップロードするだけで自動で発行日や金額を入力してくれるのは非常に嬉しい。またUIは簡素で誰もが使いやすいと思う。,領収書のデータをアップロードすると自動で金額や日にちが入力されるが、その精度が低くまぁまぁの頻度で間違っている。そのため入力しなおさなければならず少し面倒。,経費精算を行うタイミングは大体月初に行う。そのため非常に忙しいタイミングでいつも膨大な時間を取られてしまっていたが、これを導入することで経費精算にとられる時間が半分になりました。この口コミを詳しく見る,で管理していた領収書の経費精算ですが、データをアップロードするだけで自動で発行日や金額を入力してくれるのは非常に嬉しい。またUIは簡素で誰もが使いやすいと思う。楽楽精算の改善してほしい点領収書のデータをアップロードすると自動で金額や日にちが入力されるが、その精度が低くまぁまぁの頻度で間違っている。そのため入力しなおさなければならず少し面倒。楽楽精算導入で得られた効果・メリット経費精算を行うタイミングは大体月初に行う。そのため非常に忙しいタイミングでいつも膨大な時間を取られてしまっていたが、これを導入することで経費精算にとられる時間が半分になりました。
1372,2022/02/05,用途別に一括で申請・精算できるため、申請側としても管理しやすく、非常に使いやすい。承認フローも見ることができ、複数承認の場合、どこで詰まっているのかも確認可能なところが良い。,交通費申請・精算の際に、支払い先を手入力しなければならないため、発着地とルートを選択した時点で自動的に鉄道会社名などが入力されていると良さそう。システムの不具合がありましたか？特になし,下書き保存も可能のため、月毎やプロジェクト毎の申請・精算の際には、途中まで記入して保存することで、申請漏れや、申請時に内容を1から整理しなければならない手間などがなくなった。,下書き保存機能
1373,2022/02/05,経費精算、交通費精算で毎月必ず発生する申請が多少楽にはなる。特にユーザーというよりかは管理側が楽になるイメージ。,交通費の読み込みを99件以上に増やしてほしい。また以前の履歴などから予測して更新する機能が欲しいです。システムの不具合がありましたか？なし,経費精算、交通費精算がキチンと申請され、管理するのが多少は楽になった。また間違いも発見しやすくなった。,なし
1374,2022/02/05,その会社の形式ごとに設定されていると思う為、入力の手間が省けたような感覚は無いが、申請書が電子化され、上長承認や精算完了時にメールで通知が来るのも良い点です。証憑は、複数枚スキャンしても、1枚ごとに設定して明細入力が出来るので、異なる種類の証憑でも一度に入力できるのも魅力です。,金額入力をする際、少し入力項目の場所が分りづらく、明細入力した後に合計金額を入れていなかった為、やり直しということがありました。もう少し入力場所を分かりやすく、明細入力後でも臨機応変に合計入力が出来るようにして欲しいです。また、繰り返し入力の設定を分かりやすくし、随時払いにも対応して欲しいです。システムの不具合がありましたか？今のところは有りません。,証憑が多い請求書や領収書を一度に捌け、承認までもスムーズにいくので助かっています。入力自体は正直、以前のシステムとあまり手間は変わりませんが、提出後の楽さはだいぶ変わり、ちゃんと承認・振込等の確認通知も来るので、その点は大いに助かっています。以前利用していた製品の解約理由業務全般の新システム移行に伴い、旧システムは解約されたから。,請求書・領収書・旅費等の精算をペーパーレス化したいところにオススメです。
1375,2022/02/05,紙を使った申請書発行が不要になって、経費削減、時間の短縮になる。領収書も添付できるのでスムーズに経費申請ができる。,領収書をスキャンして打ち込み不要で取り込みの機能があれば嬉しい。入力画面の行が狭いので打ち込みにくいと感じたことがある。システムの不具合がありましたか？特になし。,リモートワークする担当者も増えているので、紙の申請だと担当者が出社するまで精算出来なかったのですが、Webで完結できるようになって楽になった。,紙の申請を無くせる
1376,2022/02/05,レシートをカメラ機能で読み込んだだけで、今まで入力していた部分を入力しなくてすみます。とても便利です。,レシート読み込みの精度がもう少し高くなるともっと使いやすくなると思います。手書きの文字とかも拾えたら最高。システムの不具合がありましたか？今まで大きなトラブルは特にありませんが、たまに画面がブラックアウトしたり、途中で落ちて最初からやり直すみたいのはありました。,営業の人など外出が多い仕事の場合、事務作業が煩わしいと思うのでこの精算システムの導入は画期的です。後方業務に時間を割かなくていいのは素晴らしいです。この口コミを詳しく見る,カメラ機能で読み込んだだけで、今まで入力していた部分を入力しなくてすみます。とても便利です。楽楽精算の改善してほしい点レシート読み込みの精度がもう少し高くなるともっと使いやすくなると思います。手書きの文字とかも拾えたら最高。システムの不具合がありましたか？今まで大きなトラブルは特にありませんが、たまに画面がブラックアウトしたり、途中で落ちて最初からやり直すみたいのはありました。楽楽精算導入で得られた効果・メリット営業の人など外出が多い仕事の場合、事務作業が煩わしいと思うのでこの精算システムの導入は画期的です。後方業務に時間を割かなくていいのは素晴らしいです。
1377,2022/02/05,経費精算の場合、いつまでに何をしなければいけないか、定常的に発生するものにはリマインドしてもらえるので対応忘れがなく助かっています。,請求書や領収書をデータ格納する機能があるのですが、PDF以外のファイル形式でも使えるようになると助かります。システムの不具合がありましたか？特にはありません,過去の精算したものを一覧化で確認できたり、固定されたデータを読み込んで利用できるので間違いが減った気がします。,費用について把握していないので費用対効果は分かりません
1378,2022/02/05,パソコンからでも利用できますが、アプリもある為、外出していてもサクッと領収書の登録ができること。領収書の登録はスマホで撮影するのですが、自動で内容を読み取ってくれるのですごく便利です。,アプリは非常に便利ですが、強いて言うなら半角数字も入力できるようになると更に便利だと思います。半角数字だとエラー表示が出てしまうのが手間に感じます。,楽楽精算を使う前は、領収書の保管が必須で、紛失のリスク等ありましたが、楽楽精算にしてからはデータで保存可能な為、登録さえ行えば経費精算ができるように改善されました。以前利用していた製品の解約理由経費処理のコストカットこの口コミを詳しく見る,らでも利用できますが、アプリもある為、外出していてもサクッと領収書の登録ができること。領収書の登録はスマホで撮影するのですが、自動で内容を読み取ってくれるのですごく便利です。楽楽精算の改善してほしい点アプリは非常に便利ですが、強いて言うなら半角数字も入力できるようになると更に便利だと思います。半角数字だとエラー表示が出てしまうのが手間に感じます。楽楽精算導入で得られた効果・メリット楽楽精算を使う前は、領収書の保管が必須で、紛失のリスク等ありましたが、楽楽精算にしてからはデータで保存可能な為、登録さえ行えば経費精算ができるように改善されました。以前利用していた製品の解約理由経費処理のコストカット
1379,2022/02/05,交通費の精算をスピーディーかつ、簡単に済ませることができる画期的なサービス。乗り換え案内で検索すれば、簡単に費用を算出してくれる。,使い方を熟知してないためかもしれないが、過去の精算履歴を検索する際に手間取ったため、もっと簡単に検索できると良い。システムの不具合がありましたか？特になし,出張に行った後の精算手続きは面倒なため後回しになることが多いが、このシステムは電車もバスも簡単に検索出来て完了するため、後回しにせずにすぐに処理するようになった。,旅費精算をペーパーでやっているような企業は導入して、生産効率を上げるべき！
1380,2022/02/05,初めての方でもわかりやすい画面設計や画面遷移になっているため、申請のしやすさや承認の状況など、使いやすい点は多いです。,まだ使い始めのため、これといった改善点はありません。承認された際にメール通知機能などがあれば使用したいです。（実装されているかは把握していません）,申請者、承認者、決裁者が同じシステム上で作業を完了することができるので、一元管理のメリットを大きく感じられます。この口コミを詳しく見る,でもわかりやすい画面設計や画面遷移になっているため、申請のしやすさや承認の状況など、使いやすい点は多いです。楽楽精算の改善してほしい点まだ使い始めのため、これといった改善点はありません。承認された際にメール通知機能などがあれば使用したいです。（実装されているかは把握していません）楽楽精算導入で得られた効果・メリット申請者、承認者、決裁者が同じシステム上で作業を完了することができるので、一元管理のメリットを大きく感じられます。
1381,2022/02/05,実際毎月の交通費経費精算に掛かる時間を10分の1以下にする事ができました。元々は履歴を出して会社に提出していましたが楽楽精算導入後交通ICカードの履歴をスキャンする事で申請ができ計算間違いや掛かる時間をなくすことができました。申請者にとってもチェック者にとっても非常に良いサービスだと思います。,一度にスキャンできる件数の上限があるため忘れずにやる事が必要になります。できれば件数を増やして頂くか完全にICカードと連動して読みこむ必要がなくなれば非常にありがたいです。しかし現状のサービスでも十分満足度が高いです。システムの不具合がありましたか？初めは1つのPCでしか読み込みをしていない事で不都合に感じることはありましたが会社携帯で読みこめるようになったことで非常に使い勝手が良くなりました。,交通費精算は、交通ICカードを使用して元々履歴を出していっていましたが楽楽精算を導入して携帯で読み込めるようにした事で月末の精算に掛かる時間が10分の１以下になりました。また会社の承認も早く得られるようになり、会社全体でもかなりの時間を削減する事ができました。,経費精算をする側はもちろん、承認者の方は絶対に導入した方が良いです。
1382,2022/02/05,領収書自動読み取り機能が便利です。スキャナーで読み取った領収書を取り込むだけで、いろいろ入力してくれます,デフォルトの設定が、振込になっているので、いちいち現金に変えるのがめんどくさいです。デフォルト設定を変えたいです。,わざわざ業務部に領収書を、貼って提出したり、上司にはんこをもらったりする手間が省けるのでとてもらくらくです。この口コミを詳しく見る,読み取り機能が便利です。スキャナーで読み取った領収書を取り込むだけで、いろいろ入力してくれます楽楽精算の改善してほしい点デフォルトの設定が、振込になっているので、いちいち現金に変えるのがめんどくさいです。デフォルト設定を変えたいです。楽楽精算導入で得られた効果・メリットわざわざ業務部に領収書を、貼って提出したり、上司にはんこをもらったりする手間が省けるのでとてもらくらくです。
1383,2022/02/05,社内ではもちろん、社外からでも産休、育休中の社員が手続などを行う際にとても使いやすく、満足している。経費精算、交通費の精算、住所変更、産休手続きの申請が簡単かつ、今誰の承認待ちなのかもわかるため、管理の効率の良さを感じる。,特筆して困ったことや不満はない。会社の特性もあるのかもしれないが、通勤経路でバスを選択する場合に詳細なバス停までの距離や駅までの徒歩距離などを記載する必要があり、そういった場合に距離をリンクでGoogleマップから自動計算できたりすると大変助かる。,1度目の育休中に引っ越しをすることになり、交通費が変わってしまった際の住所変更手続きが大変スムーズでわかりやすかった。また、子供を産んだ後のお祝い金申請、産休、育休復帰予定などの申請も、自宅や入院中にスマホから簡単に操作ができたため、小さい子供を抱えながら書類の郵送手配をしたり。などの煩わしさがなく非常に利便性の高さを実感しました。この口コミを詳しく見る,ちろん、社外からでも産休、育休中の社員が手続などを行う際にとても使いやすく、満足している。経費精算、交通費の精算、住所変更、産休手続きの申請が簡単かつ、今誰の承認待ちなのかもわかるため、管理の効率の良さを感じる。楽楽精算の改善してほしい点特筆して困ったことや不満はない。会社の特性もあるのかもしれないが、通勤経路でバスを選択する場合に詳細なバス停までの距離や駅までの徒歩距離などを記載する必要があり、そういった場合に距離をリンクでGoogleマップから自動計算できたりすると大変助かる。楽楽精算導入で得られた効果・メリット1度目の育休中に引っ越しをすることになり、交通費が変わってしまった際の住所変更手続きが大変スムーズでわかりやすかった。また、子供を産んだ後のお祝い金申請、産休、育休復帰予定などの申請も、自宅や入院中にスマホから簡単に操作ができたため、小さい子供を抱えながら書類の郵送手配をしたり。などの煩わしさがなく非常に利便性の高さを実感しました。
1384,2022/02/05,客先へ移動中に精算が行える為、入力する癖さえ付けてしまえば、入力忘れや溜め込み等が無くなる事が嬉しい。,正直、経理との会話が少なくなった事を感じています。複雑な経緯での支出などは正直口頭で済ませてしまえる環境の方が楽であったと感じている。システムの不具合がありましたか？特に無し,私はあまり経理をする人間からすると、しっかりしている人間では無い様で、毎回ビクビクしながら精算を手持ちしていましたが、そのストレスから解放された事が一番のメリットでした。,いずれ導入するのであれば、楽楽精算が良いと思いますよ
1385,2022/02/05,ペーパーレスになった点。領収書はカメラで読み取ると、すぐに読み込んでくれるので、領収書登録がやりやすい点。,単価と数量が合うようになってほしい。または、領収書を読み込んだ時点では、単価と数量は空欄にしておいてほしいと思う。,経費精算の時間削減になった。ペーパーレスになるので、無駄も減ったように思う。アプリでできるため、スマホがあれば楽に終わる点。この口コミを詳しく見る,スになった点。領収書はカメラで読み取ると、すぐに読み込んでくれるので、領収書登録がやりやすい点。楽楽精算の改善してほしい点単価と数量が合うようになってほしい。または、領収書を読み込んだ時点では、単価と数量は空欄にしておいてほしいと思う。楽楽精算導入で得られた効果・メリット経費精算の時間削減になった。ペーパーレスになるので、無駄も減ったように思う。アプリでできるため、スマホがあれば楽に終わる点。
1386,2022/02/04,一括承認が楽にできること。エラー値がある場合、すぐにアラートで分かること。携帯からでも申請と承認ができること。,小口精算や経費精算の際に、過去に他ユーザーが対応したことのある案件のコピーができるようにしてほしいです。,スマホからでも申請ができるので、外出先等の移動時間や空き時間で申請承認できることで、業務効率化の実現と申請漏れが減った。以前利用していた製品の解約理由内製システムからの乗り換え、クラウドへの対応のためこの口コミを詳しく見る,楽にできること。エラー値がある場合、すぐにアラートで分かること。携帯からでも申請と承認ができること。楽楽精算の改善してほしい点小口精算や経費精算の際に、過去に他ユーザーが対応したことのある案件のコピーができるようにしてほしいです。楽楽精算導入で得られた効果・メリットスマホからでも申請ができるので、外出先等の移動時間や空き時間で申請承認できることで、業務効率化の実現と申請漏れが減った。以前利用していた製品の解約理由内製システムからの乗り換え、クラウドへの対応のため
1387,2022/02/04,請求書が届き、必要事項を入力して申請ボタンを押すだけでその内容が経理に伝わり、簡単に経理作業ができます。特に毎月同じ請求書を処理する際はコピーボタンを押せば内容を少し変えただけで申請ができるので非常に時間の短縮になります。,自身の作業では上席の確認をしてもらうように設定しているが、その際上席を一人しか選べず、上席がお休みの際に困るのでサブ候補みたいな枠をつけて欲しい。,月初は自分の仕事が忙しく、請求書にまで進めることが難しいが楽楽精算なら空いた時間で手続きができるので毎月請求書を忘れず申請することができている。この口コミを詳しく見る,き、必要事項を入力して申請ボタンを押すだけでその内容が経理に伝わり、簡単に経理作業ができます。特に毎月同じ請求書を処理する際はコピーボタンを押せば内容を少し変えただけで申請ができるので非常に時間の短縮になります。楽楽精算の改善してほしい点自身の作業では上席の確認をしてもらうように設定しているが、その際上席を一人しか選べず、上席がお休みの際に困るのでサブ候補みたいな枠をつけて欲しい。楽楽精算導入で得られた効果・メリット月初は自分の仕事が忙しく、請求書にまで進めることが難しいが楽楽精算なら空いた時間で手続きができるので毎月請求書を忘れず申請することができている。
1388,2022/02/04,今まですべて紙等で申請していたものをシステム化しようということで導入することになりました。初期費用数百万円等ではなく、月々数万円から導入できたのは社長も説得しやすかったようです。,導入の際もサポートについていただき、とても親切に教えていただけました。現状、特に改善すべき点はありません。システムの不具合がありましたか？特にありません。,今まで手入力だったので、ミスが発生したり、いちいち申請者に指摘をしなければならなかったところ、システムで制御できるのでエラーで表示したり差し戻しができたりと、迅速に処理ができるようになりました。この口コミを詳しく見る,て紙等で申請していたものをシステム化しようということで導入することになりました。初期費用数百万円等ではなく、月々数万円から導入できたのは社長も説得しやすかったようです。楽楽精算の改善してほしい点導入の際もサポートについていただき、とても親切に教えていただけました。現状、特に改善すべき点はありません。システムの不具合がありましたか？特にありません。楽楽精算導入で得られた効果・メリット今まで手入力だったので、ミスが発生したり、いちいち申請者に指摘をしなければならなかったところ、システムで制御できるのでエラーで表示したり差し戻しができたりと、迅速に処理ができるようになりました。
1389,2022/02/04,以前はエクセルフォーマットの精算書などを利用しておりましたが、電子化することで入力が容易になりミスや入力時間が短縮されました。,ファーマットや入力情報の体裁を会社ごとに編集でき、入力のミスも減らすことができるので改善点は思いつきません。システムの不具合がありましたか？このツールを使ってから不具合は一度もありませんでした。,精算事務にかかる時間が短縮できることが一番のメリットです。また、修正に掛かるやり取りも簡単になりました。,事務に掛かる工数を削減できるのでオススメです。
1390,2022/02/04,現金出納業務に係る手間、(現金出金、仕訳作成、仕訳入力）を大幅に削減できたこと。使用者は勘定科目を意識せずに申請することができるので簿記の知識がなくても使用できる。,導入に関しては有償サポートを強く勧めてほしい。また無償のサポートはストレスがたまる。導入プレで各種機能をもっと使わせてほしい。システムの不具合がありましたか？仕訳データをSAPにバッチ取り込みする際UTF-8になっておらず文字化けするトラブルが頻発した。現在は取り込む前に必ずチェックをしている。,各支店の小口現金を大幅に削減し、余剰資金を本社に集約する事で内部統制上の問題点を解決。仕訳作成にかかる時間、仕訳入力に係る時間が大幅に削減できた。「楽楽精算」導入の決め手SAPとの連携この口コミを詳しく見る,務に係る手間、(現金出金、仕訳作成、仕訳入力）を大幅に削減できたこと。使用者は勘定科目を意識せずに申請することができるので簿記の知識がなくても使用できる。楽楽精算の改善してほしい点導入に関しては有償サポートを強く勧めてほしい。また無償のサポートはストレスがたまる。導入プレで各種機能をもっと使わせてほしい。システムの不具合がありましたか？仕訳データをSAPにバッチ取り込みする際UTF-8になっておらず文字化けするトラブルが頻発した。現在は取り込む前に必ずチェックをしている。楽楽精算導入で得られた効果・メリット各支店の小口現金を大幅に削減し、余剰資金を本社に集約する事で内部統制上の問題点を解決。仕訳作成にかかる時間、仕訳入力に係る時間が大幅に削減できた。「楽楽精算」導入の決め手SAPとの連携
1391,2022/02/04,これまで伝票発行、振込データ作成、入力まですべて手作業でしたが、すべてシステムより吐き出しになり劇的に時短となりました。専用パートさんに違う仕事を回せるようになり部内の働き方改革となりました。,振込や自動引落の確定処理の際、1つのシステムで複数社利用しているため思い込みで違う会社の口座を選択、確定してしまうことがありますが、確定後の取り消しが出来ないのでたまに困ってしまいます。,営業店で発行された支払依頼は本社到着まで認識・確認出来ませんでした。導入後は営業店で発行された支払依頼がすぐ見ることが出来るので支払日別集計を行い資金繰りに反映しています。「楽楽精算」導入の決め手初期費用及びランニングコストの安さ及び扱いやすさこの口コミを詳しく見る,票発行、振込データ作成、入力まですべて手作業でしたが、すべてシステムより吐き出しになり劇的に時短となりました。専用パートさんに違う仕事を回せるようになり部内の働き方改革となりました。楽楽精算の改善してほしい点振込や自動引落の確定処理の際、1つのシステムで複数社利用しているため思い込みで違う会社の口座を選択、確定してしまうことがありますが、確定後の取り消しが出来ないのでたまに困ってしまいます。楽楽精算導入で得られた効果・メリット営業店で発行された支払依頼は本社到着まで認識・確認出来ませんでした。導入後は営業店で発行された支払依頼がすぐ見ることが出来るので支払日別集計を行い資金繰りに反映しています。「楽楽精算」導入の決め手初期費用及びランニングコストの安さ及び扱いやすさ
1392,2022/02/04,これまで紙で行っていた経費申請書をクラウドでデータベースで行える。いちいち申請書の差し戻しなどに時間や手間がかからない。,領収書の経費精算システムとしては優秀だが、会計システムとの連携や税務申告との連携はもうひとつ足りない。,領収書・請求書などを写真取り込みで管理や申請できるので、申請者は手間がかからないシステムになっている。この口コミを詳しく見る,で行っていた経費申請書をクラウドでデータベースで行える。いちいち申請書の差し戻しなどに時間や手間がかからない。楽楽精算の改善してほしい点領収書の経費精算システムとしては優秀だが、会計システムとの連携や税務申告との連携はもうひとつ足りない。楽楽精算導入で得られた効果・メリット領収書・請求書などを写真取り込みで管理や申請できるので、申請者は手間がかからないシステムになっている。
1393,2022/02/04,導入も割と簡単で操作などしやすい。画面のカスタマイズなどやりやすい為、経費精算などもシニア世代でもわかりやすくとりいれやすいと思います。,各種申請が小さい画面になり少し手間がかかる、あとは見た目が少し古く思うためもう少しスタイリッシュなデザインに変えるとよりよいのではないか。また申請画面が小さい画面になるのが少し不満。,今まで経路など調べる手間などかかり業務効率がわるかったですが、こちらにしてからは素早く精算出来る為、業務効率がかなり上がり残業など減りました。,精算管理部門には業務効率推進に良いです。
1394,2022/02/04,転職先ではじめて使い始めましたが、前職でのシステムに比べてWEBベースでどこからでも経費申請や精算ができるところが気に入っています。上長がいつ承認したか（保留にしているか）のステータスも一目瞭然なので、催促もできます。,１明細に対して複数の領収書が存在する場合、１つしか添付できない（やり方が悪いのかもしれませんが）ところを改善してもらえると助かります。,営業で外回りが多い割には、完全に事前申請を徹底している会社なので、取引先との喫茶代ひとつにしても事前申請が必要ですが、これがあればスマホで外出先からでも速攻で申請が完了するので助かっています。,外出する人が多く多拠点で働く組織にとって有益だと思います。
1395,2022/02/04,UIはカラフルで使いやすいと思います。また、事前申請番号を呼び出して精算を行う事が出来る点は使いやすい。,利用者が勘定科目や税区分を選択するのは難しいので、中間で事務担当者が、税区分や勘定科目を選択出来るように、カットイン機能を追加して欲しい。印紙が課税か非課税なんて分からない。,簡単な交通費や消耗品の精算に関しては、ボタンを押していくだけで、出来上がるので、申請が楽になったと感じました。この口コミを詳しく見る,フルで使いやすいと思います。また、事前申請番号を呼び出して精算を行う事が出来る点は使いやすい。楽楽精算の改善してほしい点利用者が勘定科目や税区分を選択するのは難しいので、中間で事務担当者が、税区分や勘定科目を選択出来るように、カットイン機能を追加して欲しい。印紙が課税か非課税なんて分からない。楽楽精算導入で得られた効果・メリット簡単な交通費や消耗品の精算に関しては、ボタンを押していくだけで、出来上がるので、申請が楽になったと感じました。
1396,2022/02/04,精算入力する際に選択制になっているため入力の不備が軽減されて使いやすいです。また、承認されたかどうかも一覧でひと目でわかる面もいいです。,同ルートでなければ1度にまとめて申請出来ないため、別ルートや離れた日時で申請したい場合も1度に申請できるとよりいいかなと思いました。,これまで紙面で交通費の精算をして現金で受け取っており、相手のタイミングなども見てやり取りしないといけなかったのですが、楽楽精算を導入してからは個々がネット上で自分のタイミングで申請でき、後日振り込まれるようにしてもらったため業務の効率があがりました。この口コミを詳しく見る,る際に選択制になっているため入力の不備が軽減されて使いやすいです。また、承認されたかどうかも一覧でひと目でわかる面もいいです。楽楽精算の改善してほしい点同ルートでなければ1度にまとめて申請出来ないため、別ルートや離れた日時で申請したい場合も1度に申請できるとよりいいかなと思いました。楽楽精算導入で得られた効果・メリットこれまで紙面で交通費の精算をして現金で受け取っており、相手のタイミングなども見てやり取りしないといけなかったのですが、楽楽精算を導入してからは個々がネット上で自分のタイミングで申請でき、後日振り込まれるようにしてもらったため業務の効率があがりました。
1397,2022/02/04,経費精算で利用していますが、交通費などの精算の際、ICカードをタッチするだけで読み込んでくれるため入力の手間が省ける,仕方のないことですが、初め操作方法を覚えるまでに手こずります。また、全体的に文字が小さいので見やすくなるといいのかなと思います。システムの不具合がありましたか？特になし。,楽楽精算を活用することによって、自身の交通費の精算からクライアントとの取引に関わる精算まで1つのシステムで完結できるため、無駄な作業が発生せず業務効率が上がった。この口コミを詳しく見る,利用していますが、交通費などの精算の際、ICカードをタッチするだけで読み込んでくれるため入力の手間が省ける楽楽精算の改善してほしい点仕方のないことですが、初め操作方法を覚えるまでに手こずります。また、全体的に文字が小さいので見やすくなるといいのかなと思います。システムの不具合がありましたか？特になし。楽楽精算導入で得られた効果・メリット楽楽精算を活用することによって、自身の交通費の精算からクライアントとの取引に関わる精算まで1つのシステムで完結できるため、無駄な作業が発生せず業務効率が上がった。
1398,2022/02/04,毎回手入力手書きの電車、バスの交通費精算をしておりそれだけで1時間、長い時で2時間くらい掛かっていたが本当に30分掛からないほど、楽になりました,恐らくこちら側のエラーだと思いますが、最大30件の履歴を残す事ができるはずですが、15件くらいで止まってしまいます。過去の履歴が何故か残り続けており、こまめにタッチして情報を送らないといけない。システムの不具合がありましたか？トラブルというほどではありませんが、過去の履歴が消えずに残り続けている。,私は営業会社に勤務していて基本的には事務作業が仕事ではなく営業が仕事なので、営業側の精算におけるデスクワークの時間がかなり短縮され、他の仕事に当てることができてかなり活躍してます。あらためて、このサービスを無くすことはできないと感じております。,交通費精算は雇用されている側からした時に絶対に漏れなくやりたい所ではあるので従業員にはめちゃくちゃ喜ばれると思います
1399,2022/02/04,以前は毎日経費精算する上で必要だった、紙媒体での作業が電子化された事で隙間時間に携帯で出来る様になりました。,レシート、領収書を写真で撮り貼り付けるページと申請項目の選択画面が別になっており、統合されるとより使いやすいのかなと思います。システムの不具合がありましたか？特になし,時間の節約になります。以前は経費精算する際に、事務所に戻り書類を起票していましたが、隙間時間に携帯で申請が出来ます。移動時間で出来るので、効率がよい。,時間の節約に最適です。
1400,2022/02/04,ネット環境があればどこにいても計算申請が可能です。営業所や支店勤務でも即座に申請が出来、本社経理に即座にデータが送られます。,文字入力や日時入力、項目選択などはタブレットなどだと選択しにくいので、改善して頂きたい。また、カメラとの連動も不具合が起きる場合がある。,いつでもどこでも経費精算が可能です。領収書などは申請ごとに撮影をしなければならないですが、保存されますので紛失しても何とかなります。この口コミを詳しく見る,があればどこにいても計算申請が可能です。営業所や支店勤務でも即座に申請が出来、本社経理に即座にデータが送られます。楽楽精算の改善してほしい点文字入力や日時入力、項目選択などはタブレットなどだと選択しにくいので、改善して頂きたい。また、カメラとの連動も不具合が起きる場合がある。楽楽精算導入で得られた効果・メリットいつでもどこでも経費精算が可能です。領収書などは申請ごとに撮影をしなければならないですが、保存されますので紛失しても何とかなります。
1401,2022/02/04,スマートフォンの写真を撮るだけで自動で明細を取り込むことができる。経費の精算にかかる時間を今までの半分になった。,インターフェースが見づらい点はいただけないです。もう少し今風の画面インターフェースにするともっとよくなると思います。,電子帳簿保存法に完全対応するシステムなので、これからの時代にマッチしている。パソコンからだけでなくスマートフォンから申請OKなこともプラス。以前利用していた製品の解約理由サービス終了のためこの口コミを詳しく見る,ォンの写真を撮るだけで自動で明細を取り込むことができる。経費の精算にかかる時間を今までの半分になった。楽楽精算の改善してほしい点インターフェースが見づらい点はいただけないです。もう少し今風の画面インターフェースにするともっとよくなると思います。楽楽精算導入で得られた効果・メリット電子帳簿保存法に完全対応するシステムなので、これからの時代にマッチしている。パソコンからだけでなくスマートフォンから申請OKなこともプラス。以前利用していた製品の解約理由サービス終了のため
1402,2022/02/04,コロナ禍での在宅勤務には利用しやすく価格もお手頃かと思います。アプリもあるので場所や時間問わず活用出来るので経理には活用しやすく思えます。,紙類のデータをもっと時間短縮したい事と初めて使う人にもわかりやすいマニュアルがあればいいと思います。,数年前は申請の手書きや貼り付けに時間がかかり人の手ということもありミスも多かったのが、慣れた今ではデータ化、調べる時間も圧倒的に効率化に成功してます。この口コミを詳しく見る,の在宅勤務には利用しやすく価格もお手頃かと思います。アプリもあるので場所や時間問わず活用出来るので経理には活用しやすく思えます。楽楽精算の改善してほしい点紙類のデータをもっと時間短縮したい事と初めて使う人にもわかりやすいマニュアルがあればいいと思います。楽楽精算導入で得られた効果・メリット数年前は申請の手書きや貼り付けに時間がかかり人の手ということもありミスも多かったのが、慣れた今ではデータ化、調べる時間も圧倒的に効率化に成功してます。
1403,2022/02/04,これまでは、エクセルに社用のフォーマットで入力し、紙ベースの申請書類を回付し、承認後に経費精算されるという効率の悪い方法でしたが、IT化して精算書の記入が楽になりました。,交通費精算の際、領収証がある精算の場合は、証票欄にチェックを入れて精算に回すのですが、領収証の添付を忘れることが多いので、申請者にアラートを出す機能がほしいです。また普段あまりないような経費申請だと、どの項目を使って良いか迷うことがありままた,申請から精算までのスピードが断然早くなりました。申請の記載を間違っても、ウェブ上で訂正することが可能なので、社員にとって起票が楽になり助かります。,実際に利用するユーザー（社員）目線でITツールを選ぶと、楽楽精算はかなり優れていると思います。
1404,2022/02/04,交通費精算から経費精算、出張申請、精算など色々な申請、精算を一括して管理でき、使いやすく、わかりやすいシステム。,一度入力した項目、内容が履歴として出てくると同じ内容の記入をすることが多いので時短になるし、使いやすいと思う。,紙ベースでの申請、精算をしていたので、紙を使わなくて済むし、本社と地方との申請のやり取りもネット上で済むので楽になった。この口コミを詳しく見る,から経費精算、出張申請、精算など色々な申請、精算を一括して管理でき、使いやすく、わかりやすいシステム。楽楽精算の改善してほしい点一度入力した項目、内容が履歴として出てくると同じ内容の記入をすることが多いので時短になるし、使いやすいと思う。楽楽精算導入で得られた効果・メリット紙ベースでの申請、精算をしていたので、紙を使わなくて済むし、本社と地方との申請のやり取りもネット上で済むので楽になった。
1405,2022/02/03,出張旅費の申請や精算処理申請が外出先でもスマートフォンからできる為、電車での移動中など時間を有効に使える。,会社で1月から新しく導入された為使用しているが、特に改善点などはない。今までは申請書類を印刷して領収書を添付していたが、領収証はカメラで撮って添付できる為非常に簡単。システムの不具合がありましたか？今のところは特になし。ご年配の方々は、少し慣れるまでには時間がかかりそうな気がする。,ペーパーレスになり、ゴミを減らすことができたと思う。経理部署では、煩雑な申請書類チェックがなくなり、喜んでいるのではと思う。,間違いなくペーパーレス。
1406,2022/02/03,休暇の申請や交通費の申請をサイト上で行えます。紙媒体ではないため経理に手渡しや郵送する手間も省けて便利です。,スマホ版とPC版がありますが、スマホ版からログインしたあとの交通費申請の方法がわかりません。わざわざPC版でログインしないといけないのが手間です。,本社と事業所が他県のため、申請が紙媒体だと郵送をしないといけないがネット上だと郵送の手間も省ける上、不備があればすぐに経理から差し戻しされるので時間短縮になっています。この口コミを詳しく見る,や交通費の申請をサイト上で行えます。紙媒体ではないため経理に手渡しや郵送する手間も省けて便利です。楽楽精算の改善してほしい点スマホ版とPC版がありますが、スマホ版からログインしたあとの交通費申請の方法がわかりません。わざわざPC版でログインしないといけないのが手間です。楽楽精算導入で得られた効果・メリット本社と事業所が他県のため、申請が紙媒体だと郵送をしないといけないがネット上だと郵送の手間も省ける上、不備があればすぐに経理から差し戻しされるので時間短縮になっています。
1407,2022/02/03,画面がすっきりしているのでマニュアルを見なくても感覚的に操作でき、慣れるのに時間はかかりません。電車運賃もルートなど含めてシステム上で確認できるので大変便利。,備考欄が狭いので、もう少し広くしてほしい。過去の申請内容を確認するのに検索機能があるとさらに便利になると思います。,領収書などの原本提出が省けるので、わざわざ出社して提出する手間が減り負担が減った。過去の申請履歴も確認できるので処理方法に悩んだ時に頼りになる。この口コミを詳しく見る,きりしているのでマニュアルを見なくても感覚的に操作でき、慣れるのに時間はかかりません。電車運賃もルートなど含めてシステム上で確認できるので大変便利。楽楽精算の改善してほしい点備考欄が狭いので、もう少し広くしてほしい。過去の申請内容を確認するのに検索機能があるとさらに便利になると思います。楽楽精算導入で得られた効果・メリット領収書などの原本提出が省けるので、わざわざ出社して提出する手間が減り負担が減った。過去の申請履歴も確認できるので処理方法に悩んだ時に頼りになる。
1408,2022/02/03,交通費精算では、乗り換え案内(ジョルダン)を導入していて運賃計算が簡単なことや、交通系ICカードかざすだけで自動で計算される点はとても便利だと感じました。,費用の内訳を入力する箇所では、入力欄がとても小さく感じられたのと、文字数に制限があり、それがかなり厳しく感じました。,これまで私の勤める企業(中小企業、製造業)ではいちいち出張費や交通費の精算は紙ベースで行なっていましたが、本サービスを導入して領収書を読み取るだけで良くなったので手続きが楽になり社内でペーパーレス化を進めることができました。この口コミを詳しく見る,では、乗り換え案内(ジョルダン)を導入していて運賃計算が簡単なことや、交通系ICカードかざすだけで自動で計算される点はとても便利だと感じました。楽楽精算の改善してほしい点費用の内訳を入力する箇所では、入力欄がとても小さく感じられたのと、文字数に制限があり、それがかなり厳しく感じました。楽楽精算導入で得られた効果・メリットこれまで私の勤める企業(中小企業、製造業)ではいちいち出張費や交通費の精算は紙ベースで行なっていましたが、本サービスを導入して領収書を読み取るだけで良くなったので手続きが楽になり社内でペーパーレス化を進めることができました。
1409,2022/02/03,交通費の精算について出発・到着時間、駅名、出発時間に合わせた搭乗可能な乗り物を検索して精算できる点。,使い始めは使い方がわからず、さまざまな項目があるので、理解するまで時間がかかりました。一括で精算する際に何度も複製するのが手間でした。システムの不具合がありましたか？自身の使用中はありませんでした。,社命で1ヶ月出張に行きましたが非常に重宝しました。日当、宿泊費、交通費をまとめて、一括で精算できたのでその点にメリットを感じました。,大手企業で採用されているものなので、間違いないと思います。
1410,2022/02/03,初めてでもUIが使いやすいこと、また乗り換え案内と連携しているため、交通費の精算時に根拠となる添付資料を用意しなくても良くなったことです。,交通費の精算で駅名を入力しても、バス停が自動で選択されてしまいスムーズにいかないことがあります。それほど大きな問題ではありません。システムの不具合がありましたか？特にありません。,経費を上げる側と処理する側の作業負担が格段に減ると思います。自分で交通費を調べなくても乗り換え案内と連携しているのがありがたいです。,色々なサービスを使用してきましたが楽楽精算が一押しです。
1411,2022/02/03,テレワークの関係で社外での仕事も増えたが、どこからでもアクセスできるため、領収書の申請が楽になった。,通勤経路が同じものをコピーする際に以前使ってたものは行をコピーして日付を手入力で変えられたが、毎回入力ウィンドウで日付を選択しないといけないのが少し使い勝手が悪いと思った。システムの不具合がありましたか？なし,導入前は領収書をスキャンして添付する必要があり、複合機が必要だったが、スマートフォンで写真を撮影し、そのまま添付できるため、効率が良くなった。以前利用していた製品の解約理由IEでしか使えなかったこの口コミを詳しく見る,の関係で社外での仕事も増えたが、どこからでもアクセスできるため、領収書の申請が楽になった。楽楽精算の改善してほしい点通勤経路が同じものをコピーする際に以前使ってたものは行をコピーして日付を手入力で変えられたが、毎回入力ウィンドウで日付を選択しないといけないのが少し使い勝手が悪いと思った。システムの不具合がありましたか？なし楽楽精算導入で得られた効果・メリット導入前は領収書をスキャンして添付する必要があり、複合機が必要だったが、スマートフォンで写真を撮影し、そのまま添付できるため、効率が良くなった。以前利用していた製品の解約理由IEでしか使えなかった
1412,2022/02/03,データで申請する為、ネットが繋がる環境であればどこでも申請でき、申請者、承認者ともに社内にいなくても利用できる。,いつも精算する内容はほぼ同じなので、毎度入力するのではなく、使用頻度が多い経費内容は、申請画面に反映させ、削除等で入力の手間を省いてほしい。入力の時短にもなる。,最終の承認者まで、支店担当者、エリア担当者、経費担当者と承認が必要で、紙ベースの場合、担当者の部署まで郵送していたが、データ化し、最終の承認者まで時間がかがらず、承認してもらえるようになった。この口コミを詳しく見る,請する為、ネットが繋がる環境であればどこでも申請でき、申請者、承認者ともに社内にいなくても利用できる。楽楽精算の改善してほしい点いつも精算する内容はほぼ同じなので、毎度入力するのではなく、使用頻度が多い経費内容は、申請画面に反映させ、削除等で入力の手間を省いてほしい。入力の時短にもなる。楽楽精算導入で得られた効果・メリット最終の承認者まで、支店担当者、エリア担当者、経費担当者と承認が必要で、紙ベースの場合、担当者の部署まで郵送していたが、データ化し、最終の承認者まで時間がかがらず、承認してもらえるようになった。
1413,2022/02/03,楽楽精算なら社内様式のテンプレよりも楽ちん。入力画面で、レシートや領収書を見ながら必要事項を順番に入力していくだけ。文字切れなどプリントレイアウトの調整もなしで、精算書類を作成できます。,支店や仮設工事現場などで利用する場合、本社とオンラインで経費の精算書類をやり取りしても、結局レシートや領収書を別途提出しなければいけないことが多いです。領収書などのスキャンデータをアップロードできるようになると、もっと便利になりそう。システムの不具合がありましたか？たまにインターネット回線が原因なのか、システムの不具合なのか、原因のわからない接続不良がありました。,経費の精算書類を作成したら、申請から受理→精算までの手続き状況をリアルタイムで確認することができて、不安になりません。否認された場合の手直しや再申請もすぐにできて、後戻り作業が軽減されました。,ペーパーレス化が進んでいない会社の紙を減らします！
1414,2022/02/03,これまで精算手続きはすべて紙で起票した後、上長の捺印による承認が必要でしたが、楽楽精算の導入により社内の精算処理のワークフローを全てペーパーレス化することができました。,承認のワークフローの設定画面が若干クセがあります。承認者を２人以上設定したい場合、１人目は精算内容の入力画面からユーザーを選択して設定、２人目以降はワークフロー設定画面の検索機能からユーザーを検索して設定する必要があり、この操作に慣れるまで時間がかかりました。,社内の精算フローをペーパーレス化により、精算手続きにかかっていた工数が全体で70％近く削減することができました。非常に費用対効果の高いシステムと思います。この口コミを詳しく見る,算手続きはすべて紙で起票した後、上長の捺印による承認が必要でしたが、楽楽精算の導入により社内の精算処理のワークフローを全てペーパーレス化することができました。楽楽精算の改善してほしい点承認のワークフローの設定画面が若干クセがあります。承認者を２人以上設定したい場合、１人目は精算内容の入力画面からユーザーを選択して設定、２人目以降はワークフロー設定画面の検索機能からユーザーを検索して設定する必要があり、この操作に慣れるまで時間がかかりました。楽楽精算導入で得られた効果・メリット社内の精算フローをペーパーレス化により、精算手続きにかかっていた工数が全体で70％近く削減することができました。非常に費用対効果の高いシステムと思います。
1415,2022/02/03,今まで書類で精算をしていたので、資源の削減が出来たことと、書類の郵送費（支店から総務へ）の削減ができたことはよかった。,画面が見にくい。一昔前の画面デザインな感じがするので、直感的に操作できる画面構成だといいなと感じる。,コロナ禍で出社できない時に、ネットで精算ができるので出社せずとも経費精算を行えて助かった。承認者も同様に出社せず、承認できるのでよかった。この口コミを詳しく見る,で精算をしていたので、資源の削減が出来たことと、書類の郵送費（支店から総務へ）の削減ができたことはよかった。楽楽精算の改善してほしい点画面が見にくい。一昔前の画面デザインな感じがするので、直感的に操作できる画面構成だといいなと感じる。楽楽精算導入で得られた効果・メリットコロナ禍で出社できない時に、ネットで精算ができるので出社せずとも経費精算を行えて助かった。承認者も同様に出社せず、承認できるのでよかった。
1416,2022/02/03,いままでExcelシートにすべて記入していた交通費精算が、ICカードをかざすだけで精算できるのが非常に助かります。,費用が少し高いように感じます。効率化を考えるとコストパフォーマンスは良いと思いますが、もう少し下げられると嬉しいです。,手入力が圧倒的に減りました。効率化できた時間をほかの作業に当てることで残業時間が減りワークライフバランスも整いました。この口コミを詳しく見る,xcelシートにすべて記入していた交通費精算が、ICカードをかざすだけで精算できるのが非常に助かります。楽楽精算の改善してほしい点費用が少し高いように感じます。効率化を考えるとコストパフォーマンスは良いと思いますが、もう少し下げられると嬉しいです。楽楽精算導入で得られた効果・メリット手入力が圧倒的に減りました。効率化できた時間をほかの作業に当てることで残業時間が減りワークライフバランスも整いました。
1417,2022/02/03,交通費の精算をするときに移動区間を入力すると経路が表示されるので便利でした。また、過去に申請した分を再利用することができるので、同じ区間を定期的に移動する場合は申請が楽でした。,入力項目の並び順や画面構成が直感的な操作に適していないところ。慣れてしまえば特に違和感はないですが最初は戸惑いました。また、文字が小さく余白が多い点は改善してほしいと思います。,出張が多く交通費の精算が頻繁にあるのですが、使い方に慣れてしまえば1回の精算にかかる工数は5分程度でできます。また、一時保存ができるので隙間時間に作業ができる点もとても良いです。この口コミを詳しく見る,算をするときに移動区間を入力すると経路が表示されるので便利でした。また、過去に申請した分を再利用することができるので、同じ区間を定期的に移動する場合は申請が楽でした。楽楽精算の改善してほしい点入力項目の並び順や画面構成が直感的な操作に適していないところ。慣れてしまえば特に違和感はないですが最初は戸惑いました。また、文字が小さく余白が多い点は改善してほしいと思います。楽楽精算導入で得られた効果・メリット出張が多く交通費の精算が頻繁にあるのですが、使い方に慣れてしまえば1回の精算にかかる工数は5分程度でできます。また、一時保存ができるので隙間時間に作業ができる点もとても良いです。
1418,2022/02/03,OCRが搭載されているところ。登録した請求書情報を一から入力する手間が省けます。ただし誤りももちろんあるので、支払日や支払金額に関わる箇所は注意が必要です。,一つの請求書に対して明細が99件しか追加できないところ。大きな費用が発生し、それを按分しなければいけない時は不便です。また、貸方を変更したくとも融通が利きません。システムの不具合がありましたか？不具合などは今のところない。,紙媒体の書類の到着を待たなくても良いところ。書類の整理に時間を割く必要がなくなったところ。書類の保管場所や紛失などの問題が解決したところ。この口コミを詳しく見る,載されているところ。登録した請求書情報を一から入力する手間が省けます。ただし誤りももちろんあるので、支払日や支払金額に関わる箇所は注意が必要です。楽楽精算の改善してほしい点一つの請求書に対して明細が99件しか追加できないところ。大きな費用が発生し、それを按分しなければいけない時は不便です。また、貸方を変更したくとも融通が利きません。システムの不具合がありましたか？不具合などは今のところない。楽楽精算導入で得られた効果・メリット紙媒体の書類の到着を待たなくても良いところ。書類の整理に時間を割く必要がなくなったところ。書類の保管場所や紛失などの問題が解決したところ。
1419,2022/02/03,まず、精算業務の効率化を図ることができます。私は営業部に所属をし、ご契約頂いたお客様の請求書発行にて利用しております。送付先の方が請求書をダウンロードしたか否かが分かるのが良いと思います。,担当部署いわく、導入時のカスタマイズが必要らしくそのフローが非常に手間がかかるとのことでした。最終的に楽をしたいためには最初の苦労は必要ということですね。システムの不具合がありましたか？現状は無し,やはり、顧客との金銭でのやりとりが一番の活躍だと思います。しかし、社員の経費精算などにも役立つ場面もあるので多方面での活躍に期待できると思います。,精算業務の効率化を考えている方がいれば是非とも検討してみる価値はあると思います。
1420,2022/02/03,主に外出時の交通費精算に利用しています。それに特化した機能も多く、乗り換え検索サイトとの連携があるところが気に入っています。,当社の運用の問題かもしれませんが、このご時世にプリントアウトしたバーコードを提出しなければ精算フローが始まらず、そのために出社しなければいけないのが面倒です。,交通費精算は外出の多い多忙な部署ほど負担になっていましたが、少しは入力にかかる時間が短縮できていると思います。劇的に改善とまではいかなかったです。以前利用していた製品の解約理由メンテナンスやアップデートに融通がきかなかったためこの口コミを詳しく見る,の交通費精算に利用しています。それに特化した機能も多く、乗り換え検索サイトとの連携があるところが気に入っています。楽楽精算の改善してほしい点当社の運用の問題かもしれませんが、このご時世にプリントアウトしたバーコードを提出しなければ精算フローが始まらず、そのために出社しなければいけないのが面倒です。楽楽精算導入で得られた効果・メリット交通費精算は外出の多い多忙な部署ほど負担になっていましたが、少しは入力にかかる時間が短縮できていると思います。劇的に改善とまではいかなかったです。以前利用していた製品の解約理由メンテナンスやアップデートに融通がきかなかったため
1421,2022/02/03,毎月の交通費精算や、購入申請を上げる際に利用をしていますが、エクセルからWebフォームになったことで、ちょっとした時間に精算ができ、旅費などもすぐに算出ができるので重宝しています。,エビデンスなどに関して画像以外にURLなどでも選択ができると非常に楽に感じます。例えば、切手の見積とかはないので日本郵便のURLをはったりできるといいかなと。それか、クリップボードの画像貼り付けができるようにしていただくか。システムの不具合がありましたか？とくにありません,なんといってもエクセルからの脱却ができる点が大きなメリットになっています。このおかげでエクセルがない環境からでも申請や処理ができるようになりました。,とっつきやすいUIでだれでもすぐに慣れると思います。
1422,2022/02/03,交通費を申請する場合は、出発地点から到着地点の駅名を入力することにより、費用が簡単に算出でき、それを反映させることができる。,以前に申請した内容と同じものを申請したい場合のコピー機能が無いので、毎回同じ内容を手入力する必要があり、煩わしいです。,今までは紙で交通費や経費の精算を行なっていましたが、システム化することにより、時間が短縮されました。この口コミを詳しく見る,請する場合は、出発地点から到着地点の駅名を入力することにより、費用が簡単に算出でき、それを反映させることができる。楽楽精算の改善してほしい点以前に申請した内容と同じものを申請したい場合のコピー機能が無いので、毎回同じ内容を手入力する必要があり、煩わしいです。楽楽精算導入で得られた効果・メリット今までは紙で交通費や経費の精算を行なっていましたが、システム化することにより、時間が短縮されました。
1423,2022/02/03,今まで精算の際決済まで時間がかかりました。楽楽精算にかわりWEB上で即決済が出来るようになり業務が楽になりました。,領収書のスキャンがPDFへ変換しないとできないのが困ってます。何かしら楽にできる方法があるといいなと思います。,支店と本社が離れているので経費精算する際に書類を送らないといけなかったため、送料が抑えられることで経費がかからなくなった。以前利用していた製品の解約理由わかりませんこの口コミを詳しく見る,の際決済まで時間がかかりました。楽楽精算にかわりWEB上で即決済が出来るようになり業務が楽になりました。楽楽精算の改善してほしい点領収書のスキャンがPDFへ変換しないとできないのが困ってます。何かしら楽にできる方法があるといいなと思います。楽楽精算導入で得られた効果・メリット支店と本社が離れているので経費精算する際に書類を送らないといけなかったため、送料が抑えられることで経費がかからなくなった。以前利用していた製品の解約理由わかりません
1424,2022/02/03,交通費精算を頻繁に利用するのですが、Suicaなどの交通系ICカードからの履歴の読み込みに対応しているので入力の手間が省けます。,精算項目の入力画面がいまいち分かりづらく、入力完了したと思ったのに未入力になってしまっていることがよくあります。,ファイルアップロード機能によって、フルリモートワーク体制の弊社でも、スムーズに領収書の受け渡し、承認ができるようになりました。この口コミを詳しく見る,を頻繁に利用するのですが、Suicaなどの交通系ICカードからの履歴の読み込みに対応しているので入力の手間が省けます。楽楽精算の改善してほしい点精算項目の入力画面がいまいち分かりづらく、入力完了したと思ったのに未入力になってしまっていることがよくあります。楽楽精算導入で得られた効果・メリットファイルアップロード機能によって、フルリモートワーク体制の弊社でも、スムーズに領収書の受け渡し、承認ができるようになりました。
1425,2022/02/03,これまでの出張精算はエクセルで作成した出張旅費精算書を作成した後会計ソフトに入力し、紙で出力して上長の承認をもらう必要がありました。このソフトの導入後は、簡単に入力ができた上で全てオンラインでの承認となり、出張時の経費精算の負担がかなり減りました。また、出張の経路と費用を時刻表アプリと連携して自動入力してくれるので大変助かります。,特に目立って改善してほしい点はありませんが、レイアウト上の制約なのか文字入力に制限があったり、全角しかダメな部分があったりします。これに対して入力前に警告を出せるようになるといいと思います。,出張が多い部署では、経費精算だけで半日取られていたようなこともありましたが、これのおかげで精算の時間を圧縮し、その分を他の業務に回すことができました。またちょっとした出張は「経費精算が面倒だから」と申請しない場合もありましたが、それもなくなりました。以前利用していた製品の解約理由以前は社内独自のシステムでした。使いづらかったため解約に至ったと思われます,出張が多く、経費の精算に時間を取られているような会社にはもってこいだと思います
1426,2022/02/03,どこでも経費精算が手軽にできます。システムのユーザーインターフェースも整っており、初めて使う時でもあまり戸惑うことなく使えました。システムに詳しくない人でも直感的な操作ができると思います。,承認者設定が手間取りました。また、仕事の業種的に原価の経費精算が頻発するので、商品コードをその都度設定するのが大変でした。もう少しコード設定が簡単になると助かります。,経費精算の会計システム入力時に、バーコードをスキャンするだけで、入力できるようになったのが他にはなく革新的だと感じました。スキャンだけで取り込めるので、入力の時間が大幅に削減できました。この口コミを詳しく見る,費精算が手軽にできます。システムのユーザーインターフェースも整っており、初めて使う時でもあまり戸惑うことなく使えました。システムに詳しくない人でも直感的な操作ができると思います。楽楽精算の改善してほしい点承認者設定が手間取りました。また、仕事の業種的に原価の経費精算が頻発するので、商品コードをその都度設定するのが大変でした。もう少しコード設定が簡単になると助かります。楽楽精算導入で得られた効果・メリット経費精算の会計システム入力時に、バーコードをスキャンするだけで、入力できるようになったのが他にはなく革新的だと感じました。スキャンだけで取り込めるので、入力の時間が大幅に削減できました。
1427,2022/02/03,レシートをスキャナーやPDFを登録すると内容を読み取ってくれるのが役立ちます。精算もレシート登録から引用してくれるので手間が省けます。,レシート読み取りでたまに修正が必要。交通費精算のマイパターンから月の登録をもっと簡単に出来ると助かる。,交通費の精算が楽になった。経路で金額がでるのがとてもいい！マイパターンを登録できて毎回とても楽です。,経理の方の負担が減ると思います
1428,2022/02/03,会社への精算申請や経理処理など、今までは手書きで面倒でしたが、オンライン上ので申請、決済ができて便利です。,私が機能を知らないだけかもしれませんが、今会社のパソコンでしか使えてないので、携帯アプリなどでも使えると便利かも。,手書きで大量の紙を使っていた経費などの申請、処理がデジタルでできて手間も減りますし、SDGsの観点からもとてもよいです。,導入されるととても便利です
1429,2022/02/03,スマートフォンで簡単に領収書が読み込めるので簡単に整理することができます。交通費が自動でソフトウェア上に表示されるので自身で入力する必要がなく楽です,スマートフォンで領収書の撮影の精度が悪い時がたまにありますので、その際は自分で入力しないといけないのが面倒です,毎年の紙のやりとりが激減したのでペーパレス化の実現を肌で感じました経理での作業量も減ったので導入して良かったですこの口コミを詳しく見る,ォンで簡単に領収書が読み込めるので簡単に整理することができます。交通費が自動でソフトウェア上に表示されるので自身で入力する必要がなく楽です楽楽精算の改善してほしい点スマートフォンで領収書の撮影の精度が悪い時がたまにありますので、その際は自分で入力しないといけないのが面倒です楽楽精算導入で得られた効果・メリット毎年の紙のやりとりが激減したのでペーパレス化の実現を肌で感じました経理での作業量も減ったので導入して良かったです
1430,2022/02/01,これまで様々なツールを利用し、出張の費用申請等をしていましたがこちらを利用するようになってからは全体の経費精算をこちらに一本にし、仮払いから、出張手当、経費精算全てこちらでできるようになり非常に効率が上がりました。,事前稟議を通した出張手当申請を、後から経費精算する際に、事前稟議を一番最初に番号を検索して入れておかないと、後から事前稟議番号を入力するとそれまでに入力したすべての経費精算が消えるのが、とっても残念です。あとは、過去のものからすべてコピーなどで複製できると嬉しいです。,時間短縮、また写真なども格納できるので、実質的なチャット等のやりとりが大幅に削減できるようになりそちらはとても助かっています。以前利用していた製品の解約理由とってもUIが悪く使いづらかったから,簡単に一つで経費精算を全体管理できる強者です。
1431,2022/02/01,公共交通機関を利用した場合は、連携している乗り換え案内で利用駅を入力するだけで、利用区間と運賃が自動入力される点が便利です。,PDF読み込みの精度アップと、画面デザインの改善です。特に画面デザインは、使い慣れないうちは申請履歴を見るためのボタンが見つからず、苦労いたしました。,経費精算の申請業務時間が削減されることと、画面上で申請後のステータスが確認出来、且つ承認が一定期間停滞するとメールで通知が配信される事により、効率が良くなっている点がメリットと考えます。,社内規定や運用方法により、在宅勤務中でも活用可能と考えます。
1432,2022/01/31,会社で導入している経費精算システム。選ぶ項目も多く簡単に精算ができます。日付を選んだり項目も選びやすくて使いやすい。,特に改善してほしいところはありませんがあえて言うなら履歴検索ができてその編集で生産までスムーズにできるようになると使いやすい。,今までは書類を送ったり、確認してもらってから支払いまでのスピードが時間かかってましたが、導入後は支払いもスムーズです。この口コミを詳しく見る,している経費精算システム。選ぶ項目も多く簡単に精算ができます。日付を選んだり項目も選びやすくて使いやすい。楽楽精算の改善してほしい点特に改善してほしいところはありませんがあえて言うなら履歴検索ができてその編集で生産までスムーズにできるようになると使いやすい。楽楽精算導入で得られた効果・メリット今までは書類を送ったり、確認してもらってから支払いまでのスピードが時間かかってましたが、導入後は支払いもスムーズです。
1433,2022/01/31,交通費精算、経費精算で使用しています。交通費では、よく使うルートを登録できるので大変便利です。ページ遷移がほとんどないので、デジタルネイティブでない年齢層の社員もうまく使いこなせていると思います。,ブラウザとの互換性がうまくいっていないのか、漢字を入力すると時々中国語として認識される。PDFで保存すると文字化けが発生するときがある。,経費精算で、精算する申請内容によっては、承認者を増やすことができるので社内の承認フローをカスタマイズできる便利機能です。,抜群にUIが優れているというわけではないが、基本的な機能は備わっており、中年層も使いやすいと思います。
1434,2022/01/31,以前のシステムでは経費申請が煩雑で面倒だったが、こちらはオンラインでスムーズに申請できるのでとてもいい。場所を問わず申請業務ができるので無駄が省けて大変助かっている。,使い勝手がかなり良いため特に改善してほしい点はありませんが、経費精算の承認が降りた際にその都度通知が来るとなおいいと思う。基本的に使っていて困ったことはない。,経費申請にかかっていた時間がおそらく半分ほどになったと思う。小さな変化ではあるが、出張が多いので大変助かる。今までは領収書を紙で提出して、用途を書いて、上司の判をもらって経理部へ、など面倒だったが、いまなら出張先からも経費精算ができる。隙間時間を使えて便利。以前利用していた製品の解約理由会社での決定なので不明この口コミを詳しく見る,テムでは経費申請が煩雑で面倒だったが、こちらはオンラインでスムーズに申請できるのでとてもいい。場所を問わず申請業務ができるので無駄が省けて大変助かっている。楽楽精算の改善してほしい点使い勝手がかなり良いため特に改善してほしい点はありませんが、経費精算の承認が降りた際にその都度通知が来るとなおいいと思う。基本的に使っていて困ったことはない。楽楽精算導入で得られた効果・メリット経費申請にかかっていた時間がおそらく半分ほどになったと思う。小さな変化ではあるが、出張が多いので大変助かる。今までは領収書を紙で提出して、用途を書いて、上司の判をもらって経理部へ、など面倒だったが、いまなら出張先からも経費精算ができる。隙間時間を使えて便利。以前利用していた製品の解約理由会社での決定なので不明
1435,2022/01/30,レイアウトも見やすく、項目や操作もわかりやすいので、とにかく使いやすいです。出張申請も立替精算も取引先への支払い依頼もこれ一つでできます。,申請ごとに別ウィンドウが開く点は別タブか同ページ遷移に変えてほしい。また、税抜と税込表示を分けてほしい。,不具合や表示遅延が一切ないので、無駄な作業やトラブル対応は不要。また、シンプルで使いやすいので精算業務の効率化に役立っている。この口コミを詳しく見る,も見やすく、項目や操作もわかりやすいので、とにかく使いやすいです。出張申請も立替精算も取引先への支払い依頼もこれ一つでできます。楽楽精算の改善してほしい点申請ごとに別ウィンドウが開く点は別タブか同ページ遷移に変えてほしい。また、税抜と税込表示を分けてほしい。楽楽精算導入で得られた効果・メリット不具合や表示遅延が一切ないので、無駄な作業やトラブル対応は不要。また、シンプルで使いやすいので精算業務の効率化に役立っている。
1436,2022/01/30,交通費精算がICカード読み込み機能ですぐできる点です。今までは自分で計算し、Excelにまとめて提出だったので格段に楽になりました。,ICカードスキャナーの性能が低いのか、スタッフの1/3は読み込みができません。また、弊社だけかもしれませんが提出時に紙で提出する必要があるため、結局なんのために楽楽精算に切り替えたのか不明です。使いこなせない企業だと手間が増えます。,交通費計算時、定期代エリアの金額を自動的に差し引いてくれるので計算にミスが出ません。人為的なミスがかなり少なくなるため、経理部門は業務効率が格段に上がったようです。この口コミを詳しく見る,がICカード読み込み機能ですぐできる点です。今までは自分で計算し、Excelにまとめて提出だったので格段に楽になりました。楽楽精算の改善してほしい点ICカードスキャナーの性能が低いのか、スタッフの1/3は読み込みができません。また、弊社だけかもしれませんが提出時に紙で提出する必要があるため、結局なんのために楽楽精算に切り替えたのか不明です。使いこなせない企業だと手間が増えます。楽楽精算導入で得られた効果・メリット交通費計算時、定期代エリアの金額を自動的に差し引いてくれるので計算にミスが出ません。人為的なミスがかなり少なくなるため、経理部門は業務効率が格段に上がったようです。
1437,2022/01/30,直感的に画面操作可能な為、新入社員へのレクチャーも殆ど不要。訂正時の修正作業も楽。PC、スマホどちらでも使えるのが良い。またパスモなどの履歴読込み機能が便利。,経費精算時にレシートをOCRで読み込むことで、入力の手間をなくせたら格段に生産の手間が軽減されるとおもいます。,部下の経費申請の確認、承認、差し戻しフローが効率的。修正作業も楽。エクセルの場合、申請時、修正時などメールベースで何度もやり取りを重ねる必要があるが、楽楽精算上で完結できるため業務軽減になる。,経理楽々精算を導入することで、経費精算の業務フローが簡略化されます。経理担当や管理職の業務軽減に繋がるサービス
1438,2022/01/30,非常にシンプルな使用になっているため、毎月の交通費・経費精算業務が楽です。また、新人も問題なくすぐに使えるようになります。,よく入力する駅や交通機関を自動入力できるようになればもっと楽になるなと感じました。もしかしたら既にそのような機能があるのかもしれませんが、よくわからないです。システムの不具合がありましたか？特に大きな不具合等はありません、,毎月、必ず経費と交通費精算が発生するため、月1回の業務をシステムで行えるため利用者側からすると効率化の面でメリットが大きいです。紙やハンコ文化だと、承認者の様子を気にしないといけないので、精神的にも楽になります。,現在、紙で精算業務を行っている業者には、効率化を検討している場合おすすめです。
1439,2022/01/30,スマートフォンとパソコンが連動しているので領収書やレシートなどを手持ちのスマートフォンで撮影する事で登録から承認までどこでも使うことが出来る。,スマートフォンでレシートなどを読み込む際の精度が悪い時があるのと金額が間違えて読み込む場合もあるので二重チェック機能があると良い。,今までの経費精算は必ず事務所に行き専用の書式に添付し何名かの承認者を経由するので振り込みまで時間もかかっていましたが導入後はいつでも申請でき承認者もいつでも承認出来るのでスムーズに精算が出来ます。この口コミを詳しく見る,ォンとパソコンが連動しているので領収書やレシートなどを手持ちのスマートフォンで撮影する事で登録から承認までどこでも使うことが出来る。楽楽精算の改善してほしい点スマートフォンでレシートなどを読み込む際の精度が悪い時があるのと金額が間違えて読み込む場合もあるので二重チェック機能があると良い。楽楽精算導入で得られた効果・メリット今までの経費精算は必ず事務所に行き専用の書式に添付し何名かの承認者を経由するので振り込みまで時間もかかっていましたが導入後はいつでも申請でき承認者もいつでも承認出来るのでスムーズに精算が出来ます。
1440,2022/01/29,コミュニケーションが経理と取りやすくなった。今承認がどこまで進んでいるかが分かりやすくなったのは良いと思う,融通がきかないところ。アナログの経費精算だったからこそまとめて承認を貰えていたが、システム化されてから少しでもルールと異なると非承認となる。また、通知メールではどこにエラーがあったのかが分かりにくい,経理側はきっちり進められるようになったのでメリットだが、営業側としては使いにくい。写真でタクシー領収書を提出しているがもっと分かりやすい仕組みにしてほしい。使いづらいこの口コミを詳しく見る,ーションが経理と取りやすくなった。今承認がどこまで進んでいるかが分かりやすくなったのは良いと思う楽楽精算の改善してほしい点融通がきかないところ。アナログの経費精算だったからこそまとめて承認を貰えていたが、システム化されてから少しでもルールと異なると非承認となる。また、通知メールではどこにエラーがあったのかが分かりにくい楽楽精算導入で得られた効果・メリット経理側はきっちり進められるようになったのでメリットだが、営業側としては使いにくい。写真でタクシー領収書を提出しているがもっと分かりやすい仕組みにしてほしい。使いづらい
1441,2022/01/29,領収書の読み込みで購入日購入場所など自動反映されるので、大量に保管して月末にまとめたりする作業がなくなった。,とくに困っていることはないのですが、機能面ではとくにないのですが、定期的に弊社だと申請期日があるのでリマインド機能がついているといいかと思います。システムの不具合がありましたか？とくにありません。,以前は1枚1枚の領収書をExcelでどこで使用してなど使用用途を直接入力したりでかなり手間がありましたが、楽楽精算を導入したことで、領収書を読み込み最低限の入力で済むので時間短縮と領収書の紛失なども防ぐことができました。,経費精算の簡易化ができるので従業員も楽になるし管理者も楽になるかと思います！
1442,2022/01/29,名前のとおり、楽に精算ができるようになるソフト。交通費の精算など時間がかかるものをExcelや紙といったものではなく効率よくさばける。,使い勝手が悪い部分が多い。慣れてしまえばなんてこともないが、最初は覚えるまで苦労する。UIがわかりにくいのが原因。,事務経理の人件費を削ることができる。またヒューマンエラーが防げるためミスなどがうまれる確率もかなり減る。この口コミを詳しく見る,り、楽に精算ができるようになるソフト。交通費の精算など時間がかかるものをExcelや紙といったものではなく効率よくさばける。楽楽精算の改善してほしい点使い勝手が悪い部分が多い。慣れてしまえばなんてこともないが、最初は覚えるまで苦労する。UIがわかりにくいのが原因。楽楽精算導入で得られた効果・メリット事務経理の人件費を削ることができる。またヒューマンエラーが防げるためミスなどがうまれる確率もかなり減る。
1443,2022/01/28,経費精算表をエクセルで作成し、領収書原本を保存するのはとても手間で、書類の保存も大変だったのですが、楽楽精算を利用すると経費精算に対してのストレスがなくなってうれしいです。,許容範囲ではありますが、書類の添付の仕方が少しわかりにくい気がします。添付かと思ってクリックしたらプレビューになったりします。,経費精算を行わなくてはいけないというプレッシャーやストレスがないため、立替が発生したらすぐ処理する気になります。ためこまないので、経理側も助かっているようです。この口コミを詳しく見る,をエクセルで作成し、領収書原本を保存するのはとても手間で、書類の保存も大変だったのですが、楽楽精算を利用すると経費精算に対してのストレスがなくなってうれしいです。楽楽精算の改善してほしい点許容範囲ではありますが、書類の添付の仕方が少しわかりにくい気がします。添付かと思ってクリックしたらプレビューになったりします。楽楽精算導入で得られた効果・メリット経費精算を行わなくてはいけないというプレッシャーやストレスがないため、立替が発生したらすぐ処理する気になります。ためこまないので、経理側も助かっているようです。
1444,2022/01/28,20代後半です。新卒から交通費精算で利用しています。PCに詳しくない私でもすぐ使える位シンプルで使いやすいです。,一度申請ボタンを押すと修正出来ない時がありました。その際にまた初めから入力が必要な為、手間に感じました。,今まで入力した履歴がきちんと残る為、忙しい時期は申請したかどうか忘れる事がありましたが、すぐ確認できて泣く泣く自腹を切るなんてことが防止出来ました。この口コミを詳しく見る,です。新卒から交通費精算で利用しています。PCに詳しくない私でもすぐ使える位シンプルで使いやすいです。楽楽精算の改善してほしい点一度申請ボタンを押すと修正出来ない時がありました。その際にまた初めから入力が必要な為、手間に感じました。楽楽精算導入で得られた効果・メリット今まで入力した履歴がきちんと残る為、忙しい時期は申請したかどうか忘れる事がありましたが、すぐ確認できて泣く泣く自腹を切るなんてことが防止出来ました。
1445,2022/01/28,これまでは、エクセルによる精算書を作成し、上長へメールで提出という作業で経費精算を行っていましたが、楽楽精算のみで精算処理を終えられる点が良い,処理の簡易化を図っているためではあるものの、項目選択の画面で、選択肢が多く見ずらいため、直接入力やキーワード検索で項目選択できると良いシステムの不具合がありましたか？特に大きな不具合やトラブルは発生していない,経費精算の手間が大幅に削減できた点が一番のメリットであり、操作方法も比較的簡易なため、システム導入のメリットは非常に大きい,導入が比較的容易で、運用も比較的安定している
1446,2022/01/28,優れている点・好きな機能。シンプルな画面、機能である。精算機能に特化している。その理由。精算以外の機能が基本的になく、余計な雑音情報で作業が阻害されにくい。精算に必要な機能だけがまとまっており、誤った作業を行いにくい。,誤った操作を行い、組織変更後、入力出来ないケースがあった為、操作ログなどでどのような操作を行ったか履歴を見れる機能がほしい管理者権限にあらゆる数値を強制的に変更できる仕組みがほしい,経理部門にとっては電子化することと、チェックの見落としをなくすことが導入のメリットとなりうる。利用者にとっては起票に際した手入力工数が削減できること。駐車場のレシートを何十枚もため込んで1時間かけて金額や場所を入力していたような人が、スマホで写真を撮るだけで...となればずいぶん楽になる。この口コミを詳しく見る,点・好きな機能。シンプルな画面、機能である。精算機能に特化している。その理由。精算以外の機能が基本的になく、余計な雑音情報で作業が阻害されにくい。精算に必要な機能だけがまとまっており、誤った作業を行いにくい。楽楽精算の改善してほしい点誤った操作を行い、組織変更後、入力出来ないケースがあった為、操作ログなどでどのような操作を行ったか履歴を見れる機能がほしい管理者権限にあらゆる数値を強制的に変更できる仕組みがほしい楽楽精算導入で得られた効果・メリット経理部門にとっては電子化することと、チェックの見落としをなくすことが導入のメリットとなりうる。利用者にとっては起票に際した手入力工数が削減できること。駐車場のレシートを何十枚もため込んで1時間かけて金額や場所を入力していたような人が、スマホで写真を撮るだけで...となればずいぶん楽になる。
1447,2022/01/27,普段パソコンやインターネットを使い慣れていない方でもとてもわかりやすく、簡単に使うことができる。,一度入力したことがある利用先等を記憶して、再度入力する際に簡単に入力できるようになれば、より使いやすくなると思います。,今までは領収書の精算処理にかなり時間を割いていましたが、楽楽精算を導入してからは、業務が効率化しました。この口コミを詳しく見る,ンやインターネットを使い慣れていない方でもとてもわかりやすく、簡単に使うことができる。楽楽精算の改善してほしい点一度入力したことがある利用先等を記憶して、再度入力する際に簡単に入力できるようになれば、より使いやすくなると思います。楽楽精算導入で得られた効果・メリット今までは領収書の精算処理にかなり時間を割いていましたが、楽楽精算を導入してからは、業務が効率化しました。
1448,2022/01/27,楽楽精算ICリーダーという専用のアプリをダウンロードする必要はあるが、これまで券売機で印字していたICカード履歴がパッと出せるのは交通費精算に便利。,旅費交通費精算と経費精算の入り口のボタンが全く同じ色をしていたりとUIが古めかしいというか、どうしても使いづらさを感じているので、もう少しパッと見で直観的に使えるようなUIデザインにしてほしい。,これまでは乗換案内サイトに出発地と目的地を入力して、乗り換えがどこであって、それぞれ何という路線名で、運賃はいくらでというのを調べて手入力していましたが、その作業が楽楽清算の管理画面だけで完結するので経費精算にかかる時間が短縮できた。この口コミを詳しく見る,Cリーダーという専用のアプリをダウンロードする必要はあるが、これまで券売機で印字していたICカード履歴がパッと出せるのは交通費精算に便利。楽楽精算の改善してほしい点旅費交通費精算と経費精算の入り口のボタンが全く同じ色をしていたりとUIが古めかしいというか、どうしても使いづらさを感じているので、もう少しパッと見で直観的に使えるようなUIデザインにしてほしい。楽楽精算導入で得られた効果・メリットこれまでは乗換案内サイトに出発地と目的地を入力して、乗り換えがどこであって、それぞれ何という路線名で、運賃はいくらでというのを調べて手入力していましたが、その作業が楽楽清算の管理画面だけで完結するので経費精算にかかる時間が短縮できた。
1449,2022/01/27,クレジットカードの使用履歴・ICカードからのデータ取り込み・スキャンデータの貼り付けなど、色々なデータを紐付け、それらをエビデンスに経費処理ができるため便利。,特に不便は感じていないです。以前の会社は紙精算かつ記載ミスがあると経理から数日後に返却され、結局処理が完了するのに2週間近くかかっていたため、全ての企業が早期に取り入れるべきだと思います。,コーポレートカードでの経費処理が、使用履歴が飛んでくるため入力が少なくかつ申請処理漏れが起きる事なく進められるので便利。この口コミを詳しく見る,カードの使用履歴・ICカードからのデータ取り込み・スキャンデータの貼り付けなど、色々なデータを紐付け、それらをエビデンスに経費処理ができるため便利。楽楽精算の改善してほしい点特に不便は感じていないです。以前の会社は紙精算かつ記載ミスがあると経理から数日後に返却され、結局処理が完了するのに2週間近くかかっていたため、全ての企業が早期に取り入れるべきだと思います。楽楽精算導入で得られた効果・メリットコーポレートカードでの経費処理が、使用履歴が飛んでくるため入力が少なくかつ申請処理漏れが起きる事なく進められるので便利。
1450,2022/01/27,経費精算はエクセルで印刷、承認申請は別ワークフローで行うなどの手間が一元的に行えるので実務の手間の軽減感がある。交通費の定期券を考慮した自動計算をしてくれる。,交通費精算のコピーができず、行きと帰りそれぞれを毎回最初から入力する必要があるのが面倒。往復やよく使うルートなどはお気に入りなどで簡易入力できる様にしてほしい。,これまで経費の承認と押印、経理への提出をするために月初の出社が必要であったが、全てデジタルで完結できる様になったため申請者、承認者共に無駄な出社が抑制された。,経費精算をエクセルでしているのであれば効果実感が大きい
1451,2022/01/27,経理の申請、承認がオンラインでできます。ペーパーレス化が凄いです。交通費の検索機能なども付いていて便利です。,地方のバスの料金が検索できないので、各バス会社など交通機関と連携していただけたら、ありがたいです。最安値のみの選択機能も欲しいです。Chromeが推奨ではないので、Chromeで操作してしまうと、承認出来なかったり、申請出来なかったりすることがありました。,プリントアウトや押印、社内便などの工数やコストが削減できます。経費精算をする人も経理担当も管理責任者も皆、楽になりました。「楽楽精算」導入の決め手プリントアウトや押印など経費精算に工数がかかっていた。,ペーパーレス化が実現します。押印管理の手間も無くなります。
1452,2022/01/27,今まではExcelでいちいち入力していたがレシートを読み込むだけで申請できるようになり、間違いや手間がなくなり効率化につながった。,今のところ困ったことがなく、不便に感じたことがないので、特に改善して欲しい内容・項目は見当たりません。,申請が簡単なので誰でも使用できるのと申請に時間を掛けなくて済むので忙しい営業職でも簡単に申請することができます。この口コミを詳しく見る,xcelでいちいち入力していたがレシートを読み込むだけで申請できるようになり、間違いや手間がなくなり効率化につながった。楽楽精算の改善してほしい点今のところ困ったことがなく、不便に感じたことがないので、特に改善して欲しい内容・項目は見当たりません。楽楽精算導入で得られた効果・メリット申請が簡単なので誰でも使用できるのと申請に時間を掛けなくて済むので忙しい営業職でも簡単に申請することができます。
1453,2022/01/26,隙間時間に領収書などを写真で撮りためるし、精算入力なども一時保存ができるので、経費精算の締切日に追われることなく余裕を持てて、請求漏れをなくすことができました。,毎月の精算締切日を経理が連絡してくれていますが、こういう連絡を自動メールできる機能があるといいと思います。,電子帳簿保存法が改正され、領収書画像データを正式な書類として保管できるようになったので、今までのようにWEBで購入したものの領収書PDFを印刷して、提出といったバカバカしい作業がなくなる。この口コミを詳しく見る,領収書などを写真で撮りためるし、精算入力なども一時保存ができるので、経費精算の締切日に追われることなく余裕を持てて、請求漏れをなくすことができました。楽楽精算の改善してほしい点毎月の精算締切日を経理が連絡してくれていますが、こういう連絡を自動メールできる機能があるといいと思います。楽楽精算導入で得られた効果・メリット電子帳簿保存法が改正され、領収書画像データを正式な書類として保管できるようになったので、今までのようにWEBで購入したものの領収書PDFを印刷して、提出といったバカバカしい作業がなくなる。
1454,2022/01/26,出退勤の打刻などが簡単にできるのはとても良い点ですし、画面がとても見やすいです。エラーも自分ですぐに分かるので便利だと思います。,経費を申請する時に、項目がたくさんあって分かりにくいのですぐエラーに。その点に関してはなかなかの不便さを感じます。,出退勤や休暇の申請が簡単にできるので、とても便利だと思います。エラーが出るとすぐにわかるので、いちいち上司が不備があると言う必要もないですし、間違いも減少すると思います。この口コミを詳しく見る,刻などが簡単にできるのはとても良い点ですし、画面がとても見やすいです。エラーも自分ですぐに分かるので便利だと思います。楽楽精算の改善してほしい点経費を申請する時に、項目がたくさんあって分かりにくいのですぐエラーに。その点に関してはなかなかの不便さを感じます。楽楽精算導入で得られた効果・メリット出退勤や休暇の申請が簡単にできるので、とても便利だと思います。エラーが出るとすぐにわかるので、いちいち上司が不備があると言う必要もないですし、間違いも減少すると思います。
1455,2022/01/26,不動産会社でこの製品を使用しているが、発注して承認する時にとても便利です。あと、交通費精算、給料精算など様々な面で便利だと思う。,もう少し選択範囲が広いと使いやすい。Lineworksと連動させてくれると良いなあと思います。スキャン機能もあると良い。,リモートワークでも使用出来る所です。あと以前は紙での管理だったが、導入してからは精算する物全てひとつで処理出来るため作業効率が向上した。この口コミを詳しく見る,でこの製品を使用しているが、発注して承認する時にとても便利です。あと、交通費精算、給料精算など様々な面で便利だと思う。楽楽精算の改善してほしい点もう少し選択範囲が広いと使いやすい。Lineworksと連動させてくれると良いなあと思います。スキャン機能もあると良い。楽楽精算導入で得られた効果・メリットリモートワークでも使用出来る所です。あと以前は紙での管理だったが、導入してからは精算する物全てひとつで処理出来るため作業効率が向上した。
1456,2022/01/26,交通費の請求、経費の請求申請ができるのですが、特に交通費の請求が便利です。乗車駅と到着駅を打ち込めば自動でルートを表示してくれて、交通費も自動で入力してくれるので、交通費の記入と申請がすごく楽にできます。,画面の文字が少し小さいと感じることがあるので、もう少し見やすいデザインにして頂けると嬉しいです。特に文字が見づらいので、大きさを調整していただきたいです。システムの不具合がありましたか？特にありませんでした。,交通費の記入と上長への申請が非常に効率化されました。今までは、交通費や経費をツールで管理していなかったので、どれぐらい自分が交通費を使ったか月末にまとめて申請が必要でしたが、楽楽精算を利用することで請求額管理が楽になりました。,交通費、経費を簡単に効率よく管理したい方におすすめです。
1457,2022/01/26,紙ベースの経費精算書では、金額の相違や経路の間違いを検証しなければなかったが、システム導入後は経路チェックや検算業務から解放された。また、承認者が不在で承認業務が滞ることもなくなった。,自社向けにカスタマイズできる箇所を増やしてほしい。また、登録したデータをCSV出力できるが、件数に上限があるため一括出力ができない。絞り込みの項目も少なく、データの検索がしにくい。,経費精算業務の時間が短縮されたことで、他の重要な業務に時間を当てることができる。また、社内にいなくても申請と承認作業が可能なため、場所を選ばない。「楽楽精算」導入の決め手機能の使いやすさ,経費精算を担当する経理担当者に特におすすめです。
1458,2022/01/25,今や、テレワークが当たり前になっているので、出張経費などをする際に、帳票を出力（印刷）せずに申請から承認までできるので、助かっています。,ペーパーレスで経費精算ができるのは良いのですが、領収書などのファイル添付が3つまでしかできないので、領収書が複数枚になってしまった際にまとめて写真撮影して添付しないといけないなど、少し手間がかかります。ファイル添付をもう少し増やして頂けると助かります。,申請から承認まで一括でできるし、承認の進捗状況まで見れるので分かりやすいです。また、間違えて申請してしまった場合でも、自分で差し戻し行為もできるので、助かっています。この口コミを詳しく見る,ワークが当たり前になっているので、出張経費などをする際に、帳票を出力（印刷）せずに申請から承認までできるので、助かっています。楽楽精算の改善してほしい点ペーパーレスで経費精算ができるのは良いのですが、領収書などのファイル添付が3つまでしかできないので、領収書が複数枚になってしまった際にまとめて写真撮影して添付しないといけないなど、少し手間がかかります。ファイル添付をもう少し増やして頂けると助かります。楽楽精算導入で得られた効果・メリット申請から承認まで一括でできるし、承認の進捗状況まで見れるので分かりやすいです。また、間違えて申請してしまった場合でも、自分で差し戻し行為もできるので、助かっています。
1459,2022/01/25,交通費、飲食支出の社内清算には、紙ベースでの申告書記入と経理への提出が必要だった。社内精算は週1承認だったため、受取りまで時間がかかり、立替の期間が長く不満があった。楽楽ではオンラインで常に申請出でき、承認が下り次第　自分の口座へ入金がされるというかなりスピーディーな精算へ変わり、ストレスが解消した。,経費精算/飲食支出に関しては、領収書をアップロードすると自動で詳細や金額を読み込んでくれるが、正確な読み取りができず、金額の訂正が必要なことがある。システムの不具合がありましたか？領収書の金額読み取りが誤っていることがありました。,自分が交通費を申請してから口座入金までの期間が大変短くなった。オンラインで常に管理でき、承認者も基本、業務日には申請内容を見て承認してくれるので立替の時間が減った。楽楽開始までは、社内精算のために自分が立替するのは極力したくないと思っていたが、精算が直ぐに完結するので不満が減った。,紙ベースで領収書を取っておくことが苦手な人、リモートワークで出勤が無くオンラインで完結したい人にお薦めです。
1460,2022/01/25,社内の紙資料がほぼペーパーレス化できたことにより、業務の効率が格段と上がりました。経費の精算作業は家でできなかったので、通勤時間を大幅にカットすることができ、尚且つ申請作業も数分でできるので手間取ることがなくなりました。,今のところ不便さはあまり感じませんが、通勤時間にスマホで作業する際、文字が小さくて読みにくい時がある。文字の大きさを変更できればありがたい。,紙提出がなくなったので、手間が本当に省けました。デスク回りも片付きますし、経費申請から承認までがスピーディなので、何より時間の効率が上がりました。この口コミを詳しく見る,料がほぼペーパーレス化できたことにより、業務の効率が格段と上がりました。経費の精算作業は家でできなかったので、通勤時間を大幅にカットすることができ、尚且つ申請作業も数分でできるので手間取ることがなくなりました。楽楽精算の改善してほしい点今のところ不便さはあまり感じませんが、通勤時間にスマホで作業する際、文字が小さくて読みにくい時がある。文字の大きさを変更できればありがたい。楽楽精算導入で得られた効果・メリット紙提出がなくなったので、手間が本当に省けました。デスク回りも片付きますし、経費申請から承認までがスピーディなので、何より時間の効率が上がりました。
1461,2022/01/25,領収書の精算など、毎月社内のエクセルで作成していましたが手間が非常にかかり、対応が大変でしたが、楽楽精算を導入後、スムーズになり楽になりました,初期設定が複雑でしたので、マニュアルがもっと簡易化もしくは設定の簡易化ができていくとさらに使いやすいかとおもいます。,紙媒体やエクセルでよくあった見落としや入力ミス等がかなり減ることができ、使いやすく毎月の経費の締め作業が早く終わるようになりましたこの口コミを詳しく見る,算など、毎月社内のエクセルで作成していましたが手間が非常にかかり、対応が大変でしたが、楽楽精算を導入後、スムーズになり楽になりました楽楽精算の改善してほしい点初期設定が複雑でしたので、マニュアルがもっと簡易化もしくは設定の簡易化ができていくとさらに使いやすいかとおもいます。楽楽精算導入で得られた効果・メリット紙媒体やエクセルでよくあった見落としや入力ミス等がかなり減ることができ、使いやすく毎月の経費の締め作業が早く終わるようになりました
1462,2022/01/25,今まで手間がかかった作業が簡単に出来て手が空く時間が増えて仕事の効率が良くなりました！それまでは、交通費も各自バラバラなので計算も大変でした。,最初の設定が出来るまでに凄くややこしかったのでもっと簡単に設定が出来るようにして欲しい。使い出すと使い勝手はいい。,交通費等の読み込みも出来るようになってるので、たくさんの従業員の交通費の計算等をしなくても済むようになりました。,もっと時間を作って効率よく仕事が出来る！
1463,2022/01/25,もともとスクラッチの経費精算システムを使っていたが維持メンテに限界を感じて乗り換え。主に交通費の申請として使用しているが、電車マップが表示されて乗車駅と降車駅を選択すれば自動的に経路と運賃が表示されあとは選ぶだけなので手軽です。同じ内容のコピーアンドペーストが可能なので、交通費精算に掛かる時間が以前と比べて断然早くなりました。,承認ルートを選ぶことが出来るが、交通費精算などは毎回一緒の承認ルートで申請を行うため、過去の承認ルートをボタン一発で呼び出して使用できるようになると有難い。システムの不具合がありましたか？特にありません。,交通費精算や経費精算などの間接業務に掛かる時間自体を減らすことが出来るため、本来の業務に充てる時間を増やせる。結局はそこに掛かる時間をどれだけ減らせるのか、かつ管理者側もいかに手間なく管理できるかが大切だと思います。以前利用していた製品の解約理由スクラッチの経費精算システムからの入れ替え、スクラッチのシステムの維持メンテが厳しかったと思われるこの口コミを詳しく見る,クラッチの経費精算システムを使っていたが維持メンテに限界を感じて乗り換え。主に交通費の申請として使用しているが、電車マップが表示されて乗車駅と降車駅を選択すれば自動的に経路と運賃が表示されあとは選ぶだけなので手軽です。同じ内容のコピーアンドペーストが可能なので、交通費精算に掛かる時間が以前と比べて断然早くなりました。楽楽精算の改善してほしい点承認ルートを選ぶことが出来るが、交通費精算などは毎回一緒の承認ルートで申請を行うため、過去の承認ルートをボタン一発で呼び出して使用できるようになると有難い。システムの不具合がありましたか？特にありません。楽楽精算導入で得られた効果・メリット交通費精算や経費精算などの間接業務に掛かる時間自体を減らすことが出来るため、本来の業務に充てる時間を増やせる。結局はそこに掛かる時間をどれだけ減らせるのか、かつ管理者側もいかに手間なく管理できるかが大切だと思います。以前利用していた製品の解約理由スクラッチの経費精算システムからの入れ替え、スクラッチのシステムの維持メンテが厳しかったと思われる
1464,2022/01/24,経費精算の支払い申請の入力方法は分かりやすく特に不自由なく使っています。科目の振分けで毎回考えながら作業しなくても過去の履歴をもとに作成できるのが良いです。,特に困ることはありませんが、毎回同じ項目を入力するので支払い先の登録や編集を選択できるようになるとさらに使いやすいかと思います。,ペーパーレスのため、入力ミスや誤記があった場合は経理担当者から差し戻しされるのでパソコン上で訂正して、再申請することができる。この口コミを詳しく見る,支払い申請の入力方法は分かりやすく特に不自由なく使っています。科目の振分けで毎回考えながら作業しなくても過去の履歴をもとに作成できるのが良いです。楽楽精算の改善してほしい点特に困ることはありませんが、毎回同じ項目を入力するので支払い先の登録や編集を選択できるようになるとさらに使いやすいかと思います。楽楽精算導入で得られた効果・メリットペーパーレスのため、入力ミスや誤記があった場合は経理担当者から差し戻しされるのでパソコン上で訂正して、再申請することができる。
1465,2022/01/24,これまでは電車の路線を定期券区間も考慮し確認していましたが、それが不要になったのは大きかったです。最も近く最も安い路線を選択していることもマークで確認できます。,スマホに内蔵されたSuicaの取り込みができない点は改善してほしいです。これができなかったことを知らずに導入しICカード取込みを途中で廃止しました。また、小企業にはシステム使用料は高額であり、ミニマムプランなどを作ってほしいと思いました。システムの不具合がありましたか？ないです。,クレジットカードと証憑の紐づけや、何の費用かを確認する手間が省けました。交通費の確認を時間がなく諦めていた当社もそれができるようになりました。,30名以上の会社規模であれば、上手く使えば間違いなく業務が時間短縮されると思います。
1466,2022/01/23,交通系電子マネーから交通費を読み取ることができる点。操作性がシンプルで非常にわかりやすい。エラーも起こったことがありません。,一部の交通系電子マネーのブランドが使えない点。関西在住の身としては、後払い式のピタパの精算が出来ないのは少し残念。,交通系電子マネーの履歴をそのままシステムに反映させることができるため、交通費申請時にいちいち予定をチェックする必要がなく便利でした。この口コミを詳しく見る,マネーから交通費を読み取ることができる点。操作性がシンプルで非常にわかりやすい。エラーも起こったことがありません。楽楽精算の改善してほしい点一部の交通系電子マネーのブランドが使えない点。関西在住の身としては、後払い式のピタパの精算が出来ないのは少し残念。楽楽精算導入で得られた効果・メリット交通系電子マネーの履歴をそのままシステムに反映させることができるため、交通費申請時にいちいち予定をチェックする必要がなく便利でした。
1467,2022/01/23,UIがコンパクトなので、アクセスがしやすく表示も速い。また往復交通費の自動入力機能などの追加が随時行われており、アップデートごとに便利になっている。,前月度の申請が確定しないと追加で申請ができない点が不便。またコピー機能や日付変更はもう少し大きく表示して欲しい。,紙ベースでの申請でないので、現在行なっている在宅勤務と出社のミックス業務で便利。自宅からも申請ができるので申請忘れが減った。この口コミを詳しく見る,パクトなので、アクセスがしやすく表示も速い。また往復交通費の自動入力機能などの追加が随時行われており、アップデートごとに便利になっている。楽楽精算の改善してほしい点前月度の申請が確定しないと追加で申請ができない点が不便。またコピー機能や日付変更はもう少し大きく表示して欲しい。楽楽精算導入で得られた効果・メリット紙ベースでの申請でないので、現在行なっている在宅勤務と出社のミックス業務で便利。自宅からも申請ができるので申請忘れが減った。
1468,2022/01/23,業務で外出した時の交通費精算が楽になります。定期区間も自動で計算され、また、使用したICカードを自動で読み取って取り込めるのも便利です。,定期区間を登録すると、定期を購入していなくても自動計算されてしまうので、自分で定期区間の変更をできるともっと使いやすくなると思います。,交通費をインターネットなどで調べて自分で入力する必要はないので手間が省けて、業務効率もアップします。この口コミを詳しく見る,した時の交通費精算が楽になります。定期区間も自動で計算され、また、使用したICカードを自動で読み取って取り込めるのも便利です。楽楽精算の改善してほしい点定期区間を登録すると、定期を購入していなくても自動計算されてしまうので、自分で定期区間の変更をできるともっと使いやすくなると思います。楽楽精算導入で得られた効果・メリット交通費をインターネットなどで調べて自分で入力する必要はないので手間が省けて、業務効率もアップします。
1469,2022/01/23,「楽楽精算」という名の通り操作が分かりやすく、使いやすいので本当に楽楽だと思います。様々な機能がありますが、OCR読取機能でレシートを簡単に読み取ることができ、税率が違う商品を識別してくれたりといちいち打ち込む必要がないです。自由度が高く、経費やら交通費やらを簡単に精算できます。あとはこの製品の良い点ではありませんが個人的にCMが好きですね。,これだけ楽楽ですので改善して欲しい点は特にないのですが、強いて言うなら読取機能を使う際に別の数字まで読み込んでしまうところですかね。まあそこは仕方ないと思います。,機械に強い方ではないため、導入する前は精算をするのも大変だったのですがこちらを導入してからスムーズに作業を進められるようになりました。この口コミを詳しく見る,」という名の通り操作が分かりやすく、使いやすいので本当に楽楽だと思います。様々な機能がありますが、OCR読取機能でレシートを簡単に読み取ることができ、税率が違う商品を識別してくれたりといちいち打ち込む必要がないです。自由度が高く、経費やら交通費やらを簡単に精算できます。あとはこの製品の良い点ではありませんが個人的にCMが好きですね。楽楽精算の改善してほしい点これだけ楽楽ですので改善して欲しい点は特にないのですが、強いて言うなら読取機能を使う際に別の数字まで読み込んでしまうところですかね。まあそこは仕方ないと思います。楽楽精算導入で得られた効果・メリット機械に強い方ではないため、導入する前は精算をするのも大変だったのですがこちらを導入してからスムーズに作業を進められるようになりました。
1470,2022/01/22,以前までは経費精算を行うのに紙ベースであったが、楽楽精算にしてからは本当に楽になった。写真で領収書を撮影しておけばデータで送るだけなので紙をなくす心配もなくなりました。,パソコンでクレジットカード精算をしているときに、摘要欄のコードを打っても反応しないときがある。自分なりに改善策は見つけられたが、多くの処理をするときには煩わしいときがある。,圧倒的に紙で残しておく必要がなくなった。以前までは承認までも領収書を残してましたが、今はデータ管理なので最悪無くしたとしてもデータから引っ張れるので助かってます。この口コミを詳しく見る,経費精算を行うのに紙ベースであったが、楽楽精算にしてからは本当に楽になった。写真で領収書を撮影しておけばデータで送るだけなので紙をなくす心配もなくなりました。楽楽精算の改善してほしい点パソコンでクレジットカード精算をしているときに、摘要欄のコードを打っても反応しないときがある。自分なりに改善策は見つけられたが、多くの処理をするときには煩わしいときがある。楽楽精算導入で得られた効果・メリット圧倒的に紙で残しておく必要がなくなった。以前までは承認までも領収書を残してましたが、今はデータ管理なので最悪無くしたとしてもデータから引っ張れるので助かってます。
1471,2022/01/22,交通費精算時、同システム内で、交通費を調べて反映させることが出来るのが便利です。計算間違い申請が減ったので、承認しやすくなりました。過去の申請内容をコピーして使えるのも楽で便利。,特に不満や不便さは感じていないのですが、しいてあげれば、申請時、領収書や請求書のpdfファイルを同時に添付出来るとなお便利になるのではないでしょうか。システムの不具合がありましたか？特にありません。,リモート環境でも、交通費や請求書の支払い申請が出来るので、月末月初に出社しなくてもよくなり、助かっています。まだまだ新型コロナウイルスが落ち着いていないので、本当にありがたい。この口コミを詳しく見る,時、同システム内で、交通費を調べて反映させることが出来るのが便利です。計算間違い申請が減ったので、承認しやすくなりました。過去の申請内容をコピーして使えるのも楽で便利。楽楽精算の改善してほしい点特に不満や不便さは感じていないのですが、しいてあげれば、申請時、領収書や請求書のpdfファイルを同時に添付出来るとなお便利になるのではないでしょうか。システムの不具合がありましたか？特にありません。楽楽精算導入で得られた効果・メリットリモート環境でも、交通費や請求書の支払い申請が出来るので、月末月初に出社しなくてもよくなり、助かっています。まだまだ新型コロナウイルスが落ち着いていないので、本当にありがたい。
1472,2022/01/22,よく使う経路のお気に入り登録、乗り換え案内による交通費や経路の検索結果の取り込みなど便利な機能を備えている。,複数経路をセットにしたお気に入り登録が出来るとよい（自宅→a地点→b地点→自宅などの勤務もあるが、今は自宅→A地点、a地点→b地点、b地点→自宅の3つを個別に入力しなければならない。3つセットで一回で入力できるようになるとよい。ある日付の申請内容のコピー機能でもよい。）システムの不具合がありましたか？特になし,マイカー通勤の交通費（ガソリン代）申請の際、これまではエクセルで日付・出発地点・目的地・オドメーターの数字などを全て手入力していたが、本システム導入によってお気に入り登録経路から選択することで重複する情報の入力作業が減り、申請作業の時間が短縮した。以前利用していた製品の解約理由会社方針のため不明この口コミを詳しく見る,路のお気に入り登録、乗り換え案内による交通費や経路の検索結果の取り込みなど便利な機能を備えている。楽楽精算の改善してほしい点複数経路をセットにしたお気に入り登録が出来るとよい（自宅→a地点→b地点→自宅などの勤務もあるが、今は自宅→A地点、a地点→b地点、b地点→自宅の3つを個別に入力しなければならない。3つセットで一回で入力できるようになるとよい。ある日付の申請内容のコピー機能でもよい。）システムの不具合がありましたか？特になし楽楽精算導入で得られた効果・メリットマイカー通勤の交通費（ガソリン代）申請の際、これまではエクセルで日付・出発地点・目的地・オドメーターの数字などを全て手入力していたが、本システム導入によってお気に入り登録経路から選択することで重複する情報の入力作業が減り、申請作業の時間が短縮した。以前利用していた製品の解約理由会社方針のため不明
1473,2022/01/22,これまでExcelで経費精算をしていましたが、なくなって本当に助かりました。また、誰が許可して誰の許可待ちか一目で分かるのもいいです。,私が知らないだけなら申し訳ないのですが、工数との紐づけができなかったので会社側の管理は大変だったと思います。,一番は紙での精算がなくなったことです。また、電車でのルートで駅名を入力しても金額は別途計算しないといけない製品もありますが、こちらは乗り換え案内と連動しており自動で金額入力されるのでありがたいです。この口コミを詳しく見る,xcelで経費精算をしていましたが、なくなって本当に助かりました。また、誰が許可して誰の許可待ちか一目で分かるのもいいです。楽楽精算の改善してほしい点私が知らないだけなら申し訳ないのですが、工数との紐づけができなかったので会社側の管理は大変だったと思います。楽楽精算導入で得られた効果・メリット一番は紙での精算がなくなったことです。また、電車でのルートで駅名を入力しても金額は別途計算しないといけない製品もありますが、こちらは乗り換え案内と連動しており自動で金額入力されるのでありがたいです。
1474,2022/01/22,毎月毎月、領収書などの支払いを証明する紙の管理から脱却できてペーパーレスが実現でき、社員全員が喜んでいます。,入力項目のリスト化（プルダウン機能）を自分たちで登録できたり編集できるカスタマイズ機能があったら嬉しいです。システムの不具合がありましたか？ユーザー（利用者）としての不具合やトラブルに遭遇したことはありません。,毎月の経緯精算の申請処理で金額の入力間違いや支払い証明書を提出を忘れたりして、経理担当に人に迷惑をかけていましたが、その不備がなくなった。この口コミを詳しく見る,領収書などの支払いを証明する紙の管理から脱却できてペーパーレスが実現でき、社員全員が喜んでいます。楽楽精算の改善してほしい点入力項目のリスト化（プルダウン機能）を自分たちで登録できたり編集できるカスタマイズ機能があったら嬉しいです。システムの不具合がありましたか？ユーザー（利用者）としての不具合やトラブルに遭遇したことはありません。楽楽精算導入で得られた効果・メリット毎月の経緯精算の申請処理で金額の入力間違いや支払い証明書を提出を忘れたりして、経理担当に人に迷惑をかけていましたが、その不備がなくなった。
1475,2022/01/21,Excel管理から、導入されたので単純入力作業は楽になった。乗り換え案内なども搭載されているので、いちいちYahoo!路線などで調べる必要がなくなった,タクシー、新幹線などは領収書添付が求められることがあるので原本を写真撮影したものを取り込めると良いと思う,交通費の精算だけでなく、備品購入（立て替え支払い）の項目が既に登録されているので都度新しい項目を入力する必要がなくなった。この口コミを詳しく見る,管理から、導入されたので単純入力作業は楽になった。乗り換え案内なども搭載されているので、いちいちYahoo!路線などで調べる必要がなくなった楽楽精算の改善してほしい点タクシー、新幹線などは領収書添付が求められることがあるので原本を写真撮影したものを取り込めると良いと思う楽楽精算導入で得られた効果・メリット交通費の精算だけでなく、備品購入（立て替え支払い）の項目が既に登録されているので都度新しい項目を入力する必要がなくなった。
1476,2022/01/20,CMをやっている事もあり信頼できるサービスでした。今まで全て紙対応だったのが一部ウェブになるのは本当に便利でした。,うちの会社だけかもしれませんが、請求書の支払い依頼を提出する時に、稟議書のスキャンデータアップロードが必要なので毎月同じ支払いの場合は使い回しができると良い。,ウェブ申請になることで、申請後の進捗と担当が誰でスタッフしているか分かるので、期日ギリギリの時は担当に声掛けができるようになった。この口コミを詳しく見る,ている事もあり信頼できるサービスでした。今まで全て紙対応だったのが一部ウェブになるのは本当に便利でした。楽楽精算の改善してほしい点うちの会社だけかもしれませんが、請求書の支払い依頼を提出する時に、稟議書のスキャンデータアップロードが必要なので毎月同じ支払いの場合は使い回しができると良い。楽楽精算導入で得られた効果・メリットウェブ申請になることで、申請後の進捗と担当が誰でスタッフしているか分かるので、期日ギリギリの時は担当に声掛けができるようになった。
1477,2022/01/20,交通費や備品購入時の経費などをExcelや紙にまとめなくても、一つのシステムの中で完結するので、とても便利だと思います。,今のところ特に困っている点はありません。しいて言えば、画面の切り替わるスピードが仕様上ほんわかした感じでして、個人的にはサクサク迅速に操作できるソフトが好みなので、その点を変更していただけるとありがたいです。,交通費や経費をしょっちゅう精算するわけではないので、シンプルで操作しやすい画面でとても助かっています。,交通費や経費の精算で困っている方、不便に感じている方におすすめです！
1478,2022/01/20,経費精算業務が大幅に効率化され、申請者の社員のみならず、承認者や経理担当者も含めたユーザー全てが利用できます。,操作が簡単で非常に使いやすい。申請書のフォーマットも自由にカスタマイズができる。入力や計算をシステムによって自動化されており、ミスや手間を大幅に削減ができ、非常に満足しています。システムの不具合がありましたか？特にございません。,これまで申請者の立場としては、交通費の申請に時間がかかり、外出時や出張先からの申請ができず、また、承認の状況が把握できなかった。楽楽精算を活用することで、申請作業及び申請状況の確認ができるようになった。,ペーパーレス化の実現が可能。
1479,2022/01/20,支払依頼も、経費精算も、飲食贈答も、出張精算も、交通費精算も、すべて一元化できています。ユーザー側も特に難しいことはなく利用できますし、承認フロー等もわかりやすく、問題なく利用できています。ワークフロー機能もオプションで入れており、各種申請などもツール内で行えるようにしています。また、作成されたデータから会計システムへ取り込めるデータとFBデータを作成できる設定してあり、データを何度も入力したりすることがなく連携できています。,申請を印刷するときにOKボタンを押しても画面が消えないので、印刷をしたかどうかわからなくなることがあり、間違えて複数印刷してしまう。承認フローをユーザーに登録するときに一括登録ができないのが少し不便です。,それまでExcelと証票を紙で印刷したものを会計システムへ手打ちしていましたが、楽楽精算導入によりユーザーが入力したデータをチェックし問題なければ会計システムへ取り込み、FBデータも出力して銀行の支払い対応も行うことができるようになりました。また、ワークフローもこちらに入れ込むことで、各種申請書も紙ではなくデータで対応することができるようになりました。「楽楽精算」導入の決め手親会社が導入していた、一通り使いたい機能があった、メジャーな商品でサポートがあった,経費精算、支払依頼から会計システム、支払いデータまで一元管理できるので便利です。
1480,2022/01/20,もろもろ初期設定が必要だとは思いますが、あとはプルダウンで選択するだけで経費精算のほとんどが終了できます,1つずつ入力している分、プルダウンの読み込みなどに時間を要する場合はあるため、そこをどうにかしたいです。,パパッと作成できるので、経費精算にかかっていた時間が短縮できている点とログとして残っていくことで不透明さが消える点です。この口コミを詳しく見る,期設定が必要だとは思いますが、あとはプルダウンで選択するだけで経費精算のほとんどが終了できます楽楽精算の改善してほしい点1つずつ入力している分、プルダウンの読み込みなどに時間を要する場合はあるため、そこをどうにかしたいです。楽楽精算導入で得られた効果・メリットパパッと作成できるので、経費精算にかかっていた時間が短縮できている点とログとして残っていくことで不透明さが消える点です。
1481,2022/01/20,これまでは、出張伺書や出張清算書の申請・決裁等の手続きをExcelベースで作成し紙に印刷するか、IE上で動くシステムにて実施していたが、楽楽精算にすることでペーパーレス化でき、GoogleChrome等のサポートされているブラウザで運用できるようになった。,管理職として部下の出張伺書や出張精算書の申請・決裁等を行う際、例えば”承認”のボタンを押した瞬間に承認され、確認の通知が出ないこと。また、承認した書類の一覧表示がどこにあるか分からない。,モバイルからも出張伺書や出張精算書の対応ができる為、別の工場にいる時や移動中にでも承認などできるのは非常にありがたい。時間を効率的に使うことができる有効なツールだと思います。以前利用していた製品の解約理由IE上で動くシステムであったため、IEのサポート終了に対応するため,出張がある会社様であればどなたにでもお勧めできると思います。
1482,2022/01/20,請求書や領収書をスキャンデータを必ず添付しなくてはいけなかったのが、携帯からも簡単に請求書ファイルをアップデートできる。,一部情報不足でのエラーの際のエラー表示をもっと分かりやすくしてほしい。このメニューのこの部分で登録更新すればよいとかわかりやすいといいなと思います,わざわざ出社しなくても経費精算でき、時間のロスが減ったこと。これは今の時代にまさにピッタリなサービスだと思う。この口コミを詳しく見る,収書をスキャンデータを必ず添付しなくてはいけなかったのが、携帯からも簡単に請求書ファイルをアップデートできる。楽楽精算の改善してほしい点一部情報不足でのエラーの際のエラー表示をもっと分かりやすくしてほしい。このメニューのこの部分で登録更新すればよいとかわかりやすいといいなと思います楽楽精算導入で得られた効果・メリットわざわざ出社しなくても経費精算でき、時間のロスが減ったこと。これは今の時代にまさにピッタリなサービスだと思う。
1483,2022/01/20,主に出張旅費の精算に使用しています。新幹線の領収書を画像でアップロードすると、自動的に情報を読み取ってくれるので、入力の手間が省けます。乗換案内とも連携しているので、経路の選択も便利です。,もしかしたら弊社だけなのかもしれませんが、領収書を証票台紙に貼り付けて提出する必要があります。完全なペーパーレスにしたほうが無駄を省けると思います。システムの不具合がありましたか？特に感じたことはありません。,入力する項目が分かりやすいので、差戻しがほとんどありません。これにより、ユーザーと管理側のどちらの業務負荷も減らせていると思います。以前利用していた製品の解約理由他社の経営状態が不安定なため。この口コミを詳しく見る,費の精算に使用しています。新幹線の領収書を画像でアップロードすると、自動的に情報を読み取ってくれるので、入力の手間が省けます。乗換案内とも連携しているので、経路の選択も便利です。楽楽精算の改善してほしい点もしかしたら弊社だけなのかもしれませんが、領収書を証票台紙に貼り付けて提出する必要があります。完全なペーパーレスにしたほうが無駄を省けると思います。システムの不具合がありましたか？特に感じたことはありません。楽楽精算導入で得られた効果・メリット入力する項目が分かりやすいので、差戻しがほとんどありません。これにより、ユーザーと管理側のどちらの業務負荷も減らせていると思います。以前利用していた製品の解約理由他社の経営状態が不安定なため。
1484,2022/01/19,会社のクレジットカードと連携してるので自動で明細を反映してもらえる。金額を手入力する必要もないのでミスも減る。ユーザー社員及び経理課の作業工数が減る。,領収証の読み取り機能が決まった定形フォーマットしか対応してない。もう少しフレキシブルに対応出来るようになってほしい。システムの不具合がありましたか？ユーザー側としてはとくにトラブルは感じていない。,楽楽精算の導入で、クレジットカード明細が自動で紐づくシステムにより、紙明細書の確認作業が不要なり工数削減だけでなく、これまで保管していた数万枚の紙明細書の保管場所が不要になり他のスペースとして有効活用できるようになりました。紙資源の無駄廃棄ゼロ運動（SDGsの一環として）にも貢献できるようになりました。,クレジットカード自動連携はとてもおすすめです。
1485,2022/01/19,経費精算時、毎度同じような申請内容のため、前月の明細をコピーして使用できるため便利。UIもシンプルなため難しい操作が要らない。,各申請書に共通して、入力欄が小さく見にくい。そのため明細が多い場合も少々確認しにくい。入力項目が同じ列で並んでいたほうがチェックしやすい。,導入前はExcelの専用フォーマットを使用していたが、PCでの作業が必要かつ更にメールでの経費申請が必要なため、ファイル管理や申請の手間がかかっていた。スマートフォンから申請でき、移動時間等も活用でき手軽に申請を行うことができた。この口コミを詳しく見る,、毎度同じような申請内容のため、前月の明細をコピーして使用できるため便利。UIもシンプルなため難しい操作が要らない。楽楽精算の改善してほしい点各申請書に共通して、入力欄が小さく見にくい。そのため明細が多い場合も少々確認しにくい。入力項目が同じ列で並んでいたほうがチェックしやすい。楽楽精算導入で得られた効果・メリット導入前はExcelの専用フォーマットを使用していたが、PCでの作業が必要かつ更にメールでの経費申請が必要なため、ファイル管理や申請の手間がかかっていた。スマートフォンから申請でき、移動時間等も活用でき手軽に申請を行うことができた。
1486,2022/01/19,最近CMがよく放映されているが、精算をする上で面倒くささが圧倒的に減少した。デジタル的な面でももちろんだが、人間関係的な面での精神的な面での負担も減った。,ICカード読み取り後ある程度は手入力が必要な場合があるが、精算件数が何件かあると入力箇所を間違えそうになる。画面の見やすさを改善してほしい。システムの不具合がありましたか？特になし,通常の精算から少し事情が変わった際、経理担当に声がけをし事情説明をしていたが、このシステム導入後は精算時に事情説明も入力すればいいだけで効率的になった。,他の精算サービスを知らないが、ベーシックで扱いやすいと感じる。
1487,2022/01/19,事業部門として経費精算をする際に利用しているが、これまでの紙精算と比べると事務作業が削減され非常に楽になった。,会社ごとに設定しなければならない項目があるため、その設定いかんによっては使いづらいと感じることもありそう。,特に出張時の電車運賃等を精算する際、経路検索をして料金を算出できる。いちいち電車料金を覚えていないので大変助かっている。この口コミを詳しく見る,して経費精算をする際に利用しているが、これまでの紙精算と比べると事務作業が削減され非常に楽になった。楽楽精算の改善してほしい点会社ごとに設定しなければならない項目があるため、その設定いかんによっては使いづらいと感じることもありそう。楽楽精算導入で得られた効果・メリット特に出張時の電車運賃等を精算する際、経路検索をして料金を算出できる。いちいち電車料金を覚えていないので大変助かっている。
1488,2022/01/18,以前は請求書を紙ベースで管理しており、かつ仕訳伝票も手作業で作成しておりましたが、現在は請求書をデータで保管し、仕訳伝票はcsvデータをインポートして作成しているため、作業時間が大幅に短縮されました。,交通費精算時に使用する、ICカード読取機能について、モバイルスイカは使用不可のため、対応していただけるとありがたいと感じています。,現金取り扱い量が非常に多く困っていましたが、クレジットカードと連携する事ができたため、法人カードを導入し、決済手段としたことで現金取扱量が大幅に削減されました。この口コミを詳しく見る,書を紙ベースで管理しており、かつ仕訳伝票も手作業で作成しておりましたが、現在は請求書をデータで保管し、仕訳伝票はcsvデータをインポートして作成しているため、作業時間が大幅に短縮されました。楽楽精算の改善してほしい点交通費精算時に使用する、ICカード読取機能について、モバイルスイカは使用不可のため、対応していただけるとありがたいと感じています。楽楽精算導入で得られた効果・メリット現金取り扱い量が非常に多く困っていましたが、クレジットカードと連携する事ができたため、法人カードを導入し、決済手段としたことで現金取扱量が大幅に削減されました。
1489,2022/01/18,これまでは、Excelで清算書を記載し領収書を張り付けて本社へ郵送するフローでした。楽楽精算導入により、作業が短縮され業務効率が上がりました。,領収書データを添付する際、一度システム上にアップした後の処理になるのでひと手間かかります。清算対象のデータ入力の流れで領収書添付が出来れば尚良です。,スマホからでも申請・承認出来るので、移動時間中に精算処理が出来るようになった。オフィスでの作業時間を別の業務に充てることが可能になった。この口コミを詳しく見る,、Excelで清算書を記載し領収書を張り付けて本社へ郵送するフローでした。楽楽精算導入により、作業が短縮され業務効率が上がりました。楽楽精算の改善してほしい点領収書データを添付する際、一度システム上にアップした後の処理になるのでひと手間かかります。清算対象のデータ入力の流れで領収書添付が出来れば尚良です。楽楽精算導入で得られた効果・メリットスマホからでも申請・承認出来るので、移動時間中に精算処理が出来るようになった。オフィスでの作業時間を別の業務に充てることが可能になった。
1490,2022/01/17,出張精算で1日分、入力し忘れた何てことも出張の多い方は一度は経験したことあると思います。楽々精算は、入力の順番を入れ替えことが容易に出来ます。また、修正やプルダウンからのリスト選択の機能も豊富で使い勝手はかなり良いです。,鉄道各社のルート検索機能があり、複数のルートが検索結果として表示されるが、時間と経路がリンクしていないのでルートは自動入力が出来ますが、移動行程の時間は手入力しないといくない。システムの不具合がありましたか？今まで特に大きな問題は発生していない,以前はExcelで精算フォームに記載していたが、手入力の部分がかなり削減されるため入力ミスや間接部門のチェック、上長承認の手間が大幅に削減される,自社の精算に必要な情報を入力する上でカスタマイズが可能。入力する側は、間違いがなくなるメリットは大きく、cab取り込みなどの機能も充実している。申請状況や過去の案件、差し戻し等の機能も有しているため使い勝手が良いです。
1491,2022/01/17,アプリからもブラウザからも経費申請＆精算ができるのが便利です。コードも迷わずに選択することができました。,経費精算に慣れていないと、ブラウザから見たインターフェースがパッと見で分かりにくく、自分がどれを選んで何をすれば良いのか直感的な操作ができず、毎回マニュアルを参照しています。経理の方や会計処理に詳しい方には分かりやすいのかもしれませんが、慣れないユーザー側でも分かりやすい表現になるとより使いやすいと感じます。,私は従業員として自分の経費精算を行うのとは別に、給与計算の際に経理と連携して経費精算分の金額を明細に転記する作業をしています。楽楽精算から一覧で出力できるので、給与計算への転記はとてもスムーズで便利です。この口コミを詳しく見る,もブラウザからも経費申請＆精算ができるのが便利です。コードも迷わずに選択することができました。楽楽精算の改善してほしい点経費精算に慣れていないと、ブラウザから見たインターフェースがパッと見で分かりにくく、自分がどれを選んで何をすれば良いのか直感的な操作ができず、毎回マニュアルを参照しています。経理の方や会計処理に詳しい方には分かりやすいのかもしれませんが、慣れないユーザー側でも分かりやすい表現になるとより使いやすいと感じます。楽楽精算導入で得られた効果・メリット私は従業員として自分の経費精算を行うのとは別に、給与計算の際に経理と連携して経費精算分の金額を明細に転記する作業をしています。楽楽精算から一覧で出力できるので、給与計算への転記はとてもスムーズで便利です。
1492,2022/01/17,承認フローも問題なく設定され、シンプルなので使いやすい。管理者側も設定方法がわかりやすいため、運用開始までスムーズに進められる。,そもそものユーザー側での領収書画像を添付していかなければいけない点が、弊社には合いませんでした。逆に手間になってしまって残念でした。システムの不具合がありましたか？ちょうど社内での説明会があったときに、タイミング悪くログインができない障害が発生してました。,設定自体に難しい点は無いので、画像添付などの運用がスムーズにいく企業様であれば問題なく活用できるかと思います。,運用検討時に難しい設定をしなくて問題ない企業様であれば、すぐ使えてよいと思います。
1493,2022/01/17,膨大な資料が場所を取っていたが、このクラウドを入れてからは時間も節約でき、効率が上がったうえに、ストレスもなくなった。,マイパターンは使いにくい。レイアウトをもう少し大きくしてほしい。ICカードの読み込みが甘い。ポップアップウィンドウでの表示が多く、画面が散らかる。,定期区間での交通費精算の計算の機能で計算ミスも無くなった。過去の履歴を引っ張ってこれるので設定工数が減らせる。この口コミを詳しく見る,が場所を取っていたが、このクラウドを入れてからは時間も節約でき、効率が上がったうえに、ストレスもなくなった。楽楽精算の改善してほしい点マイパターンは使いにくい。レイアウトをもう少し大きくしてほしい。ICカードの読み込みが甘い。ポップアップウィンドウでの表示が多く、画面が散らかる。楽楽精算導入で得られた効果・メリット定期区間での交通費精算の計算の機能で計算ミスも無くなった。過去の履歴を引っ張ってこれるので設定工数が減らせる。
1494,2022/01/17,出張時の交通費精算に使っています。自分で経路を調べなくても、申請時に出発地、到着地を入力すると乗り換え検索ができ、自分が使用したルートを選択すれば自動的に交通費が計上される点が便利です。,特に困ったと感じることはない。強いて言えばホーム画面から交通費申請に入るアイコンが小さいので、初めて使う人には分かりにくいかもしれない。システムの不具合がありましたか？特になし,交通費の申請から承認まですべてオンラインで完結するので、申請側、承認側にもメリットになる。紙ベースで申請書を作って押印する手間が省ける。,ペーパーレスで、オンラインで交通費申請、承認ができるので流れがスムーズで無駄を省けます。
1495,2022/01/17,導入社数の多さ、認知度により、導入案内、説明は簡単にしやすかった。CMなども頻繁に放送されており、地方社員も認知しており、簡単にできそうだからやってみよう、と感じている社員が多かった。,従来、システム化やオンライン化が進んでいない企業では、初期設定作業がわかりづらく、思ったよりも細かく登録しなければならなかった。マニュアルも簡素化すぎて、あまり活用できなかった。CSV取込は何度もエラーが発生し、何度もやり直す必要があった。電帳法対応のデータ保存はあくまで精算対象の請求書、領収書しか対応できず、アップロードもしずらい、OCRの精度が低いとの意見が多かった。,社内での運用があまり進んでいないが、一部の社員は紙での申請が不要になり楽になったという意見が少数だがあった。今回認知度の高い楽楽精算を導入することにより、システム化やオンライン化へ反対していた社員の少し意識が変り、取っつきやすさは評価できる。この口コミを詳しく見る,多さ、認知度により、導入案内、説明は簡単にしやすかった。CMなども頻繁に放送されており、地方社員も認知しており、簡単にできそうだからやってみよう、と感じている社員が多かった。楽楽精算の改善してほしい点従来、システム化やオンライン化が進んでいない企業では、初期設定作業がわかりづらく、思ったよりも細かく登録しなければならなかった。マニュアルも簡素化すぎて、あまり活用できなかった。CSV取込は何度もエラーが発生し、何度もやり直す必要があった。電帳法対応のデータ保存はあくまで精算対象の請求書、領収書しか対応できず、アップロードもしずらい、OCRの精度が低いとの意見が多かった。楽楽精算導入で得られた効果・メリット社内での運用があまり進んでいないが、一部の社員は紙での申請が不要になり楽になったという意見が少数だがあった。今回認知度の高い楽楽精算を導入することにより、システム化やオンライン化へ反対していた社員の少し意識が変り、取っつきやすさは評価できる。
1496,2022/01/16,昔は紙の申請書とレシートや領収書を一緒に提出して承認してもらっていたが、今や経理の人に顔を合わすこともなくWeb上で申請できるようになった。,ブラウザにしろ、スマホアプリにしろUIが古臭く、直感的に操作できないため使いにくい。最初の頃は上Webで完結するはずが、結局経理の人に操作方法を聞きに行く始末。,とにかく効率化の時代。経費精算なんてWeb上でサクッとできるのが当たり前になってます。コロナ禍になり、在宅勤務中でも申請できるし、レシートをスマホで撮影して一緒に送れるのでかなり楽になりました。この口コミを詳しく見る,請書とレシートや領収書を一緒に提出して承認してもらっていたが、今や経理の人に顔を合わすこともなくWeb上で申請できるようになった。楽楽精算の改善してほしい点ブラウザにしろ、スマホアプリにしろUIが古臭く、直感的に操作できないため使いにくい。最初の頃は上Webで完結するはずが、結局経理の人に操作方法を聞きに行く始末。楽楽精算導入で得られた効果・メリットとにかく効率化の時代。経費精算なんてWeb上でサクッとできるのが当たり前になってます。コロナ禍になり、在宅勤務中でも申請できるし、レシートをスマホで撮影して一緒に送れるのでかなり楽になりました。
1497,2022/01/16,簡単な事前申請と承認で出張に出られる様になり、営業活動の機動性が向上した。また、精算の際にもICカードリーダーを使って、楽に精算の申請が可能になった。,特に不便を感じる事は無いが、強いて言えば、ルートの検索が若干だが不便に感じた事がある。ある程度、予測して行き先などを自動入力してくれる機能が、邪魔に思う事がある。,事前申請の要らない都内の外出などは、ICカードリーダーを使えば簡単に、外出経路も確認出来て、ユーザーも承認側も楽になったと思う。他方で、カラ外出やカラ出張をしていた社員が炙り出され、不正行為の防止につながり良かった。,とにかく、精算が楽になり、無駄な残業が減った。
1498,2022/01/16,直感的に操作ができる点が良いと思った。以前別の経費精算システムを使用していたが、問題なく移行することができた。,事前承認の伝票を作成していたことを忘れて、新たに同案件の事後精算伝票を作成してしまったときの対応が面倒。,申請から承認までweb上で完結する。経理知識がない人でも問題なく使用可能。その後の会計システムへの連携も簡単。この口コミを詳しく見る,作ができる点が良いと思った。以前別の経費精算システムを使用していたが、問題なく移行することができた。楽楽精算の改善してほしい点事前承認の伝票を作成していたことを忘れて、新たに同案件の事後精算伝票を作成してしまったときの対応が面倒。楽楽精算導入で得られた効果・メリット申請から承認までweb上で完結する。経理知識がない人でも問題なく使用可能。その後の会計システムへの連携も簡単。
1499,2022/01/15,2022年1月からの改正電子帳簿保存法に伴い、経費精算の電子化は必要性がさらに増したが、その観点においても社内の経費精算において欠かせないツールとなっている。,基本的には全く問題ない。自動読み取り機能については精度がもう少し上がってくれたほうが嬉しいと思うことが度々ある。,従業員にとっても経費精算を出先で行えるなどの業務効率化に対して大きなメリットがあるが、それらを集計する立場の時間短縮に大きく貢献している。この口コミを詳しく見る,1月からの改正電子帳簿保存法に伴い、経費精算の電子化は必要性がさらに増したが、その観点においても社内の経費精算において欠かせないツールとなっている。楽楽精算の改善してほしい点基本的には全く問題ない。自動読み取り機能については精度がもう少し上がってくれたほうが嬉しいと思うことが度々ある。楽楽精算導入で得られた効果・メリット従業員にとっても経費精算を出先で行えるなどの業務効率化に対して大きなメリットがあるが、それらを集計する立場の時間短縮に大きく貢献している。
1500,2022/01/15,交通費や経費精算がコチラになりました。定期区間を除いて、乗り換え案内から入力できるなど、非常に便利。経費精算は、領収書の撮影が必要なのが、若干面倒くさい。,領収書撮影で、おおよそ間違いなく文字入力をしてくれるのはありがたい。ただし、消費税の8%と10%の区別が合わない時があるのが、残念。レジ袋10%をデフォルトにしてもらえると嬉しい。システムの不具合がありましたか？目立ったトラブルなし。,紙管理の場合は、管理部は出社対応をしていたが、導入後は、在宅勤務で対応を可能となった。また、数字管理もできて便利。,紙管理からのチェンジに良い！
1501,2022/01/15,出張費用の計算が簡単に出来て便利。承認ルートもボタン一つで選ぶだけでそれぞれ承認者にメールで通知が行くためわざわざ足を運ぶ必要がなく時間のロスがない。,出張申請時、通勤に公共交通機関を利用している者（定期区間設定者）が特急や飛行機利用が必要な場合に、便の変更が出来ない点については改善を求めます。例えば特急利用は可能でも指定席は認められない場合でも指定席を自由席に変更するということが出来ません。なぜ定期区間が設定されているかどうかで変更の可否が分かれているのか不明ですが、どちらでも変更が出来るように改善してほしいです。また、備考欄の文字数の制限が短くて不便です。,出張や経費の精算がweb上で申請できて、紙の削減につながっています。ただ、まだまだ紙が必要なケースもあるので全てペーパーレスにはなりませんが、コロナ禍ということもあり在宅でも利用出来たり、媒体を介して感染が広がる等のリスクにも一役買っています。この口コミを詳しく見る,計算が簡単に出来て便利。承認ルートもボタン一つで選ぶだけでそれぞれ承認者にメールで通知が行くためわざわざ足を運ぶ必要がなく時間のロスがない。楽楽精算の改善してほしい点出張申請時、通勤に公共交通機関を利用している者（定期区間設定者）が特急や飛行機利用が必要な場合に、便の変更が出来ない点については改善を求めます。例えば特急利用は可能でも指定席は認められない場合でも指定席を自由席に変更するということが出来ません。なぜ定期区間が設定されているかどうかで変更の可否が分かれているのか不明ですが、どちらでも変更が出来るように改善してほしいです。また、備考欄の文字数の制限が短くて不便です。楽楽精算導入で得られた効果・メリット出張や経費の精算がweb上で申請できて、紙の削減につながっています。ただ、まだまだ紙が必要なケースもあるので全てペーパーレスにはなりませんが、コロナ禍ということもあり在宅でも利用出来たり、媒体を介して感染が広がる等のリスクにも一役買っています。
1502,2022/01/15,転職した会社で採用されていたが、特に何も説明を受けなくてもスムーズに操作できたため使い勝手が良かった。,よく使うテンプレートを登録して繰り返し使えるようにして欲しい。月一回A駅からB電車でC駅に行くのですが、毎月入力するのが面倒。システムの不具合がありましたか？Suicaで読み取る際に普段は読み取れるのに読み取れない時がある,転職前の会社では記載もれによる再提出などがあったが、この精算システムではそのようなミスをしたことがないので良い。,入力ミスによるフォローに時間が取られにくいと思う
1503,2022/01/14,公共交通機関の精算をする際、ネットで検索し経費確認しなくて良いため作業効率は格段に上がる。またペーパーレス化の推進になる。,備考欄があるが行動日報としては使い勝手がよくない。営業活動の詳細を書く欄が不足しているように感じる。,ペーパーレス化となったことで不要な印刷物が減少した。またiPhoneと連携することで、外出時に申請承認が可能となり効率化が図れた。以前利用していた製品の解約理由ペーパーレス化推進のためこの口コミを詳しく見る,関の精算をする際、ネットで検索し経費確認しなくて良いため作業効率は格段に上がる。またペーパーレス化の推進になる。楽楽精算の改善してほしい点備考欄があるが行動日報としては使い勝手がよくない。営業活動の詳細を書く欄が不足しているように感じる。楽楽精算導入で得られた効果・メリットペーパーレス化となったことで不要な印刷物が減少した。またiPhoneと連携することで、外出時に申請承認が可能となり効率化が図れた。以前利用していた製品の解約理由ペーパーレス化推進のため
1504,2022/01/14,経理は楽楽精算を導入したことにより手続きが容易になったと言っていた。これまでは複雑な手続きをしていただけに少しでも簡略化できたのはいい点,経理は良くても経理以外では面倒ごとが増えた。なんなら紙でやりとりした方が楽なんじゃないかとさえ思う。システムの不具合がありましたか？特にはない,これまで交通費とその他経費は別の手順で経理に申請していたが、楽楽を導入してからはそれらを一元化できるようになった。以前利用していた製品の解約理由経理の負担軽減,経理負担が大きいなら導入してみるべき
1505,2022/01/13,レシートを写真を撮るだけで、詳細入力不要であること。経理とチャットで不備に関しても密に連絡が撮れるので、領収書がない請求書からの精算も、入金明細など経理が必要なデータを別途添付できるので漏れなく精算できる。,精算には理由が必ず必要ですが、全て手打ちしなくてはいけないので、領収書の裏面に手書きで書いた理由などの文言を自動入力してほしい。他にはメモ欄の内容コピーなどもシステム化してできるようになると尚良し。システムの不具合がありましたか？写真を撮った領収書の裏面がいくら選択してもスマホ画面で表示されず、裏面のメモを頼りになんのために使った経費か判断しているため、大変困ったことがある。,移動時間やスキマ時間の片手間でスマホ一台で簡単に経費精算できるため、期日ギリギリに会社に紙で精算して上司に回してという手間がなくなり、遅れることや漏れが減りました。この口コミを詳しく見る,写真を撮るだけで、詳細入力不要であること。経理とチャットで不備に関しても密に連絡が撮れるので、領収書がない請求書からの精算も、入金明細など経理が必要なデータを別途添付できるので漏れなく精算できる。楽楽精算の改善してほしい点精算には理由が必ず必要ですが、全て手打ちしなくてはいけないので、領収書の裏面に手書きで書いた理由などの文言を自動入力してほしい。他にはメモ欄の内容コピーなどもシステム化してできるようになると尚良し。システムの不具合がありましたか？写真を撮った領収書の裏面がいくら選択してもスマホ画面で表示されず、裏面のメモを頼りになんのために使った経費か判断しているため、大変困ったことがある。楽楽精算導入で得られた効果・メリット移動時間やスキマ時間の片手間でスマホ一台で簡単に経費精算できるため、期日ギリギリに会社に紙で精算して上司に回してという手間がなくなり、遅れることや漏れが減りました。
1506,2022/01/13,モバイルから承認確認出来ることは非常に便利。場所を選ばず時間を有効活用できる。スマホ1台で申請が出来る。,ワークフローの機能強化は必須です。オプション機能と言えばそれまでですが、システムの一元化の観点ではワークフローの充実により、ユーザビリティの向上になります。,コロナ禍において、リモートワークが進む中、承認決裁の一連の業務の遂行が可能になった。他システムとの連動で時短が実現できた。この口コミを詳しく見る,ら承認確認出来ることは非常に便利。場所を選ばず時間を有効活用できる。スマホ1台で申請が出来る。楽楽精算の改善してほしい点ワークフローの機能強化は必須です。オプション機能と言えばそれまでですが、システムの一元化の観点ではワークフローの充実により、ユーザビリティの向上になります。楽楽精算導入で得られた効果・メリットコロナ禍において、リモートワークが進む中、承認決裁の一連の業務の遂行が可能になった。他システムとの連動で時短が実現できた。
1507,2022/01/13,1点目として、立替交通費の紙での申請作業がなくなり、時間と経費が縮小した。2点目として、経理作業がスムーズになり、立替交通費の振り込みが早くなった。,交通費を請求する際、カバーできていない路線があるので改善してほしい。また、出張の取り消しの際の手続きがわかりにくいので、改善してほしい。システムの不具合がありましたか？交通系のフェリカードを読み取るカードリーダーを認識しなくなることが多々ある。また、登録したはずのデータが本人と紐づかず、新規登録に時間がかかることがある。,メリットとして、申請手続きが紙を使用しなくなったので、経費の削減と各部署での押印等の決済の必要がなくなり、業務効率が上がった。,申請用紙をなくすことで経費の削減と押印作業のカットで作業効率が上がり、経理事務の作業効率が上がる。
1508,2022/01/12,電車やバスであれば一定のルートしか使わないため、マイルート登録しておけば、日付を入力するだけで済みます。,マイルートの編集ができないのが不便です。ルート登録を間違えてしまったことがありますが、削除して新規登録するしかありませんでした。,以前は、専用の申請書類に手書きして提出していました。システムになったことでペーパーレスになり、手書きする手間も省けました。この口コミを詳しく見る,であれば一定のルートしか使わないため、マイルート登録しておけば、日付を入力するだけで済みます。楽楽精算の改善してほしい点マイルートの編集ができないのが不便です。ルート登録を間違えてしまったことがありますが、削除して新規登録するしかありませんでした。楽楽精算導入で得られた効果・メリット以前は、専用の申請書類に手書きして提出していました。システムになったことでペーパーレスになり、手書きする手間も省けました。
1509,2022/01/12,今までは紙ベースの精算を経理に回しておりましたが、楽楽精算を使うことでレシートを写真でとり、アプリ上で精算書類を作れます。一時保存ができ、csvの読み込みもできるので精算書類を作る時間が少なくなりました。また、申請した後も上司の承認が見える化されているため、申請されているかがわかるようになり承認がおりず、精算が間に合っていなかった等がなくなりました。,レシート、領収書を写真で撮ったら金額を含めて反映ができるようにして欲しい、金額や曜日、そして使った場所が手入力のため、写真一つで全てが反映されるとすごく助かります。,営業職の事務処理がより、時短となります。月末処理や精算処理といった部分にどうしても時間がかかり、処理時期になるとそちらに手を回し、事務処理が終わらず残業するため、楽々精算を使うことで時間を有効活用でき、残業を少しでも減らせます。この口コミを詳しく見る,ベースの精算を経理に回しておりましたが、楽楽精算を使うことでレシートを写真でとり、アプリ上で精算書類を作れます。一時保存ができ、csvの読み込みもできるので精算書類を作る時間が少なくなりました。また、申請した後も上司の承認が見える化されているため、申請されているかがわかるようになり承認がおりず、精算が間に合っていなかった等がなくなりました。楽楽精算の改善してほしい点レシート、領収書を写真で撮ったら金額を含めて反映ができるようにして欲しい、金額や曜日、そして使った場所が手入力のため、写真一つで全てが反映されるとすごく助かります。楽楽精算導入で得られた効果・メリット営業職の事務処理がより、時短となります。月末処理や精算処理といった部分にどうしても時間がかかり、処理時期になるとそちらに手を回し、事務処理が終わらず残業するため、楽々精算を使うことで時間を有効活用でき、残業を少しでも減らせます。
1510,2022/01/11,導入前は紙媒体での経費精算でしたが、本製品を取り入れる事になりました。慣れるまで時間を要しましたが、今は非常に楽になりました。,レシートを撮影した際に上手く読み込めないケースがあります、また誤った字での読み込み、全く別の箇所を読み込まれる所は直して欲しい。,紙媒体で処理している時は上長→役員→事務員というサイクルでチェックが有りました。本製品を導入してからは、役員→事務員というサイクルになり。とても楽になりました。この口コミを詳しく見る,媒体での経費精算でしたが、本製品を取り入れる事になりました。慣れるまで時間を要しましたが、今は非常に楽になりました。楽楽精算の改善してほしい点レシートを撮影した際に上手く読み込めないケースがあります、また誤った字での読み込み、全く別の箇所を読み込まれる所は直して欲しい。楽楽精算導入で得られた効果・メリット紙媒体で処理している時は上長→役員→事務員というサイクルでチェックが有りました。本製品を導入してからは、役員→事務員というサイクルになり。とても楽になりました。
1511,2022/01/11,サービス業の為、現場で働くスタッフと本社オフィスとの距離があり、毎回紙ベースでの経費・押印申請が紙ベースでのやりとりでしたが、全てが改善しました。,承認申請等の申請者を設定する作業が慣れるまで時間がかかってしまう点。その他特に実務で困る点は現状ございません。システムの不具合がありましたか？商品の問題ではないが、一度に多数のスタッフで作業する際に処理速度が著しく遅くなったことがあった。,出張先であろうと、パソコン又はiPadならネット環境さえ整っていれば業務が行える事が、業務管理上優れている。申請を差し戻す事際等も簡易ではあるが意図もしっかりと伝えられるため、優れていると言える。,出張が多い職種や申請のスピードを上げたい場合はお勧めである。
1512,2022/01/11,紙で処理していた分が一気になくなり、承認機能で押印不要とできました。また、操作性の高さからほぼ全員が使えるようになりました。,重複申請による支払を人の目検チェックに頼ってしまっています。一定の処理ルールで警告メッセージが出る機能があるとありがたいです。システムの不具合がありましたか？承認フローの変更を途中ですると修正できなくなってしまいます。会計システムや社員マスタの定形管理の属人化廃止が今後の課題となりそうです。,承認機能を押印の代わりとすることでテレワーク化が一気に進みました。また、電子帳簿保存オプションを併用することでペーパーレスも今後更に加速させることが可能となります。,テレワーク・ペーパーレス化を促進できる素晴らしいシステムです。
1513,2022/01/10,特に便利なのが交通費の精算で、ICカードから読み取ってくれるので入力の手間が省け、モレや不正も無くなるのでとても良い。,経費精算の承認をする際、添付された領収書を確認するときなどに、システムが重くてなかなか動かないことがある。,導入前は全て手入力で経費精算を行なっていたが、導入後は領収書をアップロードすることで自動で入力ができたり、交通系ICカードから読み取って児童で入力ができるようになったことで、経費精算の時間の節約になった。この口コミを詳しく見る,のが交通費の精算で、ICカードから読み取ってくれるので入力の手間が省け、モレや不正も無くなるのでとても良い。楽楽精算の改善してほしい点経費精算の承認をする際、添付された領収書を確認するときなどに、システムが重くてなかなか動かないことがある。楽楽精算導入で得られた効果・メリット導入前は全て手入力で経費精算を行なっていたが、導入後は領収書をアップロードすることで自動で入力ができたり、交通系ICカードから読み取って児童で入力ができるようになったことで、経費精算の時間の節約になった。
1514,2022/01/10,ユーザーにとっては経費精算時の手間が省けることと履歴が残るので同様の処理ならば早い。経理担当者にとってこのシステムは大幅な工数削減が見込める。,自動読み取りが機能しないことがあるので改善してほしい。使い始めには領収書添付を忘れがちなので仕組みで改善してほしい。,複雑な伝票起票が無くなり工数削減につながった。ペーパーレス。承認の迅速化により経理担当者の業務負担軽減この口コミを詳しく見る,とっては経費精算時の手間が省けることと履歴が残るので同様の処理ならば早い。経理担当者にとってこのシステムは大幅な工数削減が見込める。楽楽精算の改善してほしい点自動読み取りが機能しないことがあるので改善してほしい。使い始めには領収書添付を忘れがちなので仕組みで改善してほしい。楽楽精算導入で得られた効果・メリット複雑な伝票起票が無くなり工数削減につながった。ペーパーレス。承認の迅速化により経理担当者の業務負担軽減
1515,2022/01/10,経費精算や支払い処理が一元化されるため効率的に管理・処理をすることができます。導入のしやすさ、利用のし易さがあるので、すぐに始めることが可能です,他のシステムとの連動が弱い部分があります。具体的にはAPI連携などですより柔軟に連携が求められるじたいですので、その部分の強化を求めます。システムの不具合がありましたか？とくにありません,申請がすんでいるのか、承認が終わっているのかなど一元管理のため、ログインして一覧から確認すればすぐにわかります。毎回確認一覧を確認して状況を確認したり、金額の確認をしたりと、申請だけでなく、リスト機能を活用しています,自動仕分けなどは問題ないと思いますが、既存の会計システムとの連動などを確認された方が良いと思います
1516,2022/01/09,今までは手書きで申請書類を出していましたが導入することにより大幅な業務改善に繋がりました。データで仕訳の確認も出来るので便利です。,自動読みとり機能が上手く作動せず登録に時間がかかるときがある。インターフェースもややわかりづらい点もあるので改善してほしい。,経費精算や交通費精算がペーパーレス化出来たため、大幅な業務改善とテレワークでもスマホで精算を出来るので便利です。この口コミを詳しく見る,書きで申請書類を出していましたが導入することにより大幅な業務改善に繋がりました。データで仕訳の確認も出来るので便利です。楽楽精算の改善してほしい点自動読みとり機能が上手く作動せず登録に時間がかかるときがある。インターフェースもややわかりづらい点もあるので改善してほしい。楽楽精算導入で得られた効果・メリット経費精算や交通費精算がペーパーレス化出来たため、大幅な業務改善とテレワークでもスマホで精算を出来るので便利です。
1517,2022/01/07,弊社では、交通費申請で利用しておりますが、(他経費申請は別システムを利用)コロナ禍になり、外回りもそこまで無くなったので、同じ経路での申請が増えました。楽々精算は規定の経路を登録しておけば、コピーして利用ができるので、便利です。,弊社事情の部分も多分にありますが、他システムと併用して利用してしまっているため、経費の種類毎に利用システムが違うといった状況が起きてしまっています。システム間連携等あれば嬉しいなと思います。,交通費申請にかかっていた入力工数が減りました。また、UIがシンプルで分かりやすいので、自身がいつどれくらいの金額を精算したか履歴管理がしやすくなりました。この口コミを詳しく見る,交通費申請で利用しておりますが、(他経費申請は別システムを利用)コロナ禍になり、外回りもそこまで無くなったので、同じ経路での申請が増えました。楽々精算は規定の経路を登録しておけば、コピーして利用ができるので、便利です。楽楽精算の改善してほしい点弊社事情の部分も多分にありますが、他システムと併用して利用してしまっているため、経費の種類毎に利用システムが違うといった状況が起きてしまっています。システム間連携等あれば嬉しいなと思います。楽楽精算導入で得られた効果・メリット交通費申請にかかっていた入力工数が減りました。また、UIがシンプルで分かりやすいので、自身がいつどれくらいの金額を精算したか履歴管理がしやすくなりました。
1518,2022/01/05,オンラインで経費精算が完結できるので、在宅ワークや出張先からでも、精算や承認が可能。乗換の機能で交通費の経路や検索もでき、そのまま入力できるのでとても楽。定期範囲をのぞいて計算してくれる。,領収書の読取の精度があまりよくない。自分で修正すればすむ程度だが、地味に面倒。また、スマホアプリで領収書を撮影すると、細かい文字が荒くなったりする。システムの不具合がありましたか？たまにメンテナンスなどあるようだが、大きな問題はない。,以前は印刷して上長に押印してもらい、それを経理に提出する必要があったが、その工程がすべてオンラインで完結できる。出張や現場など会社にいない期間が多く、精算の承認まで時間を要していたのが、高速化できるようになった。この口コミを詳しく見る,で経費精算が完結できるので、在宅ワークや出張先からでも、精算や承認が可能。乗換の機能で交通費の経路や検索もでき、そのまま入力できるのでとても楽。定期範囲をのぞいて計算してくれる。楽楽精算の改善してほしい点領収書の読取の精度があまりよくない。自分で修正すればすむ程度だが、地味に面倒。また、スマホアプリで領収書を撮影すると、細かい文字が荒くなったりする。システムの不具合がありましたか？たまにメンテナンスなどあるようだが、大きな問題はない。楽楽精算導入で得られた効果・メリット以前は印刷して上長に押印してもらい、それを経理に提出する必要があったが、その工程がすべてオンラインで完結できる。出張や現場など会社にいない期間が多く、精算の承認まで時間を要していたのが、高速化できるようになった。
1519,2022/01/05,会社に交通費申請する際に、今まで手書きであったり、写真を撮ったりして手間がかかっていたが、これを搭載することにより、ICカードをスキャンするだけで申請が可能になり、かなり楽になった。,特にはなかったが、もし実装されればありがたいものとしては、電車やバスなど入力しなくてもいいようになってほしい。,領収書を取っておくなどの無駄な手間が省け、ペーパーレスにつながったことと、申請がすぐ終わることで他の業務に充てる時間が増えた。,交通費申請がスマホとICカードさえあればできるようになった。
1520,2022/01/04,経費の精算が社内一括で楽になりフォーマットも統一できたため、どの区分の経費がどれくらいなのか把握できたりなど良い点が多いです。,特にありませんが、使用履歴からの入力がスムーズになってくれるとより精算の処理スピードが上がり助かります。システムの不具合がありましたか？特にはありませんでした。,経費の区分が細かくある点です。それにより誰がどのような経費を多く使っているか一目瞭然で、経費削減の意識が高まると感じます。この口コミを詳しく見る,が社内一括で楽になりフォーマットも統一できたため、どの区分の経費がどれくらいなのか把握できたりなど良い点が多いです。楽楽精算の改善してほしい点特にありませんが、使用履歴からの入力がスムーズになってくれるとより精算の処理スピードが上がり助かります。システムの不具合がありましたか？特にはありませんでした。楽楽精算導入で得られた効果・メリット経費の区分が細かくある点です。それにより誰がどのような経費を多く使っているか一目瞭然で、経費削減の意識が高まると感じます。
1521,2022/01/04,領収書を登録すると自動で日付と店舗名を読み取り、登録してくれて便利。一度使うとすぐに使い方を覚えられる単純な仕組みの為、新しいシステムが苦手な中年社員の多い弊社でも使いやすい。,承認者を毎回入れるのが面倒。事業所、部署によって第一承認者が異なる為、会社として登録するのも難しく、結局個人が毎回登録している。一度承認者を入れれば、次回使用時は予測検索のような機能ですぐに出てきてほしい。,経理部の承認が早くなった。これまでのシステムでは、締日付近に提出すると申請が殺到しており承認が遅く、当月振込に間に合わないことが何度かあった。また、前もって書類を郵送する必要もあり、締日当日に購入したものは翌月振込となっていた。経理部がすぐに承認できるようになり、煩わしい郵送やトラブルが減った。この口コミを詳しく見る,録すると自動で日付と店舗名を読み取り、登録してくれて便利。一度使うとすぐに使い方を覚えられる単純な仕組みの為、新しいシステムが苦手な中年社員の多い弊社でも使いやすい。楽楽精算の改善してほしい点承認者を毎回入れるのが面倒。事業所、部署によって第一承認者が異なる為、会社として登録するのも難しく、結局個人が毎回登録している。一度承認者を入れれば、次回使用時は予測検索のような機能ですぐに出てきてほしい。楽楽精算導入で得られた効果・メリット経理部の承認が早くなった。これまでのシステムでは、締日付近に提出すると申請が殺到しており承認が遅く、当月振込に間に合わないことが何度かあった。また、前もって書類を郵送する必要もあり、締日当日に購入したものは翌月振込となっていた。経理部がすぐに承認できるようになり、煩わしい郵送やトラブルが減った。
1522,2022/01/03,慣れれば精算が楽なところです。過去の履歴から文字変換もスムーズに行きます。申請も承認も間違いがなければスムーズです。,過去の履歴から行き先や経路を登録でき選択できる仕様にしていただきたいです。それ以外に不便を感じるポイントはあまりありません。システムの不具合がありましたか？特にはないです。,申請から承認までスピーディーになったと感じます。ミスが出た際には修正が楽で助かります。ミスが出る前のチェック機能があると助かります。,使い方も簡単ですぐに覚えられます。
1523,2022/01/03,以前は、旅費交通費の処理など、各社員がエクセル表にうちこみ、証票とセットで経理担当者が経理システムに登録していたが社員の登録方法にバラつきがあり、経理担当者の手直し、手直しした際にミスなどあったが導入後は負荷及び、ミスが減少した。,承認フローの承認者設定が、複雑な組織、承認パターンには対応していない為、複雑な承認設定ができる様になってほしい。システムの不具合がありましたか？特に無し,製品を利用し、経理担当者の業務負荷が減少したことと、承認フロー等があり、経費の管理ができる様になったことがメリットです。,ＩＴ知識が薄くても操作できるサービスです。
1524,2022/01/01,出張経費の精算が自動で路線検索して利用できる部分が最高です！また、承認フローが可視化され、今どこで止まっているかすぐわかります。,ホテルの経費精算の時、Booking.comの明細を利用した際、現物を印刷する必要があり、大変だったので、ホテル代を完全ペーパーレスしていただけたら最高になると思います。,社内の経費精算が本当に楽になりました。また、出張後にすぐに利用する気になる手軽さが、とてもありがたいです。この口コミを詳しく見る,精算が自動で路線検索して利用できる部分が最高です！また、承認フローが可視化され、今どこで止まっているかすぐわかります。楽楽精算の改善してほしい点ホテルの経費精算の時、Booking.comの明細を利用した際、現物を印刷する必要があり、大変だったので、ホテル代を完全ペーパーレスしていただけたら最高になると思います。楽楽精算導入で得られた効果・メリット社内の経費精算が本当に楽になりました。また、出張後にすぐに利用する気になる手軽さが、とてもありがたいです。
1525,2022/01/01,今まで経費精算は、紙でやっていましたが、クラウドで管理することにより、いつでもどこでも経費精算ができるようなりました。,ユーザーインターフェイスがあまり良くないように感じます。どのボタンを押すとページ移動するというのがわかりづらい。,経費精算を外出先でできるようになったので、生産効率がよくなったのと、精算から入金の時間が短くなってお金の管理が楽になりました。この口コミを詳しく見る,精算は、紙でやっていましたが、クラウドで管理することにより、いつでもどこでも経費精算ができるようなりました。楽楽精算の改善してほしい点ユーザーインターフェイスがあまり良くないように感じます。どのボタンを押すとページ移動するというのがわかりづらい。楽楽精算導入で得られた効果・メリット経費精算を外出先でできるようになったので、生産効率がよくなったのと、精算から入金の時間が短くなってお金の管理が楽になりました。
1526,2021/12/31,今まで紙で精算処理をしていましたが、当製品の導入で集計にかかる時間の短縮だけでなく、ミスなく正確に集計し精算できるため業務効率化に繋がる。,改善点ではないのですが、製品導入するにあたり全社員にツールを利用できるように教育する必要があり、全ての社員がツール操作に得意な訳ではないので、教育に時間とコストがかかる。システムの不具合がありましたか？導入以降、特にトラブルは発生していない。,交通費や定期代を楽楽精算上で自動算出して申請し、上長の承認までできるため、経理部の作業が大幅に軽減され、社員の残業時間の削減にも繋がった。,精算業務を大幅に効率化したい企業
1527,2021/12/31,会計周りの機能が一通り揃っており、経理業務の電子化に貢献できる。分類機能や、検索機能が充実していて会計業務の効率化につながる。,領収書の画像がポップアップで表示されてしまうため、システムへの入力値との比較、チェックがし辛く使いづらい。チェック業務を想定した作りにして欲しい。,弊社では、出張精算の仕組みに利用しているが、データの電子化や検索性の高さで業務効率化に貢献していると思う。この口コミを詳しく見る,機能が一通り揃っており、経理業務の電子化に貢献できる。分類機能や、検索機能が充実していて会計業務の効率化につながる。楽楽精算の改善してほしい点領収書の画像がポップアップで表示されてしまうため、システムへの入力値との比較、チェックがし辛く使いづらい。チェック業務を想定した作りにして欲しい。楽楽精算導入で得られた効果・メリット弊社では、出張精算の仕組みに利用しているが、データの電子化や検索性の高さで業務効率化に貢献していると思う。
1528,2021/12/30,機能拡張はよく実施してくれているし、電子帳簿保存法への対応もユーザーには負担なくサービス事業者側が対応してくれている点がありがたい。,過去の申請データと同じ項目のコピペが少しややこしい。申請者ごとのIDがあるのだから、個別にデータを反映されるようにしてもいいかと思います。,従来のExcelや紙で申請しないといけない状態と比べて、領収書の電子保存対応、承認フローの明確化、過去の申請履歴の蓄積もされるため、コンプライアンス的にも問題ない。この口コミを詳しく見る,よく実施してくれているし、電子帳簿保存法への対応もユーザーには負担なくサービス事業者側が対応してくれている点がありがたい。楽楽精算の改善してほしい点過去の申請データと同じ項目のコピペが少しややこしい。申請者ごとのIDがあるのだから、個別にデータを反映されるようにしてもいいかと思います。楽楽精算導入で得られた効果・メリット従来のExcelや紙で申請しないといけない状態と比べて、領収書の電子保存対応、承認フローの明確化、過去の申請履歴の蓄積もされるため、コンプライアンス的にも問題ない。
1529,2021/12/29,シンプルで使いやすい、アプリを使って領収証がダウンロードできるので、会社に出勤しなくても請求がしやすくなりました。,スキャンの不具合があること。文字が小さくて読み取りにくく年配の人には向いていない、サイズを変更できるようにしてほしいです。システムの不具合がありましたか？読み込みに失敗することがある,今まで手入力でやっていた旅費精算書がなくなり、工数の短縮になりました。支払う側にとっても、不明な文字や、確認事項も削減されストレスがなくなりました。この口コミを詳しく見る,使いやすい、アプリを使って領収証がダウンロードできるので、会社に出勤しなくても請求がしやすくなりました。楽楽精算の改善してほしい点スキャンの不具合があること。文字が小さくて読み取りにくく年配の人には向いていない、サイズを変更できるようにしてほしいです。システムの不具合がありましたか？読み込みに失敗することがある楽楽精算導入で得られた効果・メリット今まで手入力でやっていた旅費精算書がなくなり、工数の短縮になりました。支払う側にとっても、不明な文字や、確認事項も削減されストレスがなくなりました。
1530,2021/12/29,エクセルで一人ひとりの経費を計算していたのが、このソフトで一括集計・管理できるようになったため、作業時間が大幅に短縮されました。,改善してほしい点は特に見当たりません。ただこのソフトを導入した担当者が価格の高さを嘆いていたので、もう少し手軽な価格で導入できればより良いかもしれません。,特別な経理の能力がなくとも、経費精算をより簡単に、効率的に済ますことができ、メリットを感じています。この口コミを詳しく見る,一人ひとりの経費を計算していたのが、このソフトで一括集計・管理できるようになったため、作業時間が大幅に短縮されました。楽楽精算の改善してほしい点改善してほしい点は特に見当たりません。ただこのソフトを導入した担当者が価格の高さを嘆いていたので、もう少し手軽な価格で導入できればより良いかもしれません。楽楽精算導入で得られた効果・メリット特別な経理の能力がなくとも、経費精算をより簡単に、効率的に済ますことができ、メリットを感じています。
1531,2021/12/28,なんといってもペーパーレスになったことで、申請する方としても楽になった。従来から使っていたフォーマットをカスタマイズして利用できることも良い点。,サービス自体に改善点はあまりないが、社内で利用する際には、今までのやり方を良しとする人もいるので導入して慣れるまでは時間がかかる。,申請して振り込まれるまでほとんどストレスがない。今までは間違った申請も通ってしまい返金することもあったが、そもそもルール通りやらないと認可されないことも良いと思う。この口コミを詳しく見る,てもペーパーレスになったことで、申請する方としても楽になった。従来から使っていたフォーマットをカスタマイズして利用できることも良い点。楽楽精算の改善してほしい点サービス自体に改善点はあまりないが、社内で利用する際には、今までのやり方を良しとする人もいるので導入して慣れるまでは時間がかかる。楽楽精算導入で得られた効果・メリット申請して振り込まれるまでほとんどストレスがない。今までは間違った申請も通ってしまい返金することもあったが、そもそもルール通りやらないと認可されないことも良いと思う。
1532,2021/12/28,毎回面倒な経費精算において効率を向上できるツール。クレジットカード明細の取り込み機能があり都度手入力しなくて良い。また領収書の帳票管理ができ、手入力明細と金額が違った場合に差異を教えてくれたり、なにかと便利。承認・稟議フローもスムーズ。,明細入力画面のUIが業務ツール的で、わかりにくく慣れるまで時間がかかる。承認フェーズごとのフィルタなど絞り込み機能を強化してほしい。,煩雑である経費精算等が効率化され時間削減・コストダウンにつながっている。領収書もシステム上で一元管理することにより保存・蓄積されるのは非常に良いと思う。この口コミを詳しく見る,経費精算において効率を向上できるツール。クレジットカード明細の取り込み機能があり都度手入力しなくて良い。また領収書の帳票管理ができ、手入力明細と金額が違った場合に差異を教えてくれたり、なにかと便利。承認・稟議フローもスムーズ。楽楽精算の改善してほしい点明細入力画面のUIが業務ツール的で、わかりにくく慣れるまで時間がかかる。承認フェーズごとのフィルタなど絞り込み機能を強化してほしい。楽楽精算導入で得られた効果・メリット煩雑である経費精算等が効率化され時間削減・コストダウンにつながっている。領収書もシステム上で一元管理することにより保存・蓄積されるのは非常に良いと思う。
1533,2021/12/27,特に利用頻度の高い電車賃がSuicaやPASMOなどをスマホを介して、簡単に連携出来るのが非常に便利。,バスの経路検索がかなり使いづらい。出来れば、Googleで検索した経路をそのまま利用して反映できるようになるとかなりスムーズなると思う。,クレジットカードや交通系電子マネーなどとの互換性が高く、連携が非常に簡単になった。また来年度から実施される電子帳簿に係る対策も早く、持続的に使えるサービスだと思う。この口コミを詳しく見る,度の高い電車賃がSuicaやPASMOなどをスマホを介して、簡単に連携出来るのが非常に便利。楽楽精算の改善してほしい点バスの経路検索がかなり使いづらい。出来れば、Googleで検索した経路をそのまま利用して反映できるようになるとかなりスムーズなると思う。楽楽精算導入で得られた効果・メリットクレジットカードや交通系電子マネーなどとの互換性が高く、連携が非常に簡単になった。また来年度から実施される電子帳簿に係る対策も早く、持続的に使えるサービスだと思う。
1534,2021/12/27,電車などの利用についてはSUICA、PASMOなどの電子決済のデータを送ることで精算ができ、タクシー等の領収書は写真を撮ると読み取ってくれるので、精算が楽になる。,一つずつ交際費や会議費などの費用項目を設定しなければならないが、金額などから自動で想定される項目を入力してくれると楽になる。,精算が自動で情報が入力されるため、効率化することが出来た。電車やタクシーによく乗る人からすると精算がとても楽になる。,精算の申請者も、経理担当者も業務が楽になる
1535,2021/12/26,交通費や出張の際の宿泊費の申請がとても簡単になった。以前は全てExcelへの手入力による申請だったので時短に効果的であった。,サポート機能が充実していればなお良くなると思う。わからないことは担当者に問い合せていたが簡単なQ&Aがわかりやすいところにあれば良かった。,以前は交通費の申請はすべてExcelへの手入力によるものだったが楽楽精算を導入してからは煩わしい作業が減って業務の効率化に繋がった。この口コミを詳しく見る,張の際の宿泊費の申請がとても簡単になった。以前は全てExcelへの手入力による申請だったので時短に効果的であった。楽楽精算の改善してほしい点サポート機能が充実していればなお良くなると思う。わからないことは担当者に問い合せていたが簡単なQ&Aがわかりやすいところにあれば良かった。楽楽精算導入で得られた効果・メリット以前は交通費の申請はすべてExcelへの手入力によるものだったが楽楽精算を導入してからは煩わしい作業が減って業務の効率化に繋がった。
1536,2021/12/26,私鉄、地下鉄、JRについては、乗車降車の駅名も表現してくれるところ。営業職で公共交通機関しか使用出来ないため、交通費申請に使用しています。,市バスが乗車、降車ともに駅名取得出来ないところ。乗合バスについては履歴も反映しないときがあるため、手入力での申請になるところ。,通常の経費申請や出張費の申請であればレシートなどの控えが必要なところ、ICカードを読み込むだけで申請可能なので紛失などのトラブルがないこと。,企業のルールにもよるが、バスを頻繁に利用し、かつ、駅名の入力が必要な場合は少し面倒かも。
1537,2021/12/26,自動で表に入力され見やすい。承認者に直接申請が飛ぶので紙で提出する手間がない。勘定科目などがわかりやすく選択できる。,カメラで領収書等を読み込む時など、多少の折れや曲がりがあると全く違う金額や会社名などが自動入力される所を改善してほしい。,今まで全て経費精算を手書きで自分なりのフォーマットを制作し提出していて、目視での確認なのでやり直しが多かったですが、楽楽精算を導入した事で劇的に見やすくなりやり直しがへりました。,とにかく見やすい。
1538,2021/12/26,楽楽精算の良いところは交通費申請などの申請業務がPC、スマホから行え、紙やハンコが不要、領収書添付が不要でどこにいても申請できる点です。今までは書類を入力後、領主書を糊で貼り付けし上長、支店長印をもらい、事務に提出というフローで出社しないと行えませんでしたが、WEB上で完結する事で、だいぶ業務上のストレスが減り実務に専念できるようになりました。,繰り返し設定が欲しいです。新型コロナウイルスの影響で定期券が廃止され、通勤費実費請求となり、出社の度に申請するのが手間になるので、繰り返しボタンでもっと簡素化して頂きたいです。,今までは交通費申請するまでトータルおよ30分程度の時間と出社が必要でしたが、楽楽精算導入後は関わる人が減ったので、5分以内の申請が可能になりました。私は時短の勤務形態なので、25分の短縮は大幅な時間節約になり負担が減りました。,間違いなく申請者の時短に繋がります。
1539,2021/12/25,交通費、旅費計算で使用しています。今までずっと手計算とコピーして紙管理という状態であったが、こちらを導入してパソコン上で承認まででき、データで管理できている。,新規導入であったため、全社員に使用方法を浸透させるが大変であった。マニュアルを配布したが、すぐには理解が難しかったようだ。,今まで手計算＋紙管理でした。それがデータ管理、パソコン上で承認まででき、手間が一気に省けました。,手計算からこれを導入すると、社員に使用方法が広まった後一気に楽になりました。
1540,2021/12/25,仕事上、営業交通費や経費精算は数も証票書類も多く、月末まで溜めて出し直しの繰り返しだったが、このサービスのおかげですべてクラウド上で作業できかなり負担が減りました。,モバイル版の承認画面が、いつも間違ってしまいそうになるので、もう少しボタンの配置などをわかりやすい形にして欲しいです。,経費精算の透明性アップと時間効率化です。営業スタッフ自身も簡単に申請できるのと、承認する側もチェックが非常にシンプルになった。この口コミを詳しく見る,業交通費や経費精算は数も証票書類も多く、月末まで溜めて出し直しの繰り返しだったが、このサービスのおかげですべてクラウド上で作業できかなり負担が減りました。楽楽精算の改善してほしい点モバイル版の承認画面が、いつも間違ってしまいそうになるので、もう少しボタンの配置などをわかりやすい形にして欲しいです。楽楽精算導入で得られた効果・メリット経費精算の透明性アップと時間効率化です。営業スタッフ自身も簡単に申請できるのと、承認する側もチェックが非常にシンプルになった。
1541,2021/12/23,出発地と到着地を入力し、乗換案内のボタンをクリックすると乗換案内が起動され、ルート、金額が自動的に表示され選択ができるため、大変便利です。,請求書、領収書データで同じ内容の物が登録・申請された際に警告やエラー通知する機能があるといいと思います。,手入力工数が削減できること。駐車場のレシートをため込んで1時間かけて金額や場所を入力していたのが、ずいぶん楽になりました。この口コミを詳しく見る,着地を入力し、乗換案内のボタンをクリックすると乗換案内が起動され、ルート、金額が自動的に表示され選択ができるため、大変便利です。楽楽精算の改善してほしい点請求書、領収書データで同じ内容の物が登録・申請された際に警告やエラー通知する機能があるといいと思います。楽楽精算導入で得られた効果・メリット手入力工数が削減できること。駐車場のレシートをため込んで1時間かけて金額や場所を入力していたのが、ずいぶん楽になりました。
1542,2021/12/23,会社で使っていますが使いやすいです！外にいる時でも携帯のアプリから申請できるので申請期限に間に合わなさそうでも外からできるので安心です！,たまに写真を撮って読み込むとレシートの合計金額違う場合があるので、直してほしいです。それ以外はないです。,今まで経理の事務員が紙で経費精算していたが電子化されてとても楽になったと話は聞いてます。時間も削減されて便利です。この口コミを詳しく見る,ていますが使いやすいです！外にいる時でも携帯のアプリから申請できるので申請期限に間に合わなさそうでも外からできるので安心です！楽楽精算の改善してほしい点たまに写真を撮って読み込むとレシートの合計金額違う場合があるので、直してほしいです。それ以外はないです。楽楽精算導入で得られた効果・メリット今まで経理の事務員が紙で経費精算していたが電子化されてとても楽になったと話は聞いてます。時間も削減されて便利です。
1543,2021/12/23,自前（SIer委託）で作成されたツールと内容により併用しているが、機能要件だけに限って言えば大きな差はなくとも（自社製造のものはカスタマイズもできなくはないので）UIや、下書きの保存、細かい挙動などが圧倒的に使いやすく、生産性が高い。少なくともユーザーフレンドリーである。,他社SaaSとの連携機能は充分に揃っているが、一方で、弊社（及び親会社）の案件、予算管理システムなどとの連携はできておらず、おカタイ業種の大企業が機能をフル活用できていない。弊社側の問題でもあるが、より柔軟に他システム連携できるAPIが充実すると、良いとおもう。,ユーザとしては、経費精算のスピードアップは大変助かるところ。管理サイドとしては、メンテナンスフリーとまでは行かないものの、かなり手のかからないシステムであるように感じる。,一部の経費にのみ活用しているが、全社的に経費はこのようなシステムに統一していくべき。
1544,2021/12/23,社内システムの切り替えにより、現在は社内手続きの多くを楽々精算で申請しています。交通費の申請では、以前は自分で金額を計算する必要がありましたが、現在は自動計算されるようになったので大変有難いです。,トップページメニューが大変分かりにくいです。おそらく導入企業側の依頼通りにカスタマイズしているのだと思いますので、うちの会社のシステム部門の依頼の仕方が悪かったのかもしれません。,経理・総務部門の経費削減には効果が大きいのではないかと思います。自社でも経理の負担がかなり減ったと聞いています。,総務・管理のコストを抑えたい、テレワークになりリモートで手続きを完結したい企業様におすすめです
1545,2021/12/23,レシートの写真を撮り取り込むと、自動的に日付や金額が反映され、入力する手間が省ける。デザインが見やすく使いやすい。,代理人が申請できないところ。事務の仕事で全ての経費精算を確認しているが、ミスが発覚した場合、差し戻ししなければいけないのが面倒くさい。,経費精算の詳細を入力する手間が減り、効率的になった。スマートフォンから申請できるため、隙間時間に申請できる。この口コミを詳しく見る,写真を撮り取り込むと、自動的に日付や金額が反映され、入力する手間が省ける。デザインが見やすく使いやすい。楽楽精算の改善してほしい点代理人が申請できないところ。事務の仕事で全ての経費精算を確認しているが、ミスが発覚した場合、差し戻ししなければいけないのが面倒くさい。楽楽精算導入で得られた効果・メリット経費精算の詳細を入力する手間が減り、効率的になった。スマートフォンから申請できるため、隙間時間に申請できる。
1546,2021/12/22,初見で使ってもある程度使い方がわかるほど、わかりやすいと思います。会社の交通費精算、経費精算でかなり頻繁に使用しています。会社でも楽楽精算の使い方マニュアルを作成していますが、特に見なくても問題ないほどわかりやすいです。前の会社ではいちいち書類を書く必要があり、またその書類が大変わかりにくく、交通費1つ精算するのに結構な時間と手間がかかっていたのですが、楽楽精算ではコーヒー飲みながら片手間に精算できるのでとても楽です。,特に困ったことはないですが、強いて言うのであれば、「通勤費」などカテゴリをクリックすると、別窓で開くのが若干使いづらい時がある？という程度です。たとえば交通費精算したいときにGoogleChromeで複数タブを開いて、1つのタブでは「路線情報」もう1つのタブでは「楽楽精算」を開き、タブを移動しながら交通費の料金を入力していきたいのですが、別窓で開くので、逐一ブラウザごと移動しなければいけないのが若干？面倒な気はします。ただほとんど気になりません。,楽楽精算では、期限切れの精算は自動的にエラーになるのと、簡単な注意事項などは楽楽精算内に載せられるので、不備による差し戻しがほとんどありません。前の会社では、経費の精算時に何かしらの不備で差し戻されいる人が多くいました。経費精算時に書いて欲しい情報が不足している、書き方が間違っている、などです。「何を書いてほしいのか」「いつまでに出せばいいのか」といった注意事項が書類上に載せきれず、情報が散らばっていたためだと思います。この口コミを詳しく見る,てもある程度使い方がわかるほど、わかりやすいと思います。会社の交通費精算、経費精算でかなり頻繁に使用しています。会社でも楽楽精算の使い方マニュアルを作成していますが、特に見なくても問題ないほどわかりやすいです。前の会社ではいちいち書類を書く必要があり、またその書類が大変わかりにくく、交通費1つ精算するのに結構な時間と手間がかかっていたのですが、楽楽精算ではコーヒー飲みながら片手間に精算できるのでとても楽です。楽楽精算の改善してほしい点特に困ったことはないですが、強いて言うのであれば、「通勤費」などカテゴリをクリックすると、別窓で開くのが若干使いづらい時がある？という程度です。たとえば交通費精算したいときにGoogleChromeで複数タブを開いて、1つのタブでは「路線情報」もう1つのタブでは「楽楽精算」を開き、タブを移動しながら交通費の料金を入力していきたいのですが、別窓で開くので、逐一ブラウザごと移動しなければいけないのが若干？面倒な気はします。ただほとんど気になりません。楽楽精算導入で得られた効果・メリット楽楽精算では、期限切れの精算は自動的にエラーになるのと、簡単な注意事項などは楽楽精算内に載せられるので、不備による差し戻しがほとんどありません。前の会社では、経費の精算時に何かしらの不備で差し戻されいる人が多くいました。経費精算時に書いて欲しい情報が不足している、書き方が間違っている、などです。「何を書いてほしいのか」「いつまでに出せばいいのか」といった注意事項が書類上に載せきれず、情報が散らばっていたためだと思います。
1547,2021/12/22,営業担当なので、申請する側ですが、処理がわかりやすく簡潔なので使いやすいです。申請が遅く、経理担当さんに注意を受けることも減りました。,経理申請をする際に記入項目が決まっているのですが、忘れたりするので、その項目を別に分けて記入する欄があると使いやすいです。,導入前は、紙ベースで電車の乗り換えなどを全て手書きで書く必要があったが、こちらを導入してから、駅名を選択すると自動で金額がでてくるので、申請時間の短縮に繋がりました。この口コミを詳しく見る,ので、申請する側ですが、処理がわかりやすく簡潔なので使いやすいです。申請が遅く、経理担当さんに注意を受けることも減りました。楽楽精算の改善してほしい点経理申請をする際に記入項目が決まっているのですが、忘れたりするので、その項目を別に分けて記入する欄があると使いやすいです。楽楽精算導入で得られた効果・メリット導入前は、紙ベースで電車の乗り換えなどを全て手書きで書く必要があったが、こちらを導入してから、駅名を選択すると自動で金額がでてくるので、申請時間の短縮に繋がりました。
1548,2021/12/22,使いやすいUIであり、様々な便利機能が備わっているのが良い点です。交通費の生産をICカードでできるのは良いと思いました。,ICカードで精算できるのは良いが、Applepayなどでsuicaを利用した際に読み取りができないのが不便に感じました。,経理作業を今まで紙媒体で行っていましたが、電子になり作業時間が圧倒的に減って、経理部門の作業効率化が図れました。この口コミを詳しく見る,UIであり、様々な便利機能が備わっているのが良い点です。交通費の生産をICカードでできるのは良いと思いました。楽楽精算の改善してほしい点ICカードで精算できるのは良いが、Applepayなどでsuicaを利用した際に読み取りができないのが不便に感じました。楽楽精算導入で得られた効果・メリット経理作業を今まで紙媒体で行っていましたが、電子になり作業時間が圧倒的に減って、経理部門の作業効率化が図れました。
1549,2021/12/22,とても簡単に経費精算ができる。入力もとても楽になり使いやすいです。なにより印刷の手間が省けたし、ミスがなくなりました。,画面の構成ですが、もう少し文字を大きくしたり、間隔を整えるととても見やすくなりさらに使いやすくなると感じました。システムの不具合がありましたか？サポートも充実しているので目立った不具合・トラブルはありません。,楽楽精算導入前はExcelで入力し、印刷をかけて提出していました。楽楽精算導入後は入力がとても楽になり、ペーパーレスにもなり経費削減できている。残業時間も減りました。管理する部門は不正を心配することもなくなったとのこと。,経費削減の観点からとても良いと感じる製品です。
1550,2021/12/22,いつでもどこでも精算出来る。またスマホからも利用出来る為、精算効率がかなり上がります。ファイルのアップロードも簡単。,初期設定が複雑すぎる為、ちゃんと稼働する迄にかなり設定の調整が必要なこと。ただ一度設定してしまえばそこまで変わることないです。,今までは紙ベースの精算書だったので出社しないと精算できなかった。また上司の判子を貰わないと精算書が回ってこないものがオンラインでスピーディーに出来る様になった。「楽楽精算」導入の決め手いつでもどこでも精算出来る点,百聞は一見にしかず
1551,2021/12/20,会社ではずっとExcelで交通費精算を行っていましたが営業職なので毎月提出が大変でしたが、こちらが導入されて楽になりました。,欲を言えばもっと直感的に使えてもっと手間が省けるところがあったら沢山利用する身としてはとても嬉しいです。システムの不具合がありましたか？特にありませんでした,交通費をはじめとしてさまざまな精算をExcelで提出して行っていたので、楽楽精算が導入されてから手間も省けましたし、ミスも減って精算が楽でスピーディーになりました。,間違い、手間が格段に減ります
1552,2021/12/20,営業所が全国に点在しており、また数百名の従業員から経費精算のデータが集まってくるので、Web上で確認や承認が完結できる点や、検索欄にNoでも金額でも取引先でもなんでも入力してすぐ検索できるのがとても便利です。,ZIPファイルじゃなくても複数データを添付できるようにして欲しい。支払日で検索をできるようにして欲しい。システムの不具合がありましたか？特になし,働く場所を選ばない仕事の仕方、情報収集を容易にしている。脱ペーパー、リモートワークの推進に寄与している。,リモートワークにおすすめ
1553,2021/12/20,経費申請を細かくカテゴリ分けして申請する事ができる。申請の取り下げ・差し戻し機能もあり、あらゆる申請がオンライン完結することが可能。メールで申請結果を通知してくれることも助かる。,経費申請全般の機能に非常に特化してる分、他の総務系の事務手続きには弱い気がする。そういった事務作業全般を一元管理できるような機能を兼ね備えたら非常に便利に感じる。,リモートワークが増えて、出勤先などの関係から交通費申請が煩雑になりがちだったが、楽楽精算のおかげでわかりやすく申請ができた。この口コミを詳しく見る,細かくカテゴリ分けして申請する事ができる。申請の取り下げ・差し戻し機能もあり、あらゆる申請がオンライン完結することが可能。メールで申請結果を通知してくれることも助かる。楽楽精算の改善してほしい点経費申請全般の機能に非常に特化してる分、他の総務系の事務手続きには弱い気がする。そういった事務作業全般を一元管理できるような機能を兼ね備えたら非常に便利に感じる。楽楽精算導入で得られた効果・メリットリモートワークが増えて、出勤先などの関係から交通費申請が煩雑になりがちだったが、楽楽精算のおかげでわかりやすく申請ができた。
1554,2021/12/19,使用者側からすると圧倒的ではありませんが、従前と比べると経費の精算が楽になったのは間違いありません。話に聞くと経理側からするとものすごく楽になってるみたいです。,なんだかんだでレシートを貼らなければいけないので、使う側からするとそこまで楽になったかと言えば、そこまで大きく変わって業務が楽になったということはありません。レシートもネットなどで完結したい。,以前は紙の申請書類に書き込みをして、経理課に提出をしていましたが、今では数ある項目の中から当てはまるものをえらんで、申請するので気持ち的には少し楽になりました。,経理側のメリットは素晴らしい
1555,2021/12/19,以前は紙にて申請していたが、ミスがあったりしていたので、手間がかかっていた。しかも、精算の支払い状況も不明だった。これになって、申請精度・スピードが高くなって、何よりも支払い予定も教えてくれるので助かっています。,特にはないです。会社のルール上ではいろいろな精算項目があって少し分かりづらいですが、特に問題ではないと思います。,ミスが減った。申請状況がわかりやすく、以前の履歴もちゃんと確認できるし、重複的な申請時には入力の手間が減る。支払い状況もわかるので便利。この口コミを詳しく見る,て申請していたが、ミスがあったりしていたので、手間がかかっていた。しかも、精算の支払い状況も不明だった。これになって、申請精度・スピードが高くなって、何よりも支払い予定も教えてくれるので助かっています。楽楽精算の改善してほしい点特にはないです。会社のルール上ではいろいろな精算項目があって少し分かりづらいですが、特に問題ではないと思います。楽楽精算導入で得られた効果・メリットミスが減った。申請状況がわかりやすく、以前の履歴もちゃんと確認できるし、重複的な申請時には入力の手間が減る。支払い状況もわかるので便利。
1556,2021/12/19,明細を追加していくだけで合計金額が自動で算出されるのは、今までアナログに手計算していたことを考えると非常に楽。,経費申請と経費精算が一本になると楽です。申請金額と精算金額が同額だった場合、同じ内容を2回送らなければいけない為、手間です。,交通費精算が非常に楽になりました。今まで乗り降りした駅の金額をいちいち別画面で調べなければいけなかったが、楽楽精算の中で調べられることができるので費用入力がとても楽になり、時間短縮となった。この口コミを詳しく見る,していくだけで合計金額が自動で算出されるのは、今までアナログに手計算していたことを考えると非常に楽。楽楽精算の改善してほしい点経費申請と経費精算が一本になると楽です。申請金額と精算金額が同額だった場合、同じ内容を2回送らなければいけない為、手間です。楽楽精算導入で得られた効果・メリット交通費精算が非常に楽になりました。今まで乗り降りした駅の金額をいちいち別画面で調べなければいけなかったが、楽楽精算の中で調べられることができるので費用入力がとても楽になり、時間短縮となった。
1557,2021/12/19,楽楽精算システムの導入によって、今まで紙の手書きで起こしてきた経費申請をウェブで行うことができるようになり、各個人が時間や場所を選ばず簡単に申請できるようになったことが良かった。,各個人の申請になったので、経理担当者以外の経理項目の理解が必要であるという点。結構申請時に項目や消費税率のミス入力が多く修正が大変なのでその辺を経理素人でもわかりやすくできないか。,メリットとしてはリモートワークが始まった際に出勤せずとも経理処理が行えるようになったこと。また今まで紙で行っていた承認者が多い書類等の決済も早くなった。,リモートワークを検討している会社や、承認者が多数いる書類の取り扱いが多い会社にはとても良いシステムだと思う。
1558,2021/12/18,業務フローが一本化できることが一番のメリット。交通費などの経費精算から稟議関連、社内のその他申請まで全てこれで解決できる。ペーパーレスなので外出中でも承認側の処理も可能なので承認フローも早く業務短縮にもつながり便利。,特別困るほど不便で改善して欲しいところはないですが、強いて言うなら保存後に承認者にメールが飛ぶのですが、申請側に送られた履歴や案内がなく申請ページで承認が下りたかどうかの確認しかできないため、申請を送ったエビデンスを残すためにもアカウント宛にメールが来るようになればいいと思います。,紙だと申請内容によってバラバラだった申請フォーマットが楽々精算使うことで一本化されたことで複数申請がある際にも楽になりました。,稟議、申請、経費精算で多数のフォーマット・フローが存在する企業ほど業務の一本化で、楽になります
1559,2021/12/18,詳しい勘定科目が分からずとも、具体的な用途を選択できる為、とても使いやすいと感じている。また乗換案内Bizと連携しており、始発駅・終着駅を選択する事でルート検索及び金額の決定をしてくれる点が助かる。,費用負担の部門を複数選択し、費用按分することができない点は残念。あと、一明細ごと（一行ごと）に証憑添付ができたらありがたいなぁと思う。※もしかしたら自身がソフトを使いこなせていないだけかもしれませんが。,小口現金支払いのみであった時よりも、当たり前ですが銀行にこまめに走る手間がなくなったのは大きい点だと考えています。セキュリティの観点からも。この口コミを詳しく見る,科目が分からずとも、具体的な用途を選択できる為、とても使いやすいと感じている。また乗換案内Bizと連携しており、始発駅・終着駅を選択する事でルート検索及び金額の決定をしてくれる点が助かる。楽楽精算の改善してほしい点費用負担の部門を複数選択し、費用按分することができない点は残念。あと、一明細ごと（一行ごと）に証憑添付ができたらありがたいなぁと思う。※もしかしたら自身がソフトを使いこなせていないだけかもしれませんが。楽楽精算導入で得られた効果・メリット小口現金支払いのみであった時よりも、当たり前ですが銀行にこまめに走る手間がなくなったのは大きい点だと考えています。セキュリティの観点からも。
1560,2021/12/18,毎月の経費精算を行う際に利用しています。カメラでレシートを撮影するだけで読み込んでくれて、パソコンから入力する必要がない所がオススメです。,良い点でも書いた、カメラでレシートを撮影する際に、読み込みが出来なくて再度自分で修正する必要がある事が少し手間です。,とにかく時間が短縮されます。他の業務に充てる時間が増え、効率が良くなります。各部署ごとでひとつのアカウントに入れるので事務全員で使用できるのも良い点です！この口コミを詳しく見る,精算を行う際に利用しています。カメラでレシートを撮影するだけで読み込んでくれて、パソコンから入力する必要がない所がオススメです。楽楽精算の改善してほしい点良い点でも書いた、カメラでレシートを撮影する際に、読み込みが出来なくて再度自分で修正する必要がある事が少し手間です。楽楽精算導入で得られた効果・メリットとにかく時間が短縮されます。他の業務に充てる時間が増え、効率が良くなります。各部署ごとでひとつのアカウントに入れるので事務全員で使用できるのも良い点です！
1561,2021/12/18,経費精算におけるペーパーレスや承認フローなど、基本的な機能は、しっかり押さえられた作りとなっている。,とにかく画面IFが古くさい。控えめで堅実な造りともいえるが、10年前のアプリケーションか？と思うレベルで、使いにくい。ユーザが直感的に操作できる画面IFに刷新してほしい。,従業員の人事データとの連携はスムーズで、バグや不具合も少なく、管理しやすい。交通費精算は検索サイトと連動しているためユーザとしても精算処理しやすい。この口コミを詳しく見る,おけるペーパーレスや承認フローなど、基本的な機能は、しっかり押さえられた作りとなっている。楽楽精算の改善してほしい点とにかく画面IFが古くさい。控えめで堅実な造りともいえるが、10年前のアプリケーションか？と思うレベルで、使いにくい。ユーザが直感的に操作できる画面IFに刷新してほしい。楽楽精算導入で得られた効果・メリット従業員の人事データとの連携はスムーズで、バグや不具合も少なく、管理しやすい。交通費精算は検索サイトと連動しているためユーザとしても精算処理しやすい。
1562,2021/12/17,領収書をアップすると自動的に読み取って日付や金額が入力されるので自分で入力する部分が少なく経費の申請に時間も手間も取られないところが良いなと思います。,領収書をアップする際のボタン？の位置があまり目立っていないのでもう少し目立つ位置にあるとわかりやすいです。,今までは経理の方に領収書を手渡ししてその場で現金をもらって精算していたが、楽楽精算で申請することでその時間を自分の業務にあてられる上に経理の方の手元に丁度の現金があるかどうかの心配をする必要もなくなって、時間的にも精神的にも楽になりました。この口コミを詳しく見る,ップすると自動的に読み取って日付や金額が入力されるので自分で入力する部分が少なく経費の申請に時間も手間も取られないところが良いなと思います。楽楽精算の改善してほしい点領収書をアップする際のボタン？の位置があまり目立っていないのでもう少し目立つ位置にあるとわかりやすいです。楽楽精算導入で得られた効果・メリット今までは経理の方に領収書を手渡ししてその場で現金をもらって精算していたが、楽楽精算で申請することでその時間を自分の業務にあてられる上に経理の方の手元に丁度の現金があるかどうかの心配をする必要もなくなって、時間的にも精神的にも楽になりました。
1563,2021/12/17,交通費を入力するにしても、ルート検索まで一緒にできるのが便利だと感じます。項目の内容も豊富なので、仕分けがしやすいです。,経理項目の仕分けによっては、ジョブナンバーを必須で求められるため、まだナンバーの振り分けが出来ていない案件の経理が登録できないのが不便に感じます。,リモートワークになり、期限日までに原本を提出ということがなくなり、いつでも自宅からの経費精算ができたことはすごく便利でした。この口コミを詳しく見る,力するにしても、ルート検索まで一緒にできるのが便利だと感じます。項目の内容も豊富なので、仕分けがしやすいです。楽楽精算の改善してほしい点経理項目の仕分けによっては、ジョブナンバーを必須で求められるため、まだナンバーの振り分けが出来ていない案件の経理が登録できないのが不便に感じます。楽楽精算導入で得られた効果・メリットリモートワークになり、期限日までに原本を提出ということがなくなり、いつでも自宅からの経費精算ができたことはすごく便利でした。
1564,2021/12/17,楽楽精算導入前の経費精算方法は、紙ベースの精算書を提出した上で、システムへも申請していました。楽楽精算導入後は、紙ベースは廃止しシステムへ申請するのみでOK。領収書もスキャンすれば原本不要。おそらく、経費精算担当者は格段に手間が省けたと思います。,組織変更が頻繁に行われるため、その際誤った入力した際にエラーが出てしまい進めなくなってしまう事があった。操作ログ機能などで、どのような操作を行ったか履歴を見れる機能があると良いですね。システムの不具合がありましたか？一利用者なのでありません。,念願のペーパーレス化実現で、処理する側の手間、管理するスペースが省略されたことが、圧倒的なメリットです。この口コミを詳しく見る,入前の経費精算方法は、紙ベースの精算書を提出した上で、システムへも申請していました。楽楽精算導入後は、紙ベースは廃止しシステムへ申請するのみでOK。領収書もスキャンすれば原本不要。おそらく、経費精算担当者は格段に手間が省けたと思います。楽楽精算の改善してほしい点組織変更が頻繁に行われるため、その際誤った入力した際にエラーが出てしまい進めなくなってしまう事があった。操作ログ機能などで、どのような操作を行ったか履歴を見れる機能があると良いですね。システムの不具合がありましたか？一利用者なのでありません。楽楽精算導入で得られた効果・メリット念願のペーパーレス化実現で、処理する側の手間、管理するスペースが省略されたことが、圧倒的なメリットです。
1565,2021/12/17,導入前まで基本紙ベースの経理清算だったので、ペーパーレスになった事はいいかと思う。いい事はこれくらいで他に見当たらない。,弊社の運用の問題なのか、イチイチＰＤＦ出力で経理に提出する必要があり、それぐらい決済承認後は全自動で完結してもらいたい。システムの不具合がありましたか？伝票作成者の電子印が押せない仕組みとシステム担当者から聞いた。本当なのでしょうか？本当であれば致命的瑕疵かと思う。,直接的なメリットはあまり感じない。前述したようにペーパーレスぐらいでしょうか？あと強いて言えば過去の精算データを引用して新しい伝票作成できるぐらいだが、エクセルシートでもできる事なので、大したメリットではない。,経理担当者にはメリットがあるのでしょう。その他の部署には何ら貢献メリットを見いだせない。
1566,2021/12/17,発生した交通費の計算がワンタッチでできるようになり、その検索結果がそのまま使えます。申請も楽にできます。,使い慣れるまでの時間がかかるところがマイナスに感じます。最初からスムーズに使えるようにするためにもわかりやすいマニュアルがあればと思います。,乗り換え案内をする際、いちいち調べてから記入する必要がなくなりました。自動的に定期券内のエリアの金額を引いてくれるのがとても便利に感じました。この口コミを詳しく見る,通費の計算がワンタッチでできるようになり、その検索結果がそのまま使えます。申請も楽にできます。楽楽精算の改善してほしい点使い慣れるまでの時間がかかるところがマイナスに感じます。最初からスムーズに使えるようにするためにもわかりやすいマニュアルがあればと思います。楽楽精算導入で得られた効果・メリット乗り換え案内をする際、いちいち調べてから記入する必要がなくなりました。自動的に定期券内のエリアの金額を引いてくれるのがとても便利に感じました。
1567,2021/12/16,領収書をアプリで読み取るとすぐにデータ化される便利さ。専用のリーダーを使用すると、ICカードを読み取り、交通費や経路を表示してくれるので入力の必要なし。,スマートフォンのカメラで読み取る際に、うまく読み込めないことが多々あった。手入力したほうが早いかなと感じることもありました。,今まで領収書のデータ化にかなりの時間を費やしてきました。こちらはアプリで簡単に読み込むことが出来るので、操作も簡単で時間短縮になりました。この口コミを詳しく見る,プリで読み取るとすぐにデータ化される便利さ。専用のリーダーを使用すると、ICカードを読み取り、交通費や経路を表示してくれるので入力の必要なし。楽楽精算の改善してほしい点スマートフォンのカメラで読み取る際に、うまく読み込めないことが多々あった。手入力したほうが早いかなと感じることもありました。楽楽精算導入で得られた効果・メリット今まで領収書のデータ化にかなりの時間を費やしてきました。こちらはアプリで簡単に読み込むことが出来るので、操作も簡単で時間短縮になりました。
1568,2021/12/16,これまで立替経費の精算のため紙の伝票を手書きしていたのをなくすため導入。導入してすぐに社員にも使用方法を理解してもらえたように感じます。今後は請求書処理等、他の業務にも使用範囲を拡大していく予定です。,事前申請伝票を経理部権限で精算申請できるともっと使いやすい。現在は申請者本人だけが事前申請に紐づけた精算申請を行うことができる状態なので、代理申請者を立てないと経理部による処理ができない。,立替経費精算において紙の伝票を作成することがなくなった。ICカードの読み取りオプションにより伝票作成の時間も短縮したようです。「楽楽精算」導入の決め手UIが申請者にとってわかりやすく、現行のフローに近いオペレーションで使用できそうだったから。この口コミを詳しく見る,替経費の精算のため紙の伝票を手書きしていたのをなくすため導入。導入してすぐに社員にも使用方法を理解してもらえたように感じます。今後は請求書処理等、他の業務にも使用範囲を拡大していく予定です。楽楽精算の改善してほしい点事前申請伝票を経理部権限で精算申請できるともっと使いやすい。現在は申請者本人だけが事前申請に紐づけた精算申請を行うことができる状態なので、代理申請者を立てないと経理部による処理ができない。楽楽精算導入で得られた効果・メリット立替経費精算において紙の伝票を作成することがなくなった。ICカードの読み取りオプションにより伝票作成の時間も短縮したようです。「楽楽精算」導入の決め手UIが申請者にとってわかりやすく、現行のフローに近いオペレーションで使用できそうだったから。
1569,2021/12/16,営業をしていて領収書を提出することが多く以前は何度も会社へ戻っていました。楽楽精算の写真を撮って申請ができるようになってからは、かなり効率よく仕事ができています！,写真を撮った領収書の内容を読み取ってくれる機能がありますが、税率が10%と8%異なる場合があるのでその際に購入した商品とレジ袋を分けて手入力しなくてはいけない時もあったので改善されるといいなと思います。,紙での提出からペーパーレスになったことによって、自身で所持していなければならなかったコピーなどの保存がいらなくなったことによるエコ化。この口コミを詳しく見る,いて領収書を提出することが多く以前は何度も会社へ戻っていました。楽楽精算の写真を撮って申請ができるようになってからは、かなり効率よく仕事ができています！楽楽精算の改善してほしい点写真を撮った領収書の内容を読み取ってくれる機能がありますが、税率が10%と8%異なる場合があるのでその際に購入した商品とレジ袋を分けて手入力しなくてはいけない時もあったので改善されるといいなと思います。楽楽精算導入で得られた効果・メリット紙での提出からペーパーレスになったことによって、自身で所持していなければならなかったコピーなどの保存がいらなくなったことによるエコ化。
1570,2021/12/16,各種経費等、いちいち計算せずとも自動で算出してくれるところが良いです。こちらの入力の手間が大幅に削減できたことが良いです。,電子帳簿保存法の届け出を代行でしていただけないことが、手間です。また、後申請してしまったデータを削除できず困ります。,今まで手入力だったがこちらを導入したことにより、経費精算所要時間が大幅に減り、業務コストの大幅な改善かつ他業務にも手がまわるようになりました。この口コミを詳しく見る,、いちいち計算せずとも自動で算出してくれるところが良いです。こちらの入力の手間が大幅に削減できたことが良いです。楽楽精算の改善してほしい点電子帳簿保存法の届け出を代行でしていただけないことが、手間です。また、後申請してしまったデータを削除できず困ります。楽楽精算導入で得られた効果・メリット今まで手入力だったがこちらを導入したことにより、経費精算所要時間が大幅に減り、業務コストの大幅な改善かつ他業務にも手がまわるようになりました。
1571,2021/12/15,商品名の通り、簡単に決済ができる機能です。空いた時間にできますし、記録を残してくれるので、メモを取る必要もありません。,機能が多く、使いこなすのに時間がかかります。無駄な機能を省いたり、使い方のマニュアルや動画を提供していただけるとより助かります。,今までは紙に経費を書いていましたが、パソコンで行うことで、紙の無駄遣いがなくなりました。また、コスト削減にも貢献しています。この口コミを詳しく見る,り、簡単に決済ができる機能です。空いた時間にできますし、記録を残してくれるので、メモを取る必要もありません。楽楽精算の改善してほしい点機能が多く、使いこなすのに時間がかかります。無駄な機能を省いたり、使い方のマニュアルや動画を提供していただけるとより助かります。楽楽精算導入で得られた効果・メリット今までは紙に経費を書いていましたが、パソコンで行うことで、紙の無駄遣いがなくなりました。また、コスト削減にも貢献しています。
1572,2021/12/14,数年前に経費精算のシステム化を目的として導入をいたしました。それまで紙ベースであった申請が合理化され目的は達成いたしました。問題なく使えております。,製品自体はよくできており、特段問題はないと思っております。サービスセンターは問合せしたことが何度かありますが、もう少し対応品質向上を望みます。,申請・承認作業を社外でも行えるようになったことは良かったと思います。省力化については、内容のチェック等があり、当社では宣伝で言われるほどではなかったです。,導入実績があり、問題なく経費精算に使えるソフトだと思います。
1573,2021/12/14,元々別メーカーの経費精算システムを利用していたが、営業上の理由で楽楽精算に切り替えた。スマホからSuicaの情報を引っ張ることができる機能は便利。,情報の連携が直感的ではない。経費申請する場合も経費申請メニューからではなく、一旦領収書をスキャナし、その画面を閉じて、経費精算画面を開くなど。経費精算画面から一気に処理が進む様にした方がいい。,テレワークで経費精算を行うことができる。ただ、電子帳簿保存を行なっていない会社の場合は原本保管が必要なため結局紙の台紙に領収書など原本を貼り経理部に提出が必要。,経費精算のデジタル化を行いたい会社にはお勧め
1574,2021/12/14,これまではExcelシートで記載、上司の押印承認を受けていたが、経路も検索でき、システム上で登録できるので在宅勤務でも申請ができる。,経路検索だけでなく同一経路を申請する場合に、過去の申請の簡単な呼び出し、流用ができると簡単で嬉しい。,新型コロナウィルスの影響でテレワークにより在宅勤務が多いので、交通費精算の申請や押印のためだけに出社する必要がなくなる。この口コミを詳しく見る,Excelシートで記載、上司の押印承認を受けていたが、経路も検索でき、システム上で登録できるので在宅勤務でも申請ができる。楽楽精算の改善してほしい点経路検索だけでなく同一経路を申請する場合に、過去の申請の簡単な呼び出し、流用ができると簡単で嬉しい。楽楽精算導入で得られた効果・メリット新型コロナウィルスの影響でテレワークにより在宅勤務が多いので、交通費精算の申請や押印のためだけに出社する必要がなくなる。
1575,2021/12/13,各部署からの支払いが本社への一本化のみだったのに対して、本製品導入により各部署から支払い申請、経費申請等ができ、非常に時間の削減、ペーパレスの効果を得ることができました。,様々な承認申請がメールで飛んできます。リンク先のスマホ版、PC版とアドレスが分けられておりますが、全て一本化にしてもらいたいのが希望です。外出時、急な対応で確認する際にスマホ版だと簡易的なページしか見られないのでPC版だけで十分かと思います。,経費精算には各社員が使用しますのでそれなりに使いやすく、わかりやすい画面の仕様じゃないといけません。そのような表示に関してカスタマイズできることにより、過去の申請やコピーを使いスムーズに現場から行えるようになったことは大きな進歩だと思います。この口コミを詳しく見る,の支払いが本社への一本化のみだったのに対して、本製品導入により各部署から支払い申請、経費申請等ができ、非常に時間の削減、ペーパレスの効果を得ることができました。楽楽精算の改善してほしい点様々な承認申請がメールで飛んできます。リンク先のスマホ版、PC版とアドレスが分けられておりますが、全て一本化にしてもらいたいのが希望です。外出時、急な対応で確認する際にスマホ版だと簡易的なページしか見られないのでPC版だけで十分かと思います。楽楽精算導入で得られた効果・メリット経費精算には各社員が使用しますのでそれなりに使いやすく、わかりやすい画面の仕様じゃないといけません。そのような表示に関してカスタマイズできることにより、過去の申請やコピーを使いスムーズに現場から行えるようになったことは大きな進歩だと思います。
1576,2021/12/12,証票の不必要や、出張業務時の費用計算まで一気通貫して行えることで、精算の確実性と処理の簡素化が可能となった。,都度の申請と精算となってしまう為、承認者への負担が偏りが見受けられる。業務負担を考えるがゆえに、まとめて精算処理を行う必要があるが、同時に確実性が下がってしまう。,経理業務の負担の軽減と、必要経費の確認が容易となった。また、報告しづらい業務であったが不要な考慮をすることなく精算が可能となり管理業務が円滑となっている。この口コミを詳しく見る,要や、出張業務時の費用計算まで一気通貫して行えることで、精算の確実性と処理の簡素化が可能となった。楽楽精算の改善してほしい点都度の申請と精算となってしまう為、承認者への負担が偏りが見受けられる。業務負担を考えるがゆえに、まとめて精算処理を行う必要があるが、同時に確実性が下がってしまう。楽楽精算導入で得られた効果・メリット経理業務の負担の軽減と、必要経費の確認が容易となった。また、報告しづらい業務であったが不要な考慮をすることなく精算が可能となり管理業務が円滑となっている。
1577,2021/12/12,社内だけでなく、社外でも締日に合わせて経費精算できます。また、写メを使って領収証やレシートを取り込み、自動読み取りまでしてくれます。,取引先への外部未払い支払機能で、末締めの場合、最終、翌月1日にならないと、翌月末払いの指定ができません。レシート取り込みで自動計上が他の数字を読んでしまうことが数回ありました。,とにかく、外出先や自宅でも締日に社内にいなくとも経費精算ができるので、精算もれがなくなったことが大きなメリットでした。,締め日に全員経費精算可能です。
1578,2021/12/12,従来紙ベースで行っていた交通費精算がシステム化出来、業務効率が向上した。また定期区間登録も出来るので、定期代支給の確認も簡便化出来た。,サポートセンターの回答が遅い。メール返答が翌日になることが多い。また自社にてカスタム出来る部分に制限もあり、使いづらい箇所もある。,ワークフローシムテムや電子帳簿保存法対応システムなど、月々の利用料をプラスすることでシステムの幅が広がっている。ワークフローシステムを利用して、社内の決裁を電子化出来、テレワーク時にも対応できるようになった。この口コミを詳しく見る,スで行っていた交通費精算がシステム化出来、業務効率が向上した。また定期区間登録も出来るので、定期代支給の確認も簡便化出来た。楽楽精算の改善してほしい点サポートセンターの回答が遅い。メール返答が翌日になることが多い。また自社にてカスタム出来る部分に制限もあり、使いづらい箇所もある。楽楽精算導入で得られた効果・メリットワークフローシムテムや電子帳簿保存法対応システムなど、月々の利用料をプラスすることでシステムの幅が広がっている。ワークフローシステムを利用して、社内の決裁を電子化出来、テレワーク時にも対応できるようになった。
1579,2021/12/12,承認者を複数選べる点。出張時刻を入力すると出張手当額が自動計算される点。交通費精算も一時保存など行って、月末などにまとめて精算できるところ。,領収書を貼り付ける作業が面倒。パソコンに画像を移動させることなく、スマホで画像を撮ってそのままエビデンスとして使えるように改善してほしい。,圧倒的に業務効率が上がって、経費精算にかかる手間や時間はかなり短縮された。感覚的には、以前のシステムと比較して15〜20%ほど時間効率上がっていると思う。この口コミを詳しく見る,数選べる点。出張時刻を入力すると出張手当額が自動計算される点。交通費精算も一時保存など行って、月末などにまとめて精算できるところ。楽楽精算の改善してほしい点領収書を貼り付ける作業が面倒。パソコンに画像を移動させることなく、スマホで画像を撮ってそのままエビデンスとして使えるように改善してほしい。楽楽精算導入で得られた効果・メリット圧倒的に業務効率が上がって、経費精算にかかる手間や時間はかなり短縮された。感覚的には、以前のシステムと比較して15〜20%ほど時間効率上がっていると思う。
1580,2021/12/12,楽楽精算の良い点としては、細かい経費申請がスマホひとつでできる様になったことです。今までは紙に書いたりわざわざ会社で直接申請書に記入しなくてはいけませんでしたが、楽楽精算のアプリを使うことで移動中でも申請できるのはよかったです。また、一度申請をすれば次回以降以前申請したものをコピーして使うことができるので申請する側としてはとても楽になりました。,経費申請が却下された場合や内容を間違えて楽楽精算上にアップしてしまった場合修正ができない場合があるので、一部のみ修正ができる様に改善して欲しいです。また、PC上で請求書をアップする場合PDFでしか原本の画像アップロードができないため他の拡張子でも認識できるように改善して欲しいです。システムの不具合がありましたか？システム自体の不具合を感じたことはありませんが、社員一人ひとりが使い方を覚えるまでにとても時間がかかりました。慣れていても未だに申請方法で迷うことがあります。,出張や出張先で宿泊をする場合、移動中や移動先で交通費や宿泊費の経費申請ができるのがメリットです。移動が多い仕事の場合申請漏れが少なからずありましたが、楽楽精算を導入することでいつでも履歴を確認しながら申請ができるため漏れがかなり減りメリットを感じております。,稟議や請求書が膨大にある場合や、出張等外出が多いビジネスの場合は申請時間短縮となりますのでオススメです。
1581,2021/12/12,出発地と到着地を入力するだけで経路の候補が表示され交通費精算ができること。,使っていて困ることはない。経路も駅だけでなくバス停も表示されるし、UIもわかりやすくマニュアル見なくても使い方がわかる。,経費申請の締切当日だけど忘れていた時あり、スマホから申請ができるのでその場でぱっとでき、とても助かりました。この口コミを詳しく見る,着地を入力するだけで経路の候補が表示され交通費精算ができること。楽楽精算の改善してほしい点使っていて困ることはない。経路も駅だけでなくバス停も表示されるし、UIもわかりやすくマニュアル見なくても使い方がわかる。楽楽精算導入で得られた効果・メリット経費申請の締切当日だけど忘れていた時あり、スマホから申請ができるのでその場でぱっとでき、とても助かりました。
1582,2021/12/12,これまで、エクセルの集計表を作成→承認者の検印→経理に提出し精算…だったので、システム化された事はとても良いです。,結局のところ、項目や金額は各自手入力で、内容が適正かどうかは上長が目視でチェックをしています。領収書も添付するので、ある程度は自動反映されると手間が減って助かります。システムの不具合がありましたか？申請の取り消し（削除）ができないため、下書きにずっと保存されている案件があります。精算に影響はありませんが、見落としかと気になるので削除できるとありがたいです。,導入以前はエクセルで集計表を作成していました。過去のデータは経理に提出した原本のみで見返される事はおそらくなかったと思います。意図せず不備があったかもしれません。この製品の場合は履歴も残りますので、不正を防ぐことにも繋がると思います。この口コミを詳しく見る,エクセルの集計表を作成→承認者の検印→経理に提出し精算…だったので、システム化された事はとても良いです。楽楽精算の改善してほしい点結局のところ、項目や金額は各自手入力で、内容が適正かどうかは上長が目視でチェックをしています。領収書も添付するので、ある程度は自動反映されると手間が減って助かります。システムの不具合がありましたか？申請の取り消し（削除）ができないため、下書きにずっと保存されている案件があります。精算に影響はありませんが、見落としかと気になるので削除できるとありがたいです。楽楽精算導入で得られた効果・メリット導入以前はエクセルで集計表を作成していました。過去のデータは経理に提出した原本のみで見返される事はおそらくなかったと思います。意図せず不備があったかもしれません。この製品の場合は履歴も残りますので、不正を防ぐことにも繋がると思います。
1583,2021/12/12,UIが分かりやすく、詳しい説明がなくても簡単に使うことができました。交通費の申請が経路検索と対応しているのが良いです。,困ったことは特にありません。私の会社では、Webで申請した後PDFを印刷して捺印→支社ごとにまとめて本社へ発送というフローだったので、導入の際、印刷も不要なフローを勧めてほしいです。,従来は手作業で行っていた経費申請の一部を自動化することで、その時間を別の業務に当てられるようになりました。,PC操作が苦手な方でも使いやすいです
1584,2021/12/12,これまでは、領収書やレシートを確証に申請書を記入してからの処理と無駄が多く大変でした。楽楽精算を導入することにより、無駄な業務が削減され大変助かっております。,処理した内容を一度確定させた後も、再確認が可能で取り消しや修正ができるようになれば今以上に便利になると思います。急ぎの時ですが、スマホ版で定期的にログインＩＤやPWを求めてくるところに不便さを感じることがある。,スマホからの処理、領収書やレシートの取り込みが可能で、レシートや領収書を紛失する事なく外出先でも処理が可能なため、大変便利なシステムだと実感しております。,業務削減や無駄な領収書管理がなくなり大変お勧めできる製品です。
1585,2021/12/11,経費の精算を紙ベースで行なっていたところを楽楽精算にしたところ、これまでの労力がほとほと馬鹿らしくなるくらいの衝撃でした。労力が五分の1にはなったはずです。導入して心底良かった。,かなり有用なので特にはありませんが、使用法を理解して慣れるのに若干の時間を要するのでチュートリアルが充実したら最高。システムの不具合がありましたか？特にありません。,経費の精算は、作業でしかなく利益を生み出す訳ではないので、可能な限り労力を削りたいので、その点に非常に貢献して貰っています。,使いこなせばかなりの無駄な時間、労力の削減に繋がり、必要な業務に集中出来るのでかなりオススメです！
1586,2021/12/11,領収書を写真で撮って添付することができ、自動で金額や支払い先なども読み取ってくれるので、とても便利。不正もしにくい。,IC交通精算では、Suicaなどの交通系電子マネーから、かざすだけで自動で読み取ってくれるのは、便利だが、不要なものを一覧から削除する機能が欲しい。システムの不具合がありましたか？会社で管理しているので、具体的な不具合等は、わかりません。,部下の精算がまわってくるが、以前はペーパーで回ってきて、領収書と内容を確認してから捺印して次の人に回していたが、スマホでも見て承認できるので、外出先でも処理ができる。,会社が大きく、社員が多い程、有効だと思います。
1587,2021/12/11,面倒な経費申請をシステムの所定のウェブ画面から申請することができます。過去の入力履歴が参照できるため、頻繁に入力する項目は、比較的簡単に申請することができます。,申請後の途中経過は必ずしも通知されるわけではないので、申請の承認状況が逐一分かるわけではありません。その点が改善されるとなお良いかと思います。システムの不具合がありましたか？特に無し,申請だけではなく、承認フロー機能も実装されているため、わざわざ会社で紙に印刷・判子受領をお願いするといった手間をかけることがなくなり、会社全体としての効率性が向上します。,経費申請システムを導入していない場合は、比較検討の候補に入れて良いかと思います。
1588,2021/12/11,掲題の通り各担当者の工数削減になるかと思います。具体的には以下の点が良いかと思います。ルート入力すると自動で金額が入力される。クラウド上で承認やそれに関する連絡が完結するため、チャットの見逃しによる承認漏れなどが起こりにくい。クラウド上で承認やそれに関する連絡が完結できるため管理がラク。入力項目やルール等を管理可能。会計システムやEBとの連携が可能。,経理担当者視点では以下です。添付された証憑ファイルを見るためには都度ダウンロードする必要があり地味に手間なので、プレビューや別タブで開くなどの仕様になるとよりスムーズに確認可能かと思います。添付の証憑ファイルは各申請ごとにダウンロードする必要がありますが、複数の申請に対して一括で選択やダウンロードが可能になると有難いです。API連携の対象ソフトや機能が拡充されていくと更に良いかと思います。システムの不具合がありましたか？システムの不具合やトラブルは特に起こっていません。,経理担当者としては、差し戻しによる時間やコミュニケーションの削減や、会計システムへのデータ流し込みがラクになっています。チャット上で差し戻しや再申請依頼をすると流れて漏れてしまう恐れがあります。また会計システムやEBのためのデータ生成が可能なので、手入力や自分での変換作業は不要になり工数削減になります。,申請の確認や会計システム入力に関する工数削減、情報管理性の向上などメリットは大きいかと思います。
1589,2021/12/10,過去作成した類似の精算もコピーすることが出来るため、出張旅費の精算や再度勘定科目の検索等々しなくてよいのがとても便利です。,当社の運用上の問題かもしれませんが、領収書を添付しようとすると直接社内共有フォルダから添付が出来ないため、経理処理担当者に別途メールで領収書を送付する必要があるのが残念。,良い例で記載の通り、過去に申請した内容をコピーして精算処理することが可能なため以前と比べて申請時間は大幅に短縮できたと思います。この口コミを詳しく見る,た類似の精算もコピーすることが出来るため、出張旅費の精算や再度勘定科目の検索等々しなくてよいのがとても便利です。楽楽精算の改善してほしい点当社の運用上の問題かもしれませんが、領収書を添付しようとすると直接社内共有フォルダから添付が出来ないため、経理処理担当者に別途メールで領収書を送付する必要があるのが残念。楽楽精算導入で得られた効果・メリット良い例で記載の通り、過去に申請した内容をコピーして精算処理することが可能なため以前と比べて申請時間は大幅に短縮できたと思います。
1590,2021/12/10,小口精算を以前は紙で本社に提出していたが、全てweb上で完結するようになった。不備修正もwebでOKなので楽。,部下の交通費精算申請がNotesと紐づいていないので、気づくのが遅れる。(今時Notesを使っているのは古いが…)システムの不具合がありましたか？今のところは特に無し。,今までは紙の申請をしていたときは翌月に返却されて、小口精算が一ヶ月遅れていたが、申請が随時できるので、レスポンスが早い。,利用者なので導入費用は分からないが便利。
1591,2021/12/10,経費精算や申請処理及び移動経路の探索といった事が一貫しておこなうことができるのが非常に便利だと思う。また一度行った事ある場所も候補ででてくるなど便利だと感じている。,新しく来た人に教える際にいつも戸惑ってしまう。また承認した依頼画面において、一回一回元の画面に戻され、手続きが煩雑と感じる。,電子帳簿保存が法律に対応しているため、スキャナ保存でやれるようになった。またクレジットカードと連携で、クレジットカード明細で本人の申請が無いものを確認する作業が楽に感じる。この口コミを詳しく見る,申請処理及び移動経路の探索といった事が一貫しておこなうことができるのが非常に便利だと思う。また一度行った事ある場所も候補ででてくるなど便利だと感じている。楽楽精算の改善してほしい点新しく来た人に教える際にいつも戸惑ってしまう。また承認した依頼画面において、一回一回元の画面に戻され、手続きが煩雑と感じる。楽楽精算導入で得られた効果・メリット電子帳簿保存が法律に対応しているため、スキャナ保存でやれるようになった。またクレジットカードと連携で、クレジットカード明細で本人の申請が無いものを確認する作業が楽に感じる。
1592,2021/12/09,弊社でしか使わない項目を追加することで、業務上必要な情報を伝票に集約することができています。おかげでプロジェクト単位で簡単に経費を集計することができます。,入力する部分が表形式になっていて、どこがフォーカスされているのかが少し分かりにくく感じます。ラベルと入力項目を縦に並べてもらった方が入力する際には分かりやすいです。,交通費精算においては、出発地と終着地を入れると自動的にコストが計算されるため、決済時に最安値を改めて調べる必要がなく便利です。この口コミを詳しく見る,使わない項目を追加することで、業務上必要な情報を伝票に集約することができています。おかげでプロジェクト単位で簡単に経費を集計することができます。楽楽精算の改善してほしい点入力する部分が表形式になっていて、どこがフォーカスされているのかが少し分かりにくく感じます。ラベルと入力項目を縦に並べてもらった方が入力する際には分かりやすいです。楽楽精算導入で得られた効果・メリット交通費精算においては、出発地と終着地を入れると自動的にコストが計算されるため、決済時に最安値を改めて調べる必要がなく便利です。
1593,2021/12/09,交通費精算はもちろん、仮払い申請などの給与以外のお金関係のことは基本的に楽楽精算で行っています。色使いも工夫されているからか感覚的に使えるので、難しさも感じなく、使いやすいです。,強いていえば、画面に対して、一つひとつの文字やアイコンが小さい気がします。余白に対してクリックする部分が小さいのでデザイン改良はもう少ししてもいいかもしれません。スマホとの連携？が少しわかりにくいです。,弊社は未だ紙文化が根強い会社なのですが、楽楽精算にしたことでその紙での処理が大きく減ったのは大変喜ばしいです！ネットでボタンひとつで様々できるので、便利です。この口コミを詳しく見る,はもちろん、仮払い申請などの給与以外のお金関係のことは基本的に楽楽精算で行っています。色使いも工夫されているからか感覚的に使えるので、難しさも感じなく、使いやすいです。楽楽精算の改善してほしい点強いていえば、画面に対して、一つひとつの文字やアイコンが小さい気がします。余白に対してクリックする部分が小さいのでデザイン改良はもう少ししてもいいかもしれません。スマホとの連携？が少しわかりにくいです。楽楽精算導入で得られた効果・メリット弊社は未だ紙文化が根強い会社なのですが、楽楽精算にしたことでその紙での処理が大きく減ったのは大変喜ばしいです！ネットでボタンひとつで様々できるので、便利です。
1594,2021/12/09,今までずっと紙に印鑑を押して上長に許可をもらいそこから経理に渡って申請してたのが、あっという間に経理に申請できるのでとてもよい。,利用していて、否認されることがたまにあるんですが、文章でエラーの内容が戻ってきても分かりにくいので、改善してほしいです。システムの不具合がありましたか？ありません。,時差なくすぐ申請し、反映されるので申請忘れがないのと、お金が振り込まれるのをずっと待たなくてよいところです。この口コミを詳しく見る,と紙に印鑑を押して上長に許可をもらいそこから経理に渡って申請してたのが、あっという間に経理に申請できるのでとてもよい。楽楽精算の改善してほしい点利用していて、否認されることがたまにあるんですが、文章でエラーの内容が戻ってきても分かりにくいので、改善してほしいです。システムの不具合がありましたか？ありません。楽楽精算導入で得られた効果・メリット時差なくすぐ申請し、反映されるので申請忘れがないのと、お金が振り込まれるのをずっと待たなくてよいところです。
1595,2021/12/09,個人的になんといっても従来の作業時間の削減に尽きます。また操作性がシンプルで分かりやすいので、初めての人も触れやすい仕様になっていると思います。クラウド化によるどこにいても精算の申請が出来ることや、パソコンのみならずスホマからでも利用できる手軽さも大きな魅力でした。何かの費用を算出する際に、人数を入力するだけで自動で単価を算出してくれるのがとても助かりました。,ワークフローの承認、非承認の表示が少し分かりにくいと感じました。また算出において一度にたくさんの情報を掲示してくれるのは嬉しいのですが、時々あまり必要としない情報まで出てくるので、もう少し欲しい情報だけをピンポインに取り出せる仕様になれば嬉しいです。システムの不具合がありましたか？今のところトラブルなどはないです。気持ちよく快適に使わせてもらっています。,テレワークが推奨される風潮の中でのペーパーレス化推進の一歩に。そしてこのコロナ禍において会社などの場所を選ばず、パソコンやスマホなど多くの媒体でいつでも利用できる利便性の良さに助けられました。,とにかく作業時間の短縮を求める方にはオススメです。
1596,2021/12/09,これまでは社内システムを利用していましたが、こちらに乗り換えたことで定期券範囲の自動計算ができるようになり、入力がとても便利になりました。,UIがイマイチだと感じました。必須入力項目と任意入力項目がわかりにくく、また2行入力の昔ながらの表示のため見にくいと感じました。,定期券範囲の自動計算ができるようになったのでミスがなくなりました。ミスをすると再提出が必要だったりしたのですが、それがなくなり、業務効率が向上しました。この口コミを詳しく見る,社内システムを利用していましたが、こちらに乗り換えたことで定期券範囲の自動計算ができるようになり、入力がとても便利になりました。楽楽精算の改善してほしい点UIがイマイチだと感じました。必須入力項目と任意入力項目がわかりにくく、また2行入力の昔ながらの表示のため見にくいと感じました。楽楽精算導入で得られた効果・メリット定期券範囲の自動計算ができるようになったのでミスがなくなりました。ミスをすると再提出が必要だったりしたのですが、それがなくなり、業務効率が向上しました。
1597,2021/12/09,楽楽精算との名前の通り楽に経費精算ができます。カテゴリー分けされていて簡単です。毎回同じ項目もプルダウンで選択可能です。ペーパーレスで認証されますからストレスも少ないです。,毎回似たような項目を入力しますが、Windowsのプルダウン機能を使っていますが支払い先の登録や編集が、カスタマイズできると助かります。システムの不具合がありましたか？特にないです。,ペーパーレスのため最初に入力した内容にミスや誤記があった場合以前は差し戻しや担当者同士でハンコや修正を相手にしてもらうが経理側で修正ができる。ストレスが少ない。,とにかく楽。シンプル。経理が楽になるCMは嘘じゃないです。
1598,2021/12/08,パソコンからしかできないと思っていましたが、スマホからもログインIDとパスさえいれればすぐに入れて営業マンにとってはありがたいです。また、移動距離や駅名検索で金額も自動で表示してくれるのでとにかくわかりやすく手間を省くことができます。,スマホだと画面が小さくなって、電車を検索した時に検索結果がはみ出てしまいとても見づらいです。パソコンと違い、スマホだと押すボタンも小さいので見づらさがあります。交通費精算を月末まで溜めて大変な手間になることが多々あるので、Siriのような言葉で発したらそれが反映されるシステムとかほしいです。,営業マンは外に出ていることが多く、お客様の管理や資料制作などとにかくやることがたくさんあり交通費の精算に手間をとられるととても困るのですが、楽楽精算があれば外に出ていても使えますし、金額を手打ちで打つ手間も省けるのでうれしいです。この口コミを詳しく見る,らしかできないと思っていましたが、スマホからもログインIDとパスさえいれればすぐに入れて営業マンにとってはありがたいです。また、移動距離や駅名検索で金額も自動で表示してくれるのでとにかくわかりやすく手間を省くことができます。楽楽精算の改善してほしい点スマホだと画面が小さくなって、電車を検索した時に検索結果がはみ出てしまいとても見づらいです。パソコンと違い、スマホだと押すボタンも小さいので見づらさがあります。交通費精算を月末まで溜めて大変な手間になることが多々あるので、Siriのような言葉で発したらそれが反映されるシステムとかほしいです。楽楽精算導入で得られた効果・メリット営業マンは外に出ていることが多く、お客様の管理や資料制作などとにかくやることがたくさんあり交通費の精算に手間をとられるととても困るのですが、楽楽精算があれば外に出ていても使えますし、金額を手打ちで打つ手間も省けるのでうれしいです。
1599,2021/12/08,この製品をいれる前よりも作業効率が上がったと思いました。交通費は交通系のICカードを読み込むだけで申請できました。,初期設定が少し複雑で困りました。自分は、ITが苦手で全ての従業員のユーザー登録でマニュアルを参照しなくてはならなかったため、困りました。,自分は仕事で経理をしていて、申請書の金額を間違えたり領収書の貼り忘れなどたくさんのミスをしたけど、今ではミスがほとんどなくなりました。この口コミを詳しく見る,いれる前よりも作業効率が上がったと思いました。交通費は交通系のICカードを読み込むだけで申請できました。楽楽精算の改善してほしい点初期設定が少し複雑で困りました。自分は、ITが苦手で全ての従業員のユーザー登録でマニュアルを参照しなくてはならなかったため、困りました。楽楽精算導入で得られた効果・メリット自分は仕事で経理をしていて、申請書の金額を間違えたり領収書の貼り忘れなどたくさんのミスをしたけど、今ではミスがほとんどなくなりました。
1600,2021/12/08,申請画面は作り込めます。入力欄にカーソルを合わせると説明がポップアップされる機能と、規定違反ルール・メッセージの作成機能のおかげで無駄な問い合わせや差し戻しもほとんど発生しておりません。また、仕訳データ出力設定で簡単な関数が使えるのも便利です。弊社では管理部門で発生した費用はすべて消費税を共通対応仕入としているのですが、それも関数で自動化が可能です。,"電子帳簿保存法オプションを導入すべく何度かテストを行いましたがUI,UXに難があります。以下、改善点を記載します。①重複申請のアラート機能がないこと。電帳法で受領者本人による破棄を認める運用とする場合、同一領収書を複数回利用する不正リスク、あるいは同一領収書を複数人で使い回す不正リスクが存在しますが、それに対するアラート機能があればと思います。②支払依頼メニューでも仕訳明細の行単位で請求書を添付する必要がある点です。この仕様のせいで以下のような問題が発生します。弊社では、申請者がどの「内訳」を選択すればいいか判断できない場合は、経理に選択を委任するための選択肢「経理委任」を設けており、電帳法オプション非導入であれば、当該内訳で申請が回ってきたら経理がその内訳を削除し、正しい内訳を新規作成する形で修正することができました。しかし電帳法オプションを導入すると、請求書が添付されている明細は金額の修正ができないせいで、例えば課税費目と非課税費目を合算して「経理委任」とされた明細に請求書が添付されてきた場合は、それを削除し２行に分ける形での修正が行えません。その結果、以下のようなおかしな仕訳を作成するしかなくなります。例）【電子帳簿保存法オプション導入前】申請時：経理委任　21,000/未払金　21,000　…☆　経理の修正：☆を直接以下のとおり修正できます。　運賃(課税)　11,0000　/未払金　11,000　運賃(非課税)　10,000　/未払金　10,000　【電子帳簿保存法オプション導入後】(1)経理委任　21,000　/　未払金21,000　←この仕訳に請求書が添付されており、経理側で削除ができません。　(2)経理委任　-21,0000　/　未払金-21,000　(3)運賃(課税)　11,0000　/未払金　11,000　(4)運賃(非課税)　10,000　/未払金　10,000　(1)は申請者が申請した仕訳。この仕訳は削除することができません。(2)(3)(4)は承認途中で経理が修正のために追加入力した仕訳。この(1)～(4)の全仕訳が会計システムに連携されてしまいます。(1)(2)の借方科目は会計システム上で残高ゼロの費用科目となりますが、監査時のバウチングなどで抽出されると説明が面倒なので、あまりこういう科目は作りたくないのですが…。ちなみに差し戻しを行って本人が(1)を修正すれば良い話なのですが、それだと申請者への負担が大きいです。③支払依頼では、請求書登録時と支払依頼時に二度も支払先を選択しなければなりません。しかも請求書登録時は支払先マスタが使えません。改善してほしいです。システムの不具合がありましたか？特にないです。サポート対応はかなり早いと感じております。",申請者の上長承認のスピードアップを図れました。立替経費精算の処理時間はかなり削減できました。立替経費精算を銀行振込に変更したため、振込手数料のランニングコストは発生するようになりましたが、それを逆利用して銀行から手数料の優遇を引っ張ってこれたため、他社への振込も優遇手数料で振り込めるようになり助かっています。この口コミを詳しく見る,"作り込めます。入力欄にカーソルを合わせると説明がポップアップされる機能と、規定違反ルール・メッセージの作成機能のおかげで無駄な問い合わせや差し戻しもほとんど発生しておりません。また、仕訳データ出力設定で簡単な関数が使えるのも便利です。弊社では管理部門で発生した費用はすべて消費税を共通対応仕入としているのですが、それも関数で自動化が可能です。楽楽精算の改善してほしい点電子帳簿保存法オプションを導入すべく何度かテストを行いましたがUI,UXに難があります。以下、改善点を記載します。①重複申請のアラート機能がないこと。電帳法で受領者本人による破棄を認める運用とする場合、同一領収書を複数回利用する不正リスク、あるいは同一領収書を複数人で使い回す不正リスクが存在しますが、それに対するアラート機能があればと思います。②支払依頼メニューでも仕訳明細の行単位で請求書を添付する必要がある点です。この仕様のせいで以下のような問題が発生します。弊社では、申請者がどの「内訳」を選択すればいいか判断できない場合は、経理に選択を委任するための選択肢「経理委任」を設けており、電帳法オプション非導入であれば、当該内訳で申請が回ってきたら経理がその内訳を削除し、正しい内訳を新規作成する形で修正することができました。しかし電帳法オプションを導入すると、請求書が添付されている明細は金額の修正ができないせいで、例えば課税費目と非課税費目を合算して「経理委任」とされた明細に請求書が添付されてきた場合は、それを削除し２行に分ける形での修正が行えません。その結果、以下のようなおかしな仕訳を作成するしかなくなります。例）【電子帳簿保存法オプション導入前】申請時：経理委任　21,000/未払金　21,000　…☆　経理の修正：☆を直接以下のとおり修正できます。　運賃(課税)　11,0000　/未払金　11,000　運賃(非課税)　10,000　/未払金　10,000　【電子帳簿保存法オプション導入後】(1)経理委任　21,000　/　未払金21,000　←この仕訳に請求書が添付されており、経理側で削除ができません。　(2)経理委任　-21,0000　/　未払金-21,000　(3)運賃(課税)　11,0000　/未払金　11,000　(4)運賃(非課税)　10,000　/未払金　10,000　(1)は申請者が申請した仕訳。この仕訳は削除することができません。(2)(3)(4)は承認途中で経理が修正のために追加入力した仕訳。この(1)～(4)の全仕訳が会計システムに連携されてしまいます。(1)(2)の借方科目は会計システム上で残高ゼロの費用科目となりますが、監査時のバウチングなどで抽出されると説明が面倒なので、あまりこういう科目は作りたくないのですが…。ちなみに差し戻しを行って本人が(1)を修正すれば良い話なのですが、それだと申請者への負担が大きいです。③支払依頼では、請求書登録時と支払依頼時に二度も支払先を選択しなければなりません。しかも請求書登録時は支払先マスタが使えません。改善してほしいです。システムの不具合がありましたか？特にないです。サポート対応はかなり早いと感じております。楽楽精算導入で得られた効果・メリット申請者の上長承認のスピードアップを図れました。立替経費精算の処理時間はかなり削減できました。立替経費精算を銀行振込に変更したため、振込手数料のランニングコストは発生するようになりましたが、それを逆利用して銀行から手数料の優遇を引っ張ってこれたため、他社への振込も優遇手数料で振り込めるようになり助かっています。"
1601,2021/12/08,申請書・領収書ともに紙運用からの脱却ができた。（電子帳簿保存法へ対応されている。）会計システムへのデータ連携（オプション開発）を行う事で、会計システムへの仕訳入力業務を大幅に削減できた。,会計システムへのデータ連携を行うにあたり、勘定科目の設定など、様々な設定作業が必要。また、ワークフローの承認ルート設定も非常に大変で、このあたりの作業についての簡素化（わかりやすく）、または外部委託できるようなサービスがあるとよかったと思います。システムの不具合がありましたか？特にトラブルは発生していません。,グループ会社内で個々に紙運用していた申請書を、標準化したうえで電子化できた。また、別途開発費用は要したが、会計システムへのデータ連携を行う事により、会計システムへの仕訳入力業務を大幅に削減できた。同時に、これまで交通費精算など、現金精算していたものを銀行振り込みに変更したことで、現金出納業務を削減することもできました。（振込手数料は若干増額しましたが、トータル的にメリットの方が大きい）この口コミを詳しく見る,収書ともに紙運用からの脱却ができた。（電子帳簿保存法へ対応されている。）会計システムへのデータ連携（オプション開発）を行う事で、会計システムへの仕訳入力業務を大幅に削減できた。楽楽精算の改善してほしい点会計システムへのデータ連携を行うにあたり、勘定科目の設定など、様々な設定作業が必要。また、ワークフローの承認ルート設定も非常に大変で、このあたりの作業についての簡素化（わかりやすく）、または外部委託できるようなサービスがあるとよかったと思います。システムの不具合がありましたか？特にトラブルは発生していません。楽楽精算導入で得られた効果・メリットグループ会社内で個々に紙運用していた申請書を、標準化したうえで電子化できた。また、別途開発費用は要したが、会計システムへのデータ連携を行う事により、会計システムへの仕訳入力業務を大幅に削減できた。同時に、これまで交通費精算など、現金精算していたものを銀行振り込みに変更したことで、現金出納業務を削減することもできました。（振込手数料は若干増額しましたが、トータル的にメリットの方が大きい）
1602,2021/12/08,これまで、領収書の精算など、毎月社内にて制作したツールを使用しておりましたが、利便性に欠けており、経理側が毎月かなり対応に難儀していました。この楽楽精算を導入後、交通費の精算から社外との請求書対応まで、幅広くスムーズに申請が進み、対応する経理側も非常に効率よく対応できています。,精算申請中に、誤って別画面で再度申請ボタンなどを押すと、すでに別ウィンドウで立ち上がっていた精算画面がリロードされて、一からやり直しになってしまいます。自動でバックアップする機能、もしくはさらに別ウィンドウで立ち上がるなど、作業中の画面が消えないようにしてほしい。システムの不具合がありましたか？特に大きなトラブルはありません。,過去申請したものからのコピーができたり、一括で申請日付を修正できたりなど、「痒いところに手が届く」精算システムかと思います。この口コミを詳しく見る,領収書の精算など、毎月社内にて制作したツールを使用しておりましたが、利便性に欠けており、経理側が毎月かなり対応に難儀していました。この楽楽精算を導入後、交通費の精算から社外との請求書対応まで、幅広くスムーズに申請が進み、対応する経理側も非常に効率よく対応できています。楽楽精算の改善してほしい点精算申請中に、誤って別画面で再度申請ボタンなどを押すと、すでに別ウィンドウで立ち上がっていた精算画面がリロードされて、一からやり直しになってしまいます。自動でバックアップする機能、もしくはさらに別ウィンドウで立ち上がるなど、作業中の画面が消えないようにしてほしい。システムの不具合がありましたか？特に大きなトラブルはありません。楽楽精算導入で得られた効果・メリット過去申請したものからのコピーができたり、一括で申請日付を修正できたりなど、「痒いところに手が届く」精算システムかと思います。
1603,2021/12/08,もともと本社に申請してから時間がかかっていた。この楽楽精算にしてから時間短縮及び紙の無駄が減り、それに関する保管資料の管理が減り助かっている。,交通費の面で、具体的に駅のルートは出てくるがもう少し改善してほしい。金額面と時間面などの考慮したり他の駅を探す程度のルート選びや金額の安さなど複数出たりすればなお良い。システムの不具合がありましたか？今のところ、不満はない。,時間短縮が一番助かってる。45時間が半分の20時間で収まったのがありがたい。後、外回りも多いのでSuicaなどのカードで記録し申請ができるので今まで紙で書いて申請していた分の面倒さがなくなり助かってる。,紙を使ってるなら検討すべきかと。
1604,2021/12/07,社内にいるときはもちろん、外で仕事してる時にも簡単に申請できるのですごく便利です。使い方も全然難しくなく、交通費、経費等用途別に申請でき、操作もとても簡単です。,例えば申請内容にミスがあって、申請が差し戻された場合、差し戻しのページから再申請すれば問題ないですが、再度新規申請すると、差し戻しの情報が残ったままになるのが不便です。システムの不具合がありましたか？今まで使っていて、不具合やトラブルが起きたことはないです。,会社にいない時でも、申請をすることができるのがとてもいいです。外に出てる時に申請する際、会社に戻らなくて済むので庶務の時間が効率よくできてます。,どこでも申請できます！
1605,2021/12/07,うちの会社ではすべて紙ベースでの精算管理だったので、単純にそれがオンライン管理になったのは便利。アプリもあるので出先でも登録しやすい。,入力項目が無駄に多い気がする。なんとなくUIも古臭い。アプリがあるのは良いが、あまりウェブ版と連動されていないのか、アプリだけで完結できない。,月に一度まとめて精算していたものが都度申請できるようになったので抜け漏れがなくなった。ユーザーよりは管理側にメリットが多いと思う。この口コミを詳しく見る,ではすべて紙ベースでの精算管理だったので、単純にそれがオンライン管理になったのは便利。アプリもあるので出先でも登録しやすい。楽楽精算の改善してほしい点入力項目が無駄に多い気がする。なんとなくUIも古臭い。アプリがあるのは良いが、あまりウェブ版と連動されていないのか、アプリだけで完結できない。楽楽精算導入で得られた効果・メリット月に一度まとめて精算していたものが都度申請できるようになったので抜け漏れがなくなった。ユーザーよりは管理側にメリットが多いと思う。
1606,2021/12/07,今までは電子領収書は印刷して押印後氏名や工事番号などの記入が必要でしたが、PDFでもらった電子領収書をそのまま添付できるので印刷する手間が省けた。,一度領収書を登録してから精算画面へ行かなければならないのですが、精算画面で領収書の登録も精算も一度にできるともっと楽になるのでいいと思います。システムの不具合がありましたか？今のところ特にはありません。,ＡｍａｚｏｎやＹａｈｏｏなどネットで買い物をすることが多いため電子領収書がそのまま使用できるので印刷という精算時の手間を省けてとても楽だと思います。以前利用していた製品の解約理由会社が導入したので（多分費用の関係だと思う）,ネット環境が整っていて精算を外でする方とかは楽だと思います。
1607,2021/12/07,テレワークが始まって精算が一苦労になりました。証跡（領収書）と捺印です。これらを一気に解決してくれたのが「楽楽精算」でした。テレワークで会社に行くことがまれになったので、通勤定期は死語になりそうです。が、月に何度かは出社します。毎回同じ経路です。同じパターンの旅費精算をパターンとして登録できるので、いちいち電車賃（カード割引とかもある）を調べなくてよいです。,インタフェースがちょっと古めかしいです。もう少しはやりのGUIにしてほしいです。おそらく、アプリもないと思うので、アプリにも対応してもらえると嬉しいです。システムの不具合がありましたか？導入から半年くらい経ちますが大きな問題は発生していません。,小口精算、旅費精算のため「だけ」に出社する、そんな無駄な時間をすべて解決してくれます。よく使う精算はパターン登録をすることで、入力する時間さえも省いてくれます。利用者がこんな便利なんですからバックヤードの人たちはとんでもなく便利になっているに違いないです。（普通はバックヤードの人たちの省力化のために導入しますからね）,是非、エンドユーザーが楽になるという点を訴求してください。こういう類の商品は、バックヤード側が楽になるのは当たり前ですから。エンドユーザーも間違いなく楽になります。
1608,2021/12/07,承認フローがある。スマホ版がある。入力のインターフェースが簡素であるため入力しやすい。パスワード認証で複雑なパスワードを設定しなくてもいい。,申請した出張費の交通費が、正しく自分の口座に入金されているかを確認できる機能があれば便利かと思います。,楽楽精算を導入する前は、Excelファイルを使っていました。承認フローは紙に捺印をして回覧をしていました。Webで完結できるようになったため、付帯作業が楽になりました。この口コミを詳しく見る,がある。スマホ版がある。入力のインターフェースが簡素であるため入力しやすい。パスワード認証で複雑なパスワードを設定しなくてもいい。楽楽精算の改善してほしい点申請した出張費の交通費が、正しく自分の口座に入金されているかを確認できる機能があれば便利かと思います。楽楽精算導入で得られた効果・メリット楽楽精算を導入する前は、Excelファイルを使っていました。承認フローは紙に捺印をして回覧をしていました。Webで完結できるようになったため、付帯作業が楽になりました。
1609,2021/12/07,エクセルベースで紙出しをして精算していたアナログ運用から、システムに入力、領収書電子添付、承認フローにて精算ができるようになりました。また、精算したデータを会計処理用に取り込むことで工数を大幅削減。,組織変更や人の出入りについて、設定が面倒かと感じることがあります。交通費の精算については定期代の登録ができるのですが（定期区間控除）、テレワークが進んでいるので日額の人が増え、そのチェックに工数を要するようになりました。システムの不具合がありましたか？特に気になるトラブルや障害はありません。基本的にはシンプルな構造のシステムとの認識です。,まずは精算するものの手間、承認するものの手間、経理の工数などが削減できたこと。また、課題でもあるペーパーレス化が進むきっかけにもなっています。,使用している会計ソフトとの親和性をご確認ください。
1610,2021/12/07,オリジナルにカスタマイズできますし、電子帳簿保存法などの法改正にも対応できるところが良い。サポートもしっかりしているので助かります。,添付ファイルが一つしか付けられないので複数個のファイル(画像)が添付できたら弊社の使い方としては嬉しい。また、ほかのシステムにデータをインポートするときの設定に手間がかかった。,今までは伝票の入力作業に時間をとられていたが、これを利用することで作業の時間が短くなり単純なミスもなくなったと思います。担当者が変わっても引継ぎが楽だと思う。,Excelで管理している会社さんはすぐに変えたほうがいいです。
1611,2021/12/07,通勤路線と連携できて、自動的にルート内の部分を差し引くことで、精算が簡単になりましたし、会社交通カードの導入にて精算がより簡単になりました。,交通カードよりデータを導入する際、もっと便利にできれば更なる時価セービングに役立つはずです。精算する分と精算しない分を何らかの方法で簡単に区別できればいいです。,経費精算の中で一番時間がかかるのは交通費精算。伝票いらずに確認できる作業ですが、ルートの確認、最安値の確認などで時間かけているため、導入後かなり時間セービングできました。以前利用していた製品の解約理由在宅ワークをサポートできないため、クラウドシステムに乗り換えたこの口コミを詳しく見る,連携できて、自動的にルート内の部分を差し引くことで、精算が簡単になりましたし、会社交通カードの導入にて精算がより簡単になりました。楽楽精算の改善してほしい点交通カードよりデータを導入する際、もっと便利にできれば更なる時価セービングに役立つはずです。精算する分と精算しない分を何らかの方法で簡単に区別できればいいです。楽楽精算導入で得られた効果・メリット経費精算の中で一番時間がかかるのは交通費精算。伝票いらずに確認できる作業ですが、ルートの確認、最安値の確認などで時間かけているため、導入後かなり時間セービングできました。以前利用していた製品の解約理由在宅ワークをサポートできないため、クラウドシステムに乗り換えた
1612,2021/12/07,スマホから精算できるシステムがあり、精算にかかる時間を短縮できます。例：スマホでレシートを写真に撮れば、内容がシステムに反映されます。,以前、精算した内容が次回の精算に反映できるようになるともっと便利になると思います。承認された後、アラーム的なメッセージがほしいです。,外出先、テレワーク中など職場にいなくても精算できることが便利です。職場に戻ってから原紙を提出すればよいです。この口コミを詳しく見る,精算できるシステムがあり、精算にかかる時間を短縮できます。例：スマホでレシートを写真に撮れば、内容がシステムに反映されます。楽楽精算の改善してほしい点以前、精算した内容が次回の精算に反映できるようになるともっと便利になると思います。承認された後、アラーム的なメッセージがほしいです。楽楽精算導入で得られた効果・メリット外出先、テレワーク中など職場にいなくても精算できることが便利です。職場に戻ってから原紙を提出すればよいです。
1613,2021/12/07,非常にUIもシンプルで使い勝手が良い。エクセルを利用した紙ベースでの精算からデジタル化出来て、とても便利になった。,メインの使い方が簡単な交通費精算のみなので、これといった改善ポイントはありませんが、強いて言えば、全体的に文字等が小さくて見えにくく感じる時があります。,テレワークでの仕事がメインとなった事もあり、場所を選ばずすぐに精算処理を出来るので、非常に助かります。この口コミを詳しく見る,もシンプルで使い勝手が良い。エクセルを利用した紙ベースでの精算からデジタル化出来て、とても便利になった。楽楽精算の改善してほしい点メインの使い方が簡単な交通費精算のみなので、これといった改善ポイントはありませんが、強いて言えば、全体的に文字等が小さくて見えにくく感じる時があります。楽楽精算導入で得られた効果・メリットテレワークでの仕事がメインとなった事もあり、場所を選ばずすぐに精算処理を出来るので、非常に助かります。
1614,2021/12/07,交通費や交際費、会議費等の精算業務にて使用しています。紙の領収書をスマホアプリで撮影するだけで、日付や金額などのある程度の情報をデータ化したり、PASMOなどのICカードの乗車履歴を読み込んだりなど、経費精算を申請する側にも便利な機能が搭載されています。PCA会計や弥生会計など、幅広い会計システムとも連動しており、経理業務全般の効率化にもつながります。,マニュアル等も確認することなく操作ができるので、大きな改善点はありません。挙げるとすれば、ICカード情報などの複数明細データを読み込んだ後に、実際の申請画面に移行する時のボタン配置が分かりにくく、最初の画面（読み込み前）に戻ることがあるので、改善いただきたいです。,経費精算業務において、申請する側も承認する側も、スマホやWeb環境があれば申請・承認処理ができるため、非常に簡便に業務処理ができます。電子帳簿保存法にも対応しているため、会計システムと連携して使用することで、経理業務全般のDX化を実現することが可能です。以前利用していた製品の解約理由費用対効果、機能性、自社会計システムとの連動性,紙で処理している経費精算のデジタル化を検討されている方にお薦めです。
1615,2021/12/07,社の部門が子会社化する際に導入を決めました。期間がとても短い中での検討でしたので、導入のしやすさと価格で決定いたしました。社内LANの中でしか利用できなかった経費精算システムからクラウドに変えたので、利用者からは社外でも申請できる点で評価されました。,楽々なのはユーザーで、複雑な組織対応等々、導入側はなかなか楽々にはいかなかったので、日本企業は兼務や複雑なワークフローがあるので、その辺りへ柔軟に対応できるようにどんどん機能拡張を希望する。,工事関係で、営業マンが終日外出することが多く、これまでは夜に帰社して精算していたものが、出先で申請できるので、便利になったという現場の声はありましたが、マネジメント側としては超過勤務等が減ったという副産物もありました。「楽楽精算」導入の決め手価格この口コミを詳しく見る,子会社化する際に導入を決めました。期間がとても短い中での検討でしたので、導入のしやすさと価格で決定いたしました。社内LANの中でしか利用できなかった経費精算システムからクラウドに変えたので、利用者からは社外でも申請できる点で評価されました。楽楽精算の改善してほしい点楽々なのはユーザーで、複雑な組織対応等々、導入側はなかなか楽々にはいかなかったので、日本企業は兼務や複雑なワークフローがあるので、その辺りへ柔軟に対応できるようにどんどん機能拡張を希望する。楽楽精算導入で得られた効果・メリット工事関係で、営業マンが終日外出することが多く、これまでは夜に帰社して精算していたものが、出先で申請できるので、便利になったという現場の声はありましたが、マネジメント側としては超過勤務等が減ったという副産物もありました。「楽楽精算」導入の決め手価格
1616,2021/12/07,とにかく楽。紙で提出せず、ネット上で経費精算と交通費精算、その他精算ができる。あと、領収書や請求書が下書き保存できる点が便利。,電車賃精算で該当日が沢山あると、コピーできるのは便利だが、電車賃を調べなければいけないので大変。JR、地下鉄の運賃を登録してほしい。,ネット上で完結するので出社する必要がない。また差し戻しの際にもコメント欄があるので、いちいち別ツールでやりとりする必要がない。この口コミを詳しく見る,。紙で提出せず、ネット上で経費精算と交通費精算、その他精算ができる。あと、領収書や請求書が下書き保存できる点が便利。楽楽精算の改善してほしい点電車賃精算で該当日が沢山あると、コピーできるのは便利だが、電車賃を調べなければいけないので大変。JR、地下鉄の運賃を登録してほしい。楽楽精算導入で得られた効果・メリットネット上で完結するので出社する必要がない。また差し戻しの際にもコメント欄があるので、いちいち別ツールでやりとりする必要がない。
1617,2021/12/07,ICカードの使用履歴を取込んだり、繰り返しの行程は事前登録も可能なので、精算入力が簡単に早く行えます。,一括入力で選択入力した内容が、項目を追加するとデフォルトに戻る事が時々あり、都度のやり直しになる事があります。システムの不具合がありましたか？ICカード読取端末がIEのみしか使用出来ないようです,webプラウザーを使用しているので誰でも簡単に入力出来るようになるので、従来は事務の方に領収書だけを渡して精算をお願いしておりましたが、個人で精算入力処理が出来るようになり入力業務の作業負荷が分散出来てます。,精算業務を簡単に早く効率良くを求めるならお勧めします。件数が多いほど効果も多いです。
1618,2021/12/07,今までの交通費精算は、交通費を手入力しなければならず、速やかに正確に精算するため過去の精算記録を残したり乗換ソフトを別途立ち上げていた。導入後は、楽楽精算の中で、連動した乗換ソフトや自分のスイカ履歴からチョイスして交通費精算が出来るようになったため、正直、「楽楽」の精算になった。,精算を行うアイコンと定期券を登録するアイコンが別々に設定されているため、一体化（最初に精算メニューが立ち上がり、そこから精算しますか？スイカを登録・読込みますか？と続くイメージ）できたら良いのかと思われる。,自宅リモートの場合、セキュリティの関係で自宅プリンターからの印刷が出来ないため、会社もしくは指定されたサテライトオフィスのプリンターでしか印刷できませんでした。このため、勤務状況によっては最短精算締日に間に合わないことがあったが、解消した。この口コミを詳しく見る,通費精算は、交通費を手入力しなければならず、速やかに正確に精算するため過去の精算記録を残したり乗換ソフトを別途立ち上げていた。導入後は、楽楽精算の中で、連動した乗換ソフトや自分のスイカ履歴からチョイスして交通費精算が出来るようになったため、正直、「楽楽」の精算になった。楽楽精算の改善してほしい点精算を行うアイコンと定期券を登録するアイコンが別々に設定されているため、一体化（最初に精算メニューが立ち上がり、そこから精算しますか？スイカを登録・読込みますか？と続くイメージ）できたら良いのかと思われる。楽楽精算導入で得られた効果・メリット自宅リモートの場合、セキュリティの関係で自宅プリンターからの印刷が出来ないため、会社もしくは指定されたサテライトオフィスのプリンターでしか印刷できませんでした。このため、勤務状況によっては最短精算締日に間に合わないことがあったが、解消した。
1619,2021/12/07,これまではExcelのマクロを活用して、交通費や経費の申請を行っておりました。楽楽精算を導入することで、直感的に交通費・経費の精算が行えるようになりました。総務の方の業務負荷も軽減したと伺っております。,通勤交通費の精算を行う場合、日程を一括で設定できると更に業務が楽になります。例えばある1週間は自宅と会社の往復しか行わなかった場合、マイパターンで登録を行う際に日程も一括で設定できると嬉しいです。,お客様先に多く出向くので、パターンを登録しておけば数分で交通費・経費申請でき、時間が短縮するのは助かっております。この口コミを詳しく見る,Excelのマクロを活用して、交通費や経費の申請を行っておりました。楽楽精算を導入することで、直感的に交通費・経費の精算が行えるようになりました。総務の方の業務負荷も軽減したと伺っております。楽楽精算の改善してほしい点通勤交通費の精算を行う場合、日程を一括で設定できると更に業務が楽になります。例えばある1週間は自宅と会社の往復しか行わなかった場合、マイパターンで登録を行う際に日程も一括で設定できると嬉しいです。楽楽精算導入で得られた効果・メリットお客様先に多く出向くので、パターンを登録しておけば数分で交通費・経費申請でき、時間が短縮するのは助かっております。
1620,2021/12/07,前職では、経費精算の際に台紙をプリントして領収書を貼って、提出してと大分手間がかかっておりましたが、本システムではスマホでの申請も可能ですし、領収書も写真を撮って掲載なのでノンコア業務の負荷が減って助かってます。,社内ルールなのかもしれませんが、登録した領収書を申請用に読み込んだ際に、情報が引っ張れると嬉しいです。支払い先名など、現在は再度入力する必要があったりするので。,経費精算だけの為に、月初に出社する必要が無いのは助かります。自宅でも処理を進められるので業務やスケジュール調整が格段にやりやすくなりました。,経費精算の手間を簡素化させたい場合におすすめです！
1621,2021/12/07,以前の精算システムでは、入力後印刷し押印してもらうなど面倒さや煩わしさがありましたが、手続きがスピーディになり承認状況がわかるので導入メリットを感じています。,電子申請・承認でハンコレスなので、あとは領収書の添付無し（画像）であればなお良いと思いますが、難しいでしょうか？システムの不具合がありましたか？特にありません。,上記のように、現時点での申請・承認状況が一目でわかるので、利用者はとてもありがたく、そこが他のシステムとの違いであると思っています。,経費精算処理には、お勧めのツールです。
1622,2021/12/06,今まで紙でやっていた経費精算が簡単になり、出先でも入力できる為、精算漏れがなくなった。金額も一目で分かり安心感もある。,領収書がスキャンしないと添付できない為、出先で入力出来ても、添付が出来ない。スマートフォンから撮影でも反映できたらよりいい。システムの不具合がありましたか？特になし,都度簡単に入力も出来て、交通費は経路も駅名や目的地等を入れれば簡単に出てくる為、経費精算の漏れがなくなったのが良かった。,経費精算の手間がかなり省ける
1623,2021/12/05,交通費精算のICカード連携がとにかく便利。これまで手入力でしていた経路と金額入力を全て自動化出来るため本業に専念できる時間が増えた。,コストパフォーマンスは優れている方だと思うが、従前買い切り型の精算システムを使用していたので、ランニングコストが気になる。もう少しランニングコストが下がれば助かる。システムの不具合がありましたか？特になし,交通費精算時に、定期区間を除外出来るのは非常に優れていると思う。見落としがちな所もシステムフォロー出来るのは痒いところに手が届いており良い機能だと思う。,特になし
1624,2021/12/05,今の時代にあったシステムになっている。経費の申請をデータベースで作成、申請、承認ができるので業務が効率化。,今でも十分な機能であることは確かですが、もし可能であればもっと機能を簡素化させてほしいと思います。,経費の計上としてデータベースで作成し申請することができるため、わざわざ上司のところに承認をもらわなくてもいい。この口コミを詳しく見る,あったシステムになっている。経費の申請をデータベースで作成、申請、承認ができるので業務が効率化。楽楽精算の改善してほしい点今でも十分な機能であることは確かですが、もし可能であればもっと機能を簡素化させてほしいと思います。楽楽精算導入で得られた効果・メリット経費の計上としてデータベースで作成し申請することができるため、わざわざ上司のところに承認をもらわなくてもいい。
1625,2021/12/05,経費精算をWEBで簡単に行うことができ、毎月の作業工数が格段に減少した。作成・提出・修正が一元化されているので簡単かつ便利。,ページを戻った際にその時に入力していた内容がすべてクリアされてしまう点。WEBページなので誤って戻ってしまうこともあるので改善してほしい。,これまでExcelにて一日一日の交通費を手動で入力しなければならなかったが、すべて自動計算してくれるため毎回調べる手間がなくなったこの口コミを詳しく見る,WEBで簡単に行うことができ、毎月の作業工数が格段に減少した。作成・提出・修正が一元化されているので簡単かつ便利。楽楽精算の改善してほしい点ページを戻った際にその時に入力していた内容がすべてクリアされてしまう点。WEBページなので誤って戻ってしまうこともあるので改善してほしい。楽楽精算導入で得られた効果・メリットこれまでExcelにて一日一日の交通費を手動で入力しなければならなかったが、すべて自動計算してくれるため毎回調べる手間がなくなった
1626,2021/12/05,おすすめにある通り今までのExcelや紙などの使用がなくなりました。業務的に効率よくなりめちゃめちゃ助かっています。,本当に見当たりません。いち営業なので、コスト面や維持費などは特に分からないのでもしそれがコストにならなければとても利用者からすると良いもの。,業務効率がまずは上がると思います。全て自動で計算してくれるので、ミスから生じる無駄なやり取りがなくなると思います。この口コミを詳しく見る,ある通り今までのExcelや紙などの使用がなくなりました。業務的に効率よくなりめちゃめちゃ助かっています。楽楽精算の改善してほしい点本当に見当たりません。いち営業なので、コスト面や維持費などは特に分からないのでもしそれがコストにならなければとても利用者からすると良いもの。楽楽精算導入で得られた効果・メリット業務効率がまずは上がると思います。全て自動で計算してくれるので、ミスから生じる無駄なやり取りがなくなると思います。
1627,2021/12/03,紙媒体の申請や精算が多かった自社の体制が、大きく改善し、紙の印刷や、書類の受発送費の削減、事務方の負担減につながっています。,カメラにて領収書ないしは請求書を読み取った際に、支払い先に当たる部分が思った社名にならないことが多く、稀に自社の名称となることもある。,これまで、全国に拠点があるため、各拠点から精算が紙によって集約されており、事務処理の煩雑さとミスが多かった。本サービスの導入によってかなりの改善がみられている。この口コミを詳しく見る,請や精算が多かった自社の体制が、大きく改善し、紙の印刷や、書類の受発送費の削減、事務方の負担減につながっています。楽楽精算の改善してほしい点カメラにて領収書ないしは請求書を読み取った際に、支払い先に当たる部分が思った社名にならないことが多く、稀に自社の名称となることもある。楽楽精算導入で得られた効果・メリットこれまで、全国に拠点があるため、各拠点から精算が紙によって集約されており、事務処理の煩雑さとミスが多かった。本サービスの導入によってかなりの改善がみられている。
1628,2021/12/03,わざわざ出社して指定のひな形に貼り付けして金額を記入してなどとにかく面倒な作業をやらなくなった。スマホやPCでどの領収書を提出したかなども把握しやすい。,OGPの精度がもう少しよくなればいいかなと思うことがあります（具体的には金額はおおよそあっているのですが、宛名をしばしば打ち換えするので面倒）,領収書を溜めてしまい、領収書の処理に時間を取られるということが少なくなった。あとはリモート勤務のため出社がちょっと先というときでも自宅から経費精算ができる。この口コミを詳しく見る,社して指定のひな形に貼り付けして金額を記入してなどとにかく面倒な作業をやらなくなった。スマホやPCでどの領収書を提出したかなども把握しやすい。楽楽精算の改善してほしい点OGPの精度がもう少しよくなればいいかなと思うことがあります（具体的には金額はおおよそあっているのですが、宛名をしばしば打ち換えするので面倒）楽楽精算導入で得られた効果・メリット領収書を溜めてしまい、領収書の処理に時間を取られるということが少なくなった。あとはリモート勤務のため出社がちょっと先というときでも自宅から経費精算ができる。
1629,2021/12/03,会社のパソコン利用しなくても、出張する時、忘れないうちにどこでも精算できるのはすごく便利だと思います。,パソコンで利用した時、コピー機からPDFをパソコンに取り込みました。その後、そのPDFデータをサイトにうまくダウンロードできず、この点を改善してほしいと思います。,この製品は使用時、スマホで簡易にどこでも経費精算できることが1番大きなメリットだと感じました。経費精算の漏れを避けることができます。この口コミを詳しく見る,コン利用しなくても、出張する時、忘れないうちにどこでも精算できるのはすごく便利だと思います。楽楽精算の改善してほしい点パソコンで利用した時、コピー機からPDFをパソコンに取り込みました。その後、そのPDFデータをサイトにうまくダウンロードできず、この点を改善してほしいと思います。楽楽精算導入で得られた効果・メリットこの製品は使用時、スマホで簡易にどこでも経費精算できることが1番大きなメリットだと感じました。経費精算の漏れを避けることができます。
1630,2021/12/02,領収書をスキャナーでPDF化したものを楽楽精算に添付してますが、その際、日付、金額等領収書に記載されている情報を自動入力してくれます。,JR、タクシーは良い点に示した通り、自動反映しますが、ホテルの領収書はフォーマットが他と異なるせいか手入力になってしまいます。システムの不具合がありましたか？特に感じません。,手入力の時間が少なくなり、また書面での旅費の請求をする必要がなくなりました。まだまだ導入され間もないので慣れてないところはありますが、社内のペーパーレスの流れを作った最初のシステムになりました。この口コミを詳しく見る,キャナーでPDF化したものを楽楽精算に添付してますが、その際、日付、金額等領収書に記載されている情報を自動入力してくれます。楽楽精算の改善してほしい点JR、タクシーは良い点に示した通り、自動反映しますが、ホテルの領収書はフォーマットが他と異なるせいか手入力になってしまいます。システムの不具合がありましたか？特に感じません。楽楽精算導入で得られた効果・メリット手入力の時間が少なくなり、また書面での旅費の請求をする必要がなくなりました。まだまだ導入され間もないので慣れてないところはありますが、社内のペーパーレスの流れを作った最初のシステムになりました。
1631,2021/12/02,経費精算をネット上で出来るため余計な手間が省ける。似たようなサービスを利用したことはないが経費精算に関しては殆ど網羅できているサービスなのではないかと思う。,予め説明を受けていないと分からないことがある。例えばファイルを添付するボタンが同時に2箇所あるなど。もう少し直感的に使えるようになればいいと感じる。システムの不具合がありましたか？システムトラブルのようなものはまだ経験していない。,交通費等の経費をネット上で精算でき、余計な時間が取られないことが大きいと思う。加えて余計な紙の消費を抑えられた。この口コミを詳しく見る,ネット上で出来るため余計な手間が省ける。似たようなサービスを利用したことはないが経費精算に関しては殆ど網羅できているサービスなのではないかと思う。楽楽精算の改善してほしい点予め説明を受けていないと分からないことがある。例えばファイルを添付するボタンが同時に2箇所あるなど。もう少し直感的に使えるようになればいいと感じる。システムの不具合がありましたか？システムトラブルのようなものはまだ経験していない。楽楽精算導入で得られた効果・メリット交通費等の経費をネット上で精算でき、余計な時間が取られないことが大きいと思う。加えて余計な紙の消費を抑えられた。
1632,2021/12/02,数年前にCMを見た際に導入されたのですが、なんといっても楽でした。交通系電子マネーまで込みで算出してくれるので助かりました。,オプション料金を下げて欲しい。初期費用でさえたくさん払っている上にオプション代までは払うのは厳しい。システムの不具合がありましたか？一部文字化けしていたことがあった。(問い合わせにより解決済み),本当に経費精算が楽になった。ICカードまで算出してくれてその上、予め精算することができるので部署間の行き違いが減った。以前利用していた製品の解約理由CMを見て楽楽精算を魅力的に感じたこの口コミを詳しく見る,Mを見た際に導入されたのですが、なんといっても楽でした。交通系電子マネーまで込みで算出してくれるので助かりました。楽楽精算の改善してほしい点オプション料金を下げて欲しい。初期費用でさえたくさん払っている上にオプション代までは払うのは厳しい。システムの不具合がありましたか？一部文字化けしていたことがあった。(問い合わせにより解決済み)楽楽精算導入で得られた効果・メリット本当に経費精算が楽になった。ICカードまで算出してくれてその上、予め精算することができるので部署間の行き違いが減った。以前利用していた製品の解約理由CMを見て楽楽精算を魅力的に感じた
1633,2021/12/02,日々の交通費精算では利用した駅を入力すれば金額が自動で出てきて、簡単に処理することができるところ。icカード読み取りもできるところ。,交通費精算など1項目それぞれのコメントなど文章を書く欄が、もう少し大きいとよいかもしれない。比較的長い文章を書くと見えにくいため。,毎月の通勤交通費や客先へ向かう際の交通費精算で利用しているが、icカードの読み取りで精算可能なため、入力ミスがなくなった。この口コミを詳しく見る,費精算では利用した駅を入力すれば金額が自動で出てきて、簡単に処理することができるところ。icカード読み取りもできるところ。楽楽精算の改善してほしい点交通費精算など1項目それぞれのコメントなど文章を書く欄が、もう少し大きいとよいかもしれない。比較的長い文章を書くと見えにくいため。楽楽精算導入で得られた効果・メリット毎月の通勤交通費や客先へ向かう際の交通費精算で利用しているが、icカードの読み取りで精算可能なため、入力ミスがなくなった。
1634,2021/12/02,毎日、精算するようになりました。仕事上、細かい経費が多いのですが、入力が簡単なため、以前はまとめてしていた精算を都度するようになりました。,上司の承認を得るために一旦紙に印刷しなければなりませんが、ＰＤＦでレシートを添付してつけられたりすれば、すべて電子化できますので、紙を使用しません。このようなことができますと、なお良いと思いました。システムの不具合がありましたか？設定の問題かもしれませんが、印刷画面が出ないことがあり、再印刷の画面に戻して印刷しなければいけないときがありました。,営業は、日中にあまり事務作業ができません。このソフトを導入することで大変わかりやすいですし、経費項目もきちんと整理されておりますので、ものの数分で精算業務が完了します。経費精算に割く時間が本当に減りました。,残業短縮を考えている会社におすすめです。
1635,2021/12/01,楽楽精算上で請求書を確認して承認したら、全銀フォーマットで取り込めるので、振込業務の時間短縮になりました。また、稟議なしの請求書を処理しないなどの条件を自由に設定できるので業務フローの構築にも繋がりました。,承認が却下された際に領収書や請求書の会社名や計上日付などの修正が一度申請から外さないと出来ないのが不便だと感じました。システムの不具合がありましたか？その日までの振込の請求書の処理しようとした際に、システムトラブルでいきなり使用できなかったりすることが稀にありました。メンテナンスはしっかりとしてくれますが、数時間かかりました。,楽楽精算を取り入れるまでは、請求書を確認してEXCELに入力してネットバンキングに手入力で登録して振込処理を行なっていました。それが楽楽精算上で全銀フォーマットをダウンロードできてネットバンキングに登録するだけになり、業務の効率に繋がりました。,企業毎に経費精算や支払依頼の必須項目を簡単に設定出来るのでカスタマイズしやすいです。
1636,2021/12/01,交通費、文具費、庶務費など、さまざまな部署から大量に送られてきた経費書類に関する資料をまとめることができます。また、領収書の紛失も防ぐことができ、従業員に対して速やかな経費精算ができるようになりました。,挙動が少し重いのと、メニュー画面が初見では分かりにくい点があるかもしれません。チュートリアルがないと、スムーズに入力できないかもしれないです。慣れればなんてことないんですけど。システムの不具合がありましたか？今のところ大きなトラブルや不具合はございません。,なんといっても経費節減になる点です。膨大な数の経費書類を紙で管理すると、それだけで時間や人が無駄になります。また、昨今ではペーパーレスが叫ばれており、なるべくこれらの無駄を節減しなければなりません。我々の部署ではこのソフトをすぐ導入したことで、賞状もいただきました。,使ってみれば便利さがわかります！
1637,2021/12/01,楽楽精算はサクッと伝票の承認ができるため、とても便利です。ボタンも見やすいレイアウトですし、導入して良かったです。,バグが多いことです。社内の他の部署の伝票は見られないはずなのですが、いつのまにか見られるようになっていました。システムの不具合がありましたか？他部署伝票が見られるバグ,メリットは社内精算のオンライン化です。テレワークが推進された昨今、従業員精算をオンライン上で行えて便利です。この口コミを詳しく見る,サクッと伝票の承認ができるため、とても便利です。ボタンも見やすいレイアウトですし、導入して良かったです。楽楽精算の改善してほしい点バグが多いことです。社内の他の部署の伝票は見られないはずなのですが、いつのまにか見られるようになっていました。システムの不具合がありましたか？他部署伝票が見られるバグ楽楽精算導入で得られた効果・メリットメリットは社内精算のオンライン化です。テレワークが推進された昨今、従業員精算をオンライン上で行えて便利です。
1638,2021/12/01,機能は割とシンプルで、使いたい機能が説明がなくてもすぐに使える。（管理者画面は参照したことがないので、管理者側の管理の煩雑さはわからない。）,乗換案内の運賃の計算が、実際のものと相違する時がある。多くの場合は正しいが、複数の乗換や駅間で徒歩を挟んだときにこの事象が発生する時がある。システムの不具合がありましたか？特になし。,小さい会社に勤めているかつ、客先常駐SEのため交通費が頻繁に発生するが、元々はExcelにて交通費の申請を行なっていた。当システムが導入されたことによって、PCを開かなくても通勤時間の合間にスマホから申請できたりと大変便利になった。この口コミを詳しく見る,シンプルで、使いたい機能が説明がなくてもすぐに使える。（管理者画面は参照したことがないので、管理者側の管理の煩雑さはわからない。）楽楽精算の改善してほしい点乗換案内の運賃の計算が、実際のものと相違する時がある。多くの場合は正しいが、複数の乗換や駅間で徒歩を挟んだときにこの事象が発生する時がある。システムの不具合がありましたか？特になし。楽楽精算導入で得られた効果・メリット小さい会社に勤めているかつ、客先常駐SEのため交通費が頻繁に発生するが、元々はExcelにて交通費の申請を行なっていた。当システムが導入されたことによって、PCを開かなくても通勤時間の合間にスマホから申請できたりと大変便利になった。
1639,2021/12/01,この製品を導入してから経費精算をオンラインで行え、日々の経費の入力も効率的に行えるようになりました。,個別事情によるものかもしれませんが、最終的に紙を出力する必要があり、全てがオンラインで完結しないので改善してほしいです。,経費精算の入力や社内での上司への承認申請がスムーズに行え、申請から経費精算までが効率的に行えるようになった。この口コミを詳しく見る,導入してから経費精算をオンラインで行え、日々の経費の入力も効率的に行えるようになりました。楽楽精算の改善してほしい点個別事情によるものかもしれませんが、最終的に紙を出力する必要があり、全てがオンラインで完結しないので改善してほしいです。楽楽精算導入で得られた効果・メリット経費精算の入力や社内での上司への承認申請がスムーズに行え、申請から経費精算までが効率的に行えるようになった。
1640,2021/12/01,これまではパソコンを使用して、領収書原本を保管して実物を郵送しての申請処理をしていましたが、スマホでも使用でき領収書もデータ送付OKで非常に簡単になりました。,スマホ本体のスペック等の問題かもしれませんが、領収書の画像などを添付するときの撮影でエラーが出ることがあった。システムの不具合がありましたか？特に大きな問題はないです。,領収書原本を申請まで保有する義務がなくなったので、管理が非常に楽になった。また、PCが使えなくても申請が簡単なので非常に便利です。,領収書をデータ撮影して申請できるのでカンタンでおすすめです。
1641,2021/11/30,交通ICカードにデータを読み込むことにより交通費を自動で計算してくれる。スマホ向けアプリもあり外出先でも精算可能。,表示は300件までできるがICカードの取り込みは20件までで、それを超えると古い順から削除されるのでもっと取り込み件数がふえるとよい。,紙に記入して、出先への交通費を別途調べて、入力しての手間が減り業務が向上した。タクシー精算にも使用できる。,交通費精算の効率化
1642,2021/11/29,旧システムはオンプレのWorkflowシステムを利用していました。細かな設定やカスタマイズなどもできましたが、操作・管理が複雑なのが難点でした。楽楽精算は製品名通り、非常に簡単で楽に操作可能です。,特にありませんが、あえて挙げるなら社員マスタの所属部門を現状の3つから、もう少し多く設定できると良いと思います。システムの不具合がありましたか？特にありません,電子帳簿保存法にも対応しているため、領収書・請求書の紙での提出が不要になりました。在宅勤務でもVPNに接続せずに利用できるため、テレワークにもスムーズに対応できました。以前利用していた製品の解約理由オンプレミス製品の保守期限終了に伴って楽楽精算へ移行しました,管理ツールの使い方も直感的に分かりやすく、導入～運用が非常に楽です
1643,2021/11/29,全体的に使いやすいと思います。特に便利なのは交通費入力の際に乗換案内機能でそのまま反映出来るところです。,領収書をアップロードするときに最初の画面に戻らないといけないが、入力途中からでもアップロード出来るようにしてほしい。,今までは経理へ紙で提出しており、領収書もいちいち保管していたがPDFで残せるのでかさばらなくなった。この口コミを詳しく見る,いやすいと思います。特に便利なのは交通費入力の際に乗換案内機能でそのまま反映出来るところです。楽楽精算の改善してほしい点領収書をアップロードするときに最初の画面に戻らないといけないが、入力途中からでもアップロード出来るようにしてほしい。楽楽精算導入で得られた効果・メリット今までは経理へ紙で提出しており、領収書もいちいち保管していたがPDFで残せるのでかさばらなくなった。
1644,2021/11/29,別途購入の必要があるが、バーコード読込でチェックをつけて一括で出力できるのでバラバラのタイミングで出てくる経費精算に役に立った。,添付のpdfが一つずつしか開けないため少し面倒。一括チェックして出力できればより利用しやすいと思う。,社員の部署ごとに経費精算の日付が違ったため、申請された中から既に領収書提出済みのものだけを一括出力することで毎回手作業で仕分ける手間が減った。この口コミを詳しく見る,必要があるが、バーコード読込でチェックをつけて一括で出力できるのでバラバラのタイミングで出てくる経費精算に役に立った。楽楽精算の改善してほしい点添付のpdfが一つずつしか開けないため少し面倒。一括チェックして出力できればより利用しやすいと思う。楽楽精算導入で得られた効果・メリット社員の部署ごとに経費精算の日付が違ったため、申請された中から既に領収書提出済みのものだけを一括出力することで毎回手作業で仕分ける手間が減った。
1645,2021/11/29,領収書が電子化対応可能、読み取り後申請画面に情報反映してくれるので、入力が楽になりました。申請も基本的には簡単で良かったです。,社内の仕様かはわかりませんが、必須入力部がやや多く更新反映が手動な部分もあり手間はあります。ただ、これまでよりは格段に手間が減りました。,PCだけでなく、社内の貸与携帯を利用しスマホからのアプリでも申請可能なため、申請のハードルが下がりました。この口コミを詳しく見る,子化対応可能、読み取り後申請画面に情報反映してくれるので、入力が楽になりました。申請も基本的には簡単で良かったです。楽楽精算の改善してほしい点社内の仕様かはわかりませんが、必須入力部がやや多く更新反映が手動な部分もあり手間はあります。ただ、これまでよりは格段に手間が減りました。楽楽精算導入で得られた効果・メリットPCだけでなく、社内の貸与携帯を利用しスマホからのアプリでも申請可能なため、申請のハードルが下がりました。
1646,2021/11/29,今までは出張交通費、接待費に関してはExcelを使って作成し社内で紙媒体にて承認をもらっていたが、システム上で管理されているため効率化や紛失のリスク低減につながっている,特に私の周りでは不満は出てきていないが承認する側は50代のマネージャーが多く使い方を覚えるのに苦戦していたので、もう少しシンプルになるといいのかもしれません。,コロナ禍によって分散勤務になっているため紙媒体の社内回覧は今までの倍以上かかっていたが、当システムによって在宅勤務時でも対応出来るので助かっているこの口コミを詳しく見る,張交通費、接待費に関してはExcelを使って作成し社内で紙媒体にて承認をもらっていたが、システム上で管理されているため効率化や紛失のリスク低減につながっている楽楽精算の改善してほしい点特に私の周りでは不満は出てきていないが承認する側は50代のマネージャーが多く使い方を覚えるのに苦戦していたので、もう少しシンプルになるといいのかもしれません。楽楽精算導入で得られた効果・メリットコロナ禍によって分散勤務になっているため紙媒体の社内回覧は今までの倍以上かかっていたが、当システムによって在宅勤務時でも対応出来るので助かっている
1647,2021/11/29,定期区間の申請をするときに、どこからどこまで、いつから開始などが簡単に入力できるのがよかったです。追加もできます。,pcで見たときに画面の余白が広く、ボタンや文章などの文字が小さく感じ読みづらいです。デバイスに合わせて大きさを変えてもらえると見やすいと思います。,領収書などを締め日まで紙で保管しておかなくて良いので、なくす心配もなく紙での申請の場合だと手書きや領収書の貼り付けが必要なところを短縮でき、通常の業務に時間を割くことができます。この口コミを詳しく見る,申請をするときに、どこからどこまで、いつから開始などが簡単に入力できるのがよかったです。追加もできます。楽楽精算の改善してほしい点pcで見たときに画面の余白が広く、ボタンや文章などの文字が小さく感じ読みづらいです。デバイスに合わせて大きさを変えてもらえると見やすいと思います。楽楽精算導入で得られた効果・メリット領収書などを締め日まで紙で保管しておかなくて良いので、なくす心配もなく紙での申請の場合だと手書きや領収書の貼り付けが必要なところを短縮でき、通常の業務に時間を割くことができます。
1648,2021/11/29,出張や、研修等の旅費計算が簡単に出来る。検索画面はバス停及び電車の駅の入力画面が地図で指定できるし、同様の名前のバス停、駅名が出てきても横に会社名が出る為、迷わず検索可能。,メールが無いと承認がなかなか出来ないかと思うが、不在時はメールが一点しか登録出来ないので、複数メール指定出来たら良いと思う。また、出張中止や、研修中止時否認処理の仕方がよくわからなかった。,一々書類を出す必要がない為、簡単に決済出来て、少額でも気兼ねなく提出が出来る。決済が早くてすぐに振り込みされるので、やっぱり楽楽精算かなと思う。,書類を作らなくて良くなる
1649,2021/11/28,交通費精算で使用していますが、単純で分かりやすいなと思います。特にマニュアルを見なくても感覚で使える所が良いです。,機能でも困った事でもないですが、なんとなくデザインが古臭い。もっとデザイン性が欲しいと思う所です。知らないだけかもしれませんが、アプリが欲しいです。,従業員側なので、課題解決までの意見はありませんが、単純で使いやすいと思っています。面倒ではないので、申請忘れも少ない。この口コミを詳しく見る,で使用していますが、単純で分かりやすいなと思います。特にマニュアルを見なくても感覚で使える所が良いです。楽楽精算の改善してほしい点機能でも困った事でもないですが、なんとなくデザインが古臭い。もっとデザイン性が欲しいと思う所です。知らないだけかもしれませんが、アプリが欲しいです。楽楽精算導入で得られた効果・メリット従業員側なので、課題解決までの意見はありませんが、単純で使いやすいと思っています。面倒ではないので、申請忘れも少ない。
1650,2021/11/28,コロナ禍という事もあり、会社に行かずに遠隔で精算できる為、生産性やコスト削減になっています。,たまに領収書などのPDFを添付する際ネットが遅くなるケースがあり、ログアウトして入り直す事がありますが、全体的には問題ありません。,今までがアナログすぎたのですが、いちいち経理担当に領収書を提出の上、あーだこーだ言われた上で現金を頂いてましたが、自分の好きな時間に精算ができるのが良い点です！この口コミを詳しく見る,いう事もあり、会社に行かずに遠隔で精算できる為、生産性やコスト削減になっています。楽楽精算の改善してほしい点たまに領収書などのPDFを添付する際ネットが遅くなるケースがあり、ログアウトして入り直す事がありますが、全体的には問題ありません。楽楽精算導入で得られた効果・メリット今までがアナログすぎたのですが、いちいち経理担当に領収書を提出の上、あーだこーだ言われた上で現金を頂いてましたが、自分の好きな時間に精算ができるのが良い点です！
1651,2021/11/28,今年より会社で導入されました。領収書を画像で読み取ってくれる点が非常に使いやすい点です。精度も高いです。,使い方をもう少しわかりやすくして欲しいです。もちろんマニュアルはありますが、なかなか難しい操作となってます。,コロナ禍により電子化が進み、これまで紙で精算していた経費が全てペーパレス化になりました。非常に助かった。この口コミを詳しく見る,社で導入されました。領収書を画像で読み取ってくれる点が非常に使いやすい点です。精度も高いです。楽楽精算の改善してほしい点使い方をもう少しわかりやすくして欲しいです。もちろんマニュアルはありますが、なかなか難しい操作となってます。楽楽精算導入で得られた効果・メリットコロナ禍により電子化が進み、これまで紙で精算していた経費が全てペーパレス化になりました。非常に助かった。
1652,2021/11/28,経費や交際費等、様々な分類に分かれていることで後で振り返っても明細が分かりやすいです。また、打ち込むのではなく選択すれば良いので時間もかかりません。,過去に申請した分をコピーして使えるのは良いのですが、変更前のまま申請してしまうことがありました。色付け等をしてくれるとより分かりやすいと思います。,以前は別のサービスを利用しており、記録することに加えて社内申請用のものでした。楽楽精算に変えてからは社内申請も簡単、紙媒体での申請が無くなり時間短縮に直結しています。この口コミを詳しく見る,費等、様々な分類に分かれていることで後で振り返っても明細が分かりやすいです。また、打ち込むのではなく選択すれば良いので時間もかかりません。楽楽精算の改善してほしい点過去に申請した分をコピーして使えるのは良いのですが、変更前のまま申請してしまうことがありました。色付け等をしてくれるとより分かりやすいと思います。楽楽精算導入で得られた効果・メリット以前は別のサービスを利用しており、記録することに加えて社内申請用のものでした。楽楽精算に変えてからは社内申請も簡単、紙媒体での申請が無くなり時間短縮に直結しています。
1653,2021/11/28,手元に領収書さえ所持していれば、自宅で経費精算をして完了できるため、わざわざ出社しなくても済みました。,実際の入力画面で数字を入力しようとすると、パソコンによるのかブラウザによるのか分からないが、数字入力箇所が途切れてしまい見えにくい。,一度精算を提出したものは、過去のものも振り返って見ることができる。内容を修正したい場合は簡単に取り下げられるのは楽でよい。この口コミを詳しく見る,書さえ所持していれば、自宅で経費精算をして完了できるため、わざわざ出社しなくても済みました。楽楽精算の改善してほしい点実際の入力画面で数字を入力しようとすると、パソコンによるのかブラウザによるのか分からないが、数字入力箇所が途切れてしまい見えにくい。楽楽精算導入で得られた効果・メリット一度精算を提出したものは、過去のものも振り返って見ることができる。内容を修正したい場合は簡単に取り下げられるのは楽でよい。
1654,2021/11/28,電車賃の精算を上げる際、駅⇔駅の乗換案内検索ができ、検索値から選択するだけで、駅名・距離・時間・料金が反映されて精算をあげやすい。またそれをコピーして別日であげられるので、外部研修等で連日同じ場所を往復した際にとても楽。,領収証を写真やスキャンで読み込んだら、自動で日付や店名・金額が入るシステムがほしい。社内規定や経費使用ルールを楽楽精算上で確認できるようになると楽。,経費精算の入力作業時間が大幅に削減できました。同じお店の会計を入力するときに、履歴からコピペができるのはとても楽。人数で割って、一人当たりの金額が出るので会社規定を満たしているか確認がしやすい。この口コミを詳しく見る,算を上げる際、駅⇔駅の乗換案内検索ができ、検索値から選択するだけで、駅名・距離・時間・料金が反映されて精算をあげやすい。またそれをコピーして別日であげられるので、外部研修等で連日同じ場所を往復した際にとても楽。楽楽精算の改善してほしい点領収証を写真やスキャンで読み込んだら、自動で日付や店名・金額が入るシステムがほしい。社内規定や経費使用ルールを楽楽精算上で確認できるようになると楽。楽楽精算導入で得られた効果・メリット経費精算の入力作業時間が大幅に削減できました。同じお店の会計を入力するときに、履歴からコピペができるのはとても楽。人数で割って、一人当たりの金額が出るので会社規定を満たしているか確認がしやすい。
1655,2021/11/28,領収書をデータで残せて、かつ何に使ったのかなどいつでも見られる状況が良い。精算出す側も精算したかどうかの確認ができる。,交通費精算のように二段階申請では無い方が良い。システムの不具合がありましたか？特にありません,スマホで申請が出来るので、会社に戻らないと出来なかったことが、出張先や出先の空いた時間に申請ができるのが良い。この口コミを詳しく見る,ータで残せて、かつ何に使ったのかなどいつでも見られる状況が良い。精算出す側も精算したかどうかの確認ができる。楽楽精算の改善してほしい点交通費精算のように二段階申請では無い方が良い。システムの不具合がありましたか？特にありません楽楽精算導入で得られた効果・メリットスマホで申請が出来るので、会社に戻らないと出来なかったことが、出張先や出先の空いた時間に申請ができるのが良い。
1656,2021/11/28,携帯に楽楽精算のアプリを入れて使っています。会社で導入され、慣れていない人でも、簡単に使いこなせる点が良いです。,一生懸命入力してできた矢先にフリーズすることが、たまにあります。もちろん保存できていませんので、最初からやり直すのが辛いです。システムの不具合がありましたか？特にありません。,交通費を使った時や領収書をもらうとすぐにアプリ入力する癖がつきました。出先や自宅からでも経費の精算ができるので、時間の節約になります。おかげで領収書の山にならず、精算が億劫でなくなりました。,取り入れやすいです。
1657,2021/11/28,個人毎の経費精算と請求書払いなどの精算が同じシステムの中でできることでお金の流れを一括で管理できるところがいいと思います。,経費申請が承認されたものを精算の時に選択する際、申請内容をより詳細に見られるようになれば選択間違いや別窓で確認しにいく工数が減ると思いました。,経費申請やワークフロー機能を経費精算と結びつけることができるため、正しく承認されたものか判断できるようになりました。この口コミを詳しく見る,費精算と請求書払いなどの精算が同じシステムの中でできることでお金の流れを一括で管理できるところがいいと思います。楽楽精算の改善してほしい点経費申請が承認されたものを精算の時に選択する際、申請内容をより詳細に見られるようになれば選択間違いや別窓で確認しにいく工数が減ると思いました。楽楽精算導入で得られた効果・メリット経費申請やワークフロー機能を経費精算と結びつけることができるため、正しく承認されたものか判断できるようになりました。
1658,2021/11/28,同じような交通費精算は過去の精算履歴からコピペもでき、24時間どこにいても簡単に経費精算ができること。,強いて言うなら、入力の画面が少し見にくいと思います。もう少し大きな文字で表示できたらもっと楽に処理ができると思います。,紙ベースの精算から楽楽精算に変更したことで、経費精算のためにわざわざ出社する必要がなくなりました。携帯からも申請でき、領収書を写真撮って送るだけといったように、本当に工数が減りました。この口コミを詳しく見る,交通費精算は過去の精算履歴からコピペもでき、24時間どこにいても簡単に経費精算ができること。楽楽精算の改善してほしい点強いて言うなら、入力の画面が少し見にくいと思います。もう少し大きな文字で表示できたらもっと楽に処理ができると思います。楽楽精算導入で得られた効果・メリット紙ベースの精算から楽楽精算に変更したことで、経費精算のためにわざわざ出社する必要がなくなりました。携帯からも申請でき、領収書を写真撮って送るだけといったように、本当に工数が減りました。
1659,2021/11/28,電車移動が多く、毎月乗り換え案内から検索して、交通費の金額を入力していたが、乗り換え案内と一体になっているため、金額を入力する手間を省くことができる。また、領収書等もスマホで写真を撮ることで、内容を読み取ってくれるので、非常に入力が楽。,iPhoneアプリで領収書を撮影して、pcで申請する際にどこに撮影したものがあるのかわからなくなることがある。領収書を精算する頻度が高くないため、手順をよく忘れてしまう。もう少しわかりやすくしてもらいたい。,今までは入力したものを印刷して、経理に郵送するといった手間があったが、楽楽精算が導入されてから提出不要となり、リモートワークが進んだ。この口コミを詳しく見る,多く、毎月乗り換え案内から検索して、交通費の金額を入力していたが、乗り換え案内と一体になっているため、金額を入力する手間を省くことができる。また、領収書等もスマホで写真を撮ることで、内容を読み取ってくれるので、非常に入力が楽。楽楽精算の改善してほしい点iPhoneアプリで領収書を撮影して、pcで申請する際にどこに撮影したものがあるのかわからなくなることがある。領収書を精算する頻度が高くないため、手順をよく忘れてしまう。もう少しわかりやすくしてもらいたい。楽楽精算導入で得られた効果・メリット今までは入力したものを印刷して、経理に郵送するといった手間があったが、楽楽精算が導入されてから提出不要となり、リモートワークが進んだ。
1660,2021/11/28,交通費の計算が乗換案内と連動していて簡単にできる。定期区間分の料金を自動で差し引いてくれるので計算しなくて済む。,スマホとPCでアクセスした時に操作が違うので、PCでやったことをスマホでやろうとしたら手間取ることがあった。システムの不具合がありましたか？特になし,導入前は領収書を紙で提出して経費精算をしていたが、とにかく経費精算が手軽に手間をかけずにできるようになった。この口コミを詳しく見る,算が乗換案内と連動していて簡単にできる。定期区間分の料金を自動で差し引いてくれるので計算しなくて済む。楽楽精算の改善してほしい点スマホとPCでアクセスした時に操作が違うので、PCでやったことをスマホでやろうとしたら手間取ることがあった。システムの不具合がありましたか？特になし楽楽精算導入で得られた効果・メリット導入前は領収書を紙で提出して経費精算をしていたが、とにかく経費精算が手軽に手間をかけずにできるようになった。
1661,2021/11/28,主にアプリで使用していますが、登録も楽ですし精算までの取り込みもスムーズにできて便利に使っています。,レシートの読み込み時に会社名や金額が正しく読み込まれないことがあるため、そこの精度が向上されるとユーザーの負担が軽くなると思います。,社内精算のペーパーレス化につながり、書類を作成する手間と金額の計算も必要なくなり金額の間違いも減りました。この口コミを詳しく見る,で使用していますが、登録も楽ですし精算までの取り込みもスムーズにできて便利に使っています。楽楽精算の改善してほしい点レシートの読み込み時に会社名や金額が正しく読み込まれないことがあるため、そこの精度が向上されるとユーザーの負担が軽くなると思います。楽楽精算導入で得られた効果・メリット社内精算のペーパーレス化につながり、書類を作成する手間と金額の計算も必要なくなり金額の間違いも減りました。
1662,2021/11/28,経費精算立て替え払いに、コーポレートカードを利用しております。連動しているので明細を写メして登録するだけなのでとても楽になりました。,最近導入され、利用して間もないですので、今のところ特段改善して欲しい点が見つかりませんが、もう少しコーポレートカードの連携が早いと嬉しいです。システムの不具合がありましたか？特段ありません。,良い点は、コーポレートカードと連携しており、オンタイムではないですが、明細が出るので、金額内訳の間違いが一切ないところです。この口コミを詳しく見る,て替え払いに、コーポレートカードを利用しております。連動しているので明細を写メして登録するだけなのでとても楽になりました。楽楽精算の改善してほしい点最近導入され、利用して間もないですので、今のところ特段改善して欲しい点が見つかりませんが、もう少しコーポレートカードの連携が早いと嬉しいです。システムの不具合がありましたか？特段ありません。楽楽精算導入で得られた効果・メリット良い点は、コーポレートカードと連携しており、オンタイムではないですが、明細が出るので、金額内訳の間違いが一切ないところです。
1663,2021/11/28,今までは昔ながらのカーボンの経費精算書で手書きしていました。ただ、手書きなので間違えることもやはりありますので、金額部分の修正は出来ないので最初から書き直しということも。入力すれば自動計算なので、計算間違いもなくなり、記入も楽になりました。,過去の出張経路をコピーして使用することが出来るのですが、コピーされた方の日付をコピーしたその日に変わるような仕様にして欲しいです。,当社は交通機関のため、出張でよく使う路線がいくつかあります。事前にそういった経路を登録することができますので、管理者は管理が楽ですし、申請者も入力ミスが減りました。この口コミを詳しく見る,ながらのカーボンの経費精算書で手書きしていました。ただ、手書きなので間違えることもやはりありますので、金額部分の修正は出来ないので最初から書き直しということも。入力すれば自動計算なので、計算間違いもなくなり、記入も楽になりました。楽楽精算の改善してほしい点過去の出張経路をコピーして使用することが出来るのですが、コピーされた方の日付をコピーしたその日に変わるような仕様にして欲しいです。楽楽精算導入で得られた効果・メリット当社は交通機関のため、出張でよく使う路線がいくつかあります。事前にそういった経路を登録することができますので、管理者は管理が楽ですし、申請者も入力ミスが減りました。
1664,2021/11/27,ユーザーインターフェイスが分かりやすく操作画面もシンプルなので、初めての利用でも直感的に入力できると思います。,経費申請したものに修正が必要だと気付いたとき、一度経費申請を取り下げしないといけないのが手間だと感じました。承認前なら差し替えできると便利だと思います。,パソコンがあれば全てオンライン上で完結するので、ペーパーレス化が進みリモートワークの際も経費申請しやすくなりました。この口コミを詳しく見る,ンターフェイスが分かりやすく操作画面もシンプルなので、初めての利用でも直感的に入力できると思います。楽楽精算の改善してほしい点経費申請したものに修正が必要だと気付いたとき、一度経費申請を取り下げしないといけないのが手間だと感じました。承認前なら差し替えできると便利だと思います。楽楽精算導入で得られた効果・メリットパソコンがあれば全てオンライン上で完結するので、ペーパーレス化が進みリモートワークの際も経費申請しやすくなりました。
1665,2021/11/27,登録した法人クレジットカードの情報がリンクしており、領収書と紐付けでオンラインでどこでも申請可能であること。,カードによりますが楽々精算へのクレジット利用情報反映が遅い場合があり、なかなか処理できないことがある。,社員全員に法人カードを付与し、各自が経費精算をすることとなったため、各部署で総務手続きをする必要がなくなった。この口コミを詳しく見る,人クレジットカードの情報がリンクしており、領収書と紐付けでオンラインでどこでも申請可能であること。楽楽精算の改善してほしい点カードによりますが楽々精算へのクレジット利用情報反映が遅い場合があり、なかなか処理できないことがある。楽楽精算導入で得られた効果・メリット社員全員に法人カードを付与し、各自が経費精算をすることとなったため、各部署で総務手続きをする必要がなくなった。
1666,2021/11/27,主に交通費の精算で使用しているが、定期券区間を考慮して交通費を自動算出することができたり、駅名を入力するとすぐに乗換案内から金額を調べられるなど利便性が高い。,承認の担当をしているが、複数人権限を持っているため、誰かが承認したらメールで通知がくるような機能があると嬉しい。,今までは紙文化だったので、交通費の金額をいちいち調べたり、ハンコを押したりもらったりする作業が激減した。この口コミを詳しく見る,の精算で使用しているが、定期券区間を考慮して交通費を自動算出することができたり、駅名を入力するとすぐに乗換案内から金額を調べられるなど利便性が高い。楽楽精算の改善してほしい点承認の担当をしているが、複数人権限を持っているため、誰かが承認したらメールで通知がくるような機能があると嬉しい。楽楽精算導入で得られた効果・メリット今までは紙文化だったので、交通費の金額をいちいち調べたり、ハンコを押したりもらったりする作業が激減した。
1667,2021/11/27,クレジットカードとの連携が可能な為、照合作業がスムーズになり、時短となっています。また個々で違う日当も、あらかじめ設定しておけば日当計算を自動でしてくれることが有り難いです。,改善して欲しいところはとくにありませんが、飲食接待精算と接待に付属する手当てはワンセットですが、一緒に入力できないことがチェックが二度手間になっています。,いい点として挙げたことと重複しますが、クレジット精算での金額間違いが圧倒的に減ったので業務の効率化、作業時間の短縮が叶っています。,交通費精算も楽になります。
1668,2021/11/27,スマホ、複合機から領収書をアップするだけで簡単に経費精算をすることができます。ワークフロー機能も有しているので経費精算の業務改善になります。電調法にも対応しているのはとてもいいです。,複合機から領収書をまとめて承認する場合、領収書1つにつき1決済になります。複数の領収書をまとめて決裁する機能があればさらに良いです。システムの不具合がありましたか？特になし,全国展開する保育園で導入いただいております。今までは領収書の原本と申請書をつけて本社に送って決裁しておりましたが現在は複合機からスキャンをしてそのまま楽楽精算に飛ばして決裁が終了しております。,検討から導入まで短期間で完了します。特に複合機との連携が便利です。
1669,2021/11/27,申請をするときに部署や勘定科目などが設定できて、今まで事務処理が大変だった作業が省略できて事務処理の軽減になった。,ワークフローの中で承認され度に申請者にメールが通知されたり、今どこで申請が止まってるのかどうかとかを知りたい。,遠方の支店や部署があるので、今まで紙ベースから申請、承認するまでに時間がかかっていた作業も支払いまで早くなった。この口コミを詳しく見る,ときに部署や勘定科目などが設定できて、今まで事務処理が大変だった作業が省略できて事務処理の軽減になった。楽楽精算の改善してほしい点ワークフローの中で承認され度に申請者にメールが通知されたり、今どこで申請が止まってるのかどうかとかを知りたい。楽楽精算導入で得られた効果・メリット遠方の支店や部署があるので、今まで紙ベースから申請、承認するまでに時間がかかっていた作業も支払いまで早くなった。
1670,2021/11/27,交通費精算や経理精算に使用しています。申請経路を事前設定できるので、間違いが起こらずに助かります。,各リンクが文字でのリンクになるので、出来ればボタンデザインなどユーザーインターフェースを改善してくださると助かります。,交通費精算時に、経路検索機能がとても便利です。楽楽精算内で経路検索、申請が完了できるので申請側も確認側も手間がありません。この口コミを詳しく見る,や経理精算に使用しています。申請経路を事前設定できるので、間違いが起こらずに助かります。楽楽精算の改善してほしい点各リンクが文字でのリンクになるので、出来ればボタンデザインなどユーザーインターフェースを改善してくださると助かります。楽楽精算導入で得られた効果・メリット交通費精算時に、経路検索機能がとても便利です。楽楽精算内で経路検索、申請が完了できるので申請側も確認側も手間がありません。
1671,2021/11/26,出張に行くたび経費を会社に申請する必要があるのですが、当ツールを使うことで例えば、前回行った出張の経費申請をコピーして再利用できることが、私的には本当にありがたく感じます。,UIが少し乏しく感じることがあります。また選択するボタンが小さいところがあり、間違った箇所を押してしまうようなことが多々あります。,以前は勤務先の会社内で手作りのエクセルに経費として使ったお金を記入して申請する形を取っておりました。それだと申請する側も経理部側でもミスが起こりやすかったです。しかし、当ツールが導入されてからは、ミスがなくなり経費の振込も遅れることなく実施されますので、ありがたいですね。この口コミを詳しく見る,たび経費を会社に申請する必要があるのですが、当ツールを使うことで例えば、前回行った出張の経費申請をコピーして再利用できることが、私的には本当にありがたく感じます。楽楽精算の改善してほしい点UIが少し乏しく感じることがあります。また選択するボタンが小さいところがあり、間違った箇所を押してしまうようなことが多々あります。楽楽精算導入で得られた効果・メリット以前は勤務先の会社内で手作りのエクセルに経費として使ったお金を記入して申請する形を取っておりました。それだと申請する側も経理部側でもミスが起こりやすかったです。しかし、当ツールが導入されてからは、ミスがなくなり経費の振込も遅れることなく実施されますので、ありがたいですね。
1672,2021/11/26,経費精算が全てオンラインで完結することです。当製品を導入する前は、紙の精算が社内では当たり前だったので、毎回印刷して紙で提出するのが面倒でした（私の場合は、上司が別の営業所にいるため、紙で印刷したものを郵送する手間も発生していました）当製品を導入してからは、そのような手間が一切発生せず、大変助かっています。,ユーザー視点として、これまで特に不便に感じたことはないです（導入者が、導入時に仕組みを構築している様子が大変そうでしたが、仕組みができてからは特に問題なさそうです）,紙代・郵送費が一切不要になり、経費申請時の時間ラグもなくなりました（別営業所の上司に郵送すると、返ってくるまで往復の時間がかかっていました）,上司と離れた場所で仕事をしていて、経費精算時に困っている人におすすめです。
1673,2021/11/26,最初は操作するのに手間取りましたが、使っているとだんだん慣れてきます。,システムを管理している部署の人が項目を追加したりしないと精算できないのがマイナス点です。決済までに時間が掛かる。項目が無かったりすると選択するのが大変でした。承認がおりるまでに時間がかかりカード請求でトラブルになりやすいです。現金の精算以外は向かない。,今までは直ぐに精算できていましたが、楽楽精算になって時間がかかり、立て替えている費用の請求が来たらとても面倒ですこの口コミを詳しく見る,するのに手間取りましたが、使っているとだんだん慣れてきます。楽楽精算の改善してほしい点システムを管理している部署の人が項目を追加したりしないと精算できないのがマイナス点です。決済までに時間が掛かる。項目が無かったりすると選択するのが大変でした。承認がおりるまでに時間がかかりカード請求でトラブルになりやすいです。現金の精算以外は向かない。楽楽精算導入で得られた効果・メリット今までは直ぐに精算できていましたが、楽楽精算になって時間がかかり、立て替えている費用の請求が来たらとても面倒です
1674,2021/11/26,導入時、入力画面のレイアウトと項目の関係がわかりにくかったのですが、導入時に専任の担当者が付いていただいたので問題なく設定ができましたまた、仕訳の会計連携は、データ出力項目として計算式や簡単なプログラムを入れることができるため、EXCELのマクロが組める程度の知識があれば問題なく自社導入可能です。運用時交際費は事前申請が必要、旅費交通費は事前申請不要などと運用に合わせられるのが良いと思いました。金額や勘定科目に合わせて承認ルートを自動的に変更できるのも良いです。,年に１度しか申請しないような社員でも１アカウントとしてライセンスが必要となるため、ライセンス体系をもう少し考慮して欲しい。※申請数による課金など。また承認ルートの条件分岐が１０パターンまでしか登録できない。パスワードのセルフリセット機能が欲しい。パスワードに使える記号が限られている。システムの不具合がありましたか？サービスの不具合は特にありません,経理部での伝票の手入力の手間と、交通費の金額チェックの確認業務が減りました。また、各部門での経費の利用状況が簡単に確認できるようになりました。この口コミを詳しく見る,力画面のレイアウトと項目の関係がわかりにくかったのですが、導入時に専任の担当者が付いていただいたので問題なく設定ができましたまた、仕訳の会計連携は、データ出力項目として計算式や簡単なプログラムを入れることができるため、EXCELのマクロが組める程度の知識があれば問題なく自社導入可能です。運用時交際費は事前申請が必要、旅費交通費は事前申請不要などと運用に合わせられるのが良いと思いました。金額や勘定科目に合わせて承認ルートを自動的に変更できるのも良いです。楽楽精算の改善してほしい点年に１度しか申請しないような社員でも１アカウントとしてライセンスが必要となるため、ライセンス体系をもう少し考慮して欲しい。※申請数による課金など。また承認ルートの条件分岐が１０パターンまでしか登録できない。パスワードのセルフリセット機能が欲しい。パスワードに使える記号が限られている。システムの不具合がありましたか？サービスの不具合は特にありません楽楽精算導入で得られた効果・メリット経理部での伝票の手入力の手間と、交通費の金額チェックの確認業務が減りました。また、各部門での経費の利用状況が簡単に確認できるようになりました。
1675,2021/11/26,交通費精算では、自分で料金を調べなくても電車賃を自動計算してくれる機能があって使いやすい。また、物品購入などの清算では領収書添付できる点でもクラウド完結できるのはうれしい。,過去の経費精算を検索できる機能があるが、キーワード検索がうまく効いておらず目的の内容を探すのが大変だったので、改善してほしい。システムの不具合がありましたか？過去の申請（申請一覧）で検索機能が効いていない。,元々紙媒体での経費精算だったところを、この楽楽精算に変更することによってかなりの業務効率化が図れたと思う。在宅ワークが多い中、経費精算のために出社する必要もなくなったのはかなりのメリット。,スマホアプリもあるので、だれでも簡単に申請できる
1676,2021/11/26,今までは出社しないと支払伝票が作成できず、特に上司の承認をとる手続きが大変でしたが、楽楽精算では在宅で全ての処理ができるようになったこと。前に作成した支払伝票をコピーして使えるので大変便利。,当社のシステム環境の問題かもしれませんが、画面上の切り替え、次のステップに移る時に間があるため、タイミングが合わず少しストレスがかかること。システムの不具合がありましたか？今のところ特にありません。,やはり何と言っても在宅で仕事ができることです。また請求書は紙で保存する必要があったので保管スペースが必要でしたが、今後は法改正もあり電子保存ができるようになるのは便利です。,紙及び印鑑ベースだと上司の承認に手間が掛かるが、楽楽精算だと全てシステム内で完結できること。今回の導入で一番喜んでいるのは上司です。
1677,2021/11/26,これまでは紙に領収書を貼り付けて提出された経費を経理側で会計に入力していましたがこちらは項目を選んでWeb上で申請してもらうことによって、ワークフローもWeb上で行われ、経理側ではチェック後に会計システムに取込むだけとなり、大変効率化が図れました。,取り込みする際にデータを出力してチェックをしますが、その出力したリストが見にくいので改善して頂きたいです。システムの不具合がありましたか？ありませんでした。,テレワークが進む中、web上で領収書のアップロードやワークフローも回せることは申請側も経理側にもメリットです。,シンプルで使いやすくCPもいいです。
1678,2021/11/26,これまで紙ベースで伝票起票していましたが、スマホやパソコンを使って簡単に伝票起票ができるようになりました。特に定例先への経費支払については効率化を図ることができました。今後、写真により、伝票・文書管理の効率化に期待しています。,初期設定が分かりにくいと思われます。本製品はスマホで写真を撮影するのが前提であるのに、デフォルトでスマホのカメラのアイコンが表示されないなど、設定画面が不親切と思われ改善を望みます。,会計ソフトと一定の連携が図られており、初期設定を確実に行うことで勘定科目の内訳相違の事務ミス軽減につながると思われる。この口コミを詳しく見る,ベースで伝票起票していましたが、スマホやパソコンを使って簡単に伝票起票ができるようになりました。特に定例先への経費支払については効率化を図ることができました。今後、写真により、伝票・文書管理の効率化に期待しています。楽楽精算の改善してほしい点初期設定が分かりにくいと思われます。本製品はスマホで写真を撮影するのが前提であるのに、デフォルトでスマホのカメラのアイコンが表示されないなど、設定画面が不親切と思われ改善を望みます。楽楽精算導入で得られた効果・メリット会計ソフトと一定の連携が図られており、初期設定を確実に行うことで勘定科目の内訳相違の事務ミス軽減につながると思われる。
1679,2021/11/26,今までは出張交通費に関しては紙媒体での対応となっていたがシステム上で申請が完結するため助かっています。,個人としては改善点はないが承認者側は年配の方が多いので、使い方を覚えるのに苦戦していたようです。もっとシンプルになるとより良いかもしれません。,コロナ禍で分散勤務のため承認まで時間がかかっていたがシステム上で管理されているため承認までの時間が今までの半分以下に改善された。この口コミを詳しく見る,張交通費に関しては紙媒体での対応となっていたがシステム上で申請が完結するため助かっています。楽楽精算の改善してほしい点個人としては改善点はないが承認者側は年配の方が多いので、使い方を覚えるのに苦戦していたようです。もっとシンプルになるとより良いかもしれません。楽楽精算導入で得られた効果・メリットコロナ禍で分散勤務のため承認まで時間がかかっていたがシステム上で管理されているため承認までの時間が今までの半分以下に改善された。
1680,2021/11/26,交通費などの検索が楽です。使う側としてはウェブ上で保存されるので、履歴も一時保存もできて便利だと感じました。,使う方としては便利ですが、導入する側としてはコストが高いようです。沢山広告しているので、仕方がないのかもしれませんが。,ウェブ上で保存されるので、都度都度保存ができるので、精算漏れを防げます。エクセルなどだと保存ディスクが必要です。この口コミを詳しく見る,の検索が楽です。使う側としてはウェブ上で保存されるので、履歴も一時保存もできて便利だと感じました。楽楽精算の改善してほしい点使う方としては便利ですが、導入する側としてはコストが高いようです。沢山広告しているので、仕方がないのかもしれませんが。楽楽精算導入で得られた効果・メリットウェブ上で保存されるので、都度都度保存ができるので、精算漏れを防げます。エクセルなどだと保存ディスクが必要です。
1681,2021/11/25,従来では1つ1つの会計処理に対して、エクセルで作成されたフォーマットを利用して各部門でハンコ回覧されたものの処理でしたが、Web化されることで1つのテーブルを各部門が許可された部分だけを操作し、管理者が大部分を触るということができるため、効率化に大きく貢献していると思います。,管理者権限を持つ部門で作成されたフォーマットを使用する必要があるが、各人でそれぞれカスタマイズできるようになるともっとありがたいと思いました。,これまでエクセルファイルの回覧でやっていた経費処理をwebで一括してできるようになったので、事務作業が一気に軽減できました。この口コミを詳しく見る,つ1つの会計処理に対して、エクセルで作成されたフォーマットを利用して各部門でハンコ回覧されたものの処理でしたが、Web化されることで1つのテーブルを各部門が許可された部分だけを操作し、管理者が大部分を触るということができるため、効率化に大きく貢献していると思います。楽楽精算の改善してほしい点管理者権限を持つ部門で作成されたフォーマットを使用する必要があるが、各人でそれぞれカスタマイズできるようになるともっとありがたいと思いました。楽楽精算導入で得られた効果・メリットこれまでエクセルファイルの回覧でやっていた経費処理をwebで一括してできるようになったので、事務作業が一気に軽減できました。
1682,2021/11/25,以前は社内経費精算が紙で管理していた為、作業される方、営業の方が中々会社に戻らなく月初に精算が集中する事が多く処理が大変でしたが、楽楽精算にしてからタイムリーに送られる様になり処理がスムーズになりました。,使いこなせてないのか承認フローの設定などがかなり困難な気がします。もっと初めからパック的な形で設定出来れば楽になると感じます。複数の承認者がいる場合、差し戻しをどこかで行っても通知が来ないので混乱が生じやすい。,作業者や営業が毎日経費精算の為に会社に帰ってきて残業しがちでしたが、楽楽精算を導入後、スマホで精算を出来るので直行直帰出来る様になり、残業が減りました。「楽楽精算」導入の決め手スマホで操作できる所。,あらゆる使い方が出来ると思う。
1683,2021/11/25,主に交通費の申請に使っていますが、使いやすく不便に感じることはほとんど無いです。駅名を選択して、乗換案内から交通費を選択出来るところがお気に入りです。,特に困っていることは無いのですが、強いて言うなら、トップページがもっと可愛らしいデザインになったら良いなと思います。今は結構カクカクしていて殺伐とした印象なので。,以前利用していた経費精算システムとほとんど変わらないので、経費精算がスムーズに出来ていると感じています。また、ワークフローシステムも最近利用するようになり、紙で手書きで書かなくてよくなり便利になりました。この口コミを詳しく見る,の申請に使っていますが、使いやすく不便に感じることはほとんど無いです。駅名を選択して、乗換案内から交通費を選択出来るところがお気に入りです。楽楽精算の改善してほしい点特に困っていることは無いのですが、強いて言うなら、トップページがもっと可愛らしいデザインになったら良いなと思います。今は結構カクカクしていて殺伐とした印象なので。楽楽精算導入で得られた効果・メリット以前利用していた経費精算システムとほとんど変わらないので、経費精算がスムーズに出来ていると感じています。また、ワークフローシステムも最近利用するようになり、紙で手書きで書かなくてよくなり便利になりました。
1684,2021/11/25,マニュアルを読み込む必要はなく、直感的に操作をするだけで、面倒な精算手続きが完了するのでとても便利です。,領収証をスマホで撮影し、データとして取り込んでファイルとして添付する際、少し手間がかかるので、撮影したのちワンクリックでファイル添付ができるようになるととても便利になると思います。,これまでは紙ベースの手続きでしたが、新型コロナウイルスでリモート勤務が主体となっても出社することなく、オンラインで精算できるようになった。,ITに弱いおじさんでも、直感的に操作できるので、教える側の手間もほとんどかかりません。
1685,2021/11/25,自社システムはかなり操作性が悪かったため、それとの比較になってしまうが、入力しやすい。特に定期区間を除いた精算分の路線検索ができる点が良い。,交通費の項目欄が大文字のみ対応というのがいまいち。小文字でも自動で大文字に反映するなど、自動対応してもらいたい。,コーポレートカードからの自動連携も出来るし、非常に使い勝手が良い。特に、一般交通費だけでなく出張費も過去の履歴から呼び起こせるため入力も楽。この口コミを詳しく見る,ムはかなり操作性が悪かったため、それとの比較になってしまうが、入力しやすい。特に定期区間を除いた精算分の路線検索ができる点が良い。楽楽精算の改善してほしい点交通費の項目欄が大文字のみ対応というのがいまいち。小文字でも自動で大文字に反映するなど、自動対応してもらいたい。楽楽精算導入で得られた効果・メリットコーポレートカードからの自動連携も出来るし、非常に使い勝手が良い。特に、一般交通費だけでなく出張費も過去の履歴から呼び起こせるため入力も楽。
1686,2021/11/25,紙申請から電子になったことにより記入漏れやミスが大幅に減った。これにより経理内での確認作業や申請戻りが少なくなり効率的な仕事ができるようになった。,過去の申請書をコピーして使いまわしができると良いと思います。項目間のロジックチェックができると申請ミスを大幅に削減できると思います。,スマホによる社外での申請や承認ができるので場所を必要としない点がとても良いです。出張先での承認ができるのが管理者として助かります。「楽楽精算」導入の決め手仮払精算ができる事。,ある程度のロジックチェック（個社独自の申請ルール等）ができる事。
1687,2021/11/25,これまでExcelで旅費など清算していましたが書類づくりに時間がかかっていました。また履歴も経理担当に聞かないとわからなかったりでした。楽楽精算を導入し申請・精算時間が大幅削減できます。また操作も直感的にわかりやすく、ITリテラシーの低い社員にも少しの説明で理解してもらえました。また初期設定時も、次にやること・決めることが分かりやすく、サポートもあり問題ありませんでした。,ほとんどのことは設定でできそうです。問題は古いExcelに固辞している一部の社員にどうやって使ってもらうようにするか（弊社内の問題）,これまでは電車の清算の場合は経理でも乗換案内などで再チェックしていましたが、それが不要となりスピーディになりました。また現金精算だったのですが振込用のFBデータも出力できるため負担がかなり減りました。,初期設定は思いのほか簡単でした。
1688,2021/11/25,当社は従業員の約半数がお客様先で勤務しています。勤務地が離れていることや、お客様先のPCを使っているため、これまでのExcelファイルを印刷したものを提出するというフローだったので環境の問題もあり、大幅に遅れて経費精算をする社員もいました。楽楽精算はスマホからでも申請可能なため、期限内に提出してもらえるようになりました。,オプションを申し込んだ際に、進捗具合がユーザー側から確認できない点。導入直後に申し込んだオプションが半年ほどたった今も実装されていないようですが、特に連絡はいただけていません。,今まではExcelで起こした経費精算書を期日までに経理へ提出してもらっていましたが、紙が多く、ファイルがすぐにいっぱいになってしまっていましたが、オンラインで済むことで紙の削減をすることができました。また、月末月初は書類の提出に出社する社員も多かったのですが、在宅から申請できるので、在宅勤務の推進にもつながりました。この口コミを詳しく見る,員の約半数がお客様先で勤務しています。勤務地が離れていることや、お客様先のPCを使っているため、これまでのExcelファイルを印刷したものを提出するというフローだったので環境の問題もあり、大幅に遅れて経費精算をする社員もいました。楽楽精算はスマホからでも申請可能なため、期限内に提出してもらえるようになりました。楽楽精算の改善してほしい点オプションを申し込んだ際に、進捗具合がユーザー側から確認できない点。導入直後に申し込んだオプションが半年ほどたった今も実装されていないようですが、特に連絡はいただけていません。楽楽精算導入で得られた効果・メリット今まではExcelで起こした経費精算書を期日までに経理へ提出してもらっていましたが、紙が多く、ファイルがすぐにいっぱいになってしまっていましたが、オンラインで済むことで紙の削減をすることができました。また、月末月初は書類の提出に出社する社員も多かったのですが、在宅から申請できるので、在宅勤務の推進にもつながりました。
1689,2021/11/25,イニシャルコストの安さに加えて、ランニング費用も非常に安価であり、同様の他者サービスと比較して、内容に遜色はありません。,海外対応をお願いしたいです。英語や中国語に対応すれば、当社グループでも活用するイメージが湧きます。,電子帳簿保存法の改定に伴い、証憑類の電子保存が急務でしたが経費関係は楽楽精算のおかげでスムーズに対応する事が出来ました。「楽楽精算」導入の決め手安さ,安さは他者比較でも圧倒的です
1690,2021/11/25,これまで、紙またはエクセルを使用し、精算管理をしてきたが、導入したことにより、経理部門の集計作業の工数削減ができるようになった。,慣れれば問題ないが、スキャンしたデータをpdfに取り込もうとする際、1ファイルしか添付できないため、一部ユーザが混乱していた。,csvファイルでの連携ではあるが、会計ソフトと連携できるため、経理部門の作業の効率化が出来ている。この口コミを詳しく見る,紙またはエクセルを使用し、精算管理をしてきたが、導入したことにより、経理部門の集計作業の工数削減ができるようになった。楽楽精算の改善してほしい点慣れれば問題ないが、スキャンしたデータをpdfに取り込もうとする際、1ファイルしか添付できないため、一部ユーザが混乱していた。楽楽精算導入で得られた効果・メリットcsvファイルでの連携ではあるが、会計ソフトと連携できるため、経理部門の作業の効率化が出来ている。
1691,2021/11/25,これまでは紙の申請書を見ながら伝票を入力し、支払い業務をしていました。楽楽精算に変えたことで、申請書の内容が数分で伝票化でき、支払もスムーズにできるようになりました。,クレジットカードの連携をしているが、キャンセルによる返金などが申請できないため、マイナスの伝票を作成することができると嬉しい。クレジットカード会社との連携になると思うが、クレジットカードを使用してから申請までにかなり長いタイムラグがあるため、もう少し早く申請できるようにしてほしい。承認を完了した後、次の承認依頼があれば自動で次の承認依頼を開いてくれる機能がほしい(今は一旦依頼一覧に戻る。)申請時のエラー文章が変更できるようになると嬉しい。(口座名義を漢字で申請している場合には、「口座名義はカタカナにしてください」とエラーメッセージを出す、等。)システムの不具合がありましたか？規格が違う請求書が取り込めないという不具合がありました。,ICカードと連携できるため、毎月の交通費の支払申請の時間が大幅に短縮できた。交通費精算、経費立替精算、支払依頼の全てを出勤せずに承認・支払処理ができるようになった。,経理業務の効率化、ペーパーレス、リモートワーク化
1692,2021/11/25,これまでは、従業員がエクセルで作成した精算書を関数などが間違えていると合計などが違ってくるため、一件ずつ確認しながら電卓をたたいて金額の確認などを行っていましたが、楽楽精算を導入してからは全部自動で算出してくれるので電卓での確認が不要なりました。また、乗換案内を利用できるので今までは従業員が自分たちで定期区間外の分をわざわざ調べて転記していたものが、検索してクリックするだけで自動で算出してくれるようになったので作成時間も短縮したという声が多く上がっています。,本人に修正依頼を出せたらいいなと思います。弊社の都合上どうしても承認者が多かったりするので、一度差戻しして申請者まで戻してしまうとまた一から承認しなければいけないので、時間がかかってしまいます。そのため本人に修正依頼を出して修正してもらいその修正箇所だけどお知らせする機能がついていればもっと効率が上がるなと思っています。システムの不具合がありましたか？領収書や請求書のアップロードができなくなったことがありました。,経理はテレワークが難しい部署でなかなかできない事も多かったが、楽楽精算を導入してから承認もボタン一つでできるしデータもネットが繋がっていればどこでも見ることができます。そのため、働き方が大きく変化しテレワークでも作業がしやすくなりました。この口コミを詳しく見る,、従業員がエクセルで作成した精算書を関数などが間違えていると合計などが違ってくるため、一件ずつ確認しながら電卓をたたいて金額の確認などを行っていましたが、楽楽精算を導入してからは全部自動で算出してくれるので電卓での確認が不要なりました。また、乗換案内を利用できるので今までは従業員が自分たちで定期区間外の分をわざわざ調べて転記していたものが、検索してクリックするだけで自動で算出してくれるようになったので作成時間も短縮したという声が多く上がっています。楽楽精算の改善してほしい点本人に修正依頼を出せたらいいなと思います。弊社の都合上どうしても承認者が多かったりするので、一度差戻しして申請者まで戻してしまうとまた一から承認しなければいけないので、時間がかかってしまいます。そのため本人に修正依頼を出して修正してもらいその修正箇所だけどお知らせする機能がついていればもっと効率が上がるなと思っています。システムの不具合がありましたか？領収書や請求書のアップロードができなくなったことがありました。楽楽精算導入で得られた効果・メリット経理はテレワークが難しい部署でなかなかできない事も多かったが、楽楽精算を導入してから承認もボタン一つでできるしデータもネットが繋がっていればどこでも見ることができます。そのため、働き方が大きく変化しテレワークでも作業がしやすくなりました。
1693,2021/11/25,ユーザー、管理者のメニューがシンプルで見やすいです。やりたいことをすぐ見つけられるので、迷うこともあまりないです。領収書や交通系電子マネーの履歴をスマートフォンアプリから取り込むことが出来るのがとても楽。出社しない状況でも申請を回すことは出来るので承認が通るまでの時間が早くなった。,スマートフォンアプリのOCR機能がまだまだ精度が低い点。領収書の取り込み時にある程度の情報を認識して会社名、金額など入力してくれるが基本的に手直しが必要となる。（上手くいくときもある）システムの不具合がありましたか？特になし,領収書を張り付けた申請書を上司に回す必要がなくなるので、在宅でも不在でも申請を回すことが出来る。システム上で承認をもらえたら、直接処理を行う担当部門に回せばよいので申請側も承認側も負担が減りました。,経費申請の紙を回すため、承認するために出社している状況を改善したいときに
1694,2021/11/25,誰でも簡単に操作できるのがいい点だと思います。かつては申請を書類で管理していたものを、電子媒体で管理することをこのシステムが可能にしてくれています。,打った文字の入力がたまに反映されない時があります。何度もやればコツを掴んできます。他のシステムと比べて劣っているとは思いませんが。システムの不具合がありましたか？特に不具合を感じた事はありません。,今まで経費精算は紙やハンコで処理していたので、処理スピードは1/10くらいになっています。また、エコにも貢献しているので、SDGsを考えている当社としては、かなりの費用対効果があるとのことです。,初心者でもわかるのでいいですよ。
1695,2021/11/25,これまで経費精算をする場合、エクセルへの入力と会計ソフトへの入力をそれぞれ行っていました。この楽楽精算を導入し、楽楽精算へ入力したデータを会計ソフトへ連携することで、二重入力にかかる時間を削減できました。,全体的に現代風のデザインになっていてよいのですが、「振替伝票」の画面だけ一昔前の印象を受けます。他の画面とデザインを統一していただければと感じます。,携帯電話から経費精算の申請ができるため、土日に自宅から精算される従業員の方もいらっしゃいました。従業員の視点から見ても精算しやすい仕組みになったと思います。,現在利用中の会計ソフトとデータ連携が出来るのであれば、お薦めです。
1696,2021/11/25,経理計算の担当者にとってはかなり便利なんだろうと思う。申請者にとっても最初のハードルはあるが、何度か申請を行えば以前より楽。,慣れるまでは説明書を確認しながら入力しなければならない。使う回数が少ない申請者にとっては入力方法がより、簡便だと助かります。システムの不具合がありましたか？特にない,今まで、すべて手計算で交通費を算出していたが、自動で出てくるので計算にかかる時間が格段に少なくなった。不備があり、差し戻しとなっても申請が楽になった。この口コミを詳しく見る,担当者にとってはかなり便利なんだろうと思う。申請者にとっても最初のハードルはあるが、何度か申請を行えば以前より楽。楽楽精算の改善してほしい点慣れるまでは説明書を確認しながら入力しなければならない。使う回数が少ない申請者にとっては入力方法がより、簡便だと助かります。システムの不具合がありましたか？特にない楽楽精算導入で得られた効果・メリット今まで、すべて手計算で交通費を算出していたが、自動で出てくるので計算にかかる時間が格段に少なくなった。不備があり、差し戻しとなっても申請が楽になった。
1697,2021/11/25,会計ソフトへの仕訳データ連動、FBデータの作成が容易にすることができ、二重、三重の業務がなくなった。,後払方式のICカード対応が出来るようになってほしい、添付書類を複数添付できるようになってほしい、役職を変更してもフローが変わらないようになってほしい。システムの不具合がありましたか？特にありません。,外出先、在宅でも精算処理や承認ができるため、精算までのタイムラグが短くなった。以前は上長の押印が必要だったため、提出遅れが多かった。「楽楽精算」導入の決め手価格が安い,価格が安く、カスタマイズがしやすい
1698,2021/11/25,これまで交通費や経費精算はワークフローを使っていたものの、会計システムと連携できておらず、全て経理担当が手入力で行っていたため非常に負担がかかっていました。楽楽精算を導入したことで会計連携やFBデータ出力が可能となり、経理担当の負荷が1/3に圧縮することができました。,支払い先の銀行をユーザ毎に設定したいが標準ではそのような機能はなく、個人のフリー項目にA、B、Cなどと入力し、Aは○○銀行、Bは××銀行などと振り分けるようにして運用している。このような回避方法をとらなくとも支払先銀行を指定できる仕組みができると非常に助かります。,年間約5000件もの申請データを手入力で行った時には、経理担当者はこの処理だけで50時間/月かかっていました。楽楽精算を導入することで手入力・手入力後のチェックなどの作業がなくなり、7割削減の15時間/月となりました。経理担当者の負担が減り、非常に喜んでいます。この口コミを詳しく見る,通費や経費精算はワークフローを使っていたものの、会計システムと連携できておらず、全て経理担当が手入力で行っていたため非常に負担がかかっていました。楽楽精算を導入したことで会計連携やFBデータ出力が可能となり、経理担当の負荷が1/3に圧縮することができました。楽楽精算の改善してほしい点支払い先の銀行をユーザ毎に設定したいが標準ではそのような機能はなく、個人のフリー項目にA、B、Cなどと入力し、Aは○○銀行、Bは××銀行などと振り分けるようにして運用している。このような回避方法をとらなくとも支払先銀行を指定できる仕組みができると非常に助かります。楽楽精算導入で得られた効果・メリット年間約5000件もの申請データを手入力で行った時には、経理担当者はこの処理だけで50時間/月かかっていました。楽楽精算を導入することで手入力・手入力後のチェックなどの作業がなくなり、7割削減の15時間/月となりました。経理担当者の負担が減り、非常に喜んでいます。
1699,2021/11/25,導入前は紙の出金伝票及び請求書でやりとりをしていましたが、導入後はデータでのやり取りが可能になるため効率化を図れた。特にFBデータを出力できるので振込処理の時間を大幅に削減できたのは大きいと思います。また、導入時のサポートは手厚いので導入の安心感は高かったように思います。,これはいくつかあって改善することで星が４～５に近づくので是非がんばってほしいです。検索精度が悪い→例えば、「AAA株式会社」のデータを調べたい場合に、「AAA」など一致させなければヒットしない。理想は「aaa」、「エー・エー・エー」という感じであいまい一致も付いていないと検索機能としては不十分。マスタの自動採番機能→現状、マスタ新規登録において、番号を自分で調べてからつけなければならない。クレジット連携→社員番号と名前が一致していないと連携されない。コーポレートカードを本人だけで使うことは基本的には稀だと思うので複数アカウントと紐づけられるようにしてほしい。他にも多数ありますが、今後に期待しています。,部署内のスタッフが少ないかつ雑務が多いので、楽楽精算を入れることで「経理の」業務効率化という点はクリアできたように思う。（ただし、これは経理視点なので従業員的に使いやすいかといわれるとそうではない）この口コミを詳しく見る,の出金伝票及び請求書でやりとりをしていましたが、導入後はデータでのやり取りが可能になるため効率化を図れた。特にFBデータを出力できるので振込処理の時間を大幅に削減できたのは大きいと思います。また、導入時のサポートは手厚いので導入の安心感は高かったように思います。楽楽精算の改善してほしい点これはいくつかあって改善することで星が４～５に近づくので是非がんばってほしいです。検索精度が悪い→例えば、「AAA株式会社」のデータを調べたい場合に、「AAA」など一致させなければヒットしない。理想は「aaa」、「エー・エー・エー」という感じであいまい一致も付いていないと検索機能としては不十分。マスタの自動採番機能→現状、マスタ新規登録において、番号を自分で調べてからつけなければならない。クレジット連携→社員番号と名前が一致していないと連携されない。コーポレートカードを本人だけで使うことは基本的には稀だと思うので複数アカウントと紐づけられるようにしてほしい。他にも多数ありますが、今後に期待しています。楽楽精算導入で得られた効果・メリット部署内のスタッフが少ないかつ雑務が多いので、楽楽精算を入れることで「経理の」業務効率化という点はクリアできたように思う。（ただし、これは経理視点なので従業員的に使いやすいかといわれるとそうではない）
1700,2021/11/25,ICカード取り込みや領収書添付等の交通費・経費申請に必要な機能も付いており、申請画面も分かりやすくて使いやすいサービスです。,交通費を申請する際に定期券内の移動であれば自動で計算してくれるのは便利な一方、その機能のON/OFFの切り替えがないため異なる経路を使用した際は申請が面倒になってしまう。,従来は社内の交通費や各経費の申請ツールがバラバラで時折混乱してしまっていましたが、本サービスの導入で各申請が一本化され分かりやすくなりました。この口コミを詳しく見る,取り込みや領収書添付等の交通費・経費申請に必要な機能も付いており、申請画面も分かりやすくて使いやすいサービスです。楽楽精算の改善してほしい点交通費を申請する際に定期券内の移動であれば自動で計算してくれるのは便利な一方、その機能のON/OFFの切り替えがないため異なる経路を使用した際は申請が面倒になってしまう。楽楽精算導入で得られた効果・メリット従来は社内の交通費や各経費の申請ツールがバラバラで時折混乱してしまっていましたが、本サービスの導入で各申請が一本化され分かりやすくなりました。
1701,2021/11/25,領収書や請求書データをPC画面上で確認ができるのでオフィスに行かなくても、申請承認、計上、支払処理が可能になりました。,重複データの自動検知やエラー設定ができるようにしてほしい。また、承認期限のアラーム設定ができると便利だと思います。,何よりもペーパーワークが無くなったことが一番のメリットです。電子帳簿保存法と併せて、紙代や書類保管料なども削減できますし、ファイリングの作業コストの削減も大きいです。この口コミを詳しく見る,求書データをPC画面上で確認ができるのでオフィスに行かなくても、申請承認、計上、支払処理が可能になりました。楽楽精算の改善してほしい点重複データの自動検知やエラー設定ができるようにしてほしい。また、承認期限のアラーム設定ができると便利だと思います。楽楽精算導入で得られた効果・メリット何よりもペーパーワークが無くなったことが一番のメリットです。電子帳簿保存法と併せて、紙代や書類保管料なども削減できますし、ファイリングの作業コストの削減も大きいです。
1702,2021/11/25,電子帳簿保存法改正に絡み社で導入しました。法改正時など独自に対処する必要もなく、運用等の手間もかからない。事務所に戻らずとも精算処理ができる為、従業員には喜ばれています。,導入当時の営業担当の話と仕様が異なる点がある。環境構築時、各精算サイトを弊社の規定等に合うようにカスタマイズしましたが、できない事が多く、画面がすっきりしないところがある。サポート担当者のスキルが低い。自社製品であるのに回答がすぐに出ず、折り返しの回答となる。アプリにバグがあるが、営業担当、サポートセンターは把握できておらず、問い合わせ当初はこちら側の操作ミスや環境のせいにされる。実際の不具合の状況（アプリの動き）を動画撮影し、送ったところやっと認識された。（まだ、アプリの改善はされていない模様）システムの不具合がありましたか？入力数値が二重入力となる。距離（km）：「110」と入力すると、一時保存の際、「110110」kmとなり、km単価で自動計算され、請求額が高額に計算される。これまでの実績を基に、入力値の上限を設定し、警告を出すことで誤精算・請求を抑止している。また、日付：2021/10/21、料金：200円と記載のある駐車場領収書を取り込み（写真取り込み）すると、日付を金額と誤認識し、高額の精算になりかけた。日付:2021/10/21→2021102円,カスタマイズが可能であるため、社の規定に沿った内容に近づけられた。毎月、経理に送られてくる申請・請求書類が削減でき、紙の削減になる。精算の精度が少し上がり、誤精算が減少した。,単純な経費精算規定であれば、簡単に導入できます。
1703,2021/11/25,法人カード連携ができ、使用履歴から精算情報へと連動させることができるため、店名や金額の入力誤りが発生するリスクがなく、入力者と承認者負担の軽減となっている。,承認フローの作成が、他データ連携ができないため、すべてシステム内で作成が必要となる点は、作業効率が悪く改善してほしい。,オプション機能が多機能あり、内部統制強化や管理会計を推進する際、検討がし易いとは非常に有意義に感じている。,小口精算を実施している企業は、是非検討されるべきだと思います。
1704,2021/11/25,これまでは全ての領収書原本を回収しなければならなかったので、申請者からの提出が遅くその後の処理も遅れということが頻繁に起きていました。楽楽精算では写真やPDFで領収書を確認できるので、紙媒体の提出を待つ必要もなく、毎月のチェック作業が大変楽になりました。,PCブラウザ版の場合、領収書の撮影とアップロード→経費精算の作成、という順序が直感的に分かりづらいようで、「領収書の新規登録はどこからやるのか？」という質問が多く届きます。経費精算の作成中に同じ画面から領収書の新規登録ができるようにしてほしいです。,紙媒体による領収書原本の回収とチェック作業だけでなく、その後の年単位の書類保管からも解放されました。申請者と経理部だけでなく、申請を承認する上長も時間と場所を選ばず対応可能になったことで、承認漏れや遅れが格段に減りました。,紙媒体の管理から解放されます。
1705,2021/11/25,経費や交通費の精算時に使用。これまで他の企業で働いていた際に使用していたシステムと基本的には同じだが、（弊社内の使用がそうであるだけかもしれないが）費用精算に特化しているため、給与計算や勤怠管理など複雑な事ができない分、機能としてはシンプルで使いやすい。初めてでも比較的迷わずに入力申請ができる。,特に不満はないが、敢えて挙げるとすれば、ディスプレイデザインがやや貧相に感じる。文字なども小さく、フォントもごく普通で、若干素人感があるかも。,自分の入社時には既にこのシステムが導入されていたので聞いた話になるが、経理部門の費用精算の手間はだいぶ省けたらしい。申請から精算、振り込みまで、特に問題なく、スピーディーに処理されていると思う。,経費や交通費精算のみで導入するにはおすすめ。
1706,2021/11/25,従来の経費精算の製品と比較して、UI自体もわかりやすく、機能追加やシステム連携もされており、非常に使いやすい。,現時点で不満を感じる点はあまりないが、過去に申請した一覧を表示する際に、概要情報をわかりやすく表示するようにしてほしい（何の申請だったかが一目でわかるように）。,社内システムや社内情報との連携がスムーズに行われているので、経費申請時に手間なく利用することができているため、生産性の改善につながっている。この口コミを詳しく見る,精算の製品と比較して、UI自体もわかりやすく、機能追加やシステム連携もされており、非常に使いやすい。楽楽精算の改善してほしい点現時点で不満を感じる点はあまりないが、過去に申請した一覧を表示する際に、概要情報をわかりやすく表示するようにしてほしい（何の申請だったかが一目でわかるように）。楽楽精算導入で得られた効果・メリット社内システムや社内情報との連携がスムーズに行われているので、経費申請時に手間なく利用することができているため、生産性の改善につながっている。
1707,2021/11/24,殆どの業務がこのソフトで完結できる点に利便性の高さと、導入後のアフターサービスの手厚さがとても良いと思いました。,当社は中小零細企業なので、出来る限り費用やコストは抑えたいので、利用料金のより低コスト化に今後期待しています。,今迄手書き作業が多く、業務の効率化を感じている中で、思い切って導入したことで、それまでの業務の大幅な時短化を感じました。この口コミを詳しく見る,がこのソフトで完結できる点に利便性の高さと、導入後のアフターサービスの手厚さがとても良いと思いました。楽楽精算の改善してほしい点当社は中小零細企業なので、出来る限り費用やコストは抑えたいので、利用料金のより低コスト化に今後期待しています。楽楽精算導入で得られた効果・メリット今迄手書き作業が多く、業務の効率化を感じている中で、思い切って導入したことで、それまでの業務の大幅な時短化を感じました。
1708,2021/11/24,作りが非常にシンプルなので、マニュアルなしでも操作できる。また、前回入力済のデータをコピーしながらも入力できるので、前回結果をテンプレートのように利用できる。,コンカーなどは、グローバルで展開している。英語化を今後進めて、日本発のグローバルなアプリに育ってほしい。英語という点では、弱いと思います。システムの不具合がありましたか？なし。サポートも迅速。,営業部門では、電車賃の精算を経費入力画面に打ち込まずとも、Suica情報をカードリーダーで読み込み精算できるので喜ばれています。,コスパと品質が両方兼ね備わっている。
1709,2021/11/23,新幹線の半券をスキャンすることで、自動的に申請項目を記入できる所は良い。一度登録した内容に関しては、再度同じ申請をする際に再利用できるので、手間は減る。,スキャンからの自動記入に関して、精度が悪い。そもそもどこを記入すればいいのかを直感的に分かりづらいので、申請をするのに手間がかかる。,以前までは紙の申請書類でしたので、申請する為に時間が掛かっていた。しかし、現在ではスマホで撮影等を駆使し、申請できるようになったので紙の記入等の手間が無くなった。この口コミを詳しく見る,券をスキャンすることで、自動的に申請項目を記入できる所は良い。一度登録した内容に関しては、再度同じ申請をする際に再利用できるので、手間は減る。楽楽精算の改善してほしい点スキャンからの自動記入に関して、精度が悪い。そもそもどこを記入すればいいのかを直感的に分かりづらいので、申請をするのに手間がかかる。楽楽精算導入で得られた効果・メリット以前までは紙の申請書類でしたので、申請する為に時間が掛かっていた。しかし、現在ではスマホで撮影等を駆使し、申請できるようになったので紙の記入等の手間が無くなった。
1710,2021/11/23,利用者の申請漏れや経理担当の作業効率化ができる。今まで紙媒体でやり取りしていて紛失がよくあったが、本サービスで解決した。,特にない。ただ、機能が多い為正直使いこなせていない感がある。もう少しシンプルにいてもいいかと思う。,今までは紙媒体だった為、事務所に戻らないと申請出来なかった。月を跨ぐと申請不可になったが、本サービスは遠隔で申請できる。,使わないと損！
1711,2021/11/23,送信ボタン1つで上長へ承認依頼がいくので、出張先や違う拠点の上司へわざわざ紙の支払い依頼書を持っていかなくて済みます。,もし経費精算に軽微な間違い(費用項目等)があった場合、経理部の方で修正が出来ないない点です。間違いがあった場合は申請者まで戻ってきてしまい、再度上長の承認を得なければいけないので、その点は改善してもらえるとありがたいです。,定期的に支払いのある先を登録ができるので、口座番号や支払い先の相違でミスが起きにくくなりました。また事前に登録しておくことで、経費精算にかかる時間も短縮されました。この口コミを詳しく見る,1つで上長へ承認依頼がいくので、出張先や違う拠点の上司へわざわざ紙の支払い依頼書を持っていかなくて済みます。楽楽精算の改善してほしい点もし経費精算に軽微な間違い(費用項目等)があった場合、経理部の方で修正が出来ないない点です。間違いがあった場合は申請者まで戻ってきてしまい、再度上長の承認を得なければいけないので、その点は改善してもらえるとありがたいです。楽楽精算導入で得られた効果・メリット定期的に支払いのある先を登録ができるので、口座番号や支払い先の相違でミスが起きにくくなりました。また事前に登録しておくことで、経費精算にかかる時間も短縮されました。
1712,2021/11/23,主に営業で使用した電車賃の請求で使用していますが、今まではエクセルで手書きでしたので、楽楽精算を利用してから非常に楽になりました。,スイカの情報を取り込む機械がないので、PCから手打ちで利用しているのですが、スイカの移動履歴等が自動で反映するようになると更に便利になる。システムの不具合がありましたか？特になし,私が営業なので利用用途として交通費精算でしか使っていないのですが、今まではExcel等で明細を作成していて1か月分を作るのに1時間以上かかっていたが、楽楽精算にしてから10分の１くらいになり、より業務に支障が出なくなった。,営業等の工数削減したい際に便利
1713,2021/11/23,社員に一律に入力させて経理担当者が楽をするためのツールとして優秀なのかもしれません。入力項目があらかじめ決まっており慣れれば早くできるようになりますが、以下の改善要望点もあります。,使用する社員からしてみると楽々ではありません、あまり評判はよくなく、使い勝手を改善してほしい。入力欄が小さく、入力可能文字数も限られており、プルダウンから簡単に選べるようにするなど使い勝手の向上を望みます。システムの不具合がありましたか？特にトラブル・不具合はいまのところ発生していないと思います。,出張が多い業態にて社員の経費精算において、相当の件数をこなす必要があるところ、このシステムを導入することにより出張費だけでなく、日当や交通費の精算を効率化できているともいます。コーポレートカード払いがほとんどですが、カード会社からのデータ反映を待ってからであれば手入力せず内容が反映するところは楽です。この口コミを詳しく見る,に入力させて経理担当者が楽をするためのツールとして優秀なのかもしれません。入力項目があらかじめ決まっており慣れれば早くできるようになりますが、以下の改善要望点もあります。楽楽精算の改善してほしい点使用する社員からしてみると楽々ではありません、あまり評判はよくなく、使い勝手を改善してほしい。入力欄が小さく、入力可能文字数も限られており、プルダウンから簡単に選べるようにするなど使い勝手の向上を望みます。システムの不具合がありましたか？特にトラブル・不具合はいまのところ発生していないと思います。楽楽精算導入で得られた効果・メリット出張が多い業態にて社員の経費精算において、相当の件数をこなす必要があるところ、このシステムを導入することにより出張費だけでなく、日当や交通費の精算を効率化できているともいます。コーポレートカード払いがほとんどですが、カード会社からのデータ反映を待ってからであれば手入力せず内容が反映するところは楽です。
1714,2021/11/22,在宅勤務でもタイムリーに処理できるのが良いです。紙での領収書提出を待つことなく、不備の戻しもボタン１つなので簡単です。,画像添付はできたものの、画像不鮮明で文字がつぶれていたりぼやけていても添付できてしまう為、提出前に検出できると良いと感じています。システムの不具合がありましたか？画像を添付したいのにできないことがありました。,経費の紙提出時と比較すると在宅勤務での処理ができるため、出勤日数を軽減できるのと不備があった際の戻しもボタン１つでできるので効率的です。,楽楽です。
1715,2021/11/22,最も早い行き方、楽な行き方、安い行き方がでてくるので、管理する方は申請者の水増し申請等が防げる。,特にバスなどは正式名称ではなく、略称でも該当駅が出てくると嬉しい。また、いつも利用しているルートは記憶して一文字入れるだけで反映されると助かる。システムの不具合がありましたか？なし,申請する方はかなり時間の短縮になり、管理する方も途中の定期区間の確認をしなくて済むので効率が良い。この口コミを詳しく見る,き方、楽な行き方、安い行き方がでてくるので、管理する方は申請者の水増し申請等が防げる。楽楽精算の改善してほしい点特にバスなどは正式名称ではなく、略称でも該当駅が出てくると嬉しい。また、いつも利用しているルートは記憶して一文字入れるだけで反映されると助かる。システムの不具合がありましたか？なし楽楽精算導入で得られた効果・メリット申請する方はかなり時間の短縮になり、管理する方も途中の定期区間の確認をしなくて済むので効率が良い。
1716,2021/11/21,転職後の今の会社でこのシステムを使っていますが、今までの精算方法より遥かに楽です。特に定期区間の登録ができるので実費の部分がわかりやすい。,いままで使った区間を登録できれば、後々の入力が楽だと思います。例えば行き先の会社名を入れられれば自動で入力されるなど。,転職前は月末の精算時はいつも上司に精算分を提出してやり直しが何度もありましたが、今はシステム上で全てできるのでかなり時短になりました。この口コミを詳しく見る,の会社でこのシステムを使っていますが、今までの精算方法より遥かに楽です。特に定期区間の登録ができるので実費の部分がわかりやすい。楽楽精算の改善してほしい点いままで使った区間を登録できれば、後々の入力が楽だと思います。例えば行き先の会社名を入れられれば自動で入力されるなど。楽楽精算導入で得られた効果・メリット転職前は月末の精算時はいつも上司に精算分を提出してやり直しが何度もありましたが、今はシステム上で全てできるのでかなり時短になりました。
1717,2021/11/21,経費精算が手軽に行えます。アプリの方が見た目がスッキリしていてわかりやすいので、アプリのインストールをおすすめします。,ネット版だと少々見た目が古くさい？ような感じで、操作もわかりにくい部分があるので改善されるといいなと思いました。ただ、アプリで出来ればさほど問題はないと思います！,特に申請の報告をしなくても楽楽精算1つで完結するので手間が省けます。また、承認段階が複数あっても、今どこまで承認がおりているのかも確認できるので安心感があります。,アプリでの使用をオススメします！
1718,2021/11/20,Webサイトが用意されており、個人に割り当てられたログイン情報でログインし、経費の種類や料金などを入力することで経費申請をして、経理の方に領収書を持っていくような流れで申請をしています。,申請したあとに紙の領収書を経理まで持っていく必要があるため、サイト上から領収書をアップロードして、全てWeb上で完結するようになって欲しい。,経費清算の申請を管理することができるようになり、いま誰の申請待ちの状況なのかがわかるため、なかなか承認されない場合に直接承認のお願いをしにいくことで、急ぎで承認してもらうことができるようになった。この口コミを詳しく見る,トが用意されており、個人に割り当てられたログイン情報でログインし、経費の種類や料金などを入力することで経費申請をして、経理の方に領収書を持っていくような流れで申請をしています。楽楽精算の改善してほしい点申請したあとに紙の領収書を経理まで持っていく必要があるため、サイト上から領収書をアップロードして、全てWeb上で完結するようになって欲しい。楽楽精算導入で得られた効果・メリット経費清算の申請を管理することができるようになり、いま誰の申請待ちの状況なのかがわかるため、なかなか承認されない場合に直接承認のお願いをしにいくことで、急ぎで承認してもらうことができるようになった。
1719,2021/11/20,以前は独自アプリでしたが、WEBベースで精算できます。請求書の処理や出張旅費の精算等で利用ができます。,ボタンの位置に癖があるので、直感的に分かりにくい部分がある。申請中や承認済みの一覧の見通しがあまり良くない。,各種精算等で利用しています。業務上、あまり頻度は多くないですが。また、現在は移行中なので、一部紙の文書を添付する必要はありますが便利です。この口コミを詳しく見る,アプリでしたが、WEBベースで精算できます。請求書の処理や出張旅費の精算等で利用ができます。楽楽精算の改善してほしい点ボタンの位置に癖があるので、直感的に分かりにくい部分がある。申請中や承認済みの一覧の見通しがあまり良くない。楽楽精算導入で得られた効果・メリット各種精算等で利用しています。業務上、あまり頻度は多くないですが。また、現在は移行中なので、一部紙の文書を添付する必要はありますが便利です。
1720,2021/11/20,今まではEXCELで作成したフォーマットを紙印刷し、上長の承認というフローだったが、システムを導入したことでフローがスムーズになり、同時にペーパレスにもつながった点がよかったです。,ウェブページでの入力のため、入力中にブラウザバックをしてしまうとデータが消えてしまう点は改善してほしい。,出張精算のペーパーレス化でコスト削減につながった。また承認のフローが紙ではなくなったことで、出勤時しか提出できなかった精算申請がどこからでもできるようになり業務効率化につながりました。この口コミを詳しく見る,XCELで作成したフォーマットを紙印刷し、上長の承認というフローだったが、システムを導入したことでフローがスムーズになり、同時にペーパレスにもつながった点がよかったです。楽楽精算の改善してほしい点ウェブページでの入力のため、入力中にブラウザバックをしてしまうとデータが消えてしまう点は改善してほしい。楽楽精算導入で得られた効果・メリット出張精算のペーパーレス化でコスト削減につながった。また承認のフローが紙ではなくなったことで、出勤時しか提出できなかった精算申請がどこからでもできるようになり業務効率化につながりました。
1721,2021/11/20,利用者にとっても判りやすい入力画面のため、ほとんど操作説明しなくてよかったのは助かった。承認ルートをしっかり設定出来るのと、管理側の通知も判りやすいこともよかったポイントでした。,ヘルプサイトがあればなおよかったです。定期券の整合性が高まればなお良かったと思いますが、そのようなケースの方が稀なためそこまできになりません。,以前まで経費精算をエクセルで作成し提出という流れでしたが、数式を誤って消す人間もいたためこのソフトを使うことによりトラブルが改善されました。この口コミを詳しく見る,っても判りやすい入力画面のため、ほとんど操作説明しなくてよかったのは助かった。承認ルートをしっかり設定出来るのと、管理側の通知も判りやすいこともよかったポイントでした。楽楽精算の改善してほしい点ヘルプサイトがあればなおよかったです。定期券の整合性が高まればなお良かったと思いますが、そのようなケースの方が稀なためそこまできになりません。楽楽精算導入で得られた効果・メリット以前まで経費精算をエクセルで作成し提出という流れでしたが、数式を誤って消す人間もいたためこのソフトを使うことによりトラブルが改善されました。
1722,2021/11/20,交通費精算で使用することがほとんどです。数年前までは紙ベースでの申請をしていたため、精算書を作成してプリントアウトして、上司の承認を得て、という一連の流れが全てWeb上でできるようになり時間の節約や紙の節約ができるようになった点がとても良いです。また、経路検索も楽楽精算内でできる点もとても嬉しいです。わざわざ別ページを開いて検索して、入力するという手間が省けて嬉しいです。,全体的に文字が小さく感じます。大変細かい部分ではありますが、もう少し全体的に見やすくしていただけると大変嬉しいです。機能的には現状改善して欲しい点はあまりないです。,やはり、紙の節約ができる。Web上で完結できる点だと思います。テレワークということもあり、紙でやりとりするのは手間ですし、その紙を会社に郵送すると経費の無駄にもなりますので、この点は本当に便利だと思います。この口コミを詳しく見る,で使用することがほとんどです。数年前までは紙ベースでの申請をしていたため、精算書を作成してプリントアウトして、上司の承認を得て、という一連の流れが全てWeb上でできるようになり時間の節約や紙の節約ができるようになった点がとても良いです。また、経路検索も楽楽精算内でできる点もとても嬉しいです。わざわざ別ページを開いて検索して、入力するという手間が省けて嬉しいです。楽楽精算の改善してほしい点全体的に文字が小さく感じます。大変細かい部分ではありますが、もう少し全体的に見やすくしていただけると大変嬉しいです。機能的には現状改善して欲しい点はあまりないです。楽楽精算導入で得られた効果・メリットやはり、紙の節約ができる。Web上で完結できる点だと思います。テレワークということもあり、紙でやりとりするのは手間ですし、その紙を会社に郵送すると経費の無駄にもなりますので、この点は本当に便利だと思います。
1723,2021/11/19,会社で導入しております。タグが見やすくて、使いやすいです。交通費精算や出張費精算を行っていますが、操作が簡単で使いやすいです。,交通費精算等にて数値入力をする際、どこに記入したらいいのか迷うときがある。タグ名称と記入する箇所があっていないのが少し気になる。システムの不具合がありましたか？特になかったかと思います。,導入前は、領収書を経理に持っていき、お金をもらっていましたが、楽楽精算を導入したことで、経理に行くことなく、精算ができるようになりました。,手作業で精算しているなら、導入を検討します。
1724,2021/11/18,とにかく視覚的にわかりやすく、機能が経費精算に特化しているため、説明書を読まなくても簡単に使いこなすことができる点。,携帯のアプリで精算することもあるが、パソコンの場合と異なり、画面のバランスが悪くアプリを使うと時間がかかる点。,出張が続いた時でも過去に申請したものをコピーして少し手直しすればすぐに申請できる点がとても便利に感じる。この口コミを詳しく見る,覚的にわかりやすく、機能が経費精算に特化しているため、説明書を読まなくても簡単に使いこなすことができる点。楽楽精算の改善してほしい点携帯のアプリで精算することもあるが、パソコンの場合と異なり、画面のバランスが悪くアプリを使うと時間がかかる点。楽楽精算導入で得られた効果・メリット出張が続いた時でも過去に申請したものをコピーして少し手直しすればすぐに申請できる点がとても便利に感じる。
1725,2021/11/18,面倒な経費精算が楽になった。今までは領収書を貼り付け送付するアナログで不確実な要素を増やす効率の悪い方法だったが、写真を撮り申請できるのは非常に楽。しかも撮影したレシートを自動解析で金額、項目、税率まで入力してくれる。領収書の種類によってはうまく自動認識してくれない時もあるが、既に満足のいく利便性を提供してくれている。,初回ログイン時にURL欄に何を入力したらいいのかわからなかったが、私だけかもしれない。もう少し説明を加えてほしい。システムの不具合がありましたか？時々アプリから自動的にログアウトしている時がある、仕様なのかどうか。,圧倒的な精算時間の短縮を行うことができるので、他のことに時間を割くことができる。また面倒な手続きがなくなることで精神的にも非常に楽。ウェブページからだけじゃなくアプリからアクセスできることでやはり楽。,有名なサービスであるのでとりあえずこれを選べば間違い無いです。
1726,2021/11/18,レシート、領収書を読み取り分類を選択するだけで経費精算が行えたり、申請状況や支払い状態も確認出来るので簡単で安心なツールとして使用させて頂いてます。,領収書によって、文字が読み取れていないものが稀にあり金額、取引先名、日時等を確認しておかなければならない事があります。,連続して申請出来る為、大量の領収書を短時間に処理出来たり、金額計算も自動で間違えも少なくこれまでの無駄な時間を有効活用出来るようになった。,どのタイミングでも申請出来るので申請漏れなども減らせて簡単に使えます。
1727,2021/11/17,過去に申請した経路を保存しておけるので(過去何件分かを自動保存しているだけで、保存経路を選択することはできない)、乗り換えが複雑のものは入力が楽。,弊社で導入できていないだけかもしれないが、定期区間を入力させるにもかかわらず、精算入力は定期区間外部分を入力せねばならず非効率。システムの不具合がありましたか？なんとなくいつも動きが重いが、ツールの問題なのか回線の問題なのかは不明。,使用経路をメモしていなかったときに、日時検索ができるので、出発時間や到着時間から特定して申請することができた。複数の経路がヒットするので記憶が蘇りやすい。この口コミを詳しく見る,した経路を保存しておけるので(過去何件分かを自動保存しているだけで、保存経路を選択することはできない)、乗り換えが複雑のものは入力が楽。楽楽精算の改善してほしい点弊社で導入できていないだけかもしれないが、定期区間を入力させるにもかかわらず、精算入力は定期区間外部分を入力せねばならず非効率。システムの不具合がありましたか？なんとなくいつも動きが重いが、ツールの問題なのか回線の問題なのかは不明。楽楽精算導入で得られた効果・メリット使用経路をメモしていなかったときに、日時検索ができるので、出発時間や到着時間から特定して申請することができた。複数の経路がヒットするので記憶が蘇りやすい。
1728,2021/11/17,経費精算がやりやすいのは当たり前。出張の交通費精算での切符の金額の検索のしやすさが便利で助かります。,自分の会社の経理と話し合えば良いだけですが、新幹線とホテルのパックを利用した時の旅費申請は入力しにくい。,転職回数が多い自分ですが、この仕組みを導入している会社ならば、経費精算の仕方の説明の大半は無くて大丈夫。この口コミを詳しく見る,やりやすいのは当たり前。出張の交通費精算での切符の金額の検索のしやすさが便利で助かります。楽楽精算の改善してほしい点自分の会社の経理と話し合えば良いだけですが、新幹線とホテルのパックを利用した時の旅費申請は入力しにくい。楽楽精算導入で得られた効果・メリット転職回数が多い自分ですが、この仕組みを導入している会社ならば、経費精算の仕方の説明の大半は無くて大丈夫。
1729,2021/11/17,申請があるとメールで通知してくれるため、承認漏れが無く大変助かっています。URLからログインすると必要な承認が青く表示されており、直感的に操作できるため誰にでも使いやすいと思います。,Webページのアイコンや文字が小さく、デフォルトサイズだとよく見えません。内訳を細かく設定できるのは便利なのですが、該当するものがどこかわからなくなることがあります。,上長への申請から承認までがかなりスピードアップしました。今までは忘れられてしまったこともあったのですが、楽楽精算になってからは即日で対応していただけるようになりました。この口コミを詳しく見る,とメールで通知してくれるため、承認漏れが無く大変助かっています。URLからログインすると必要な承認が青く表示されており、直感的に操作できるため誰にでも使いやすいと思います。楽楽精算の改善してほしい点Webページのアイコンや文字が小さく、デフォルトサイズだとよく見えません。内訳を細かく設定できるのは便利なのですが、該当するものがどこかわからなくなることがあります。楽楽精算導入で得られた効果・メリット上長への申請から承認までがかなりスピードアップしました。今までは忘れられてしまったこともあったのですが、楽楽精算になってからは即日で対応していただけるようになりました。
1730,2021/11/17,カメラでスキャンすることで、細かい入力の手間が掛からず、申請がスムーズに行える。電子化により、ペーパーレスにも貢献している。,精算を申請する側にとっては、写真をとり、申請するのみの為、不都合を感じたことはない。経理部門の改善要望については分からない。,交通費精算において、今まではネットで金額を確認を行っていたが、現在は楽楽精算の中で、運賃等出るので、スムーズに精算が可能になった。この口コミを詳しく見る,キャンすることで、細かい入力の手間が掛からず、申請がスムーズに行える。電子化により、ペーパーレスにも貢献している。楽楽精算の改善してほしい点精算を申請する側にとっては、写真をとり、申請するのみの為、不都合を感じたことはない。経理部門の改善要望については分からない。楽楽精算導入で得られた効果・メリット交通費精算において、今まではネットで金額を確認を行っていたが、現在は楽楽精算の中で、運賃等出るので、スムーズに精算が可能になった。
1731,2021/11/16,自分は派遣先で出張に行く頻度が多くて、旅費精算時にいつも紙で経路をすべて記載し、金額を調べて記載していました。このサービスに切り替えることで　書く作業がなくなり、金額も乗換案内の機能で自動的に算出できるので、申請時の効率が大幅に上がりました。さらに上長の承認印待ちの時間を削減でき、社外にいても訂正、承認することができました。精算が楽になりました。,簡単な交通費精算がメインの利用なので　特に改善してほしい点はありませんが　全体的に文字やアイコンが小さくて見えづらく感じる時があります。それ以外は全然問題がありません。,経費精算が楽になったことです。交通費精算の際にはSuicaなどのICカードの読み取りも出来て、とても便利です。この口コミを詳しく見る,先で出張に行く頻度が多くて、旅費精算時にいつも紙で経路をすべて記載し、金額を調べて記載していました。このサービスに切り替えることで　書く作業がなくなり、金額も乗換案内の機能で自動的に算出できるので、申請時の効率が大幅に上がりました。さらに上長の承認印待ちの時間を削減でき、社外にいても訂正、承認することができました。精算が楽になりました。楽楽精算の改善してほしい点簡単な交通費精算がメインの利用なので　特に改善してほしい点はありませんが　全体的に文字やアイコンが小さくて見えづらく感じる時があります。それ以外は全然問題がありません。楽楽精算導入で得られた効果・メリット経費精算が楽になったことです。交通費精算の際にはSuicaなどのICカードの読み取りも出来て、とても便利です。
1732,2021/11/16,主に経費精算で使っているが、交通費もサクッと計算できるし、とりあえずこれだけあればすべて完結できて便利。,機能面で大きな不満はないが、デザインやインターフェースが少し古い印象がある。使っていて不便はないので大きな問題ではないが、改善されればより広まりそうとは思う。,以前の職場では毎月Excelシートに記入、印刷して提出というプロセスを踏んでいたが、楽楽精算を使ってみて、いかに非効率だったか痛感した。Webツール上だけで完結するのは強い。この口コミを詳しく見る,算で使っているが、交通費もサクッと計算できるし、とりあえずこれだけあればすべて完結できて便利。楽楽精算の改善してほしい点機能面で大きな不満はないが、デザインやインターフェースが少し古い印象がある。使っていて不便はないので大きな問題ではないが、改善されればより広まりそうとは思う。楽楽精算導入で得られた効果・メリット以前の職場では毎月Excelシートに記入、印刷して提出というプロセスを踏んでいたが、楽楽精算を使ってみて、いかに非効率だったか痛感した。Webツール上だけで完結するのは強い。
1733,2021/11/16,交通費精算の時は出発地点の駅と終着点の駅を入力するだけで、自動で交通費を計算して登録してくれる。次回同じルートの交通費精算をする時はコピーもできる。,特にないが、強いて言えば海外の人向けに英語での表示もしてほしい。領収書をコピペで添付できるようにしてほしい。,入力する際に、本当に手間が減り、経費精算の時間が削減された。入力間違いも減ったので、経理部の方の手間も削減されたと思う。この口コミを詳しく見る,の時は出発地点の駅と終着点の駅を入力するだけで、自動で交通費を計算して登録してくれる。次回同じルートの交通費精算をする時はコピーもできる。楽楽精算の改善してほしい点特にないが、強いて言えば海外の人向けに英語での表示もしてほしい。領収書をコピペで添付できるようにしてほしい。楽楽精算導入で得られた効果・メリット入力する際に、本当に手間が減り、経費精算の時間が削減された。入力間違いも減ったので、経理部の方の手間も削減されたと思う。
1734,2021/11/16,事前承認、スマホの写真から読み取り、仕訳取込3点が経理担当者、実際に使用する方ともに業務負担が減る為、魅力的です。,今のところ無いです。強いて言うなら、導入までの操作方法がもう少し分かりやすく記載されていると助かります。,この製品を利用することで、経理側人的ミス削減が見込まれる点にメリットを感じる。これまでは、Excel資料をもとに会計システムへ直仕訳を入力していたので、システムからCSVを出力できるのはありがたい。「楽楽精算」導入の決め手親会社で使用しているためこの口コミを詳しく見る,スマホの写真から読み取り、仕訳取込3点が経理担当者、実際に使用する方ともに業務負担が減る為、魅力的です。楽楽精算の改善してほしい点今のところ無いです。強いて言うなら、導入までの操作方法がもう少し分かりやすく記載されていると助かります。楽楽精算導入で得られた効果・メリットこの製品を利用することで、経理側人的ミス削減が見込まれる点にメリットを感じる。これまでは、Excel資料をもとに会計システムへ直仕訳を入力していたので、システムからCSVを出力できるのはありがたい。「楽楽精算」導入の決め手親会社で使用しているため
1735,2021/11/16,今まで立替経費の会議費や交通費などは一個一個レシートを保管して手書きで提出するなどが多かったが、楽楽精算の導入でレシートも交通費も都度写真をデータとして保管するため、提出忘れもなく現物を提出する際は印刷するだけで済むので業務が簡略化されました。,知らないだけかもしれませんが、スマートフォンもネットとして見れますが、アプリとしても実装してLINEなどのように部下からの申請があったらメール以外の通知があると嬉しいです。,承認する側は今まで紙で確認をしていたが、それも全てネット上で承認ができるようになった。もともと承認者は決めておけるので、自動的に次の者に連絡がいき、支払いまでの期間が当月中になった。この口コミを詳しく見る,経費の会議費や交通費などは一個一個レシートを保管して手書きで提出するなどが多かったが、楽楽精算の導入でレシートも交通費も都度写真をデータとして保管するため、提出忘れもなく現物を提出する際は印刷するだけで済むので業務が簡略化されました。楽楽精算の改善してほしい点知らないだけかもしれませんが、スマートフォンもネットとして見れますが、アプリとしても実装してLINEなどのように部下からの申請があったらメール以外の通知があると嬉しいです。楽楽精算導入で得られた効果・メリット承認する側は今まで紙で確認をしていたが、それも全てネット上で承認ができるようになった。もともと承認者は決めておけるので、自動的に次の者に連絡がいき、支払いまでの期間が当月中になった。
1736,2021/11/16,経理処理がWebで完結する。作成者側は今までは紙で金銭支出書を作り、上長に印鑑をもらっていたがそれが不要になった。経理側は勘定科目は作成者が選択するため科目分けが不要。,全角で入れないとエラーになるが、どこがエラーなのかわからない。該当箇所を赤字にするなどしてほしい。承認者を選択する際に過去入れたことある人はすぐに選べるようにしてほしい。名前を入れて検索するのは手間である。,今まで紙で管理してきたがWeb上で管理でき、印刷費が減り、また管理も容易になった。作成者側もどこでも精算ができるため、交通費が発生した段階で外出時でも申請できることから、申請漏れが減少した。この口コミを詳しく見る,Webで完結する。作成者側は今までは紙で金銭支出書を作り、上長に印鑑をもらっていたがそれが不要になった。経理側は勘定科目は作成者が選択するため科目分けが不要。楽楽精算の改善してほしい点全角で入れないとエラーになるが、どこがエラーなのかわからない。該当箇所を赤字にするなどしてほしい。承認者を選択する際に過去入れたことある人はすぐに選べるようにしてほしい。名前を入れて検索するのは手間である。楽楽精算導入で得られた効果・メリット今まで紙で管理してきたがWeb上で管理でき、印刷費が減り、また管理も容易になった。作成者側もどこでも精算ができるため、交通費が発生した段階で外出時でも申請できることから、申請漏れが減少した。
1737,2021/11/16,これまでは社内で用意されていたExcelシートを利用して精算していたが、記入する項目名を毎回悩んだり、フォームに当て嵌め切れなかった際は枠を広げたり印刷範囲を変更したりと何かと手間だったが、こちらを使う事でその悩みは解消された。,スマートフォンでの入力も問題なく、個人的には使い易いと思うが強いて言えば、精算する内容に関連した明細のPDFや画像などを添付する機能が有れば、精算後の見直しなどで助かります。,精算書には少なからず決まり事があるとしても、その書類作成が個々人にゆだねられている場合、多種多様な形の書類が出来てしまい、管理職や経理などのチェックに無駄な時間が増えるが、楽楽精算を導入することで決まった書式、計算がなされ、且つ承認なども定められたルートが見える様になっている為、精算書の作成者、承認者ともに無駄が削減されていると思う。この口コミを詳しく見る,社内で用意されていたExcelシートを利用して精算していたが、記入する項目名を毎回悩んだり、フォームに当て嵌め切れなかった際は枠を広げたり印刷範囲を変更したりと何かと手間だったが、こちらを使う事でその悩みは解消された。楽楽精算の改善してほしい点スマートフォンでの入力も問題なく、個人的には使い易いと思うが強いて言えば、精算する内容に関連した明細のPDFや画像などを添付する機能が有れば、精算後の見直しなどで助かります。楽楽精算導入で得られた効果・メリット精算書には少なからず決まり事があるとしても、その書類作成が個々人にゆだねられている場合、多種多様な形の書類が出来てしまい、管理職や経理などのチェックに無駄な時間が増えるが、楽楽精算を導入することで決まった書式、計算がなされ、且つ承認なども定められたルートが見える様になっている為、精算書の作成者、承認者ともに無駄が削減されていると思う。
1738,2021/11/15,会社での経費精算システムとして利用しています。今年になってから利用しているのですが、以前と違って全てPDFでの読み込みが基本なのでわざわざレシートを写真で撮って、というような手間が省けました。一気に読み込みをしておいて後からでも精算ができるので、以前に使用していた他社のものよりも比較的に簡単で使いやすいと感じています。,経費精算の際の項目選びで、自分が使用したいものが無い時があるので、自分自身かシステムメンテナンスで新しく〇〇費のように自分で作成できるといいなと思いました。システムの不具合がありましたか？今のところ特にありません。,経費で落とすものを買ってきてから自費で立て替えた金額が戻ってくるのがとても簡単でスピードが早くなった、PDFで取り込み→登録→経費一覧で精算というとてもシンプルな流れで前よりも時間がかからない。以前利用していた製品の解約理由会社判断,CMを行っているし信用できるシステム
1739,2021/11/15,交通費を会社に報告する際に、何々駅から何々駅といった形で検索するだけですぐ交通費や特急代すべてが簡単に確認できるので、いちいちインターネットで確認する手間が省ける。,田舎のバスだと類似駅が多すぎて、確認するのに時間がかかる点と、会社名で入力したとしても、出るときと出ないときがあり誤反応が出る。,楽楽精算を導入するまでは、購入したレシートや精算書を全て貼って本社に報告というものが普通だったため、確認されるまで時間がかかった。承認が下りたとしても交通費が払われるのがかなり後になっていたが、このサービスを導入してから迅速化された。この口コミを詳しく見る,社に報告する際に、何々駅から何々駅といった形で検索するだけですぐ交通費や特急代すべてが簡単に確認できるので、いちいちインターネットで確認する手間が省ける。楽楽精算の改善してほしい点田舎のバスだと類似駅が多すぎて、確認するのに時間がかかる点と、会社名で入力したとしても、出るときと出ないときがあり誤反応が出る。楽楽精算導入で得られた効果・メリット楽楽精算を導入するまでは、購入したレシートや精算書を全て貼って本社に報告というものが普通だったため、確認されるまで時間がかかった。承認が下りたとしても交通費が払われるのがかなり後になっていたが、このサービスを導入してから迅速化された。
1740,2021/11/15,今までは経費が発生すると、紙媒体で承認・申請をしていたが、このシステムを導入後はオンラインでできるようになったので、申請側、承認側どちらも業務の効率につながった。,デフォルトで申請時に印刷のチェックが入っているが、申請はオンライン上で行えるので、申請する際に印刷をする際のみチェックをいれに行くようにしてほしい。,本社と支社で距離があるから、このシステム導入前は、不備があったときのやりとりに時間がかかっていたが、システム上にコメントを残せるようになっているので、非常に楽になった。この口コミを詳しく見る,費が発生すると、紙媒体で承認・申請をしていたが、このシステムを導入後はオンラインでできるようになったので、申請側、承認側どちらも業務の効率につながった。楽楽精算の改善してほしい点デフォルトで申請時に印刷のチェックが入っているが、申請はオンライン上で行えるので、申請する際に印刷をする際のみチェックをいれに行くようにしてほしい。楽楽精算導入で得られた効果・メリット本社と支社で距離があるから、このシステム導入前は、不備があったときのやりとりに時間がかかっていたが、システム上にコメントを残せるようになっているので、非常に楽になった。
1741,2021/11/15,コロナ禍で在宅勤務以前からこちらを利用していましたが、そのときからいつでも経費精算を自分で出せることなどに便利さを感じていました。,うちの会社のシステムなのかもしれませんが、領収書のPDF化をいちいち依頼するのが面倒です。もとからデータ化しているものを登録できたら便利なのですが。システムの不具合がありましたか？今のところとくにありません。,うちの会社では勉強応援制度として書籍購入費用を援助してくれるのですが、その申請がオンラインだといつでもできるところが気に入っています。以前は出張が多く、その交通費の精算もスイカをタッチするだけでできたのも良かったです。この口コミを詳しく見る,在宅勤務以前からこちらを利用していましたが、そのときからいつでも経費精算を自分で出せることなどに便利さを感じていました。楽楽精算の改善してほしい点うちの会社のシステムなのかもしれませんが、領収書のPDF化をいちいち依頼するのが面倒です。もとからデータ化しているものを登録できたら便利なのですが。システムの不具合がありましたか？今のところとくにありません。楽楽精算導入で得られた効果・メリットうちの会社では勉強応援制度として書籍購入費用を援助してくれるのですが、その申請がオンラインだといつでもできるところが気に入っています。以前は出張が多く、その交通費の精算もスイカをタッチするだけでできたのも良かったです。
1742,2021/11/15,商品名の通り、楽々に精算できる機能である。隙間時間にできて記録も残るので、メモの必要性もなしで楽ちん。,機能が多く、使いこなすには少し時間がかかる。無駄な機能を省くか、使い方マニュアルや動画があればもっと助かる。システムの不具合がありましたか？特になかったです。,経費等を精算する際に、以前は紙で記入して書いていたが、パソコン上で行うことで無駄な紙が必要なくなった。コスト削減にもなった。,ペーパレスなので、時間削減と環境に優しい。
1743,2021/11/15,今まで会社では精算伝票を使用していましたが、導入後は不要になり、記入とチェックに割いていた時間の大幅な短縮になり、業務改善につながりました。,最初は慣れるのに時間がかかることもあり、よく使い慣れている人が他の人に教えなければいけないというのが困りました。マニュアルをわかりやすくしたり、年齢層の上の人にもわかりやすいツールになるとよりうれしい。システムの不具合がありましたか？特にありませんでした。,交通費精算の際、乗り換え案内をわざわざ調べてから記入する必要がなく、勝手に定期券内のエリアの金額を引いてくれるのが便利です。ただ紙で記入する必要がなくなっただけでなく、こういった細かい作業を減らせたのはうれしい。この口コミを詳しく見る,では精算伝票を使用していましたが、導入後は不要になり、記入とチェックに割いていた時間の大幅な短縮になり、業務改善につながりました。楽楽精算の改善してほしい点最初は慣れるのに時間がかかることもあり、よく使い慣れている人が他の人に教えなければいけないというのが困りました。マニュアルをわかりやすくしたり、年齢層の上の人にもわかりやすいツールになるとよりうれしい。システムの不具合がありましたか？特にありませんでした。楽楽精算導入で得られた効果・メリット交通費精算の際、乗り換え案内をわざわざ調べてから記入する必要がなく、勝手に定期券内のエリアの金額を引いてくれるのが便利です。ただ紙で記入する必要がなくなっただけでなく、こういった細かい作業を減らせたのはうれしい。
1744,2021/11/15,交通費の計算がワンタッチで計算できて、その検索結果がそのまま出張申請に使えるところ。慣れれば申請があっという間にできる。,慣れるまで使い勝手が悪いと誤解してしまった。慣れなくてもどうすればよいか簡単に分かるようなユーザーインターフェースにして欲しい。また、承認者がなかなか承認してくれないことがあった。承認者に対して通知する方法としてメール以外に何か無いのか？,同じ様な出張申請は過去履歴を利用できるので、申請書作成のための時間を大幅に短縮できること。また、承認者としてブラウザで操作するだけで判子も要らず楽である。,総務部門は楽になるでしょうね！
1745,2021/11/14,交通費や経費の申請なども以前よりも簡単にできるようになった。複数の移動も一回の申請でまとめてできる点。,知らないだけかもしれませんが、交通費申請をする際、別のアプリで交通費を調べ手入力しなければいけない点。乗車駅と降車駅から検索、または候補が出てくるとなお良い。,項目分けされているところから選択していくところが多いので、文字の入力、また他部署に提出に行くといったこともなくなり、精算の時短に繋がっている。この口コミを詳しく見る,費の申請なども以前よりも簡単にできるようになった。複数の移動も一回の申請でまとめてできる点。楽楽精算の改善してほしい点知らないだけかもしれませんが、交通費申請をする際、別のアプリで交通費を調べ手入力しなければいけない点。乗車駅と降車駅から検索、または候補が出てくるとなお良い。楽楽精算導入で得られた効果・メリット項目分けされているところから選択していくところが多いので、文字の入力、また他部署に提出に行くといったこともなくなり、精算の時短に繋がっている。
1746,2021/11/14,web上で精算が完結するのが便利。データのみでも十分だし、ペーパー管理が良ければ印刷することもできる。交通費精算もICカードを紐付けたり、検索で簡単に運賃が計算できて便利。,部門ごとで起票することができるが、その際に起票者が誰か特定することが出来ない点。起票時に元々特定出きるとより良い。,承認ルートが設定でき、承認者に通知が自動で行くので承認フローがスムーズに回って業務が効率化している。この口コミを詳しく見る,精算が完結するのが便利。データのみでも十分だし、ペーパー管理が良ければ印刷することもできる。交通費精算もICカードを紐付けたり、検索で簡単に運賃が計算できて便利。楽楽精算の改善してほしい点部門ごとで起票することができるが、その際に起票者が誰か特定することが出来ない点。起票時に元々特定出きるとより良い。楽楽精算導入で得られた効果・メリット承認ルートが設定でき、承認者に通知が自動で行くので承認フローがスムーズに回って業務が効率化している。
1747,2021/11/14,従業員が立替精算をする際にレシートを読み込むことで、支払先・金額を正確に読み取ってくれます。申請し、承認完了、支払が決定するとメール通知されるので便利です。,先にレシートを読み込まないといけない点がわかりにくいです。申請をする過程の中でレシートを読み込むことができればよいと思います。システムの不具合がありましたか？特にありません。,経理をしている立場からの意見です。これまで従業員の立替精算はエクセルの紙のデータをもらって、それを経費システムに手入力をしていましたが、それがcsvで取り込めて、使用しているシステムに簡単に連動できるので圧倒的に時間短縮できました。,経理担当者は圧倒的に楽になるので導入を検討してみてください。
1748,2021/11/14,社員数が多ければ多いほど、個々の経費精算の集計を紙で提出し手計算しなくていいので助かると思います。その経費からの会計ソフトへの仕訳の入力もあとで1つ1つ入力する手間が省け、一括で出来てしまうのが素晴らしい機能です。,本人はきちんと申請をあげて承認まで終わっているつもりでも、何かの手順が欠けているのかこちらに載ってこないことがあり、支払いもれが起きてしまうことが多々あるので、その辺の確認がしやすいといいなと思います。システムの不具合がありましたか？添付されている領収書のPDFが開けなかったり。その表示されない真っ黒の画面が何をしても閉じられなくてシャットダウンしないとどうにもならないです。,経費精算の紙や領収書の保管が必要なくなったのは助かっていて、今まで保管用に用意していたファイルも不要になりました。,社員がきちんと申請してくれれば領収書の紙保管がなくなるので良いです。
1749,2021/11/14,交通費精算や健康診断費用などの精算に使っています。テレワークですが、領収書は写真をアップロードすれば添付可能なので便利です。,交通費の乗換案内からの入力がちょっとわかりにくく、もう少し入力方法を分かりやすくした方が良いと思います。システムの不具合がありましたか？今のところありません。,紙ベースでの申請が不要になったことと、申請から承認がどこまで進んだか確認できる点。同じルートはコピー入力できること。この口コミを詳しく見る,や健康診断費用などの精算に使っています。テレワークですが、領収書は写真をアップロードすれば添付可能なので便利です。楽楽精算の改善してほしい点交通費の乗換案内からの入力がちょっとわかりにくく、もう少し入力方法を分かりやすくした方が良いと思います。システムの不具合がありましたか？今のところありません。楽楽精算導入で得られた効果・メリット紙ベースでの申請が不要になったことと、申請から承認がどこまで進んだか確認できる点。同じルートはコピー入力できること。
1750,2021/11/13,パソコンで申請出来るので紙ベースが必要なくなり、上司の承認が早くなった。更にはエスディジーズの一つとして会社の仕組みになった。,自動検索機能の精度がもう少しあがるとよいです。何時ルート検索してもあさってのルートが出てきて、探すのが大変です。,財務の処理スピードが上がり人員の削減に貢献出来ている。手入力だとあと２名は増員していたと考えられる。,最初は違和感がありますが慣れてくると使いやすいです。
1751,2021/11/13,導入前、期間は決まっているが専任サポートがつくこと。有名タレントを使いCMなどでPRされているので、それなりの認知度がある。,モバイルsuicaを使っている人はICリーダーから対応するかなどしないと取り込めないのが不便。そこは改善をして欲しいと思います。また、操作によってはスマホとPCを併用させないといけない点も不便。例えば、スマホの場合、ICカードで取り込んだデータを一括選択できないなど。サポートも導入前は専属の方がついてくれる点は良いのですが、その後はメールのみとなり、電話ができない点は充実したサポートとは言い難いです。例えば、こちらは分からないことがあって、サポートに相談するも最終的にはマニュアルサイトを見れば分かるでしょ的な案内になってしまうときがあります。他社ではマニュアルがあっても、分からないことは何でもお気軽に聞いてという対応をしていただきました。もちろん電話相談もできます。それと比べると充実したサポートとは言えないと思います。料金も決して安いとは言い切れません。近しいサービスでより安価なものもあります。それなりの価格ですので、不便をより解消してもらいたいです。,現場からしたら、今までは手書きやExcelの申請用紙を印刷し直接経費申請していたのが、スマホで申請ができるので、申請のしやすさは高まったと思います。この口コミを詳しく見る,間は決まっているが専任サポートがつくこと。有名タレントを使いCMなどでPRされているので、それなりの認知度がある。楽楽精算の改善してほしい点モバイルsuicaを使っている人はICリーダーから対応するかなどしないと取り込めないのが不便。そこは改善をして欲しいと思います。また、操作によってはスマホとPCを併用させないといけない点も不便。例えば、スマホの場合、ICカードで取り込んだデータを一括選択できないなど。サポートも導入前は専属の方がついてくれる点は良いのですが、その後はメールのみとなり、電話ができない点は充実したサポートとは言い難いです。例えば、こちらは分からないことがあって、サポートに相談するも最終的にはマニュアルサイトを見れば分かるでしょ的な案内になってしまうときがあります。他社ではマニュアルがあっても、分からないことは何でもお気軽に聞いてという対応をしていただきました。もちろん電話相談もできます。それと比べると充実したサポートとは言えないと思います。料金も決して安いとは言い切れません。近しいサービスでより安価なものもあります。それなりの価格ですので、不便をより解消してもらいたいです。楽楽精算導入で得られた効果・メリット現場からしたら、今までは手書きやExcelの申請用紙を印刷し直接経費申請していたのが、スマホで申請ができるので、申請のしやすさは高まったと思います。
1752,2021/11/12,Webで完結するという点と、駅探の経路検索ともリンク可能で、楽々精算から実際に使用した経路を駅名検索して料金を入力できる。,上記の経路探索において、電車、バス、タクシーなどの選択肢をプルダウンから選択してから行うUIだが、デフォルトが空白になっており、電車をいちいち選択しなければならない。電車を初期値にするようにできるなどのチューニングができるようにしてほしい。,会社独自のExcelと運用ルールで、運用されていた経費精算がWeb化され、毎月の入力業務の負担が軽減された。この口コミを詳しく見る,結するという点と、駅探の経路検索ともリンク可能で、楽々精算から実際に使用した経路を駅名検索して料金を入力できる。楽楽精算の改善してほしい点上記の経路探索において、電車、バス、タクシーなどの選択肢をプルダウンから選択してから行うUIだが、デフォルトが空白になっており、電車をいちいち選択しなければならない。電車を初期値にするようにできるなどのチューニングができるようにしてほしい。楽楽精算導入で得られた効果・メリット会社独自のExcelと運用ルールで、運用されていた経費精算がWeb化され、毎月の入力業務の負担が軽減された。
1753,2021/11/12,最も良い点は、手入力が不要で、自動で申請内容を仕分けてくれる点です。楽楽精算を使用する以前と比べて、残業時間が減りました！,初期設定が少し難解でした。ひたすらマニュアルの通りにやり、なんとか設定できましたが、60代の上司は頭を抱えていました。システムの不具合がありましたか？ごく稀にですが、OCR入力に失敗する時があります。,メリットとしては、経費の作業時間が減りました。例えば、以前はデータ入力時にミスがあれば、担当者に逐一報告していたため、手間と時間がかかりました。サービス導入後は、ルールに該当しないデータを自動でシャットアウトしてくれるため、その手間が省けました。,手入力作業に嫌気が刺した方にはおすすめです。
1754,2021/11/11,あくまで利用者側からの意見であり、経理側の意見ではありません。利用者側からすると以前はフォーマットに書いて経費を精算していましたが、今では楽楽精算で打ち込んでプリントアウトしてレシートを貼りつけて提出します。自分で書くことがなくなったので、少しは時短になったのかなと。経理側の作業はとても少なくなるらしいので、全体の生産性は上がっているのかなと思います。,経理側にとって楽楽なのは充分わかりますが、経費精算を依頼するこちら側の手間はそんなに楽楽になってないのが少し残念ではあります。,交通費の精算などは、区間を打ち込むだけで自動的に料金を計算してくれるのでそれはとても楽です。また、合計額も勝手に算出してくれるので手間が減って助かってます。この口コミを詳しく見る,用者側からの意見であり、経理側の意見ではありません。利用者側からすると以前はフォーマットに書いて経費を精算していましたが、今では楽楽精算で打ち込んでプリントアウトしてレシートを貼りつけて提出します。自分で書くことがなくなったので、少しは時短になったのかなと。経理側の作業はとても少なくなるらしいので、全体の生産性は上がっているのかなと思います。楽楽精算の改善してほしい点経理側にとって楽楽なのは充分わかりますが、経費精算を依頼するこちら側の手間はそんなに楽楽になってないのが少し残念ではあります。楽楽精算導入で得られた効果・メリット交通費の精算などは、区間を打ち込むだけで自動的に料金を計算してくれるのでそれはとても楽です。また、合計額も勝手に算出してくれるので手間が減って助かってます。
1755,2021/11/11,私は書類を管理する側ではなく、提出する側です。また、本社勤務ではなく、お客様先企業に常駐して働いています。そのため、これまでは、本社に書類提出する際は、まずExcel等でデータ作成したうえでそれを保存し、メールに添付して送信する、という手間がありこれがなかなか面倒で提出が億劫でした。しかし、楽楽精算が導入されてからは指示に従って入力項目を入れ、「提出」というようなボタンを押すだけで、非常に気分的に楽になりました。これまでの作成したデータを保存する、それをメールに添付する、という手間が省けた以外にも、メールの本文を作成するという地味に面倒な作業もなくなったため、提出するまでの心理的ハードルが下がり、提出を後回しにすることがなくなったと思います。楽楽精算を導入してもらって本当にありがたかったです。,書類のタイトルか何かで、カタカナだけなぜか半角で入力しないといけない箇所があったので、全角カタカナでも入力できるようにするか、もっとわかりやすく注意書きを書いてほしいです。初めて提出しようとした際、カタカナは半角でないといけないことに気づかずタイトルを入力してしまい、提出しようとするとエラーが出てしまいました。しかし注意書き？のようなものが非常にわかりづらく、初めはどこが間違っているのかわからなかったため、「提出」ボタンをクリックしては「なぜできないのか？」と考え込むのを３～4回繰り返してしまい、非常に時間のロスでした。システムの不具合がありましたか？まだ導入して２か月程度というのもあり、大きなトラブル等は特にありません。,入力画面と会社が指示した入力テンプレートに沿って入力し、提出するためのボタンをクリックするだけなので、提出する側の心理的負担が減ります。それによって、提出するのが早くなるので、提出が期限ぎりぎりになったり、期限を過ぎてしまうことが減ります。きっと、提出される側も非常に楽だろうと思います。また、もう一つ書類を受け取る側のメリットとして、これまではメールで提出していたため、誰かが何かを提出するたびにメールボックスがいっぱいになっていたと思うのですが、楽楽精算にしてからは受信メールが減り、重要なほかのメールを見落としたりすることやそのリスクがが減ったのではないのでしょうか。,紙の書類や、Excel・Wordデータの書類管理に日々追われている、cmの横澤夏子さんのような方（笑）にお勧めです。
1756,2021/11/11,本システム導入前まではExcelでの申請処理でした。「入力者の間違いを確認・是正する手間」「経路妥当性確認の手間」「会計システムへの連携性の悪さ」など、問題山積でした。導入後は全くこの辺りは感じません。現場側も経理側も、相当にムダ削減ができたと思います。,経費の精算入力をする際の画面遷移は改善の余地があると思いました。トップ画面から別画面(明細入力画面)が開いた時、その画面の中に既にフィールドが準備されていて、すぐに入力できる様にした方が良いと思います。そもそも明細を入力する目的で別画面を開いているので、「明細追加」ボタンは不要と思います(1アクション余分であるのと同時に、慣れていない人に取っては判りにくい)。,上記の「良い点」に書いた通りの、山積する問題を適切に解決できるシステムだと思います。文字に書くと短くなりますが、削減できた時間コストは計り知れず大きいと思います。使用年数が増えれば増えるほど、投資対効果が増大して行く事になるので、非常に助かります。導入前に実在していた、部下がExcelの申請書を見ながら別画面で経路探索ソフトを起動して確認していたり、電話で間違い是正を指示していると言うシーンをいまだに覚えていますが、時間だけでなく、精神的負荷も相当に軽減されているのは間違いありません。TVCMはバラエティ的に表現されていますが、当時はCMみたいな状況が現場では本当に起きていましたので。,とにかく経費に関する現場・経理の処理を軽減したいなら、迷わず導入です。TVCMじゃないですが、導入も運用も楽ですよ。
1757,2021/11/11,設定さえされていればタブで色々選択するだけなので、非常に簡単に経費申請することが可能。確認する側も苦労せずに確認が可能。,現状、全て申請できているので特に問題ないが、書類提出が必要なものはスキャンした書類が添付できるような機能はあったか不明。,今まで会社から指定されたフォーマットに手書きや入力したものをメールに添付して送信し経費申請していたが、システムにアクセスして提出するだけなので入力側の手間も非常に減った。この口コミを詳しく見る,れていればタブで色々選択するだけなので、非常に簡単に経費申請することが可能。確認する側も苦労せずに確認が可能。楽楽精算の改善してほしい点現状、全て申請できているので特に問題ないが、書類提出が必要なものはスキャンした書類が添付できるような機能はあったか不明。楽楽精算導入で得られた効果・メリット今まで会社から指定されたフォーマットに手書きや入力したものをメールに添付して送信し経費申請していたが、システムにアクセスして提出するだけなので入力側の手間も非常に減った。
1758,2021/11/10,交通費精算など、一度入力した内容がコピーできるのは便利です。都度入力する手間が省ける点は、良いと思います。,申請ボタンを一度開いて別のタブで何か操作すると、ページがホーム画面に戻ってしまうのが少し不便です。作成途中のものがやり直しになってしまうので、内容を一時保存するのが少し面倒に感じます。,在宅勤務になってから、毎月出社日だけ交通費精算の申請をするため、通勤ルートの入力内容を複製できるのは助かっています。,申請が楽です
1759,2021/11/10,とにかく楽。各種精算がシステム上でできるので、今まで何の精算をしたか履歴も見られるし、コピーもできるし、本当に楽の一言です。,特にこれと言った不満はないですが、強いて言えば、モバイルでのユーザビリティがちょっと低いように感じます。,とにかく精算にかかる時間が大幅に短縮されましたし、不備で経理から突っ込まれることが全く無くなったのが本当に嬉しいです。,使う方も経理も楽だと思います。
1760,2021/11/10,この製品が導入されてから、毎月月末に追われていた経費精算処理が製品の名前の通り、楽々処理することが可能になりました。営業は毎日の交通費を精算しますが、アプリにICカードを読み取らせることで、交通履歴が簡単に登録されるため、一括して精算できるようになり、楽々精算が導入されて良かったと感じます。,動作が遅い、アプリから領収書がアップロード出来ない等の不具合が時々起こるため、システム改善をして頂きたいです。,これまでは、領収書を社内の経費申請書に貼り付けて処理していましたが、領収書を携帯のカメラで撮影し、楽楽精算にアップロードすることで経費申請ができるようになったため、どこからでも申請できるようになったことは、働き方改善に繋がりました。この口コミを詳しく見る,導入されてから、毎月月末に追われていた経費精算処理が製品の名前の通り、楽々処理することが可能になりました。営業は毎日の交通費を精算しますが、アプリにICカードを読み取らせることで、交通履歴が簡単に登録されるため、一括して精算できるようになり、楽々精算が導入されて良かったと感じます。楽楽精算の改善してほしい点動作が遅い、アプリから領収書がアップロード出来ない等の不具合が時々起こるため、システム改善をして頂きたいです。楽楽精算導入で得られた効果・メリットこれまでは、領収書を社内の経費申請書に貼り付けて処理していましたが、領収書を携帯のカメラで撮影し、楽楽精算にアップロードすることで経費申請ができるようになったため、どこからでも申請できるようになったことは、働き方改善に繋がりました。
1761,2021/11/10,よく交通費の申請で使いますが、履歴からコピーして作成でき、後は日付を変えるだけなどとても簡単に使用できます。,領収書が2枚以上になった時など、1点しかファイル添付できないので困った記憶があります。その時は分けて申請しないといけないです。また、知らないだけかもしれませんが、交通費を調べるのが面倒な時があるので、路線入力すると候補が出るなどあればありがたいなと思います。,経費精算はメイン業務でないのでできれば早く済ませたいですが、名前の通り楽にできるので時間がかからず縁の下の力持ち的な感じで助かっています。この口コミを詳しく見る,の申請で使いますが、履歴からコピーして作成でき、後は日付を変えるだけなどとても簡単に使用できます。楽楽精算の改善してほしい点領収書が2枚以上になった時など、1点しかファイル添付できないので困った記憶があります。その時は分けて申請しないといけないです。また、知らないだけかもしれませんが、交通費を調べるのが面倒な時があるので、路線入力すると候補が出るなどあればありがたいなと思います。楽楽精算導入で得られた効果・メリット経費精算はメイン業務でないのでできれば早く済ませたいですが、名前の通り楽にできるので時間がかからず縁の下の力持ち的な感じで助かっています。
1762,2021/11/10,定期区間を予め登録しておくと、それに準じた区間の金額計算をしてくれます。よく使う区間の登録もできるので、毎月楽に申請できます。,明細を追加する際に、目的地＞乗り換え案内起動＞決定ボタンとステップが少し多いので、もう少し楽に入力できたら助かります。,運賃の金額が変更になった際や、定期区間の金額の差し引き確認をしなくてよくなったことでメリットを得られていると思います。この口コミを詳しく見る,予め登録しておくと、それに準じた区間の金額計算をしてくれます。よく使う区間の登録もできるので、毎月楽に申請できます。楽楽精算の改善してほしい点明細を追加する際に、目的地＞乗り換え案内起動＞決定ボタンとステップが少し多いので、もう少し楽に入力できたら助かります。楽楽精算導入で得られた効果・メリット運賃の金額が変更になった際や、定期区間の金額の差し引き確認をしなくてよくなったことでメリットを得られていると思います。
1763,2021/11/09,主に旅費精算で使用しています。精算に必要な情報をプルダウン形式で選択するだけですので、入力ミスがありません。,連日同じ経路で移動した交通費を一括で精算できず、日毎に同じ内容を入力する必要がある。あまり無いケースですが、煩わしいです。,通勤定期区間を含む電車移動時の交通費精算など、ややこしい計算も自動で計算してくれるなど優れた機能があり、精算処理のやり直しが劇的に改善した。この口コミを詳しく見る,算で使用しています。精算に必要な情報をプルダウン形式で選択するだけですので、入力ミスがありません。楽楽精算の改善してほしい点連日同じ経路で移動した交通費を一括で精算できず、日毎に同じ内容を入力する必要がある。あまり無いケースですが、煩わしいです。楽楽精算導入で得られた効果・メリット通勤定期区間を含む電車移動時の交通費精算など、ややこしい計算も自動で計算してくれるなど優れた機能があり、精算処理のやり直しが劇的に改善した。
1764,2021/11/09,多彩にカスタマイズができるので、管理したい項目を簡単に追加することができました。また、会計ソフトとも柔軟に連携できるため、現行業務を変更することなく移行することができました。,当月利用しない場合もランニング費用が発生するため、１ユーザ分が高くても利用者数に応じた従量課金制度を導入してほしいです。システムの不具合がありましたか？サポートも充実しているため、特にありません。,経費精算業務にかかるコスト、一月あたり20時間を削減することができ経理の残業時間を削減することができました。,管理したい項目を簡単にカスタマイズできるので、パソコンに詳しくなくても簡単に設定することができました。
1765,2021/11/09,私の会社では経費精算に表計算ソフトを使用しており、伝票管理の労力や実績データが分析しにくいなどが不効率でした。楽楽精算の導入でそれが一気に解決しました。,楽楽精算を導入して一年以上経ちますが、今のところ利用していて困ったことや改善点などは特になく、満足して利用させて頂いてます。,伝票管理が不要になり、経理部門の人員がほぼ半減できました。また、摘要欄のキーワードなどを利用して実績データの詳細分析がやり易くなり、予実管理による経費全般の抑制に活用できています。「楽楽精算」導入の決め手クラウド対応です。,伝票レスとデータ活用です。実体験です。
1766,2021/11/09,これまでパソコンで独自システムで経費精算をしていましたが、このシステムを導入しスマホで経費精算できるようになりました。レシートを写真で入力できたり本当に短時間でできます。,モバイルスイカを使用しているからかもしれませんが、たまに接触が悪く電車賃が反映しないときがあるのでそこだけ改善してほしいです。,こまめに経費精算ができるようになったので、精算漏れがなくなったり、精算にかかる時間が短縮され生産性が向上しました。この口コミを詳しく見る,ソコンで独自システムで経費精算をしていましたが、このシステムを導入しスマホで経費精算できるようになりました。レシートを写真で入力できたり本当に短時間でできます。楽楽精算の改善してほしい点モバイルスイカを使用しているからかもしれませんが、たまに接触が悪く電車賃が反映しないときがあるのでそこだけ改善してほしいです。楽楽精算導入で得られた効果・メリットこまめに経費精算ができるようになったので、精算漏れがなくなったり、精算にかかる時間が短縮され生産性が向上しました。
1767,2021/11/09,各担当にExcelベースの伝票を発行させ、インプット作業要員が期間業務システムにインプットしていましたが、各担当が直接楽楽精算に入力するので、インプット作業が不要となり、乗換案内連携機能いより、交通費の過剰請求や計算ミスも撲滅されました。,交通費については、お気に入り登録をすると都度呼び出しが出来て便利ですが、経費の入力についてはお気に入りの登録機能が無いので、過去伝票を参照しコピーしています。交通費同様の登録が出来るよう改善を希望します。,出張先などの出先からでも各担当がインプット作業を自身で行えるため、月次決算の早期化にも寄与しています。「楽楽精算」導入の決め手固定費が安い。,紙ベースの作業を撲滅できます。
1768,2021/11/09,これまでは紙の申請でしたが、インターネットよりPCでもスマホでも、24時間365日申請が可能になった点。,旅費精算でよく使用するルートが登録できるとか、経費精算でよく使用する物品を登録できるとかの「お気に入り」の登録ができればいい。システムの不具合がありましたか？慣れれば大丈夫ですが、経費精算時に領収書の撮影のテクが必要です。,テレワーク推奨の時代に会社に出社しなくとも処理できることはクラウドサービス導入のメリットであり、必須な業務フローとなっています。処理する側も必要最低限の出社でよくなるし、他のシステムとの連携が加速されることのきっかけにもなります。,使用者も処理者・管理者もそれこそ「楽楽」になります。
1769,2021/11/09,交通費精算は乗換案内のサイトと連携しており、出発駅と到着駅を入れると候補が出てクリックするだけで計算が完了して便利。,テレワークなどで請求書を貼り付けて提出する事がないように、請求書を写真や画像を簡単にアップロードできる機能がほしい。,企業ごとのメニューにもよるが、請求書発行も楽楽精算からできて手間がかからない。承認フローも確認して承認すれば次の承認者に飛ぶので手間が削減。この口コミを詳しく見る,は乗換案内のサイトと連携しており、出発駅と到着駅を入れると候補が出てクリックするだけで計算が完了して便利。楽楽精算の改善してほしい点テレワークなどで請求書を貼り付けて提出する事がないように、請求書を写真や画像を簡単にアップロードできる機能がほしい。楽楽精算導入で得られた効果・メリット企業ごとのメニューにもよるが、請求書発行も楽楽精算からできて手間がかからない。承認フローも確認して承認すれば次の承認者に飛ぶので手間が削減。
1770,2021/11/09,ぱっと見直観的に操作ができ入力可能な点と、どこで経費承認が止まっているか一目でわかるので承認遅延の督促及び確認ができる点。,慣れれば使いやすいが、初めての人は非常に分かりにくく画面上で流れのサポートをシステム上でアラート表示ができていると、操作説明が簡略化できること。,紙ベースだとファイルしてやスキャンして保存をしていたが、Web上で一括経費管理が出来るので、整理や管理する手間が省けるようになった。この口コミを詳しく見る,観的に操作ができ入力可能な点と、どこで経費承認が止まっているか一目でわかるので承認遅延の督促及び確認ができる点。楽楽精算の改善してほしい点慣れれば使いやすいが、初めての人は非常に分かりにくく画面上で流れのサポートをシステム上でアラート表示ができていると、操作説明が簡略化できること。楽楽精算導入で得られた効果・メリット紙ベースだとファイルしてやスキャンして保存をしていたが、Web上で一括経費管理が出来るので、整理や管理する手間が省けるようになった。
1771,2021/11/09,当社は親会社のワークフローシステムを使えない環境下にあるので、経費精算だけでなく、稟議、発注をはじめとする決裁権限表にある事項をほぼすべて楽楽精算で対応しています。個別の要件に応じたカスタマイズもされており、名称から来る経理ソフトのイメージ以上の幅の広さがあります。,過去の履歴をコピーして再利用できる機能があるとうれしいです。(当社においてロックをかけているだけかもしれませんが),紙決裁がなくなったこともあり、決裁プロセスを起票段階から管理できるため、決裁プロセス上の過誤がなくなった(金融機関に勤める者としてはとても大事)。また反社チェックの実施有無を後追いでも行っているところ、当月の確認の母集団を漏れなく把握でき、総じて内部統制の精度向上に貢献している。この口コミを詳しく見る,社のワークフローシステムを使えない環境下にあるので、経費精算だけでなく、稟議、発注をはじめとする決裁権限表にある事項をほぼすべて楽楽精算で対応しています。個別の要件に応じたカスタマイズもされており、名称から来る経理ソフトのイメージ以上の幅の広さがあります。楽楽精算の改善してほしい点過去の履歴をコピーして再利用できる機能があるとうれしいです。(当社においてロックをかけているだけかもしれませんが)楽楽精算導入で得られた効果・メリット紙決裁がなくなったこともあり、決裁プロセスを起票段階から管理できるため、決裁プロセス上の過誤がなくなった(金融機関に勤める者としてはとても大事)。また反社チェックの実施有無を後追いでも行っているところ、当月の確認の母集団を漏れなく把握でき、総じて内部統制の精度向上に貢献している。
1772,2021/11/09,社内旅費規程が反映された日当及び宿泊費の自動計算が可能で、申請ー承認の流れも明確。職級に応じた割り増しや、早朝・深夜の出発帰着による変動にも対応でき、エクセル時代にあった差し戻しも無くなりました。過去申請の検索もできて便利。,やはり領収書の添付問題を改善してほしい。現状では申請して領収書がある場合は申請書を印刷し、領収書を添付して承認ルートに従って提出している。カメラやスマホ連携した領収書の電子添付に対応できればさらにペーパーレスが進む。システムの不具合がありましたか？過去の申請を削除できない。,数年前まではエクセルで各自社内旅費規程とにらめっこしたり、詳しいアシスタントに聞いて紙で提出していた。楽楽精算になったことでその手間がなくなり、今ではそのアシスタントは全く別の業務ができている。ペーパーレスだけでなく、個人ＰＣのエクセル文書も不要となった。また、出張前の旅費申請を必須としたことにより、旅費や日程の事前把握を上司と共有できるだけでなく、部署内で準備の意識向上のきっかけにもなった。,まず試用してみるのが良い
1773,2021/11/09,これまでは請求書等を添付して紙ベースで経理担当に提出する必要があったのですが、最低限の紙ベースで業務推進できるのが最大のメリットです。,まだそれほど使用したことはないのですが、入力事項が多いですので１回入力したものをパソコン上で覚えておけるような機能が備わると、さらに魅力的になるのではと思います。,物品購入や出張の際には、先に立て替えておいて後ほど精算ということが多かったのですが、このシステムの導入により、現金が行き交うことがなくなりすごく便利に感じています。この口コミを詳しく見る,請求書等を添付して紙ベースで経理担当に提出する必要があったのですが、最低限の紙ベースで業務推進できるのが最大のメリットです。楽楽精算の改善してほしい点まだそれほど使用したことはないのですが、入力事項が多いですので１回入力したものをパソコン上で覚えておけるような機能が備わると、さらに魅力的になるのではと思います。楽楽精算導入で得られた効果・メリット物品購入や出張の際には、先に立て替えておいて後ほど精算ということが多かったのですが、このシステムの導入により、現金が行き交うことがなくなりすごく便利に感じています。
1774,2021/11/09,会社の社有車の立替経費で利用していますが、以前はレシートを紙に貼り付けて、割印押して…など煩わしい作業が、スマホでレシートをアップロードする事で文字通り楽に申請出来る。承認する側も一括承認が出来て、押印作業が省ける＆どこでもいつでも確認出来る。,申請の項目を毎回選択しないといけないので、ブックマーク機能などあれば更に効率的に申請出来ると思う。あとレシートの名前を読み間違える事は改善してもらいたい。,申請する側のメリットは紙の申請書に糊つけ、割印などしなくていいので効率的になった。承認する側のメリットとしては承認の押印が不要なので、会計担当のパートさんに確認してもらって、翌日一括承認できて非常に効率的になった。この口コミを詳しく見る,車の立替経費で利用していますが、以前はレシートを紙に貼り付けて、割印押して…など煩わしい作業が、スマホでレシートをアップロードする事で文字通り楽に申請出来る。承認する側も一括承認が出来て、押印作業が省ける＆どこでもいつでも確認出来る。楽楽精算の改善してほしい点申請の項目を毎回選択しないといけないので、ブックマーク機能などあれば更に効率的に申請出来ると思う。あとレシートの名前を読み間違える事は改善してもらいたい。楽楽精算導入で得られた効果・メリット申請する側のメリットは紙の申請書に糊つけ、割印などしなくていいので効率的になった。承認する側のメリットとしては承認の押印が不要なので、会計担当のパートさんに確認してもらって、翌日一括承認できて非常に効率的になった。
1775,2021/11/09,スマホで領収書を撮影することで、店名や金額等が自動入力されるため、入力する内容をこれまでよりも減らすことができたと思います。,スマホアプリでの領収書作成機能について、画面で表示されるエリア以上に撮影されているので、撮影範囲を決めにくいです。表示と撮影範囲を揃えて欲しいです。システムの不具合がありましたか？スマホアプリで領収書の撮影ができなくなったことがありました。,領収書を撮影し、店名や金額等が自動入力されることで、入力業務の時間短縮になっていると思います。特に精算業務が多い営業は、業務効率化により、本来の営業活動に時間を使えるようになっていると思います。この口コミを詳しく見る,収書を撮影することで、店名や金額等が自動入力されるため、入力する内容をこれまでよりも減らすことができたと思います。楽楽精算の改善してほしい点スマホアプリでの領収書作成機能について、画面で表示されるエリア以上に撮影されているので、撮影範囲を決めにくいです。表示と撮影範囲を揃えて欲しいです。システムの不具合がありましたか？スマホアプリで領収書の撮影ができなくなったことがありました。楽楽精算導入で得られた効果・メリット領収書を撮影し、店名や金額等が自動入力されることで、入力業務の時間短縮になっていると思います。特に精算業務が多い営業は、業務効率化により、本来の営業活動に時間を使えるようになっていると思います。
1776,2021/11/09,今まで請求書や領収書の原本がないと、申請内容との確認ができなかったですが、楽楽精算だと請求書・領収書のコピーを添付するため申請内容を確認する者が離れた場所にいてもすぐに確認ができる。,一度請求書・領収書で取り込んだものにサインをし忘れていて修正しても、再度取り込みなおして登録をし直さなければいけないのが手間です。精算する前のものは、差し替えができるとありがたいです。,申請内容を確認する際、出張申請から手修正を加えたことがすぐにわかるため、注意して見ようとすることでミスを見逃しにくくなりました。この口コミを詳しく見る,書や領収書の原本がないと、申請内容との確認ができなかったですが、楽楽精算だと請求書・領収書のコピーを添付するため申請内容を確認する者が離れた場所にいてもすぐに確認ができる。楽楽精算の改善してほしい点一度請求書・領収書で取り込んだものにサインをし忘れていて修正しても、再度取り込みなおして登録をし直さなければいけないのが手間です。精算する前のものは、差し替えができるとありがたいです。楽楽精算導入で得られた効果・メリット申請内容を確認する際、出張申請から手修正を加えたことがすぐにわかるため、注意して見ようとすることでミスを見逃しにくくなりました。
1777,2021/11/09,色んなソフトや、アプリがあるが個人的に1番シンプルで使いやすいと思った。経費精算って聞くと難しそうだが全然そんなことなかった。,今のところそんなに困っていないため、これといって改善点は特にございません。何か出てきたら問い合わせます。,以前は領収書集めて、書類に記入して、経理に提出してという作業をしていたが、全てオンライン上で完結するので効率よく作業できるようになった。この口コミを詳しく見る,トや、アプリがあるが個人的に1番シンプルで使いやすいと思った。経費精算って聞くと難しそうだが全然そんなことなかった。楽楽精算の改善してほしい点今のところそんなに困っていないため、これといって改善点は特にございません。何か出てきたら問い合わせます。楽楽精算導入で得られた効果・メリット以前は領収書集めて、書類に記入して、経理に提出してという作業をしていたが、全てオンライン上で完結するので効率よく作業できるようになった。
1778,2021/11/09,経費計算が、とても楽にできるようになりました。suicaの一括読み取り機能は交通費の精算にとても便利だと思いました。,特にありませんが、強いて言うなら、少し見にくいと思います。もう少し大きな文字で、表示してほしいと思います。,ペーパーレス化が簡単にできて、経費申請の際の出社がなくなったので、リモートワークの中でも経費申請がしやすくなりました。この口コミを詳しく見る,、とても楽にできるようになりました。suicaの一括読み取り機能は交通費の精算にとても便利だと思いました。楽楽精算の改善してほしい点特にありませんが、強いて言うなら、少し見にくいと思います。もう少し大きな文字で、表示してほしいと思います。楽楽精算導入で得られた効果・メリットペーパーレス化が簡単にできて、経費申請の際の出社がなくなったので、リモートワークの中でも経費申請がしやすくなりました。
1779,2021/11/08,とてもわかりやすい入力画面のため、最初の説明会以外はほとんど操作説明をしなくて済むのが楽で良いです。交通費などの経費精算をする際には紙を使用していましたが、こちらの製品を使用することでペーパーレス化に繋がり、提出する側も受け取りをする側も楽になりました。,交通費精算をする際、AppleWatchで交通費を出している社員がいますが、その場合楽楽精算ICリーダーでは読み取りができないため、一々読み取りの度にAppleWatchのデータをスマートフォンに移す必要があるため、手間がかかる。,コロナ禍によるテレワークが促進され、ペーパー処理では限界が来たので導入されました。場所を選ばず精算できるようになったので、非常に助かっています。また、Excelよりも大幅に時短です。この口コミを詳しく見る,りやすい入力画面のため、最初の説明会以外はほとんど操作説明をしなくて済むのが楽で良いです。交通費などの経費精算をする際には紙を使用していましたが、こちらの製品を使用することでペーパーレス化に繋がり、提出する側も受け取りをする側も楽になりました。楽楽精算の改善してほしい点交通費精算をする際、AppleWatchで交通費を出している社員がいますが、その場合楽楽精算ICリーダーでは読み取りができないため、一々読み取りの度にAppleWatchのデータをスマートフォンに移す必要があるため、手間がかかる。楽楽精算導入で得られた効果・メリットコロナ禍によるテレワークが促進され、ペーパー処理では限界が来たので導入されました。場所を選ばず精算できるようになったので、非常に助かっています。また、Excelよりも大幅に時短です。
1780,2021/11/07,今までExcelへ入力、上司のハンコをもらって、経理に送って、領収書もスキャンして、添付して、送付してという手順でしたが、携帯からも申請でき、写真撮って送るだけといったように本当に工数が減りました。,添付される領収書の写真が、使用するOSによって開けるもの、開かないものがあるので、承認者側は少し困っています。システムの不具合がありましたか？携帯のアプリから領収書の確認や添付を行うと一時的にサーバーエラーで真っ白な画面になることがあります。アプリを閉じて、開き直して、時間を空ければ解決することが多いです。,月末月初の申請と承認のメールのやり取りがなくなり、添付ファイル開いて保存して、どこやったかわからなくなる事がなくなりました。,従業員がたくさんいて精算の月初処理に時間がかかっている企業は特におすすめです。
1781,2021/11/07,24時間、会社でも家でも出張先でも簡単に経費精算精算が可能。毎回の交通費精算は過去の履歴からコピペもできる。,添付した領収書ファイルを確認したいときに、いちいちダウンロードする必要がある。ダウンロードしないでも簡単に確認できるようにしてほしい。,簡単に経費精算できるようになったので、面倒だから後でやろうと精算し忘れたり、締日を過ぎてしまうことがなくなった。この口コミを詳しく見る,会社でも家でも出張先でも簡単に経費精算精算が可能。毎回の交通費精算は過去の履歴からコピペもできる。楽楽精算の改善してほしい点添付した領収書ファイルを確認したいときに、いちいちダウンロードする必要がある。ダウンロードしないでも簡単に確認できるようにしてほしい。楽楽精算導入で得られた効果・メリット簡単に経費精算できるようになったので、面倒だから後でやろうと精算し忘れたり、締日を過ぎてしまうことがなくなった。
1782,2021/11/06,弊社は今まで経費精算を手書きでの紙に頼っていましたが、全てを楽楽に変えたことにより、紙媒体がなくなり、Web上で決済が出きるようになり、スピードと更には常に何をしたかの見える化が出きるようになりました。,経費精算のレシートや領収書を添付するとなかなか支払いをした企業名を読み取ってくれない点。ここが改善されないと読み取られず毎回手入力になっています。システムの不具合がありましたか？特にはないですが、経費精算を全て楽楽に移行したのでもしも問題やバグなどが起きたら全く会社機能しなくなるので、対策がほしい。,経理の仕事が大幅に減った点と、今までは年単位で保管が必要だった経費請求の紙が必要ではなくなり、必要なときにクラウドから印刷すれば良くなったので、作業効率が大幅に改善され、更には上司の人達も部下の経費管理が見える化され、無駄な経費を指導しやすくなりました。,紙がとにかく減ります。
1783,2021/11/06,新入社員にも分かりやすい申請・入力画面なので、入社時に最低限の説明のみですぐに使えるようになる点は経理担当者にとって大きなメリットだ。申請～承認・支払いまでの所要時間も非常に短く、多くの案件をスムーズに処理できる。申請にあたって社員に特に留意してほしい事項をトップページに記載できるのも大変便利だ。,現状、住所変更・通勤経路の変更があった場合、このシステム単独で社員自身が修正入力している。社内的には住所変更・通勤経路変更は社員からの届け出により担当部署が他の人事系システムにも入力しており、双方でデータとの連携が取れれば、社員自身での入力の手間が省けて更に良いと思う。,コロナ影響でリモート勤務が増えたことにより、社内の経費精算のルール、申請手順が変更になった。弊社はコロナ以前からこのシステムを導入していたこともあり、新ルールによる申請・手続きへの移行がスムーズに実施できた。この口コミを詳しく見る,も分かりやすい申請・入力画面なので、入社時に最低限の説明のみですぐに使えるようになる点は経理担当者にとって大きなメリットだ。申請～承認・支払いまでの所要時間も非常に短く、多くの案件をスムーズに処理できる。申請にあたって社員に特に留意してほしい事項をトップページに記載できるのも大変便利だ。楽楽精算の改善してほしい点現状、住所変更・通勤経路の変更があった場合、このシステム単独で社員自身が修正入力している。社内的には住所変更・通勤経路変更は社員からの届け出により担当部署が他の人事系システムにも入力しており、双方でデータとの連携が取れれば、社員自身での入力の手間が省けて更に良いと思う。楽楽精算導入で得られた効果・メリットコロナ影響でリモート勤務が増えたことにより、社内の経費精算のルール、申請手順が変更になった。弊社はコロナ以前からこのシステムを導入していたこともあり、新ルールによる申請・手続きへの移行がスムーズに実施できた。
1784,2021/11/06,経費精算においてもICカード読み取りで申請できるので社員・管理部門ともに不正申請なく楽に管理できる。,特にありません。リモートワークで出社頻度が減り、ICカードを読み取る回数が減ったので、知らないだけかもしれませんが、自宅からでも申請できるシステムがあればいいなと思います。,ユーザーとして使用していますが、以前は手書き申請などで手間も多かったですが、交通費はICカード読み取りで精算できるので楽になりました。この口コミを詳しく見る,おいてもICカード読み取りで申請できるので社員・管理部門ともに不正申請なく楽に管理できる。楽楽精算の改善してほしい点特にありません。リモートワークで出社頻度が減り、ICカードを読み取る回数が減ったので、知らないだけかもしれませんが、自宅からでも申請できるシステムがあればいいなと思います。楽楽精算導入で得られた効果・メリットユーザーとして使用していますが、以前は手書き申請などで手間も多かったですが、交通費はICカード読み取りで精算できるので楽になりました。
1785,2021/11/06,入力画面が分かりやすく、こういったものに不慣れな私でも簡単に操作出来ました。ペーパーレスなので、驚くほど楽になります。,画面構成ですかね。もう少し分かりやすくなるといいなと思います。あとは細かくなってしまいますが、アイコンや文字が小さく見えづらい時があります。,会計システムへの連携により入力処理が減りました。会計処理の簡略化・改善により、紙の申請書が格段に少なくなりました。この口コミを詳しく見る,分かりやすく、こういったものに不慣れな私でも簡単に操作出来ました。ペーパーレスなので、驚くほど楽になります。楽楽精算の改善してほしい点画面構成ですかね。もう少し分かりやすくなるといいなと思います。あとは細かくなってしまいますが、アイコンや文字が小さく見えづらい時があります。楽楽精算導入で得られた効果・メリット会計システムへの連携により入力処理が減りました。会計処理の簡略化・改善により、紙の申請書が格段に少なくなりました。
1786,2021/11/06,弊社の場合は、毎週水曜日に精算を上げれば金曜日には着金となります。現金受け取りではなく、電子マネーで受け取ることができました。,即時精算が出来れば理想かと思います。会社の承認システムを考えれば致し方ないかと思いますが、早さも重要だと考えます。,事務系スタッフの業務負担は大きく減ったと思います。全て経費申請者がWeb内で解決できますので、申請者の負担も軽減されました。この口コミを詳しく見る,は、毎週水曜日に精算を上げれば金曜日には着金となります。現金受け取りではなく、電子マネーで受け取ることができました。楽楽精算の改善してほしい点即時精算が出来れば理想かと思います。会社の承認システムを考えれば致し方ないかと思いますが、早さも重要だと考えます。楽楽精算導入で得られた効果・メリット事務系スタッフの業務負担は大きく減ったと思います。全て経費申請者がWeb内で解決できますので、申請者の負担も軽減されました。
1787,2021/11/06,請求書の申請や、経費積算まで１つのシステムでできるのがよい。申請して、承認が降りるまでのフローが確認できるし、どこで止まっているかも分かるので助かっている。,字体などのせいか、サイトが少し古く見えるのと、PC向けのUIに変更してもよいのではと思う。ただ、無駄がなく必要な機能だけを揃えているので今のままでも十分だとは思う。,請求書の申請が、どこで止まっているのかすぐに確認できることによって、社内の誰に連絡をすればよいのか分かるため役に立っている。リモート環境下で、なかなか会いづらく直接確認が難しい内容も電話なしでWeb上のみで進行ができるのは工数削減になっておりとても使いやすい。この口コミを詳しく見る,請や、経費積算まで１つのシステムでできるのがよい。申請して、承認が降りるまでのフローが確認できるし、どこで止まっているかも分かるので助かっている。楽楽精算の改善してほしい点字体などのせいか、サイトが少し古く見えるのと、PC向けのUIに変更してもよいのではと思う。ただ、無駄がなく必要な機能だけを揃えているので今のままでも十分だとは思う。楽楽精算導入で得られた効果・メリット請求書の申請が、どこで止まっているのかすぐに確認できることによって、社内の誰に連絡をすればよいのか分かるため役に立っている。リモート環境下で、なかなか会いづらく直接確認が難しい内容も電話なしでWeb上のみで進行ができるのは工数削減になっておりとても使いやすい。
1788,2021/11/05,楽楽精算の申請時点で、経路を選択することで自動で定期券経路を考慮された交通費計算ができるようになっていることが特に便利だと思います。,サポートに対して出来る出来ないで対応するのではなく、代替案の提案など、希望に近い設定提案などして頂きたいと思ってます。,経費精算がExcel管理から脱却できました。手入力だった会計ソフトへの打ち込みから、自動取り込みは大きな時間削減となりました。,Suicaを使っているのならば使いやすい。
1789,2021/11/05,経費精算が楽楽精算に切り替わり楽になりました。シンプルなのでストレスなく使えます。年配の社員でも使いこなせます。,とくに不満はありませんが、もう少し文字が大きいと使いやすいかもしれません。乗り換え検索も実装されていますが、時たま出てこない時があります。,今まで紙ベースだったので作成する手間が省けたのと承認も楽になった。乗り換え検索も実装されているからいちいち調べなくても済むのが良い。この口コミを詳しく見る,楽楽精算に切り替わり楽になりました。シンプルなのでストレスなく使えます。年配の社員でも使いこなせます。楽楽精算の改善してほしい点とくに不満はありませんが、もう少し文字が大きいと使いやすいかもしれません。乗り換え検索も実装されていますが、時たま出てこない時があります。楽楽精算導入で得られた効果・メリット今まで紙ベースだったので作成する手間が省けたのと承認も楽になった。乗り換え検索も実装されているからいちいち調べなくても済むのが良い。
1790,2021/11/03,UIが分かりやすい。一次保存もできる。乗り換え案内と連動しているので、バスを使用した時も検索しやすい。,特にない。スマホからもアクセスできるので、出先にて対応できるのもよい。本部内の販管費管理ができるとよい、スプレッドシート管理のためgoogleと連携してほしい。,各個人の経費を管理しやすい。楽楽精算を使用しているが、それまで書類は出力したものを提出するフローだった。コロナ禍でオンライン申請、承認までできるフローになったので時短になった。この口コミを詳しく見る,りやすい。一次保存もできる。乗り換え案内と連動しているので、バスを使用した時も検索しやすい。楽楽精算の改善してほしい点特にない。スマホからもアクセスできるので、出先にて対応できるのもよい。本部内の販管費管理ができるとよい、スプレッドシート管理のためgoogleと連携してほしい。楽楽精算導入で得られた効果・メリット各個人の経費を管理しやすい。楽楽精算を使用しているが、それまで書類は出力したものを提出するフローだった。コロナ禍でオンライン申請、承認までできるフローになったので時短になった。
1791,2021/11/03,楽楽精算導入までは紙ベースで旅費や経費精算を行っていました。当初は反発もありましたが、分かりやすいインターフェイスとある程度導入側で設定が可能ですので、改善を繰り返していくうちに反発も無くなりました。,特にありませんが、他の企業ではうまく活用できずリリースできなかったと言う話も聞きました。導入サポートをもう少し強化頂ければいいかと思います。システムの不具合がありましたか？会計システム側で使えない文字が楽楽精算側では入力できるため、連携時にエラーが発生した。,経費精算を現金で精算していたのを振込にすることにより、現金取扱を減少させることができた。また、計上内容のチェックを紙に依存することなく行うことができるようになったため、テレワークを行うことができるようにもなった。この口コミを詳しく見る,入までは紙ベースで旅費や経費精算を行っていました。当初は反発もありましたが、分かりやすいインターフェイスとある程度導入側で設定が可能ですので、改善を繰り返していくうちに反発も無くなりました。楽楽精算の改善してほしい点特にありませんが、他の企業ではうまく活用できずリリースできなかったと言う話も聞きました。導入サポートをもう少し強化頂ければいいかと思います。システムの不具合がありましたか？会計システム側で使えない文字が楽楽精算側では入力できるため、連携時にエラーが発生した。楽楽精算導入で得られた効果・メリット経費精算を現金で精算していたのを振込にすることにより、現金取扱を減少させることができた。また、計上内容のチェックを紙に依存することなく行うことができるようになったため、テレワークを行うことができるようにもなった。
1792,2021/11/03,ちょっとした交通費精算から、出張精算までをパソコンやスマホから完結できるのが素晴らしい。定期区間の登録などもできるので定期に登録した区間の価格を差し引いて精算をしてくれるのも便利。,交際費精算等はレシート（領収書）を読み取って記録するシステムを導入してほしい。AIなどを用いると便利かも。,以前はパソコンから精算をするための紙を印刷して手書きで書き、捺印をして上司に提出していたが、その行動が一切省けた。この口コミを詳しく見る,た交通費精算から、出張精算までをパソコンやスマホから完結できるのが素晴らしい。定期区間の登録などもできるので定期に登録した区間の価格を差し引いて精算をしてくれるのも便利。楽楽精算の改善してほしい点交際費精算等はレシート（領収書）を読み取って記録するシステムを導入してほしい。AIなどを用いると便利かも。楽楽精算導入で得られた効果・メリット以前はパソコンから精算をするための紙を印刷して手書きで書き、捺印をして上司に提出していたが、その行動が一切省けた。
1793,2021/11/02,小口精算を容易に行う事ができ、承認後の仕訳をCSVファイルで出力でき、弊社システムに簡単に取り込むことが出来て経費計上と精算処理がスムーズに進みます。,申請者の添付資料をダウンロードして開くのではなく、WEB上で内容が確認出来るようになれば、承認作業がスムーズに進むと思います。,担当者が、仕訳に詳しくなくても、経費計上から支払処理まで対応する事が出来るのは、業務効率に繋がっています。この口コミを詳しく見る,容易に行う事ができ、承認後の仕訳をCSVファイルで出力でき、弊社システムに簡単に取り込むことが出来て経費計上と精算処理がスムーズに進みます。楽楽精算の改善してほしい点申請者の添付資料をダウンロードして開くのではなく、WEB上で内容が確認出来るようになれば、承認作業がスムーズに進むと思います。楽楽精算導入で得られた効果・メリット担当者が、仕訳に詳しくなくても、経費計上から支払処理まで対応する事が出来るのは、業務効率に繋がっています。
1794,2021/11/02,弊社では経費精算の承認者が出払ってしまい、承認待ちの精算が滞留することが度々発生しておりました。楽楽精算を導入してからは、出先での申請の確認、承認を行う事が出来、タイムリーな経費精算が出来るようになりました。,精算毎に未払計上の有無を選択できると尚良いと思いました。もしくは、精算対象月という区分を持つことが出来れば、月ズレを考慮した精算をする事が出来ると思います。,従来であれば溜まった経費精算を経理担当者が1件毎に会計システム、金融機関システムへと入力しておりましたが、楽楽精算を導入することにより、各システムへのインポートファイルを1クリックで作成することが出来、経理担当者の負荷軽減に繋がりました。この口コミを詳しく見る,費精算の承認者が出払ってしまい、承認待ちの精算が滞留することが度々発生しておりました。楽楽精算を導入してからは、出先での申請の確認、承認を行う事が出来、タイムリーな経費精算が出来るようになりました。楽楽精算の改善してほしい点精算毎に未払計上の有無を選択できると尚良いと思いました。もしくは、精算対象月という区分を持つことが出来れば、月ズレを考慮した精算をする事が出来ると思います。楽楽精算導入で得られた効果・メリット従来であれば溜まった経費精算を経理担当者が1件毎に会計システム、金融機関システムへと入力しておりましたが、楽楽精算を導入することにより、各システムへのインポートファイルを1クリックで作成することが出来、経理担当者の負荷軽減に繋がりました。
1795,2021/11/01,これまで紙での申請だったため、提出したものが承認されているか、承認されていない場合はどこで止まっているかなどのフロー進行状況が分かりませんでした。こちらでシステム化したことにより、自分の申請の状況をシステム上で確認することができるようになり、また決裁者も自分で止めている申請が分かりやすくなり、結果として申請フロー上での停滞や抜け漏れが少なくなりました。,印刷や削除などのボタンやアイコンが全体的に小さく、自分で設定することにより大きく調整することで改善するのかもしれませんが、PCに慣れていない利用者、特に年配の方などは分かりづらいようです。改善されるとより使いやすいと感じました。システムの不具合がありましたか？PDFの領収書ファイルがアップロードできなかったことがありました。,申請の決済状況が可視化され、決裁者は自分に上がっている申請をPC上で一括管理できるようになり、各部署、経費管理のスピードが上がりました。この口コミを詳しく見る,での申請だったため、提出したものが承認されているか、承認されていない場合はどこで止まっているかなどのフロー進行状況が分かりませんでした。こちらでシステム化したことにより、自分の申請の状況をシステム上で確認することができるようになり、また決裁者も自分で止めている申請が分かりやすくなり、結果として申請フロー上での停滞や抜け漏れが少なくなりました。楽楽精算の改善してほしい点印刷や削除などのボタンやアイコンが全体的に小さく、自分で設定することにより大きく調整することで改善するのかもしれませんが、PCに慣れていない利用者、特に年配の方などは分かりづらいようです。改善されるとより使いやすいと感じました。システムの不具合がありましたか？PDFの領収書ファイルがアップロードできなかったことがありました。楽楽精算導入で得られた効果・メリット申請の決済状況が可視化され、決裁者は自分に上がっている申請をPC上で一括管理できるようになり、各部署、経費管理のスピードが上がりました。
1796,2021/11/01,ICカードが登録出来、精算時にいちいち金額を調べなくても金額が自動反映されるので、精算に掛かる時間が大幅に短縮される。,適宜自分で入力や送信をしないといけないので、こまめにやる必要があるが、入力を忘れてしまう事があるので、そこが改善されると良い。,精算漏れによる自己負担等が減ったこと。また、紙ベースでの精算ではないためどこにいても精算出来るので、月末に慌てて精算する必要が無くなった。この口コミを詳しく見る,が登録出来、精算時にいちいち金額を調べなくても金額が自動反映されるので、精算に掛かる時間が大幅に短縮される。楽楽精算の改善してほしい点適宜自分で入力や送信をしないといけないので、こまめにやる必要があるが、入力を忘れてしまう事があるので、そこが改善されると良い。楽楽精算導入で得られた効果・メリット精算漏れによる自己負担等が減ったこと。また、紙ベースでの精算ではないためどこにいても精算出来るので、月末に慌てて精算する必要が無くなった。
1797,2021/11/01,経費の管理がしやすいのはもちろんですが、出したいデータをCSVで取り込めたり、内訳ごとに税率の設定ができるのはとても助かります。,明細の内訳の選択を間違えてしまった時、一括で編集ができず、明細一つ一つ直さなければいけないのが面倒です。,支払い漏れがあるかないか、一発でデータとして出せるのは最高です。また、バーコードを読み込むだけで、会計ソフトに仕訳入力できるのもすごく助かります。この口コミを詳しく見る,がしやすいのはもちろんですが、出したいデータをCSVで取り込めたり、内訳ごとに税率の設定ができるのはとても助かります。楽楽精算の改善してほしい点明細の内訳の選択を間違えてしまった時、一括で編集ができず、明細一つ一つ直さなければいけないのが面倒です。楽楽精算導入で得られた効果・メリット支払い漏れがあるかないか、一発でデータとして出せるのは最高です。また、バーコードを読み込むだけで、会計ソフトに仕訳入力できるのもすごく助かります。
1798,2021/10/31,交通費精算、出張費精算などが乗換案内や定期区間と連動していたりで、効率的に経費精算が出来る点が素晴らしい。,承認ワークフローも非常に便利だが、その際、チェック項目や上席者へのチェックを促せる仕組みがあればなお良い。,部下の出張経費状況や移動ルートを正確に把握出来る事により、行動把握や経費コストをチェックし、行動計画の見直しが実現した。,経費精算の項目が充実している。
1799,2021/10/30,どこからでも交通費精算ができるようになりました。インターフェースが分かりやすく入力に悩むことがなくなりました。,弊社の運用上の問題かもしれませんが、入力の締め日が月内なので月末に費用発生した場合、翌月精算になってしまいます。,以前は自社開発のシステムで社内ネットワークに接続しないとできなかったのですが、今はスマホや社外PCからでも入力できて便利です。また、経路検索結果を直接入力できるので、以前のように経理のチェックに引っ掛かったりすることがなくなりました。経理でもチェックの手間が省けているのではないかと思います。この口コミを詳しく見る,も交通費精算ができるようになりました。インターフェースが分かりやすく入力に悩むことがなくなりました。楽楽精算の改善してほしい点弊社の運用上の問題かもしれませんが、入力の締め日が月内なので月末に費用発生した場合、翌月精算になってしまいます。楽楽精算導入で得られた効果・メリット以前は自社開発のシステムで社内ネットワークに接続しないとできなかったのですが、今はスマホや社外PCからでも入力できて便利です。また、経路検索結果を直接入力できるので、以前のように経理のチェックに引っ掛かったりすることがなくなりました。経理でもチェックの手間が省けているのではないかと思います。
1800,2021/10/30,経費の申請などができる。交通費などの経費の申請を用紙などがなく、経理部署へ申請や管轄のチェックなどや差し戻しもすべてこのシステムで済む。,使い初めは慣れるまでがどこで申請するか分かりづらかった。過去のものが探しづらかったり。機能的には現段階では不便はないです。,社内間の差し戻しなどシステムでできるしメールが飛ぶので連絡の手間がはぶける。見落としが少なくて済むようになった。この口コミを詳しく見る,などができる。交通費などの経費の申請を用紙などがなく、経理部署へ申請や管轄のチェックなどや差し戻しもすべてこのシステムで済む。楽楽精算の改善してほしい点使い初めは慣れるまでがどこで申請するか分かりづらかった。過去のものが探しづらかったり。機能的には現段階では不便はないです。楽楽精算導入で得られた効果・メリット社内間の差し戻しなどシステムでできるしメールが飛ぶので連絡の手間がはぶける。見落としが少なくて済むようになった。
1801,2021/10/29,特に小難しい操作などは一切なく、初めて使う時でも他の人が申請していた内容などが閲覧できるので、そこからコピペして作成することが可能。,検索する際にひらがなで入力しても、自動的に変換して漢字での表記の候補、検索結果が出てきたらよかったです。,総務課に所属しており、社用車の管理を行っているため社用車でのトラブルなどがあるとすぐに対応しなければいけません社内規定で申請する額が他社に比べて圧倒的に低いので日々申請を行わなければならないので、頻度が多いだけあってあまり時間もとられたくないので、すぐに作成や申請ができるこのソフトはとても簡単にできるので凄く助かっています。,初めてでもすぐに分かるような仕様で簡単ですよ！
1802,2021/10/29,パソコンからはもちろん、スマホから簡単に交通費、立替金、交際費等の経費精算が可能であり、面倒な経費精算作業が減った。,領収書をスキャンする際に、手書きの領収書だと文字を読み取ってくれないことがあり、わざわざ手入力する必要がある。,以前使っていたシステムでの交通費精算では、定期区間分の利用金額を自分で計算する必要があったが、楽楽精算では自動的に定期区間分の金額を計算してくれるため、時間短縮につながっている。この口コミを詳しく見る,らはもちろん、スマホから簡単に交通費、立替金、交際費等の経費精算が可能であり、面倒な経費精算作業が減った。楽楽精算の改善してほしい点領収書をスキャンする際に、手書きの領収書だと文字を読み取ってくれないことがあり、わざわざ手入力する必要がある。楽楽精算導入で得られた効果・メリット以前使っていたシステムでの交通費精算では、定期区間分の利用金額を自分で計算する必要があったが、楽楽精算では自動的に定期区間分の金額を計算してくれるため、時間短縮につながっている。
1803,2021/10/28,会社の出張での交通費など紙で出金伝票などを書き、とても時間もとられ、後から確認することもできなかったのですが、この楽楽清算になってからは、自分で書いて提出する紙の書類はなくなり、大変時間短縮になっています。もっと前から導入していたらと思いました。,経理部の方はかなり助かっているかと思います。提出する側としてここが今ひとつと思ったところは、交通費などで乗換案内ボダンで楽に登録できるのですが、最近JR東日本で始めたチケットレスで切符を購入した場合（現在はチケットレス割引されない金額になる）の金額なども反映されると手直しなどしなくて済むので改善をお願いしたいです。システムの不具合がありましたか？覚えているものは特にない。,出金伝票を自分で紙に書いて出す時間が短縮され、その分他の業務に時間を使え、新規出張の申請をするときに、過去の同じ場所への出張の記録も見られるので、どのように交通機関を使えばよいのか分かるようになった。物品購入もかつてはほしいものを会社に買ってもらうのに、色々な種類の紙の申請書を提出していたが、楽楽清算になってからは、自分の机のパソコンに入力すれば、ほしいものが数日後には会社から自分の机に届くので時間短縮になっている。,経理部の方は本当に助かると思います。
1804,2021/10/28,特にマニュアルなどを読まなくても、ぱっと見て感覚的に必要事項の入力がしやすく、使い方がわかりやすいです。,経費精算の申請内容は毎回似たようなものになるので、前回申請したものを再利用できると助かります（既にそのように実装されていたらすみません）。,導入前は別システムにて対応していましたが、そのシステムがわかりづらく処理も重たいため、経費清算の申請に時間がかかっていました。楽楽精算を導入してからは申請にかかる時間が30分から10分に短縮されました。この口コミを詳しく見る,アルなどを読まなくても、ぱっと見て感覚的に必要事項の入力がしやすく、使い方がわかりやすいです。楽楽精算の改善してほしい点経費精算の申請内容は毎回似たようなものになるので、前回申請したものを再利用できると助かります（既にそのように実装されていたらすみません）。楽楽精算導入で得られた効果・メリット導入前は別システムにて対応していましたが、そのシステムがわかりづらく処理も重たいため、経費清算の申請に時間がかかっていました。楽楽精算を導入してからは申請にかかる時間が30分から10分に短縮されました。
1805,2021/10/27,画面がとてもシンプルなのでパソコンが苦手な人でも直感的に使い方を理解でき、非常に使いやすいと思います。,各種料金の売り込みの際に、手数料を手動で入力しないといけないので自動で計算され入力してくれると便利だと思う。,主に資格の費用の精算に利用しているが、インターフェイスがシンプルでわかりやすいため直ぐに情報入力が完了するので、他の業務の妨げにならずに利用できた。,シンプルで分かりやすい
1806,2021/10/27,出張や交通費の申請がとても楽で、重宝しています。どこからでも申請できるのもありがたく、使用する場所を選ばないのも助かります。,特に大きな変更要望はありませんが、全体的にUIに少し見づらさを感じます。こちらの使い方の問題もあるのでしょうが、差戻しの際のコメント部分など、もう少し見やすくならないかなと思います。,最近転職した会社に導入されていて初めて使いましたが、申請がとても簡単で助かっています。交通費の申請の際に、同じ区間を複数日にわたって申請することがあるのですが、前回分を複製できるので時短にもなり、申請作業の負担が激減しました。この口コミを詳しく見る,費の申請がとても楽で、重宝しています。どこからでも申請できるのもありがたく、使用する場所を選ばないのも助かります。楽楽精算の改善してほしい点特に大きな変更要望はありませんが、全体的にUIに少し見づらさを感じます。こちらの使い方の問題もあるのでしょうが、差戻しの際のコメント部分など、もう少し見やすくならないかなと思います。楽楽精算導入で得られた効果・メリット最近転職した会社に導入されていて初めて使いましたが、申請がとても簡単で助かっています。交通費の申請の際に、同じ区間を複数日にわたって申請することがあるのですが、前回分を複製できるので時短にもなり、申請作業の負担が激減しました。
1807,2021/10/25,経費清算や交通費、出張清算など１つのサービスで行うことが出来、なおかつ承認状況やいつ振り込まれるのかが分かるので助かります。,承認者がたくさんいると、承認が下りるまで時間がかかるのはしょうがないが、通知などがあると迅速に回るのではないかと思いました。,履歴も辿れるので、申請のし忘れなど漏れがなくなったかと思います。また、操作方法もとても簡単なので、新人に教える際、苦労はした事がありません。この口コミを詳しく見る,交通費、出張清算など１つのサービスで行うことが出来、なおかつ承認状況やいつ振り込まれるのかが分かるので助かります。楽楽精算の改善してほしい点承認者がたくさんいると、承認が下りるまで時間がかかるのはしょうがないが、通知などがあると迅速に回るのではないかと思いました。楽楽精算導入で得られた効果・メリット履歴も辿れるので、申請のし忘れなど漏れがなくなったかと思います。また、操作方法もとても簡単なので、新人に教える際、苦労はした事がありません。
1808,2021/10/25,スマートフォンからでも領収書を写真で取り込むことができ、パソコンが手元に無い状態でも精算が可能である点。,スマートフォン版からアクセスしようとすると、時々ログイン前の画面に戻されてしまい、ログイン時に必要なメールアドレスを再入力しなければならなくなる点。システムの不具合がありましたか？今のところ無し,今まで精算用の書類を一時間近くかけて作成、点検していたが、楽楽精算が導入されてから、三分の一の２０分程度で精算が終わる為、生産性が上がった。,スマホアプリとの連動
1809,2021/10/23,交通費精算の際に、乗り換え検索機能があるので便利。特にバス停の検索精度が良いと感じる。マニアックなバス停の名前も、途中まで入力すればしっかり予測変換に出てくるのでうろ覚えでも安心。,経費精算の際にまず領収書を添付するが、トップページの領収書登録のリンクが小さくて分かりづらい。また、経費精算のページから領収書登録ができる設計にしてほしい。システムの不具合がありましたか？領収書を登録するとOCRで日付や金額を読み取れるのだが、精度があまり良くないと感じる。,交通費精算で、目的地までの経路が複数ある場合、「乗換検索の一番上に表示された経路を選ぶ」というルールを作ったことにより、交通費支給が平等になったと思う。,交通費精算・経費精算の簡易化におすすめ。
1810,2021/10/21,テレワークに移行しはじめる過程で、交通費が小口精算となり、当初は営業日の数だけ書類作成を行っていたが、楽楽精算により完全ペーパレスでの申請が可能となり、負荷が下がった。,モバイルでの入力時、やはりPC版と違って過去の入力内容からコピーなどの操作が行いにくい。UIが改善されるとより使いやすくなると思います。,業務都合で逼迫している際に、途中まで入力していて、どうしても他の作業をしないといけなかった時、一時保存機能に助けられました。経費精算でも結構な時間を取られがちなので、生産性が上がって大変満足しています。この口コミを詳しく見る,に移行しはじめる過程で、交通費が小口精算となり、当初は営業日の数だけ書類作成を行っていたが、楽楽精算により完全ペーパレスでの申請が可能となり、負荷が下がった。楽楽精算の改善してほしい点モバイルでの入力時、やはりPC版と違って過去の入力内容からコピーなどの操作が行いにくい。UIが改善されるとより使いやすくなると思います。楽楽精算導入で得られた効果・メリット業務都合で逼迫している際に、途中まで入力していて、どうしても他の作業をしないといけなかった時、一時保存機能に助けられました。経費精算でも結構な時間を取られがちなので、生産性が上がって大変満足しています。
1811,2021/10/20,自動入力機能があったり、請求書が保存できるなど多彩な機能により、効率的かつ効果的に経費精算手続きが可能となりました。,今のところ不自由なく使用できていますので、改善してほしい点はありません。ただ、導入してからまだ半年弱ですのでが、もしかしたら今後使っていく上で何か出てくれかもしれません。システムの不具合がありましたか？トラブルなどはありません。,紙媒体での精算手続きを無くすことが出来たことが大きなメリットです。紙媒体では保存コストや紛失リスクなど様々な問題がありますが、この製品ではネットを活用しますので、そうした問題を解消してくれます。この口コミを詳しく見る,能があったり、請求書が保存できるなど多彩な機能により、効率的かつ効果的に経費精算手続きが可能となりました。楽楽精算の改善してほしい点今のところ不自由なく使用できていますので、改善してほしい点はありません。ただ、導入してからまだ半年弱ですのでが、もしかしたら今後使っていく上で何か出てくれかもしれません。システムの不具合がありましたか？トラブルなどはありません。楽楽精算導入で得られた効果・メリット紙媒体での精算手続きを無くすことが出来たことが大きなメリットです。紙媒体では保存コストや紛失リスクなど様々な問題がありますが、この製品ではネットを活用しますので、そうした問題を解消してくれます。
1812,2021/10/18,紙の領収書やレシートを削減する効果はあります。iPhoneでの操作も可能なので、外出が多い営業職にとっては「いつでも経費申請できる」というタイムリー性が役に立っていると思います。,紙の削減にはなったが、「操作」という点では疑問が残る。紙の領収書を写真で取り込めるのはいいが、「取り込んだデータを添付して申請をあげる」というフェーズに置いて、ツール内で表示される言葉が不自然であったり、操作が若干煩雑で、慣れるまで時間がかかる。また、操作方法が多岐にわたっているため、一人のユーザが操作になれるのに時間がかかる。,紙を削減することができた為、データで正確に保管・検索ができるという点で良い。今のところ、管理者側のメリットが中心であって、一般ユーザ側のメリットといえば、「紙を写真で取り込める」という点しか思いつかない。,一般利用者のフォローをしてくれるような体制がほしい。
1813,2021/10/17,マネーフォワードなどとは違い、1領収書1明細ではなく領収書をまとめてPDFにとり申請することができる為、申請側も確認側も楽です。,長い期間使っていますが、今のところ改善点などは見当たりません。業務がかなり効率化した為、利用させてもらってます。システムの不具合がありましたか？メンテナンスもあまりないので、特に不満はありません,領収書管理の簡略化、公共交通機関などの申請も片道、往復を簡単に処理できる為、申請にそれほど時間がかかりません。,経費精算、経費申請ともに簡単に行うことができます
1814,2021/10/17,これまでは、領収書を紙の台紙に貼り付け精算用紙に判子を押すなど、会社で経費精算を行わなければなりませんでした。楽楽精算を導入後は、領収書をデータ化するだけで自宅で精算を行えます。判子もいりませんので、リモートワークにうってつけの精算システムでした。,そこまで困ることでもないですが、領収書をデータ化し自動で使用日などを読み取る際、精度が低い時があります。,新型コロナウイルスの感染拡大により、会社に出社できる人数が制限されました。従来の精算システムでは会社に行かなければなりませんでしたが、楽楽精算の導入により出社せずとも精算ができ、リモートワークへの移行がスムーズにできました。,リモートワークへ移行する際、精算がネックになっている場合、オススメのサービスです。
1815,2021/10/17,このサービスを導入する前は、Excelや入出金伝票などを利用し交通費や経費など全て手入力、手書きでした。それが、交通系ICカードの取り込みや会社のクレジットカードの利用履歴などから選択して入力できたり、登録されている勘定項目や支払い・入金先などを選択して入力でき申請もボタンひとつで間違いなく便利になりました。,過去に利用した経路から交通費を選択できたら、都度経路検索せずに申請できるので是非検討いただきたいです。,こちらを利用する前と後では、明らかに社員の毎月の経費精算をするための準備時間や、経理担当者でのチェックの合理化ができ、時間と労力の節約は間違いなく達成している。この口コミを詳しく見る,スを導入する前は、Excelや入出金伝票などを利用し交通費や経費など全て手入力、手書きでした。それが、交通系ICカードの取り込みや会社のクレジットカードの利用履歴などから選択して入力できたり、登録されている勘定項目や支払い・入金先などを選択して入力でき申請もボタンひとつで間違いなく便利になりました。楽楽精算の改善してほしい点過去に利用した経路から交通費を選択できたら、都度経路検索せずに申請できるので是非検討いただきたいです。楽楽精算導入で得られた効果・メリットこちらを利用する前と後では、明らかに社員の毎月の経費精算をするための準備時間や、経理担当者でのチェックの合理化ができ、時間と労力の節約は間違いなく達成している。
1816,2021/10/15,紙ベースの経費精算だったが、PCで管理できるようになり、非常に管理しやすく便利。どこで承認が止まってるか分かるので催促しやすい。また、どこでどれくらいの期間止まってるか日付で分かるので、承認遅延の改善要求に証拠として提示できる。,慣れれば使いやすいが、初めての人は分かりにくく画面上で流れのサポートが記載されていると、教える手間が省けるかも。,紙ベースだとファイルしてやスキャンして保存をしていたが、Web上で一括経費管理が出来るので、整理や管理する手間が省けるようになった。,紙管理は非効率
1817,2021/10/15,紙で集計していた経費精算や交通費精算、支払依頼などすべて電子化ができ、非常に効率的で過去データの振り返りもすぐにできている。,稟議申請や捺印申請などもオプションで無料で設定ができ、しっかり運用ができているのですが、承認フローの設定が面倒で組織変更があった時など、設定に難航することが多い。導入当初、各種設定用のマニュアルがなかったため、導入する際は非常に苦労した。代理店にもよると思うが、当社の場合、担当者の対応が問い合わせに対してスムーズでなかったため、もどかしい思いをすることが多かった。しかし、導入して1年が経過しサポートサイトの存在を知り、直接メーカーに問合せをすることができるようになったので、その後はスムーズな対応に満足している。,新型コロナウイルスによりリモート勤務をせざるを得なくなったが、楽楽精算を導入していたことで自宅で経費精算も出来、リモート勤務への移行がスムーズにできている。,リモート勤務にもお勧めです。
1818,2021/10/15,携帯にアプリをダウンロードしておけば、携帯にICカードをかざすだけで自動反映してくれるのでそれがとても便利です。,会社の決まりなのかはわからないですが、1から打ち込む際乗り換えナビ？を経由して打ち込まなくてはいけないのは少し面倒です。,経費精算の時間は私自身1番早く済ませたい業務の一つです。こちらはICカードを登録しておくことにより、自動反映してくれるので時短につながっています。この口コミを詳しく見る,リをダウンロードしておけば、携帯にICカードをかざすだけで自動反映してくれるのでそれがとても便利です。楽楽精算の改善してほしい点会社の決まりなのかはわからないですが、1から打ち込む際乗り換えナビ？を経由して打ち込まなくてはいけないのは少し面倒です。楽楽精算導入で得られた効果・メリット経費精算の時間は私自身1番早く済ませたい業務の一つです。こちらはICカードを登録しておくことにより、自動反映してくれるので時短につながっています。
1819,2021/10/12,私は毎日外勤をしており、常に街の駐車場を利用しています。以前はレシートを別紙に貼り付け総務に提出というかなりアナログな手法で精算していました。楽楽精算に切り替え後はレシートを携帯カメラで撮影するだけで金額、場所なども読みとれ、精算漏れやレシート紛失が大幅に削減できました。総務部にとっても非常に効率よく確認できる、かなりオススメのシステムです。,稀にですが、文字読み取りが上手くいかなかったり、金額読み取りミスがあります。もう少し読み取りの機能を正確にしていただきたいです。システムの不具合がありましたか？数ヶ月に1度記憶していたログイン情報が消えます。,レシートの紛失や、申請漏れが大幅になくなりました。以前は貼り付け用の糊もかなり使用していたので経費削減にもつながっています。この口コミを詳しく見る,勤をしており、常に街の駐車場を利用しています。以前はレシートを別紙に貼り付け総務に提出というかなりアナログな手法で精算していました。楽楽精算に切り替え後はレシートを携帯カメラで撮影するだけで金額、場所なども読みとれ、精算漏れやレシート紛失が大幅に削減できました。総務部にとっても非常に効率よく確認できる、かなりオススメのシステムです。楽楽精算の改善してほしい点稀にですが、文字読み取りが上手くいかなかったり、金額読み取りミスがあります。もう少し読み取りの機能を正確にしていただきたいです。システムの不具合がありましたか？数ヶ月に1度記憶していたログイン情報が消えます。楽楽精算導入で得られた効果・メリットレシートの紛失や、申請漏れが大幅になくなりました。以前は貼り付け用の糊もかなり使用していたので経費削減にもつながっています。
1820,2021/10/12,数年前に会社で導入されました。主に交通費の精算での利用が多いのですが、従来使用していたシステムでは一件一件駅を選択して精算していました。本システム導入後は、乗換案内で、利用した路線から情報を引っ張ることができ、入力の手間が削減されました。また、ICカードを取り込むこともでき、移動が多かった時をはじめ、行動を覚えていなくても数十分をまとめてとりこめるので、入力の手間が大幅に削減されました。,スマートフォンアプリが会社携帯に入っていたが、ログインIDとパスワードを毎度入力する必要があるため、自動ログインがあると更に便利に使えると思います。,電車移動が多くても、ICカードを取り込み反映させられるので、料金の計算の手間がなくなりました。定期区間の控除もできるので、処理の手間も削減されています。,煩雑な交通費計算の効率化
1821,2021/10/12,今まで紙媒体でやり取りしていた交通費の精算がスムーズにできるようになった。履歴も確認できるので、ミスも少ない。,情報が更新されていないのか、まれに交通費の電車運賃の計算が違う時がある。また、文字の大きさの変更ができるようになればよい。,経費精算をシステム管理をするようになったおかげでペーパーレス化が進み、ファイリングなどの雑務も減った。そして、在宅勤務の日数を増やすことができた。この口コミを詳しく見る,体でやり取りしていた交通費の精算がスムーズにできるようになった。履歴も確認できるので、ミスも少ない。楽楽精算の改善してほしい点情報が更新されていないのか、まれに交通費の電車運賃の計算が違う時がある。また、文字の大きさの変更ができるようになればよい。楽楽精算導入で得られた効果・メリット経費精算をシステム管理をするようになったおかげでペーパーレス化が進み、ファイリングなどの雑務も減った。そして、在宅勤務の日数を増やすことができた。
1822,2021/10/12,今までは会社独自の精算システムだったのを変更。直感的に操作でき、交通費の経路検索や費目の仕分けも簡単に出来て、仕事効率がアップしました。,帳票に出力する際にユーザー側でもう少し自由に配置をカスタマイズできるようにしたい。費目の検索方法やお気に入りの表示が操作しづらい。,今までは複数の上長に請求書と紙伝表を担当者が持って行き、都度押印して確認してもらっていたが、誰がどこまで確認を終えたのか把握しづらかった。この製品を導入後は上長自身も承認記録をシステム上で把握でき、見直したい請求書について確認できるなど進捗把握が可能になった。この口コミを詳しく見る,社独自の精算システムだったのを変更。直感的に操作でき、交通費の経路検索や費目の仕分けも簡単に出来て、仕事効率がアップしました。楽楽精算の改善してほしい点帳票に出力する際にユーザー側でもう少し自由に配置をカスタマイズできるようにしたい。費目の検索方法やお気に入りの表示が操作しづらい。楽楽精算導入で得られた効果・メリット今までは複数の上長に請求書と紙伝表を担当者が持って行き、都度押印して確認してもらっていたが、誰がどこまで確認を終えたのか把握しづらかった。この製品を導入後は上長自身も承認記録をシステム上で把握でき、見直したい請求書について確認できるなど進捗把握が可能になった。
1823,2021/10/11,携帯から精算が出来るようになったことと、領収書の出ない交通費精算であれば申請するのに印刷が必要なくなった。,カードの人は交通費の読み取りが出来るが、携帯にカードを入れている人は読み取りが出来ない為、一つ一つ手入力している。,携帯で入力でき、印刷も必要ない為、会社ではなく移動中に精算申請が出来、非常に業務が効率化できた。また、印刷がいらないため在宅でも申請できる点も助かっている。この口コミを詳しく見る,算が出来るようになったことと、領収書の出ない交通費精算であれば申請するのに印刷が必要なくなった。楽楽精算の改善してほしい点カードの人は交通費の読み取りが出来るが、携帯にカードを入れている人は読み取りが出来ない為、一つ一つ手入力している。楽楽精算導入で得られた効果・メリット携帯で入力でき、印刷も必要ない為、会社ではなく移動中に精算申請が出来、非常に業務が効率化できた。また、印刷がいらないため在宅でも申請できる点も助かっている。
1824,2021/10/11,交通費や出張精算だけでなく、会社独自のワークフローが作成でき、これまでExcelファイルなどでやり取りしていた申請処理を置き換えることができる。Excelファイルのメールでのやり取りだと、記入漏れや添付漏れなどで申請処理がなかなか進まなかったのが、楽楽精算のワークフローを使うことによって、必須項目や必須添付ファイルなどを設定できるため、申請ミス等による煩わしいやり取りがなくなった。また、いつでもテンプレートを見直すことができ、それをいちいち告知する必要がないので、いつでも最新の情報を申請してもらうことができる。承認処理も、申請や承認ボタンを押せば、すでに決まった担当者にメールが送信されて手間がない。申請履歴も楽楽精算を開けばいつでも見ることができるし、また閲覧権限で見せたい/見せたくないを細かく設定できるのがよい。,ワークフローがすごく便利なのだが、使い込んでくると制約がいろいろ出てくる。いちばん改善してほしいのは、交通費や出張精算で使える機能の一部がワークフローでは使えないということ。例えば、最終承認後の追記ができないとか、承認フローの選択肢の一部が使えない、一部のデータのCSVによる入出力ができないなど。それから、スマートフォン版アプリがワークフロー関連にまったく対応していないというのを早く改善してほしい。,Excelファイルとメールでのやり取りで入力し忘れや添付し忘れ、申請先の間違いなどが頻発し、担当者がその処理に時間を取られていたが、それらがほとんどなくなった。また、メール申請だと他のメールに埋もれてしまって承認されないなどのトラブルがなくなった。この申請はどこどこ、あの申請はどこどこを見るといったように、バラバラでわかりにくかったのが、すべて楽楽精算を開けばよくなったので、管理も閲覧も楽になった。,正直な話、この価格でこのクオリティは驚愕する。経理の実務担当者がその経験に基づいて作られていると感じる。
1825,2021/10/07,こちらのサービスを使う前は、手書きで交通費などの精算依頼をしていましたが、とても効率的になりました。紙だとコピーしてファックスと無駄な時間がありましたが、短縮されてとても作業効率アップしています。,入力エラーになった時に、どこがエラーなのかわかりにくかったです。使用しているノートパソコンが小さいのも原因かもしれませんが。,紙媒体からシステムとなり、上長の確認もシステム上で行えるので、印刷してコピーして検印をもらうという無駄な時間が短縮されました。また紙媒体だった時は、業務時間のどこかで作成していましたが、通勤時間にも記入できるので、より仕事に集中できる時間を長く持てるようになりました。この口コミを詳しく見る,ービスを使う前は、手書きで交通費などの精算依頼をしていましたが、とても効率的になりました。紙だとコピーしてファックスと無駄な時間がありましたが、短縮されてとても作業効率アップしています。楽楽精算の改善してほしい点入力エラーになった時に、どこがエラーなのかわかりにくかったです。使用しているノートパソコンが小さいのも原因かもしれませんが。楽楽精算導入で得られた効果・メリット紙媒体からシステムとなり、上長の確認もシステム上で行えるので、印刷してコピーして検印をもらうという無駄な時間が短縮されました。また紙媒体だった時は、業務時間のどこかで作成していましたが、通勤時間にも記入できるので、より仕事に集中できる時間を長く持てるようになりました。
1826,2021/09/25,余計な機能がなく、シンプルで迷わず使えています。領収書コピーを申請書に添付できる機能は、テレワークを始めてから特に便利と感じます。,申請者として利用していて、特に困ったことはありません。実装されると嬉しい機能も特には思い浮かびません。システムの不具合がありましたか？なし,楽楽精算の画面から乗り換え案内のサイトに飛び交通費を調べることができるため、交通費精算が早くできるようになりました。この口コミを詳しく見る,がなく、シンプルで迷わず使えています。領収書コピーを申請書に添付できる機能は、テレワークを始めてから特に便利と感じます。楽楽精算の改善してほしい点申請者として利用していて、特に困ったことはありません。実装されると嬉しい機能も特には思い浮かびません。システムの不具合がありましたか？なし楽楽精算導入で得られた効果・メリット楽楽精算の画面から乗り換え案内のサイトに飛び交通費を調べることができるため、交通費精算が早くできるようになりました。
1827,2021/09/24,交通費ではあらかじめよく使う経路は登録が可能で、選んで読み込みだけで登録できるのは便利でとても助かる。,領収書も写真だけでOKになればさらにいいのだが。アプリケーションの問題というより使用する会社の問題かも知れないが。ある程度まとめて提出するのだが、当初はかなり戸惑った。もう少し直感的な入力方法と保存を考えて欲しい。また領収書の電子化が手間。Suicaや電子マネーと紐づけできませんか？システムの不具合がありましたか？乗換案内のソフトが入っているのはいいのだが、使用した経路が出てこないことがある。,手書きからの解放と、領収書を電子化することで領収書を無くすというトラブルが減ったように思う。精算という行為の精神的、肉体的な解放感はとても良い。ただし雑費精算の多い人は領収書の電子化と管理は大変だと思う。,DX化取り掛かりとしては導入しやすいと思う。
1828,2021/09/19,これまで煩雑な手続きを行っていた社内精算処理が、オンライン上で必要項目を選択・金額入力をするだけになった。,領収書の扱いがどうしてもペーパーでのやり取りとなるので、スマホから写真をアップロードするだけでいけるようになれば嬉しい。,楽楽精算が導入されたことにより、精算処理書類を持って社内を回り歩くことがなくなり、業務に集中することができるようになった。この口コミを詳しく見る,雑な手続きを行っていた社内精算処理が、オンライン上で必要項目を選択・金額入力をするだけになった。楽楽精算の改善してほしい点領収書の扱いがどうしてもペーパーでのやり取りとなるので、スマホから写真をアップロードするだけでいけるようになれば嬉しい。楽楽精算導入で得られた効果・メリット楽楽精算が導入されたことにより、精算処理書類を持って社内を回り歩くことがなくなり、業務に集中することができるようになった。
1829,2021/09/17,自動入力機能を備えているため、申請・承認時の手間を大幅に削減できる。請求書・領収書の電子保存に対応できる。ワークフロー機能により、精算業務以外の申請（異動届や手当の支給申請）などを電子化できる。,ワークフロー機能を利用し、独自の申請を作成できるが、項目数の上限や項目の種類などを増やしていただきたい。,電子帳簿保存法の対応を実施したので、請求書・領収書の紙保存をやめることができた。会計システムへの手入力がほぼなくなり、すべてデータ連携で対応することができるようになった。この口コミを詳しく見る,能を備えているため、申請・承認時の手間を大幅に削減できる。請求書・領収書の電子保存に対応できる。ワークフロー機能により、精算業務以外の申請（異動届や手当の支給申請）などを電子化できる。楽楽精算の改善してほしい点ワークフロー機能を利用し、独自の申請を作成できるが、項目数の上限や項目の種類などを増やしていただきたい。楽楽精算導入で得られた効果・メリット電子帳簿保存法の対応を実施したので、請求書・領収書の紙保存をやめることができた。会計システムへの手入力がほぼなくなり、すべてデータ連携で対応することができるようになった。
1830,2021/09/15,交通機関の料金検索がわかりやすく、乗り換えなどでもしっかり検索してくれます。また過去のデータも参照＆コピーできるところもよい。,画面レイアウト（アイコン等）が小さく操作しづらい。「承認処理」を行う側として部下の履歴を追いかけにくい。,出張申請から精算までをしっかり管理してくれるので、処理漏れがないこと。過去データの閲覧検索など利用しやすい。この口コミを詳しく見る,料金検索がわかりやすく、乗り換えなどでもしっかり検索してくれます。また過去のデータも参照＆コピーできるところもよい。楽楽精算の改善してほしい点画面レイアウト（アイコン等）が小さく操作しづらい。「承認処理」を行う側として部下の履歴を追いかけにくい。楽楽精算導入で得られた効果・メリット出張申請から精算までをしっかり管理してくれるので、処理漏れがないこと。過去データの閲覧検索など利用しやすい。
1831,2021/09/14,今までは交通費精算・経費精算を全て紙ベースで行っていました。切符や領収証を一枚一枚貼っていましたが、そんな手間が無くなり、保管する書庫のスペースが確保出来ました。またスマホでも簡単に行えるので、FAXやメール送信などの業務も不必要になりました。,精算する領収証が何十枚となると、申請がやや手間になると感じました。まとめて申請が出来る機能があると尚良いと感じています。,紙ベースの場合、記入漏れや誤字・脱字があった場合、差し戻して訂正してから再提出という手間と時間が掛かっていたのが、ボタン一つで差し戻しと修正も直ぐ出来るので、業務効率が上がりました。,レクチャーが簡単で浸透まで時間がかからない点。
1832,2021/09/14,煩わしい手続きをすることなく、交通費を簡単に精算することができます。ペーパーレスになることにより、費用も節約でき良いです。,単なる利用者からすると、今まで使っていたシステムと変わってしまい少し戸惑う点もあるので、もっと分かりやすいマニュアルなどあると助かります。,外回りの営業だと交通費の精算作業がどうしても必要になり中で作業をしなくてはいけないが、楽楽精算を利用することによって時間短縮に繋がり外回りの営業時間を増やせた。この口コミを詳しく見る,続きをすることなく、交通費を簡単に精算することができます。ペーパーレスになることにより、費用も節約でき良いです。楽楽精算の改善してほしい点単なる利用者からすると、今まで使っていたシステムと変わってしまい少し戸惑う点もあるので、もっと分かりやすいマニュアルなどあると助かります。楽楽精算導入で得られた効果・メリット外回りの営業だと交通費の精算作業がどうしても必要になり中で作業をしなくてはいけないが、楽楽精算を利用することによって時間短縮に繋がり外回りの営業時間を増やせた。
1833,2021/09/13,領収書原本の提出は紙ベースで残りますが、上司や経理部への経費申請、承認回覧等について、承認印を貰うとか書面提出で決済を貰う等、諸々の面倒な事が、申請する側も処理する側も、Web上で完結できる点です。領収書を携帯写真で読み取り、金額を自動入力出来る機能があるのが画期的でした。,現在使っていて不便な点は殆どありません。原本提出時の際の送付状を印刷する機能があればもっと有り難いぐらいですが、ほぼ実装されているサービスのみで満足しています。,テレワーク化が自社で進み、毎月の経費精算の申請に、自社に書面を提出したり承認印を貰うために回覧したりといった事がし難い(自社に出社できない)事が多い状況のところで、このサービスで経費精算を行うようになったお陰で、そういった煩雑な庶務が無くなり、社内で決済を取るのに２週間程度要していたものが、精々１～２日で完結するようになり、大幅に業務効率が上がりました。,社員がスマホを所有している事が前提なら、スマホで領収書の読み取り・自動入力も可能なので、お勧めかと思います。
1834,2021/09/11,経路検索ができるので、手早く入力できる。スマホでも使えるので、従業員規模が多いところほど個人に任せられて仕事が効率的に進む。,ICカード読み取りのアプリと楽楽精算のアプリが1本化すれば、もう少し使いやすくなると思う。2個アプリを入れるのは面倒。システムの不具合がありましたか？特にありません。,スマホからでもスムーズに申請できるので、出勤日でなくても申請することができる。経理の方々も不備を確認するのが簡単で効率的。この口コミを詳しく見る,できるので、手早く入力できる。スマホでも使えるので、従業員規模が多いところほど個人に任せられて仕事が効率的に進む。楽楽精算の改善してほしい点ICカード読み取りのアプリと楽楽精算のアプリが1本化すれば、もう少し使いやすくなると思う。2個アプリを入れるのは面倒。システムの不具合がありましたか？特にありません。楽楽精算導入で得られた効果・メリットスマホからでもスムーズに申請できるので、出勤日でなくても申請することができる。経理の方々も不備を確認するのが簡単で効率的。
1835,2021/09/10,使用項目など自社向けにカスタマイズできわかりやすい。また申請もクリック一つでできるので非常に楽です。,改善してほしい点はICにて往復した場合の検索ができるようになるとより便利かなと思います。いつもうまくできず、乗り換えごとの入力しかできないため。,IC履歴などから交通費など実費が拾えて経理で対応する際に色々調べる手間が省けるのは良い。都度入力することにより手打ちしなくて住むので楽。この口コミを詳しく見る,ど自社向けにカスタマイズできわかりやすい。また申請もクリック一つでできるので非常に楽です。楽楽精算の改善してほしい点改善してほしい点はICにて往復した場合の検索ができるようになるとより便利かなと思います。いつもうまくできず、乗り換えごとの入力しかできないため。楽楽精算導入で得られた効果・メリットIC履歴などから交通費など実費が拾えて経理で対応する際に色々調べる手間が省けるのは良い。都度入力することにより手打ちしなくて住むので楽。
1836,2021/09/10,PCからだけではなく、スマホなどからも利用ができる点、特にAIOCRを活用したレシート読み取り機能は目を引きます。また交通費などの検索サービスとの連携ができるので、入力に誤りがなくなるのも良い。シンプルに運用したいなら候補に挙げてよいと思います。,承認ルートの設定がやや貧弱、当社では対応できずに個人対個人で設定している。またUIがややわかりづらく、複数件の申請を同時に出せないなど弱点がある。経理側はかなり楽になっているはずだが、申請する側とすれば紙面に記入したり、エクセルで入力するほうが早かったりすることがある。メンテナンスもクラウドなのでやや大変。システムの不具合がありましたか？現状では特に起きていない。,ペーパーレスでの運用が可能な点が第一。また、申請時のミスが最少化される点もメリットが大きい。そして最大の効果はデータを輩出し、会計ソフトと連携することで、経理側の業務が飛躍的に圧縮されること。そのまま出金も自動で行えば、経費精算にかかる労力は人一人分ほど削減される。この口コミを詳しく見る,けではなく、スマホなどからも利用ができる点、特にAIOCRを活用したレシート読み取り機能は目を引きます。また交通費などの検索サービスとの連携ができるので、入力に誤りがなくなるのも良い。シンプルに運用したいなら候補に挙げてよいと思います。楽楽精算の改善してほしい点承認ルートの設定がやや貧弱、当社では対応できずに個人対個人で設定している。またUIがややわかりづらく、複数件の申請を同時に出せないなど弱点がある。経理側はかなり楽になっているはずだが、申請する側とすれば紙面に記入したり、エクセルで入力するほうが早かったりすることがある。メンテナンスもクラウドなのでやや大変。システムの不具合がありましたか？現状では特に起きていない。楽楽精算導入で得られた効果・メリットペーパーレスでの運用が可能な点が第一。また、申請時のミスが最少化される点もメリットが大きい。そして最大の効果はデータを輩出し、会計ソフトと連携することで、経理側の業務が飛躍的に圧縮されること。そのまま出金も自動で行えば、経費精算にかかる労力は人一人分ほど削減される。
1837,2021/09/10,会社に合わせてカスタマイズが簡単にできるところが良い。勘定科目設定など多少慣れが必要な箇所もあるが、マニュアルを見れば解決できる。,チャット問い合わせができたらいい。ボットではなく、人間相手のチャットで。アマゾンの返品時の問い合わせチャットのイメージ。,社員数増加の中、FBデータもシステムから作れるので、問題なく支給スケジュールが守れている。今後も社員増加に耐えられると思う。この口コミを詳しく見る,せてカスタマイズが簡単にできるところが良い。勘定科目設定など多少慣れが必要な箇所もあるが、マニュアルを見れば解決できる。楽楽精算の改善してほしい点チャット問い合わせができたらいい。ボットではなく、人間相手のチャットで。アマゾンの返品時の問い合わせチャットのイメージ。楽楽精算導入で得られた効果・メリット社員数増加の中、FBデータもシステムから作れるので、問題なく支給スケジュールが守れている。今後も社員増加に耐えられると思う。
1838,2021/09/10,領収証が多いため、手入力が大変なので、写メを撮るだけで、設定さえきちんとしていれば軽微な訂正で済みます。,A4サイズの領収証は、写メできず、スキャンする必要がある。また、会計ソフトと連動する設定は、税理士が楽々精算を知らないと、自分で調べることが多く手間がかかる。会計ソフトの税区分を、楽々精算側で設定する際に、一度ではできなかった。CSVで連動する際に、会計ソフト側の表示に間違いがあり、試行錯誤して何回か設定をする必要がある。,領収証をいちいち、月ごとに貼り付けてまとめる必要がないので、写メをしたら、年度ごとに箱に入れておくだけになったので便利です。「楽楽精算」導入の決め手領収証を楽に入力できること。,領収証が多く、経理部が無い中小企業にはお薦めです。
1839,2021/09/08,会社の経費精算の締め日がどうしても早いので、郵送だと中3日かかる所がペーパーレスのため、楽になったと思います。,ひとつのレシートに対して1度画像を取り込んで、入力を繰り返しその後に経費精算書の画面に持っていくので面倒に感じる。,今までは書面でレシートを見ながら経費精算書を記入していたのが、ペーパーレスになり入力するのみになったので簡単になりました。,経理の方には楽だと思います。
1840,2021/09/08,以前はExcelシートで伝票を作成し印刷後提出をしていたのですが、在宅勤務になり、改めてオンラインでの申請が便利を感じました。また、日当の設定をする事により、複雑な日当計算も自動で行ってくれるので間違えや、申請時の問い合わせが減りました。定期区間設定とICカ－ドを読み込む事で重複計上も防げ経理のチェック作業も削減されたのが助かります。,弊社の日当設定が大変複雑である程度プログラミングの知識がないと設定できませんでした。（弊社はソフト開発を行っているのでエンジニアが手を貸してくれました）経理レベルでは難しいと思ったので、別料金が発生しても構わないのでこちらの要望を叶えてくれるエンジニアさんを派遣してくれる等々のサービスがあったら助かります。また製品の方では、画面入力と印刷フォーマットを別々で設定するのですが、そこを統一してくれた方が私は分かりやすかったです。在宅勤務者が増え「通勤費」を実費で精算する際、「旅費交通費」とは別で申請したいので（税金の関係上）「日帰り」「宿泊」「海外出張」「出金」「交際費」等のアイコンに「通勤費申請」という物を増やしてほしいです。交通系ICカ－ドを読み込ませる件数をもっと増やしてほしい。,先にも書いたが、日当申請の計算を社員個々で行わなくなり、自動で計算できるのが助かっています。問い合わせも減り、間違えもないので、経理のチェック作業が減り、ICカード読み込み分に関してはノーチェックで行けるので助かる。「楽楽精算」導入の決め手視覚的に分かりやすい。,交通機関ICカ－ドの読み込みができ手入力が減るので、公共交通機関利用する事が多い人（営業さんなど）は便利だと思う。
1841,2021/09/07,主に承認者として使用しているが、作業時間が短縮された。PCでも携帯でも入力可能、特に携帯からの操作性が良い。,領収証を撮影して取り込むが、施設名など文字をうまく読みとってくれない。結局、消して入力することになり、手間がかかる。,経路検索の際に、定期券分を自動に計算、差し引いてくれるのがメリット。以前使っていたソフトではそれがなく、手計算であったので。,入力が簡単で使い勝手が良い。
1842,2021/09/07,出張費、交通費等を個人単位で申請でき、ハンコを押してもらう無駄な時間を削減できています。クレジットカードの明細を読み取ってくれるのも、いちいち自分で用途と金額を調べなくても良いのでとても楽です。,交通系ICカードの情報を自動で読み取ってくれる機能があるのですが、うまく読み取れないことがあり、結局紙で提出しました。もう少し精度を高めてほしいです。,これまではどんな経費も紙媒体で提出し、上長のハンコを押してもらい、経理に提出しなければならなくとても手間がかかっていました。昼食のお弁当代一つ申請するのにも大変な手間がかかっていましたが、楽楽精算を導入してからは個人単位で申請が出来るため、申請の手間が省け業務に集中することが出来ています。,導入に手間がかかるそうですが、一度導入してしまえばとても使い勝手が良いです。
1843,2021/09/07,紙ではなく、オンライン上で経費の精算や領収書の提出ができること。また、差し戻しや直しもオンラインでできるので楽です。,デザインです。とてもいいサービスなのでアイコンやボタンにわかりやすさがあるといいかなと感じました。一瞬で見てパッと分かりやすい文字の大きさやアイコンだと助かります。,紙で何度もやり取りする精算業務の煩雑さを解決できます。修正のたびに本社から差し戻ってきたり、送り返したり、そういった手間がなくなりました。この口コミを詳しく見る,、オンライン上で経費の精算や領収書の提出ができること。また、差し戻しや直しもオンラインでできるので楽です。楽楽精算の改善してほしい点デザインです。とてもいいサービスなのでアイコンやボタンにわかりやすさがあるといいかなと感じました。一瞬で見てパッと分かりやすい文字の大きさやアイコンだと助かります。楽楽精算導入で得られた効果・メリット紙で何度もやり取りする精算業務の煩雑さを解決できます。修正のたびに本社から差し戻ってきたり、送り返したり、そういった手間がなくなりました。
1844,2021/09/06,これまで、客先勤務のため、所属している会社に帰社して書類の届け出を提出し、上長承認され、精算されるまで1か月以上かかっていた。これが、この楽楽精算の導入により、スマホから申請し、1週間程度で口座へ直接精算されるようになり、非常に楽になった。,バスの路線対応が一部のため、手入力が必要だったり、検索に限界があるので、もう少し対象範囲が広がると嬉しい。,昨今のコロナの影響で、在宅勤務になり、定期券ではなく、都度交通費申請が必要になった。この精算の迅速な対応と、不必要な来社が必要なくなったことが非常に大きい。この口コミを詳しく見る,客先勤務のため、所属している会社に帰社して書類の届け出を提出し、上長承認され、精算されるまで1か月以上かかっていた。これが、この楽楽精算の導入により、スマホから申請し、1週間程度で口座へ直接精算されるようになり、非常に楽になった。楽楽精算の改善してほしい点バスの路線対応が一部のため、手入力が必要だったり、検索に限界があるので、もう少し対象範囲が広がると嬉しい。楽楽精算導入で得られた効果・メリット昨今のコロナの影響で、在宅勤務になり、定期券ではなく、都度交通費申請が必要になった。この精算の迅速な対応と、不必要な来社が必要なくなったことが非常に大きい。
1845,2021/09/05,クラウドなので、移動時間や合間に申請が出来る。また、ICカードの連携もできるため、乗車区間の料金を調べることなくスムーズに精算ができるのもすごく便利。,慣れてしまえばスムーズだが、インターフェースがやや操作しづらく感じる。特に、年配の方には何度か操作方法をレクチャーしてやっと使えるという感じだった。,上記でも述べたが、ICカード連携が出来る点や以前に申請した内容のコピーもある程度できるため、使いやすく申請に掛かるトータルの工数がかなり減ったように思う。この口コミを詳しく見る,ので、移動時間や合間に申請が出来る。また、ICカードの連携もできるため、乗車区間の料金を調べることなくスムーズに精算ができるのもすごく便利。楽楽精算の改善してほしい点慣れてしまえばスムーズだが、インターフェースがやや操作しづらく感じる。特に、年配の方には何度か操作方法をレクチャーしてやっと使えるという感じだった。楽楽精算導入で得られた効果・メリット上記でも述べたが、ICカード連携が出来る点や以前に申請した内容のコピーもある程度できるため、使いやすく申請に掛かるトータルの工数がかなり減ったように思う。
1846,2021/09/03,無駄な紙の印刷が無くなりました。社内の経費システムは形骸化しており、「別紙」で済ませて、ほぼExcelフォーマットで印刷、上長承認。PDFで済むのに原紙を本社へ送付。無駄だな、と感じていたものが無くなったのはいいと思います。あと、乗り換え入力すると、運賃がリンクしてくれるのは確実で楽です。,慣れるまでは操作性が悪いなと感じておりました。今までExcel入力だったせいもありますが、入力フォームが絶妙にやりづらく、大量申請には向かないなと感じております。一括入力のフォームが欲しいです。,承認がシステム上で行われるので、在宅ワークが増えた今、どこでも申請できどこでも承認できるのはメリットだと思います。承認されたら通知も来るのも良い点です。,経理は楽になると思います。
1847,2021/09/03,領収書をスマホで撮影して読み込むことで、旅費や経費の記入が楽に。また乗車した路線区間を指定するだけで自動的に運賃計算してくれるので便利。,領収書のスキャンの精度を上げてほしい。領収書を縦向きにすると正しく読み取れない。ほぼ文字部分から必要な項目を読み取ってくれるが、たまに無関係な項目を読み取るため、あとで手作業で修正することも。,旅費をいちいち路線検索して旅費を調べる必要が無くなった。電車や飛行機だけでなく、路線バスにも対応しているので嬉しい。,出張手当も自動計算されるので、便利です。
1848,2021/09/02,小口現金からのこまめな出金作業、及び仕訳伝票の起票が不要となり業務効率が上がりました。更には、申請者側も今までの書面での提出や承認作業依頼が無くなり、メイン業務以外の負荷が減り喜ばれております。,本システム導入の際の、申請レイアウト帳票の作成方法が少々分かりにくかったと思います。プレビューを見ながらの入力幅の増減、バランス、項目設定など多岐にわたり対応できるように設計されているとは感じながらも、少々複雑な気がしました。システムの不具合がありましたか？システム導入当初は、CSV変換ファイルが会計システムに取り込めない不具合が発生し(本システムの不具合では無いが)、CSVファイル再作成(修正版の)が出来ればよかったと思います。しかし、電話でのサポート対応が良くすぐに解決出来て助かりました。,出張費の手当や宿泊費等、役職により異なり、導入前は申請金額ミスが大変多かったのですが、本システム導入時のプログラム作成により、金額間違いがなく申請される様になり大変助かっております。「楽楽精算」導入の決め手小口現金からの出金作業低減,小口現金からの出金作業低減
1849,2021/09/01,交通費から備品購入までが、カテゴリー別にされているところが良いですね。またすぐ申請一覧がそのカテゴリー別に見れるようになっているので確認もしやすいです。,マニュアルをもう少し分かりやすくしてほしいです。慣れてないスタッフに申請させる際に教える必要がある。,それまでは手書き領収書を保管して、毎月経理に送らなくてはいかず不備で戻ってくることも多々ありました。楽楽精算導入後は、登録後に経理が確認、差し戻しされるだけなので飛躍的に時間のロスが減り、他の業務に充てられるようになったことで導入されて良かったと思っています。この口コミを詳しく見る,備品購入までが、カテゴリー別にされているところが良いですね。またすぐ申請一覧がそのカテゴリー別に見れるようになっているので確認もしやすいです。楽楽精算の改善してほしい点マニュアルをもう少し分かりやすくしてほしいです。慣れてないスタッフに申請させる際に教える必要がある。楽楽精算導入で得られた効果・メリットそれまでは手書き領収書を保管して、毎月経理に送らなくてはいかず不備で戻ってくることも多々ありました。楽楽精算導入後は、登録後に経理が確認、差し戻しされるだけなので飛躍的に時間のロスが減り、他の業務に充てられるようになったことで導入されて良かったと思っています。
1850,2021/09/01,主に定期以外で交通費が発生する場合(出張無し)にのみ使っていますが、乗車駅と降車駅を入力するだけで、どの乗り換えを使う可能性があるか複数の選択肢を出してくれるので、使ったルートや賃金を調べる必要がなくとても早く申請できます。,日付の入力が少しやりずらいと感じた点と、項目が多いので仕方ないですが、入力後の画面が若干見にくく、確認しづらいのが気になりました。,使い方が簡単なので、PCに詳しくない社員でも簡単なマニュアル1つで使えるようになったのがとてもよかったと思います。交通費の入力間違いが減って手間が減りました。,交通費の値段や経路に関してはとても正確性があります。
1851,2021/08/31,ITカードと連動させて、利用した交通機関を反映できる、下書き保存ができる点。出発地から到着地まで設定したら、何パターンかのルートが出てくる点。,ごく稀ですが、手入力の際にバスの乗り換えなどでルートを調べると、自分が利用したルートがどうしても出てこない時があり、その際に分別して請求する点。,らくらく簡単に精算ができる面が本当に効率よくて、助かります。過去の職場では手書きで精算をしていたのに対して、パソコンで簡単に手軽に申請ができるため時間がかからない点が特にメリットに感じます。この口コミを詳しく見る,と連動させて、利用した交通機関を反映できる、下書き保存ができる点。出発地から到着地まで設定したら、何パターンかのルートが出てくる点。楽楽精算の改善してほしい点ごく稀ですが、手入力の際にバスの乗り換えなどでルートを調べると、自分が利用したルートがどうしても出てこない時があり、その際に分別して請求する点。楽楽精算導入で得られた効果・メリットらくらく簡単に精算ができる面が本当に効率よくて、助かります。過去の職場では手書きで精算をしていたのに対して、パソコンで簡単に手軽に申請ができるため時間がかからない点が特にメリットに感じます。
1852,2021/08/31,出張の度に経費をExcelに打ち出して印刷し提出していました。こちらを使うことで今までの手間が嘘のように簡単に申請でき、全てwebで完結するのでとても便利です。,仕事柄パソコン関係ではないのでITには疎い人達が多いので理解するのに時間がかかりました。ただサポートがあるので安心して利用出来ました。,コロナ禍でテレワークになってもすぐに申請ができ、操作が簡単で分かりやすいです。交通費はこちらで検索せずともICカードの履歴が反映されるので手間が省けて助かっています。この口コミを詳しく見る,経費をExcelに打ち出して印刷し提出していました。こちらを使うことで今までの手間が嘘のように簡単に申請でき、全てwebで完結するのでとても便利です。楽楽精算の改善してほしい点仕事柄パソコン関係ではないのでITには疎い人達が多いので理解するのに時間がかかりました。ただサポートがあるので安心して利用出来ました。楽楽精算導入で得られた効果・メリットコロナ禍でテレワークになってもすぐに申請ができ、操作が簡単で分かりやすいです。交通費はこちらで検索せずともICカードの履歴が反映されるので手間が省けて助かっています。
1853,2021/08/31,今まで交通費を調べて手入力していましたが、スマホからICカードから履歴を読み取り、そのまま交通費申請することができます。,デザインが古臭いのでもう少しモダンなデザインにアップデートして欲しい。パソコン版の操作方法がわかりづらい。承認フローの付け直しができない。,交通費精算に関わる膨大な事務作業が一元管理できるようになり、営業、開発問わず客先に出向く社員にとっては申請しやすい環境になりました。この口コミを詳しく見る,費を調べて手入力していましたが、スマホからICカードから履歴を読み取り、そのまま交通費申請することができます。楽楽精算の改善してほしい点デザインが古臭いのでもう少しモダンなデザインにアップデートして欲しい。パソコン版の操作方法がわかりづらい。承認フローの付け直しができない。楽楽精算導入で得られた効果・メリット交通費精算に関わる膨大な事務作業が一元管理できるようになり、営業、開発問わず客先に出向く社員にとっては申請しやすい環境になりました。
1854,2021/08/29,従来、出張の事前申請、及び事後申請をエクセルで作成、紙出し後、印鑑をついて回していました。楽楽精算を導入後、WEB上でワークフローができ完結するので、無用な事務の削減に繋がっています。また、旅費の入金日がメールで届くのは地味にありがたい。,当社の環境だけかもしれないが、画面がサクサク動かず、少しイライラすることがあります。もう少しスムーズに動けばありがたいです。システムの不具合がありましたか？今のところありません,交通経路、金額を検索できるので、出張旅費のごまかしが効かなくなった。また、WEBでの承認を得られるので、無駄な紙の削減にも繋がっています。この口コミを詳しく見る,の事前申請、及び事後申請をエクセルで作成、紙出し後、印鑑をついて回していました。楽楽精算を導入後、WEB上でワークフローができ完結するので、無用な事務の削減に繋がっています。また、旅費の入金日がメールで届くのは地味にありがたい。楽楽精算の改善してほしい点当社の環境だけかもしれないが、画面がサクサク動かず、少しイライラすることがあります。もう少しスムーズに動けばありがたいです。システムの不具合がありましたか？今のところありません楽楽精算導入で得られた効果・メリット交通経路、金額を検索できるので、出張旅費のごまかしが効かなくなった。また、WEBでの承認を得られるので、無駄な紙の削減にも繋がっています。
1855,2021/08/29,前まで用紙を作成し社内で回していたがこちらを導入してから上長に用紙を渡さなくても良いし、申請に理由を添えておけば勝手に読んでもらえるし、人事関連も纏まって申請できて業務のちょっとした手間が改善。,印刷ボタンがもっと簡単に出来ると嬉しい。項目が増えていくと探すのが面倒で色分けできたりするとありがたい。機能に関してそこまで詳しくないが、直感で使っているかぎりはそこまで改善点はない。システムの不具合がありましたか？やや重い時があったがこちらというより自社環境かもしれない。あまり不具合というものはなかったと思われる。,上記で述べているが業務での手間がだいぶ削減された。上司の顔を見ずに申請出来て、理由も添えられて、メールでもしておけば後はそちらが確認してもらえれば大丈夫です、といった感じで楽。付随して色々なことも出来るので精算が楽。,用紙を渡すなど等から解放され、重たい購入物等で上司の顔色を窺う事から解放されます。理由をつけて添えとくだけです。やり取りをデータで出来るのは素晴らしいですね。
1856,2021/08/28,自動入力されるので、ミスなく短時間で申請が可能！ユーザーインターフェースがわかりやすい！管理者も一般職員も扱いやすく、すぐに慣れることができる！,あまり不便に思ったことはありませんが、時刻表と連動していない経路時間があることと、閲覧メニューから他人の他人の書類をそのままコピーできないことは、速急に改善して欲しいです。,やはり1番のメリットは交通費精算にかかる入力工数の削減です。交通系ICカードの取り込みがスマホアプリから簡単にでき、面倒だった作業から解放されました。この口コミを詳しく見る,れるので、ミスなく短時間で申請が可能！ユーザーインターフェースがわかりやすい！管理者も一般職員も扱いやすく、すぐに慣れることができる！楽楽精算の改善してほしい点あまり不便に思ったことはありませんが、時刻表と連動していない経路時間があることと、閲覧メニューから他人の他人の書類をそのままコピーできないことは、速急に改善して欲しいです。楽楽精算導入で得られた効果・メリットやはり1番のメリットは交通費精算にかかる入力工数の削減です。交通系ICカードの取り込みがスマホアプリから簡単にでき、面倒だった作業から解放されました。
1857,2021/08/28,交通費の精算がとても楽になります。利用する駅を入力するとそこから費用が計算されますし、もし過去に使ったルートであれば保存してある中から適用できるので、いずれも時短になります。,ICカードの履歴の上限をもっと増やして欲しいです。またスマホから申請する場合、パソコンに比べて若干やりづらく、不便に感じる。,経費の申請をペーパーレス化することができました。そうしたことで、申請する側と管理側の双方が手間と時間を減らすことができています。この口コミを詳しく見る,算がとても楽になります。利用する駅を入力するとそこから費用が計算されますし、もし過去に使ったルートであれば保存してある中から適用できるので、いずれも時短になります。楽楽精算の改善してほしい点ICカードの履歴の上限をもっと増やして欲しいです。またスマホから申請する場合、パソコンに比べて若干やりづらく、不便に感じる。楽楽精算導入で得られた効果・メリット経費の申請をペーパーレス化することができました。そうしたことで、申請する側と管理側の双方が手間と時間を減らすことができています。
1858,2021/08/24,精算のワークフローは使いやすい。スマートフォン対応なので、外から申請・承認・閲覧ができるので業務がスムーズ。,オプションのワークフローが非常に使いにくい。決まった事しかできなく、柔軟に承認フローを作成する事が難しい。システムの不具合がありましたか？時々システム自体ダウンする。こちらではどうしようもないが、締め日にこれをやられると非常に困る。,スマホでも申請閲覧が可能になったので、業務効率がアップした。コロナ過でテレワーク推進している中では有難い。,導入までしんどいですが、導入してしまってからは楽
1859,2021/08/23,コロナ禍を期に、リモートワークが可能な社員については通勤費が定期ではなく出社日ごとの精算になりました。それにあわせてこちらのシステムが導入されたのですが、マイパターン（自宅最寄り駅から事務所最寄り駅までの経路と運賃）を登録することができるので、毎日の入力はほんの数分で済みます。以前は交通費は社内独自書式の用紙で月末に申請し、担当者がまとめて本社へ送付していたのですが、こちらのシステムでは直接本社の決済担当者に申請することができ、事務所の担当者の負担が減ったと思います。,ボタンの位置がページによって上にまとまっていたり、下にまとまっていたり、よくわからないです。また、遷移するごとにのウインドウが開くのが邪魔な気がします。交通費などを申請した場合はウインドウが消滅してしまい、確認のために別の操作が必要なのもわかりにくいと思います。,本社以外の事務所（支社）で勤務しているので、申請のためいちいち書類をとりまとめて本社に郵送していたのがなくなって、時間、送料、そのほか様々なコストが削減できたと思います。リモートでもネット環境だけあれば経費精算できるので、プリントなどが難しい在宅勤務時でも精算できてありがたいです。,ユーザーです。直感的に使える経費精算システムだと思います。
1860,2021/08/22,スマホさえあれば、営業先に向かう移動時間で交通費申請することができ、使用した路線も別のアプリを開かなくても見られるので手間が省ける。,簡単にはなったものの、交通費申請をどうしても忘れてしまうこともあったので、決まった曜日・時間に「申請して下さい」等の通知があると嬉しいです。,今まで交通費は、経理に行先と利用した路線、掛かった費用を紙に記載して提出し無ければならなかった。そのため、交通費精算のために残業することもあったが、その手間が無くなった。この口コミを詳しく見る,あれば、営業先に向かう移動時間で交通費申請することができ、使用した路線も別のアプリを開かなくても見られるので手間が省ける。楽楽精算の改善してほしい点簡単にはなったものの、交通費申請をどうしても忘れてしまうこともあったので、決まった曜日・時間に「申請して下さい」等の通知があると嬉しいです。楽楽精算導入で得られた効果・メリット今まで交通費は、経理に行先と利用した路線、掛かった費用を紙に記載して提出し無ければならなかった。そのため、交通費精算のために残業することもあったが、その手間が無くなった。
1861,2021/08/22,以前に作成したものを呼び出せるので、同様の内容の精算をする際は入力しやすいです。会社のクレジットカードと連携できるのも便利です。,これは社内の問題かもしれませんが、経費精算の際、部内でトップが承認⇒印刷して領収書を貼り付けて経理部に、という流れです。しかし、最終承認者が経理部になっているため、経理部が承認をした際は通知が来るのですが、部内のトップが承認した際には連絡が来ないため、逐一自分で確認する必要があるのが不便です。,経理部としては、処理がとてもスムーズなのではないかと思います。当社では本サービスの導入に伴い、立替金等の現金での精算も全て振込になったため、事務処理を担当する方には良いのだと思います。この口コミを詳しく見る,したものを呼び出せるので、同様の内容の精算をする際は入力しやすいです。会社のクレジットカードと連携できるのも便利です。楽楽精算の改善してほしい点これは社内の問題かもしれませんが、経費精算の際、部内でトップが承認⇒印刷して領収書を貼り付けて経理部に、という流れです。しかし、最終承認者が経理部になっているため、経理部が承認をした際は通知が来るのですが、部内のトップが承認した際には連絡が来ないため、逐一自分で確認する必要があるのが不便です。楽楽精算導入で得られた効果・メリット経理部としては、処理がとてもスムーズなのではないかと思います。当社では本サービスの導入に伴い、立替金等の現金での精算も全て振込になったため、事務処理を担当する方には良いのだと思います。
1862,2021/08/20,タイトル通り、精算を利用する人数が多いほど非常に便利なシステム。申請者側もweb上で手軽に申請でき、経理側も使いたいメニューがすぐに見つかり便利。,経理承認が済んだ後に取り消しが出来ないことが不便。また、電車や飛行機の往復料金表示可能は良いのだが、レンタカー関連も往復が選べてしまい、領収書原本を見るまで倍額精算されていることに気づかなかったことがあるので、もう少し確認がしやすい仕組みになればと思う。,今まで紙の精算でしたが、こちらを利用することによりテレワークでも大半の業務が済むことが便利。また、コロナ禍なので出張等少ないが、今後解除されてから出張や近隣へ電車で移動する従業員が増える為、より業務の効率化を実感すると思う。この口コミを詳しく見る,り、精算を利用する人数が多いほど非常に便利なシステム。申請者側もweb上で手軽に申請でき、経理側も使いたいメニューがすぐに見つかり便利。楽楽精算の改善してほしい点経理承認が済んだ後に取り消しが出来ないことが不便。また、電車や飛行機の往復料金表示可能は良いのだが、レンタカー関連も往復が選べてしまい、領収書原本を見るまで倍額精算されていることに気づかなかったことがあるので、もう少し確認がしやすい仕組みになればと思う。楽楽精算導入で得られた効果・メリット今まで紙の精算でしたが、こちらを利用することによりテレワークでも大半の業務が済むことが便利。また、コロナ禍なので出張等少ないが、今後解除されてから出張や近隣へ電車で移動する従業員が増える為、より業務の効率化を実感すると思う。
1863,2021/08/19,どのようなフォーマットのレシートでも、タイトルや金額が高確率に自動で読み込まれ、利用内容もカテゴリ分けされていて簡単に精算ができる点が良いです。,スマホから決済ルートを指定できない点が改善ポイントです。または、過去に作成した申請ルートを選択できるようになれば良いと思います。,コロナ禍の中で会社に行くことが少なくなり、直接、客先に行くケースが増えるため精算するためだけに会社に行くことがなくなりました。この口コミを詳しく見る,フォーマットのレシートでも、タイトルや金額が高確率に自動で読み込まれ、利用内容もカテゴリ分けされていて簡単に精算ができる点が良いです。楽楽精算の改善してほしい点スマホから決済ルートを指定できない点が改善ポイントです。または、過去に作成した申請ルートを選択できるようになれば良いと思います。楽楽精算導入で得られた効果・メリットコロナ禍の中で会社に行くことが少なくなり、直接、客先に行くケースが増えるため精算するためだけに会社に行くことがなくなりました。
1864,2021/08/19,一括管理できるところ。処理担当は使いやすいのではと思う。金額誤りなど大きなトラブルも現時点で起こっていない。,社内申請するとき、選択事項が多くて時間がかかるときがある。目的地などの入力も簡易的になればと思っている。,30人以上の大人数が研修時に精算の申請をする時があり、年に何回か利用するが、トラブルなく処理が進んだ。この口コミを詳しく見る,きるところ。処理担当は使いやすいのではと思う。金額誤りなど大きなトラブルも現時点で起こっていない。楽楽精算の改善してほしい点社内申請するとき、選択事項が多くて時間がかかるときがある。目的地などの入力も簡易的になればと思っている。楽楽精算導入で得られた効果・メリット30人以上の大人数が研修時に精算の申請をする時があり、年に何回か利用するが、トラブルなく処理が進んだ。
1865,2021/08/19,紙の領収書で管理していた経費の精算が楽になりました。領収書の申請ミスや漏れがなくなり、立替負担した経費、業務使用の私有車ガソリン代などの申請がスムーズになり、忘れなくなりました。,帳票提出の手間があるため、スマホのみで完結出来るような管理者側のシステムにもなっていってくれるといいです。システムの不具合がありましたか？社内の問題もあるかと思いますが、もっとわかりやすい利用のマニュアルがあるといいです。,業務上の私有車利用における走行距離入力やガソリン代計算が紙ベースで無くなったので、スマホ１つで入力管理ができるようになり、申請の抜け漏れが無くなり、業務の際の私有車利用に躊躇がなくなりました。この口コミを詳しく見る,で管理していた経費の精算が楽になりました。領収書の申請ミスや漏れがなくなり、立替負担した経費、業務使用の私有車ガソリン代などの申請がスムーズになり、忘れなくなりました。楽楽精算の改善してほしい点帳票提出の手間があるため、スマホのみで完結出来るような管理者側のシステムにもなっていってくれるといいです。システムの不具合がありましたか？社内の問題もあるかと思いますが、もっとわかりやすい利用のマニュアルがあるといいです。楽楽精算導入で得られた効果・メリット業務上の私有車利用における走行距離入力やガソリン代計算が紙ベースで無くなったので、スマホ１つで入力管理ができるようになり、申請の抜け漏れが無くなり、業務の際の私有車利用に躊躇がなくなりました。
1866,2021/08/18,明細の写真を撮って明細を読み込むことで、それがデータの中に金額等が自動入力され、それを使った経費精算が可能となった。,写真での読み取りに関しては精度がそこまで高いとは思わない。金額や請求先・支払い先等の文字をしっかり読み込まない時があり、手入力が必要になるのは二度手間である。システムの不具合がありましたか？特になし,実際の経理業務に関しては、営業サイドからの精算段階で細かい仕分け作業が入っているためデータで自動管理・仕分けができ、作業の効率化につながっていると思う。この口コミを詳しく見る,を撮って明細を読み込むことで、それがデータの中に金額等が自動入力され、それを使った経費精算が可能となった。楽楽精算の改善してほしい点写真での読み取りに関しては精度がそこまで高いとは思わない。金額や請求先・支払い先等の文字をしっかり読み込まない時があり、手入力が必要になるのは二度手間である。システムの不具合がありましたか？特になし楽楽精算導入で得られた効果・メリット実際の経理業務に関しては、営業サイドからの精算段階で細かい仕分け作業が入っているためデータで自動管理・仕分けができ、作業の効率化につながっていると思う。
1867,2021/08/18,これまでは、件数が少なかったので紙の申請書で精算をしていましたが、導入により申請者、上長、総務が大変楽になりました。,経費額の算定は条件式を組んで自動出力させていますが、その設定が煩雑なため(式の作成が難しい)、入力フォームや直接サポートをしていただけると助かります。システムの不具合がありましたか？乗換案内で電車区間を検索しましたが、「電車」の表示がでなかった。,まずは申請、承認作業がWeb上でできるため、非常にスムーズに精算ができます。また、IC定期券導入で煩雑になった定期併用の計算も自動でしてくれるので、旅費の意図しない過剰請求が無くなりました。この口コミを詳しく見る,、件数が少なかったので紙の申請書で精算をしていましたが、導入により申請者、上長、総務が大変楽になりました。楽楽精算の改善してほしい点経費額の算定は条件式を組んで自動出力させていますが、その設定が煩雑なため(式の作成が難しい)、入力フォームや直接サポートをしていただけると助かります。システムの不具合がありましたか？乗換案内で電車区間を検索しましたが、「電車」の表示がでなかった。楽楽精算導入で得られた効果・メリットまずは申請、承認作業がWeb上でできるため、非常にスムーズに精算ができます。また、IC定期券導入で煩雑になった定期併用の計算も自動でしてくれるので、旅費の意図しない過剰請求が無くなりました。
1868,2021/08/16,働き方が大きく変わり、経費や交通費などの申請期限が細かく設定され、期日管理が大変だったのですが、導入後は必要な申請期限をメールで知らせてくれる機能の期日漏れが圧倒的に減りました。,一度入力したデータに関しては、一定期間中は次回入力している際に選択肢として出てくるような機能があると嬉しいです。,差し戻しや期日漏れでの社内でのやりとりがシステム管理されることで、コミュニケーションの無駄が省かれ、業務負担が軽減しました。この口コミを詳しく見る,きく変わり、経費や交通費などの申請期限が細かく設定され、期日管理が大変だったのですが、導入後は必要な申請期限をメールで知らせてくれる機能の期日漏れが圧倒的に減りました。楽楽精算の改善してほしい点一度入力したデータに関しては、一定期間中は次回入力している際に選択肢として出てくるような機能があると嬉しいです。楽楽精算導入で得られた効果・メリット差し戻しや期日漏れでの社内でのやりとりがシステム管理されることで、コミュニケーションの無駄が省かれ、業務負担が軽減しました。
1869,2021/08/16,これまでは自社開発のシステムで申請書類を印刷し、押印で承認していましたが、コロナ禍で在宅勤務を実施するにあたり、経費申請の承認が滞り、処理に時間が掛かってしまいました。楽楽精算の導入後は、申請は書類の関係で社内で行う必要があるものの、承認はPCやスマホから行えるようになり、在宅勤務の対応が出来たと同時に、経費精算の処理スピードを上げる事が出来ました。,一度承認された伝票は削除出来ない(否認処理で精算の対象外にする事自体は可)。恐らく誤って伝票が削除されてしまうのを防ぐためだと思われますが、テストデータなどもそのまま残るため、見た目的に削除出来るようにして欲しい。システムの不具合がありましたか？たまにアクセス出来なくなる事があった。ただその場合もこちらから連絡する事なく、楽楽精算の内部で監視、復旧対応をしてくれるので、不具合があってもすぐに復旧するという安心感がある。,クラウドサービスである程度標準的な処理しか行えないですが、楽楽精算導入の過程で自社の経理処理の問題点が見えてきて、経理処理全般を見直しする事が出来ました。,紙の申請から脱却したい企業におすすめです！
1870,2021/08/16,申請部門(申請者)が勘定科目を選択し、経理部門が承認することで会計システムへの仕訳取り込みフォームが自動で作成されるところ。会計システムが提携されたものでなくても問題なく使用でき、総じて使い勝手が良かった。,承認フローの設定が細かく指定できなかったため、もう少し細かく指定できるとより使いやすくなると感じた。,導入前は経理部門で請求書処理を行なっていたが、導入後は購入あるいは役務提供を受けた部署が申請するフローに変わったため経理部門の負担軽減につながった。この口コミを詳しく見る,申請者)が勘定科目を選択し、経理部門が承認することで会計システムへの仕訳取り込みフォームが自動で作成されるところ。会計システムが提携されたものでなくても問題なく使用でき、総じて使い勝手が良かった。楽楽精算の改善してほしい点承認フローの設定が細かく指定できなかったため、もう少し細かく指定できるとより使いやすくなると感じた。楽楽精算導入で得られた効果・メリット導入前は経理部門で請求書処理を行なっていたが、導入後は購入あるいは役務提供を受けた部署が申請するフローに変わったため経理部門の負担軽減につながった。
1871,2021/08/16,経費の使用内容毎の金額基準に基づく承認者設定など、色々と条件を自由に設定出来るので、自社の管理手続きにあった事務フローが設定出来る。,導入時点で、電話でサポートしてくれたが、あくまでも自社で行う体制であり、自社担当がシステムを理解するのに時間がかかった。,今まで手ベースでチェックしていた部分を、システムでチェック出来るようになったので、経理に上がる段階の不備が激減した。,事務負荷軽減
1872,2021/08/15,電車賃は交通系ICカードの乗車記録が反映されるので、わざわざ検索しなくてもよくなりました。仕事柄、IT関係にはあまり詳しくないのですが簡単で分かりやすかったです。,特に不便なく使えていますし、操作方法も簡単で見やすいので改善してほしいところはないです。今後も使っていこうと思います。システムの不具合がありましたか？特になし,今までは出張の費用をExcelで入力し印刷して申請していました。こちらを使用するようになってからスマホから簡単に申請できるので、時間削減になりました。またペーパーレス化にもなるのでとても便利です。,サポートもあるので安心
1873,2021/08/15,フォーマットに沿って入力していくと申請が完了するので隙間時間に手早くできて良いです。不備があったときも修正が簡単です。,マイパターンとして登録しているものを利用する画面に「次へ」が左側にありますが、つい右側の「閉じる」を押し間違えそうになるので逆にしてほしいです。,交通経路を入力すると、定期区間以外の料金が自動計算されるので確認の手間が省けて良いです。庶務の方の確認作業も減り承認までがスムーズになりました。この口コミを詳しく見る,トに沿って入力していくと申請が完了するので隙間時間に手早くできて良いです。不備があったときも修正が簡単です。楽楽精算の改善してほしい点マイパターンとして登録しているものを利用する画面に「次へ」が左側にありますが、つい右側の「閉じる」を押し間違えそうになるので逆にしてほしいです。楽楽精算導入で得られた効果・メリット交通経路を入力すると、定期区間以外の料金が自動計算されるので確認の手間が省けて良いです。庶務の方の確認作業も減り承認までがスムーズになりました。
1874,2021/08/12,このサービスの良い点はパソコンとスマートフォンのどちらからでも経費入力ができることです。外回りが多い人にとっては移動の休憩中などの数分で入力することができるのでかなりいいと思います。,大きく改善してほしいという点は全くないのですが、強いてあげるとするならば、もう少し文字のサイズを大きくしていただけると見やすいと感じております。,以前までは紙の精算用紙に承認をいただいていたのですが、無くしてしまうなどのリスクが生じるためこのサービスが導入されてからは、WEB上で精算が完結するため、そのようなリスクは無くなりました。この口コミを詳しく見る,スの良い点はパソコンとスマートフォンのどちらからでも経費入力ができることです。外回りが多い人にとっては移動の休憩中などの数分で入力することができるのでかなりいいと思います。楽楽精算の改善してほしい点大きく改善してほしいという点は全くないのですが、強いてあげるとするならば、もう少し文字のサイズを大きくしていただけると見やすいと感じております。楽楽精算導入で得られた効果・メリット以前までは紙の精算用紙に承認をいただいていたのですが、無くしてしまうなどのリスクが生じるためこのサービスが導入されてからは、WEB上で精算が完結するため、そのようなリスクは無くなりました。
1875,2021/08/10,今まで申請内容を都度Excelに入力し、申請を行なっていました。楽楽精算を導入したことで、登録済みの交通経路を簡単に反映させることができ効率的になりました。,利用していて改善してほしい点として、ウィンドウが次々に増えていくことが使いづらいと感じたため、同一画面内でもう少し簡潔に入力できたら良いと感じました。,今までExcelを印刷して経費申請していましたが、導入によってペーパーレス化が進みました。コロナ禍で在宅勤務も増え、より利便性の向上を実感しました。この口コミを詳しく見る,内容を都度Excelに入力し、申請を行なっていました。楽楽精算を導入したことで、登録済みの交通経路を簡単に反映させることができ効率的になりました。楽楽精算の改善してほしい点利用していて改善してほしい点として、ウィンドウが次々に増えていくことが使いづらいと感じたため、同一画面内でもう少し簡潔に入力できたら良いと感じました。楽楽精算導入で得られた効果・メリット今までExcelを印刷して経費申請していましたが、導入によってペーパーレス化が進みました。コロナ禍で在宅勤務も増え、より利便性の向上を実感しました。
1876,2021/08/08,以前の職場では、出張旅費明細含め手書き伝票に部署内各職が押印し経理へまわしてもらい、締め日に追われ大変な忙しさでしたが、明細も同じ区間利用ならコピーして日付を選択するだけなので楽です、,組織変更があると、承認者が誰なのか問い合わせが必要になる点。また、不慣れ等の場合には必要以上の承認者を入力出来てしまい、「承認しときますが（私の承認はいらないよ）」と、事業部長から（苦情？・警告？）のメールが来た事があります。組織表とリンクして金額に応じた承認者を自動設定してほしい。それが難しいなら、せめて「本当に承認者を追加する必要が有りますか？」と警告メッセージを表示してほしい。,履歴一覧から精算状況の確認も出来るので、自ら精算書類の控えを取っておく必要もなく、事務作業の手間削減が出来た。,事務作業が大幅に軽減されると思います。
1877,2021/08/08,交通費の精算も別途調べることなく、楽楽精算内で交通経路を調べてそのルートの費用を選択すればその費用が入力されます。情報を保存しておけるのでその都度入力して保存しておけば後から提出が楽です。,スマホアプリ版がもしあれば、営業の移動中に都度行うなどして対応ができるのでありがたいです。あと定例MTGにて毎月必ず出席する予定のあるものなどが登録できれば、毎月交通費を入力する手間が省けていいと思いました。,上司への承認がシステム上で出来るので都度承認を貰うことなく、1度で確認が取れるのは時間短縮にもなり、忙しい上司を呼び止める手間が省けるのでいいです。この口コミを詳しく見る,算も別途調べることなく、楽楽精算内で交通経路を調べてそのルートの費用を選択すればその費用が入力されます。情報を保存しておけるのでその都度入力して保存しておけば後から提出が楽です。楽楽精算の改善してほしい点スマホアプリ版がもしあれば、営業の移動中に都度行うなどして対応ができるのでありがたいです。あと定例MTGにて毎月必ず出席する予定のあるものなどが登録できれば、毎月交通費を入力する手間が省けていいと思いました。楽楽精算導入で得られた効果・メリット上司への承認がシステム上で出来るので都度承認を貰うことなく、1度で確認が取れるのは時間短縮にもなり、忙しい上司を呼び止める手間が省けるのでいいです。
1878,2021/08/08,今までExcelにて交通費の精算を行っていたので、楽楽精算になってからは利便性の高さに感動しています。定期ではなく都度精算のため、今までは同じ区画であっても毎日分Excelに記入していましたが、そのわずらわしさもなくなりました。またタクシー利用の際の領収書のアップロードもスマホから直接行えるので、今までの面倒だったものが解消されました。,領収書の読み取りについて、だいたいは読み取れるものの、たまにきちんと読み取ってくれない文字があるため精度の改善を行ってほしい。,タクシーなど領収書が必要な場合に、スマホにて直接写真を撮ってアップロードできるのが、わざわざPCを介さなくてよく非常に便利です。また、領収書から読み取ってくれるので、面倒な入力も最低限で済み、スキマ時間で精算を行えるようになったのでメリットとして大きいです。この口コミを詳しく見る,celにて交通費の精算を行っていたので、楽楽精算になってからは利便性の高さに感動しています。定期ではなく都度精算のため、今までは同じ区画であっても毎日分Excelに記入していましたが、そのわずらわしさもなくなりました。またタクシー利用の際の領収書のアップロードもスマホから直接行えるので、今までの面倒だったものが解消されました。楽楽精算の改善してほしい点領収書の読み取りについて、だいたいは読み取れるものの、たまにきちんと読み取ってくれない文字があるため精度の改善を行ってほしい。楽楽精算導入で得られた効果・メリットタクシーなど領収書が必要な場合に、スマホにて直接写真を撮ってアップロードできるのが、わざわざPCを介さなくてよく非常に便利です。また、領収書から読み取ってくれるので、面倒な入力も最低限で済み、スキマ時間で精算を行えるようになったのでメリットとして大きいです。
1879,2021/08/05,経費や交通費といったお金についての業務をクラウド上に一元化することにより、経理業務の効率化が出来るシステムです。入力の人為的ミスがなくなりますし、自動仕訳機能など経費精算に限らず様々な経理業務に対応した機能があるのも魅力です。,社員にトラブルが起きると管理部門に連絡が入るので、チャットボットではなくユーザーマニュアルやQ＆Aなどがあると助かりますし、新入社員への研修にも利用できます。,楽楽精算に経費などを入力して自動で仕訳してくれ、振込用のデータも自動で作成されるため、仕訳作業と振込データの入力作業が省略され、チェックのみで済むようになり時間短縮と入力ミスの削減に繋がっています。この口コミを詳しく見る,費といったお金についての業務をクラウド上に一元化することにより、経理業務の効率化が出来るシステムです。入力の人為的ミスがなくなりますし、自動仕訳機能など経費精算に限らず様々な経理業務に対応した機能があるのも魅力です。楽楽精算の改善してほしい点社員にトラブルが起きると管理部門に連絡が入るので、チャットボットではなくユーザーマニュアルやQ＆Aなどがあると助かりますし、新入社員への研修にも利用できます。楽楽精算導入で得られた効果・メリット楽楽精算に経費などを入力して自動で仕訳してくれ、振込用のデータも自動で作成されるため、仕訳作業と振込データの入力作業が省略され、チェックのみで済むようになり時間短縮と入力ミスの削減に繋がっています。
1880,2021/08/05,紙ベースで精算していたときは、出納業務の負荷もかなりありましたが、楽々精算で給与合算払いにしたことで、業務負荷が減りました。,予定がそのまま実績に引き継がれてしまい、人によっては実績時間を入力せずに予定時間をそのままにしてしまう人がいます。,会計システムへの未払い計上は月次決算の締の際に大量に計上しなければならず、間違いや修正が頻発していましたが、仕訳連携とフローの電子化により分散化と自動化ができたので、助かっています。この口コミを詳しく見る,精算していたときは、出納業務の負荷もかなりありましたが、楽々精算で給与合算払いにしたことで、業務負荷が減りました。楽楽精算の改善してほしい点予定がそのまま実績に引き継がれてしまい、人によっては実績時間を入力せずに予定時間をそのままにしてしまう人がいます。楽楽精算導入で得られた効果・メリット会計システムへの未払い計上は月次決算の締の際に大量に計上しなければならず、間違いや修正が頻発していましたが、仕訳連携とフローの電子化により分散化と自動化ができたので、助かっています。
1881,2021/08/03,交通費を、駅名やバス停名などから検索でき、検索したルートから自動的に電車賃が計算される。マイナーなバス停も網羅されており、非常に便利。,駐車場の明細など、スキャン等で読み込んだファイルを取り込む方法が少しわかりづらい。ファイル添付のボタンから、PCのフォルダに直結してくれた方が添付ファイルが選びやすい。,まずはペーパーレス。わざわざ出金伝票を手書きする手間がなくなり、まとめての申請も楽になった。必要な場合は明細を印刷することもでき、領収書の添付も楽になった。,決まった書式と用紙サイズで、添付の領収書も見やすく、資料管理も楽になると思う。
1882,2021/08/03,入力画面がわかりやすい。これまで経費精算の申請をあげる際は、紙の申請書に領収書を貼り付け、割印をして申請をしていたが、領収書を紙に貼り付ける手間が省け業務効率が向上した。,40代以上の社員にとっては理解しにくいようで、レクチャーするのに時間を要した。Webに疎い年齢層向けのマニュアルがあれば良いと感じた。,これまでは交通費精算の際に、ネットで経路、運賃を調べて専用システムに手入力で打ち込んでいたが、乗り換え案内と連動して経路や運賃が自動入力されるため、手入力する手間が省けている。この口コミを詳しく見る,わかりやすい。これまで経費精算の申請をあげる際は、紙の申請書に領収書を貼り付け、割印をして申請をしていたが、領収書を紙に貼り付ける手間が省け業務効率が向上した。楽楽精算の改善してほしい点40代以上の社員にとっては理解しにくいようで、レクチャーするのに時間を要した。Webに疎い年齢層向けのマニュアルがあれば良いと感じた。楽楽精算導入で得られた効果・メリットこれまでは交通費精算の際に、ネットで経路、運賃を調べて専用システムに手入力で打ち込んでいたが、乗り換え案内と連動して経路や運賃が自動入力されるため、手入力する手間が省けている。
1883,2021/08/03,交通費の精算に使用することが多いが、ICカードの読み込み機能や、手打ちで入力の際も乗り換えの候補が多く、使いやすい。,同じ現場に何度も行く時が多いので、交通費入力時、同じ経路のとき日付を連続にすると自動で入力されるような機能が実装されると嬉しいです。,一時保存の機能があることで、単発で入力、提出する必要がなく、紙の削減に繋がった。また、経理担当からの入金日が自動配信のメールでわかるので、確認する手間が省けた。この口コミを詳しく見る,算に使用することが多いが、ICカードの読み込み機能や、手打ちで入力の際も乗り換えの候補が多く、使いやすい。楽楽精算の改善してほしい点同じ現場に何度も行く時が多いので、交通費入力時、同じ経路のとき日付を連続にすると自動で入力されるような機能が実装されると嬉しいです。楽楽精算導入で得られた効果・メリット一時保存の機能があることで、単発で入力、提出する必要がなく、紙の削減に繋がった。また、経理担当からの入金日が自動配信のメールでわかるので、確認する手間が省けた。
1884,2021/08/03,複数の勤務箇所があるため、それぞれに応じて簡単に申請をすることができ助かっている。とても見やすいUIなので扱いやすい。,特に要改善を感じたことはないが、実装されたらうれしい機能としてあげるとすれば、IC運賃、回数券運賃、現金運賃など選べるようにしてほしい。,移動が多いため、非常に助かっている、また前回申請した内容を複写できるため、短時間で申請ができるのもよい。,とても使いやすい交通費精算システム
1885,2021/08/03,入力画面のカスタマイズが自由で前に使っていたシステムと似せた記入欄の配置にすることで、社員が混乱することなく切り替えができました。,困った点はありません。可能か分かりませんが、楽楽精算のシステム内で会社の旅費規定を閲覧するページをつくって、申請者がそのページを見つつ入力できれば申請者の入力ミスが減らせるようになるのかなと思いました。,電子承認をすると次の承認者にメールで通知がいくので、営業など忙しい人が溜めてしまっていた承認作業が滞りなく進むようになりました。この口コミを詳しく見る,カスタマイズが自由で前に使っていたシステムと似せた記入欄の配置にすることで、社員が混乱することなく切り替えができました。楽楽精算の改善してほしい点困った点はありません。可能か分かりませんが、楽楽精算のシステム内で会社の旅費規定を閲覧するページをつくって、申請者がそのページを見つつ入力できれば申請者の入力ミスが減らせるようになるのかなと思いました。楽楽精算導入で得られた効果・メリット電子承認をすると次の承認者にメールで通知がいくので、営業など忙しい人が溜めてしまっていた承認作業が滞りなく進むようになりました。
1886,2021/08/02,経路検索で簡単に発着地が調べられ、電車や新幹線などもプルダウンから簡単に検索可能。定期区間を登録出来るので、誤って2重に申請してしまうことを避けられる。,ICカードと連動出来れば、入力する手間も省ける。そういった機能はあるのかもしれないが、おそらく費用の都合で導入されていない。,以前のシステムは入力後に印刷し、ハードコピー上で上長の承認を取る必要があり、外出が多いと承認が進まなかった。楽楽精算は外出先でもオンラインで申請、上長が承認してもらえるため使い勝手が良い。この口コミを詳しく見る,簡単に発着地が調べられ、電車や新幹線などもプルダウンから簡単に検索可能。定期区間を登録出来るので、誤って2重に申請してしまうことを避けられる。楽楽精算の改善してほしい点ICカードと連動出来れば、入力する手間も省ける。そういった機能はあるのかもしれないが、おそらく費用の都合で導入されていない。楽楽精算導入で得られた効果・メリット以前のシステムは入力後に印刷し、ハードコピー上で上長の承認を取る必要があり、外出が多いと承認が進まなかった。楽楽精算は外出先でもオンラインで申請、上長が承認してもらえるため使い勝手が良い。
1887,2021/08/02,乗換案内が使えるので、経路・料金の検索がしやすい。精算時の明細金額は、手動登録なのか自動データ連携なのかアイコンを見れば分かる。,承認フロー別のユーザ一覧や、部門別のユーザ一覧を確認する方法がなく、確認できるように改善してほしい。システムの不具合がありましたか？プロジェクトマスタのcsv取り込みは、ある日突然Unicodeのcsvファイルが使えなくなり、色々調査したところ、Shift-JISのcsvファイルでは取り込めた。仕様変更の際は連絡してほしい。,以前の精算システムでは、申請・精算時それぞれデータ入力を行う必要があったが、楽楽精算では精算時に申請時のデータをそのまま持って来れる。以前利用していた製品の解約理由以前の精算システムは解約しておらず、別の承認フローシステムとして利用中,ランニングコストは安く、導入しやすい
1888,2021/07/31,WEB上で経費申請が完結し無駄な紙のやり取りがなくなったことが一番のメリットだと感じます。WEB上で完結することで誤字脱字・字の汚さで読めないといったことがないのはとても快適に感じています。,担当者がつかないため、メール等で問い合わせしてからの返信を待つのが時間がかかる点は、少し改善してもらえると使いやすいと感じます。システムの不具合がありましたか？画像のアップロードができない時期がありました。,紙での管理での紛失のリスクの解決、承認経路が明確になり、どこで承認が滞っているのかが明確になりました。紙での提出では上長の出張などでのリードタイムが発生していたが、WEB上であれば場所を問わず承認できるため、経費精算の早期化にもなりました。,WEB上で完結するため、他拠点ある場合・従業員数の多い場合などお勧めできます。
1889,2021/07/31,PCはもちろん、携帯からも経費入力できるので、外回りの仕事をしている立場からだと移動中に登録できるから楽。,毎度項目ごとに日付を入れないといけないので、1日の交通費精算なのに間違えて2日分提出したことになってしまい修正をするのが大変。最初に日付登録ができるといい。,以前は紙の日報で交通費精算で時間がかかったが、自動で諸経費を計算してくれるようになったのでイライラがなくなった。訪問手当ての制度があり、自動で計算してくれるようになったのでいちいち金額を覚える必要もなく効率化できている。この口コミを詳しく見る,ろん、携帯からも経費入力できるので、外回りの仕事をしている立場からだと移動中に登録できるから楽。楽楽精算の改善してほしい点毎度項目ごとに日付を入れないといけないので、1日の交通費精算なのに間違えて2日分提出したことになってしまい修正をするのが大変。最初に日付登録ができるといい。楽楽精算導入で得られた効果・メリット以前は紙の日報で交通費精算で時間がかかったが、自動で諸経費を計算してくれるようになったのでイライラがなくなった。訪問手当ての制度があり、自動で計算してくれるようになったのでいちいち金額を覚える必要もなく効率化できている。
1890,2021/07/30,諸々まとめて精算が行える点。精算するものによって窓口を変更できるところ。情報が少なくて登録もできるので楽です。,ページが少し単調な感じに見えるので、明るく見えるように変更していただけると少し嬉しいです。どんな機能が追加できるのかなどをわかりやすくしてあるページがあると色々検討しやすいです。,経費精算がまとめられるので楽になった。領収書を電子で保存できるのもいいです。今まで個々に領収書を提出してきていたので管理が大変でした。この口コミを詳しく見る,て精算が行える点。精算するものによって窓口を変更できるところ。情報が少なくて登録もできるので楽です。楽楽精算の改善してほしい点ページが少し単調な感じに見えるので、明るく見えるように変更していただけると少し嬉しいです。どんな機能が追加できるのかなどをわかりやすくしてあるページがあると色々検討しやすいです。楽楽精算導入で得られた効果・メリット経費精算がまとめられるので楽になった。領収書を電子で保存できるのもいいです。今まで個々に領収書を提出してきていたので管理が大変でした。
1891,2021/07/28,アプリで簡単に申請ができるので、スマホでいつでもどこでも処理に場所を選ばないことが利点です。画像も直ぐに取り込めるし扱いも簡単です。,処理した領収書の管理が面倒です。原本に処理ナンバーを各自手書き処理することがどうもアナログで、何とかならないかと思います。社内の問題かもしれませんが。,今までの利用していたシステムに比べ経費精算に特化しているため、処理がしやすくなった。電車代にしても調べる必要なく行けるところがいい。この口コミを詳しく見る,単に申請ができるので、スマホでいつでもどこでも処理に場所を選ばないことが利点です。画像も直ぐに取り込めるし扱いも簡単です。楽楽精算の改善してほしい点処理した領収書の管理が面倒です。原本に処理ナンバーを各自手書き処理することがどうもアナログで、何とかならないかと思います。社内の問題かもしれませんが。楽楽精算導入で得られた効果・メリット今までの利用していたシステムに比べ経費精算に特化しているため、処理がしやすくなった。電車代にしても調べる必要なく行けるところがいい。
1892,2021/07/24,以前の職場では紙での提出が基本で本当に手間でした。営業の身としてはわざわざ精算のために出先から戻るのも億劫です。今の職場では楽楽精算と紙での原本両方を使ってますが、それでも紙での精算の手間が激減しました。最近はフルリモートになって楽楽精算だけで完結するようになったのもとても助かります。,細かな部分ですが、交通費の入力箇所がわかりにくいように感じます。また、承認者の追加の箇所もわかりにくいです。うまく言葉にできませんが、痒いところに手が届くようなUI/UXというわけではありません。あくまで精算の最低限の機能が付いているシステムというイメージです。,タイトル通り、一番は紙からの脱却ではないでしょうか。必要最小限の機能はついているので、中小企業でも導入しやすいのではないかと思います。この口コミを詳しく見る,では紙での提出が基本で本当に手間でした。営業の身としてはわざわざ精算のために出先から戻るのも億劫です。今の職場では楽楽精算と紙での原本両方を使ってますが、それでも紙での精算の手間が激減しました。最近はフルリモートになって楽楽精算だけで完結するようになったのもとても助かります。楽楽精算の改善してほしい点細かな部分ですが、交通費の入力箇所がわかりにくいように感じます。また、承認者の追加の箇所もわかりにくいです。うまく言葉にできませんが、痒いところに手が届くようなUI/UXというわけではありません。あくまで精算の最低限の機能が付いているシステムというイメージです。楽楽精算導入で得られた効果・メリットタイトル通り、一番は紙からの脱却ではないでしょうか。必要最小限の機能はついているので、中小企業でも導入しやすいのではないかと思います。
1893,2021/07/23,通勤費と経費の振り分けをそれぞれのページでできるので、なににどれだけの費用がかかったのかわかりやすい。携帯アプリと連動する事でICカードから利用履歴が同期できるので個々に入力する必要がなく、入力漏れ等もなくなるので1人1人から正確な申請が受けられる。,経費がリスト化された時の文字が、少し小さくて見にくい人もいるかと少し感じる程度。大きく改善を望む点はありませんでした。,管理側にも見やすい為、今まで紙で申請してきてたものをチェックしていた時間を考えると、大幅に業務の効率化がされたと感じる。この口コミを詳しく見る,費の振り分けをそれぞれのページでできるので、なににどれだけの費用がかかったのかわかりやすい。携帯アプリと連動する事でICカードから利用履歴が同期できるので個々に入力する必要がなく、入力漏れ等もなくなるので1人1人から正確な申請が受けられる。楽楽精算の改善してほしい点経費がリスト化された時の文字が、少し小さくて見にくい人もいるかと少し感じる程度。大きく改善を望む点はありませんでした。楽楽精算導入で得られた効果・メリット管理側にも見やすい為、今まで紙で申請してきてたものをチェックしていた時間を考えると、大幅に業務の効率化がされたと感じる。
1894,2021/07/22,定期区間が反映されるから、外回りの精算の登録が非常に楽にできる。その他、出張時の精算も行えるので、一つで精算系は全て賄える。,メニューが多くあり、慣れるまではどこから登録をするのかがわかりにくい。一つのメニューで全てが行えると楽になる。,他のシステムと併用する必要がないから、精算が発生した時にまとめて行え、精算漏れがなくなる。精算にかかる時間も短縮でき、業務効率が上がった。この口コミを詳しく見る,反映されるから、外回りの精算の登録が非常に楽にできる。その他、出張時の精算も行えるので、一つで精算系は全て賄える。楽楽精算の改善してほしい点メニューが多くあり、慣れるまではどこから登録をするのかがわかりにくい。一つのメニューで全てが行えると楽になる。楽楽精算導入で得られた効果・メリット他のシステムと併用する必要がないから、精算が発生した時にまとめて行え、精算漏れがなくなる。精算にかかる時間も短縮でき、業務効率が上がった。
1895,2021/07/21,あらゆる経費精算に使用しています。申請した内容を保存できるため、次回の経費精算の際に同じことを入力する手間がありません。,交通費精算のところで、経路が煩雑な場合明細が別れてしまいます。一括でまとめて経路を出せるように工夫して欲しいです。,申請漏れがなくなり、いつ何について申請したのかが一目でわかるようになりました。また、申請から承認までのスピードもあがりました。この口コミを詳しく見る,費精算に使用しています。申請した内容を保存できるため、次回の経費精算の際に同じことを入力する手間がありません。楽楽精算の改善してほしい点交通費精算のところで、経路が煩雑な場合明細が別れてしまいます。一括でまとめて経路を出せるように工夫して欲しいです。楽楽精算導入で得られた効果・メリット申請漏れがなくなり、いつ何について申請したのかが一目でわかるようになりました。また、申請から承認までのスピードもあがりました。
1896,2021/07/21,出発点と到着点を入力すると、自動で経路検索し候補の乗り換えを複数ピックアップしてくれます。自分で調べる手間が省けます。,特に困っている点はありません。シンプルで分かりやすい造りなので満足していますが、強いて言うなら、普段優先的に使う路線などを登録できたら嬉しいです。,定期区間分の差額の計算や、出張時の費用精算も楽楽精算で行うことができるので、とても便利になりました。この口コミを詳しく見る,着点を入力すると、自動で経路検索し候補の乗り換えを複数ピックアップしてくれます。自分で調べる手間が省けます。楽楽精算の改善してほしい点特に困っている点はありません。シンプルで分かりやすい造りなので満足していますが、強いて言うなら、普段優先的に使う路線などを登録できたら嬉しいです。楽楽精算導入で得られた効果・メリット定期区間分の差額の計算や、出張時の費用精算も楽楽精算で行うことができるので、とても便利になりました。
1897,2021/07/21,社員の3割近くがExcel精算書で経理担当者から指摘があったのが1割未満に減少しました。特に旅費精算処理は路線案内で確認作業が丸々いらなくなりました。,営業支援ツールとの連携ができれば仮払い申請や出張申請等が管理できてうれしいですね。他のシリーズも導入しようと考えましたがほぼ単品積み上げでランニングコストが高くなるのが残念です。,生産性や業務難易度の低い経理業務が削減でき、今までないがしろにしていた月次決算などの経営判断に関わる業務に工数がさけるようになった。この口コミを詳しく見る,近くがExcel精算書で経理担当者から指摘があったのが1割未満に減少しました。特に旅費精算処理は路線案内で確認作業が丸々いらなくなりました。楽楽精算の改善してほしい点営業支援ツールとの連携ができれば仮払い申請や出張申請等が管理できてうれしいですね。他のシリーズも導入しようと考えましたがほぼ単品積み上げでランニングコストが高くなるのが残念です。楽楽精算導入で得られた効果・メリット生産性や業務難易度の低い経理業務が削減でき、今までないがしろにしていた月次決算などの経営判断に関わる業務に工数がさけるようになった。
1898,2021/07/20,外部サービスとの連携ができ、会計システムへの仕訳データ、ネットバンクへの振込データが出力できる。クレジット連携も可能。,全体的にマスタの整備が面倒。特に画面や帳票のレイアウトの設定がしづらいし、分析機能をもっと使いやすくしてほしい。,特に、仕訳伝票の入力の手間が省かれ、手入力によるヒューマンエラーが無くなった。それに合わせて、計上ミスも無くなった。この口コミを詳しく見る,スとの連携ができ、会計システムへの仕訳データ、ネットバンクへの振込データが出力できる。クレジット連携も可能。楽楽精算の改善してほしい点全体的にマスタの整備が面倒。特に画面や帳票のレイアウトの設定がしづらいし、分析機能をもっと使いやすくしてほしい。楽楽精算導入で得られた効果・メリット特に、仕訳伝票の入力の手間が省かれ、手入力によるヒューマンエラーが無くなった。それに合わせて、計上ミスも無くなった。
1899,2021/07/20,ICカードの取り込み機能があって業務の効率化をはかれる。「楽楽ICリーダー」というアプリで携帯からICの情報データをかざすだけで送信してくれる。,電車の経路情報は自動で読み込みできるが、バスの経路情報が読み込みできていなので自動で読み込みできるようになるとありがたい。,毎月会社までの交通費申請で使用していますので少しでも時間短縮できるという点ではメリットを感じる。時間短縮できた分を業務の時間に当てることができる。この口コミを詳しく見る,の取り込み機能があって業務の効率化をはかれる。「楽楽ICリーダー」というアプリで携帯からICの情報データをかざすだけで送信してくれる。楽楽精算の改善してほしい点電車の経路情報は自動で読み込みできるが、バスの経路情報が読み込みできていなので自動で読み込みできるようになるとありがたい。楽楽精算導入で得られた効果・メリット毎月会社までの交通費申請で使用していますので少しでも時間短縮できるという点ではメリットを感じる。時間短縮できた分を業務の時間に当てることができる。
1900,2021/07/16,出張等も多く紙媒体での交通費精算が非常に面倒だったが、このシステムが導入されてから月末の憂鬱さが解消された。手間がかからなくなって本当に満足している。,コロナ禍でリモートワークが進み、会社の方針で定期代の支給ではなく実費精算となった。ただ、このシステムに定期区間が登録されているため、その区間の交通費が自動計算だと0円になってしまい、都度調べて手入力する必要があり少し面倒。定期区間であっても定期利用で0円の場合と定期利用なしの場合どちらも選べると便利だと感じる。,この製品導入前は全社員が交通機関の利用履歴を参照しながら、それを指定用紙に記入し、経理に提出→経理は書類が集まってくるのを待ってまとめて処理、という形で手間もコストもかかっていた（各拠点から郵便で送る必要もあった）。それが完全にデジタル化したことで、処理スピードもあがりコストも削減できて良かったと思う。この口コミを詳しく見る,く紙媒体での交通費精算が非常に面倒だったが、このシステムが導入されてから月末の憂鬱さが解消された。手間がかからなくなって本当に満足している。楽楽精算の改善してほしい点コロナ禍でリモートワークが進み、会社の方針で定期代の支給ではなく実費精算となった。ただ、このシステムに定期区間が登録されているため、その区間の交通費が自動計算だと0円になってしまい、都度調べて手入力する必要があり少し面倒。定期区間であっても定期利用で0円の場合と定期利用なしの場合どちらも選べると便利だと感じる。楽楽精算導入で得られた効果・メリットこの製品導入前は全社員が交通機関の利用履歴を参照しながら、それを指定用紙に記入し、経理に提出→経理は書類が集まってくるのを待ってまとめて処理、という形で手間もコストもかかっていた（各拠点から郵便で送る必要もあった）。それが完全にデジタル化したことで、処理スピードもあがりコストも削減できて良かったと思う。
1901,2021/07/16,これまで使用した交通費をICカードの利用履歴から一件一件計算していたためかなりの手間がかかっていたが、楽楽精算を導入してからICカードと連動しているため、一瞬で交通費を計上することができるようになった。,稀に実際に使用した交通費と楽楽精算上に表示される交通費に乖離があるケースがあるため、金額の記憶機能があれば助かります。,在宅ワークになり経費申請時に原本を都度郵送し対応を行っていたが、楽楽精算を導入してからは領収書の写真を送るだけで経費として認められるようになったので、経費申請がかなり楽になった。この口コミを詳しく見る,用した交通費をICカードの利用履歴から一件一件計算していたためかなりの手間がかかっていたが、楽楽精算を導入してからICカードと連動しているため、一瞬で交通費を計上することができるようになった。楽楽精算の改善してほしい点稀に実際に使用した交通費と楽楽精算上に表示される交通費に乖離があるケースがあるため、金額の記憶機能があれば助かります。楽楽精算導入で得られた効果・メリット在宅ワークになり経費申請時に原本を都度郵送し対応を行っていたが、楽楽精算を導入してからは領収書の写真を送るだけで経費として認められるようになったので、経費申請がかなり楽になった。
1902,2021/07/15,精算の申請・承認がこのサイト上で完結する。どこまで承認が終わったか(誰のところで止まってるのか)が、確認できる。サイト内で電車の乗り換えの検索をしてくれる。,日当と外出日当の欄があり、よく入力の仕方を間違えてしまうので一本化して欲しい。領収書の添付がサイト内でできるようになって欲しい。駅名や手入力の金額などに予測変換のような履歴が出てきて欲しい。,楽楽精算導入以前は紙で申請をしていたので、使用する紙が減って環境に優しくなる。上司が在宅勤務や出張で社内にいなくても申請を出すことができる。サイト上に自動的に申請した履歴が残るので、申請に慣れていなくても慌てない。,乗り換え検索機能がとっても便利です
1903,2021/07/15,会社では楽楽精算を会社用としてカスタマイズして使用しています。入力内容が煩雑でなかなか使いづらいところもあるのですが、改善内容を伝えても対応できないところが多く、苦労しています。もう少しその辺の対応が改善されると良いと思います。,会社のシステム・内容にあわせて、費目や記載内容を追加・削除できるなどの改善対応ができるようになると良いと思います。,これまで紙ベースで精算していましたが、それがなくなることで、その辺の資源の削減は図れていると思います。この口コミを詳しく見る,楽精算を会社用としてカスタマイズして使用しています。入力内容が煩雑でなかなか使いづらいところもあるのですが、改善内容を伝えても対応できないところが多く、苦労しています。もう少しその辺の対応が改善されると良いと思います。楽楽精算の改善してほしい点会社のシステム・内容にあわせて、費目や記載内容を追加・削除できるなどの改善対応ができるようになると良いと思います。楽楽精算導入で得られた効果・メリットこれまで紙ベースで精算していましたが、それがなくなることで、その辺の資源の削減は図れていると思います。
1904,2021/07/14,今までなら、精算するたびに交通費をネットで調べて間違いがないかを確認して、手書きで申請を行なっていたがこのシステムで全てが解決出来た。,同じ路線を何回も使うことがあるのですが、このシステムにもマイルートという使ったルートの登録が出来るが、同じルートなら全てのルートが自動に出てくれればさらに便利になる。,出張が多い時などは、その度に精算出来ずまとめてすることが多く、費用の確認など凄く時間が掛かっていたが、スマートフォンからでも簡単に入力が出来る為、精算の負担がかなり減った。,使って損は、絶対有りません。
1905,2021/07/13,交通系ICカードと連携しているので、日々の経路と運賃がICカードをアプリを入れたスマホにかざすだけでシステムに取り込めます。いちいち経路を入力したり運賃を検索する必要がありません。,ユーザー社員が操作に迷ったときや新入社員が使用を始めるにあたっては管理部門へ問い合わせが入り時間を取られてしますので、参照できるマニュアルやFAQのリンク先がサイト内にあれば助かります。,経費の使用状況が可視化できるので、部門の責任者が一元的に把握することができるようになりました。またプロジェクトごとに経費計上することもできるので、きめ細かい予実管理ができました。「楽楽精算」導入の決め手価格が安い,ユーザー側の使いやすさ
1906,2021/07/13,これまでは、紙を印刷して、書いて、ハンコを貰って、というアナログな対応であったのが、このサービス一つで申請処理が完結出来るのが良いです。,社内の参照すべき資料などを紐付けて見られるようにして欲しいです。例えば社員番号のような自社特有の管理番号や資料など、申請する際に必ず確認しなければならないものなどがあるので、そういったものを紐付けて確認できるとありがたいです。,申請のためにハンコをもらわないといけない上司のタイミングを伺ったりする必要が無いので、時間的にも精神的にも非常に負荷が減っていると思います。この口コミを詳しく見る,、紙を印刷して、書いて、ハンコを貰って、というアナログな対応であったのが、このサービス一つで申請処理が完結出来るのが良いです。楽楽精算の改善してほしい点社内の参照すべき資料などを紐付けて見られるようにして欲しいです。例えば社員番号のような自社特有の管理番号や資料など、申請する際に必ず確認しなければならないものなどがあるので、そういったものを紐付けて確認できるとありがたいです。楽楽精算導入で得られた効果・メリット申請のためにハンコをもらわないといけない上司のタイミングを伺ったりする必要が無いので、時間的にも精神的にも非常に負荷が減っていると思います。
1907,2021/07/12,経費の申請をデジタル化することができ、申請から承認までペーパーレス化できる。申請項目もあらかじめ用意されている項目からドロップダウンリストで選ぶだけで便利。,詳細や特殊なケースがある場合は結局備考欄に記入しないといけないため、定型文などが設定できるとより使いやすいと思います。,紙媒体で申請していた時と比較して、非常にスピーディーに精算が行える。申請者と承認者の負担がだいぶ減らせている。この口コミを詳しく見る,をデジタル化することができ、申請から承認までペーパーレス化できる。申請項目もあらかじめ用意されている項目からドロップダウンリストで選ぶだけで便利。楽楽精算の改善してほしい点詳細や特殊なケースがある場合は結局備考欄に記入しないといけないため、定型文などが設定できるとより使いやすいと思います。楽楽精算導入で得られた効果・メリット紙媒体で申請していた時と比較して、非常にスピーディーに精算が行える。申請者と承認者の負担がだいぶ減らせている。
1908,2021/07/11,交通費ですが、出発駅と到着駅を入力すると勝手に金額が入力されるようになっているので、検索して調べる必要がないのが楽です。,一つの項目につきレシート画像を1枚しか添付できないのですが、複数の書類を添付しないといけない場合があるので、複数枚添付できるようにしていただきたいです。,紙の提出が不要になったので、紛失の心配もなくなりましたし、その都度手軽に提出できるので月末に溜め込んだレシートを一度に出されて処理が大変になることも少なくなりました。この口コミを詳しく見る,が、出発駅と到着駅を入力すると勝手に金額が入力されるようになっているので、検索して調べる必要がないのが楽です。楽楽精算の改善してほしい点一つの項目につきレシート画像を1枚しか添付できないのですが、複数の書類を添付しないといけない場合があるので、複数枚添付できるようにしていただきたいです。楽楽精算導入で得られた効果・メリット紙の提出が不要になったので、紛失の心配もなくなりましたし、その都度手軽に提出できるので月末に溜め込んだレシートを一度に出されて処理が大変になることも少なくなりました。
1909,2021/07/11,手書きとスピードは変わらないが、保存・管理できることや、なんせ書類がなくなる事がない。人事部も形式が同じなので全社員分の計算や集計、CSVデータに落とせたり便利だと思う。交通費精算、経費精算などすべてできるのも魅力。,社内的なものなのかしれないが、経費精算のコードを分けているのはいいが、細かくていちいち財務経理部に確認するのが面倒。,申請にかかる時間の節約。書類の一元化によって集計、統計が取りやすい。また、以前はよく精算書類をなくしたりしていて再度書類を作り直していたが、それがない。,人事部の業務効率化に最適。
1910,2021/07/08,入力する項目が詳細でわかりやすいので、迷いません。また、万が一間違えた場合でも修正も簡単なので、出張が多い時期の経費精算もこちらで管理しやすく、助かりました。,申請と精算が分かれているので、最初は戸惑いました。オンボーディングをしっかりしないと、使いづらい社員もいるかと思います。,出張が多い部署にいた際、断続的に経費精算が発生しましたが、導入後はいつの精算分が誰の承認かまで済んでいて、いつ入金予定かなどもわかりやすく、非常に助かりました。この口コミを詳しく見る,目が詳細でわかりやすいので、迷いません。また、万が一間違えた場合でも修正も簡単なので、出張が多い時期の経費精算もこちらで管理しやすく、助かりました。楽楽精算の改善してほしい点申請と精算が分かれているので、最初は戸惑いました。オンボーディングをしっかりしないと、使いづらい社員もいるかと思います。楽楽精算導入で得られた効果・メリット出張が多い部署にいた際、断続的に経費精算が発生しましたが、導入後はいつの精算分が誰の承認かまで済んでいて、いつ入金予定かなどもわかりやすく、非常に助かりました。
1911,2021/07/07,交通費の申請で利用しています。数回分をまとめて申請する際にも抜け漏れも無く簡単です、不便は感じていません。,入力する項目はいつも決まった内容が多いため、入力する手間が省けるような機能、タブが増えると便利かと思います。また、ICカードの履歴が100件？ほど溜まると自動で消えてしまうと聞きました。営業が多いため少し不便です。,他アプリを使用したことがないため比較はできないですが、ICカードの履歴から申請できるため、漏れがなくて安心できます。この口コミを詳しく見る,請で利用しています。数回分をまとめて申請する際にも抜け漏れも無く簡単です、不便は感じていません。楽楽精算の改善してほしい点入力する項目はいつも決まった内容が多いため、入力する手間が省けるような機能、タブが増えると便利かと思います。また、ICカードの履歴が100件？ほど溜まると自動で消えてしまうと聞きました。営業が多いため少し不便です。楽楽精算導入で得られた効果・メリット他アプリを使用したことがないため比較はできないですが、ICカードの履歴から申請できるため、漏れがなくて安心できます。
1912,2021/07/07,製品名の通り、経費精算がネット上で楽にできるようになった。交通費や事務用品、また顧客へのプレゼントなども手軽に申請できるようになり、業務効率が高まった。,過去に類似内容での経費精算があった場合、予測変換、候補のピックアップのような機能があれば、より利便性が高まるように思う。システムの不具合がありましたか？今のところ全く確認されておらず、順調にサービスを享受できている。,これまでは経費精算の作業が煩わしく申請しないこともたびたびあったが、楽楽精算導入後はきちんと手順を踏んで申請する習慣がついた。経費をきちんと会社負担してもらうためにも、また経費用途の透明性のためにもメリットが多々あると言える。,経費精算がきちんと正当に行われているかを厳密に確認するのに最適であり、信頼できるサービスである。
1913,2021/07/04,これまでは交通費の申請を一件一件入力し申請していましたが、楽楽清算は交通系ICカードと連動しているため、今まで30分ほどかかっていた申請を5分で終わらせることができるようになりました。,交通費経費は最安ルートで申請する必要性があるため、利用した経路が最安かどうか判断できるツールを用意してほしい。,圧倒的な時短ができます。簡単に経費入力をして上長に申請するだけなので、ペーパーレスになり、かつ迅速に経費申請が終わるため月末に忙しいときに時間を取られずにとても便利です。この口コミを詳しく見る,交通費の申請を一件一件入力し申請していましたが、楽楽清算は交通系ICカードと連動しているため、今まで30分ほどかかっていた申請を5分で終わらせることができるようになりました。楽楽精算の改善してほしい点交通費経費は最安ルートで申請する必要性があるため、利用した経路が最安かどうか判断できるツールを用意してほしい。楽楽精算導入で得られた効果・メリット圧倒的な時短ができます。簡単に経費入力をして上長に申請するだけなので、ペーパーレスになり、かつ迅速に経費申請が終わるため月末に忙しいときに時間を取られずにとても便利です。
1914,2021/07/02,長期出張などで、精算が滞ってしまうことがあったが、クラウド上で書類のやり取りができるようなり、処理速度が向上した。,連携出来るクレジットカードもあればICカードなどで連携出来ないなど、中途半端な感じが否めない。より多くのコンテンツと連携できるようなって欲しい。,今まで紙媒体で提出していた精算書類をパソコン上で一括で閲覧出来るようになり、経理の人員が減っても、業務に支障をきたしていない。この口コミを詳しく見る,どで、精算が滞ってしまうことがあったが、クラウド上で書類のやり取りができるようなり、処理速度が向上した。楽楽精算の改善してほしい点連携出来るクレジットカードもあればICカードなどで連携出来ないなど、中途半端な感じが否めない。より多くのコンテンツと連携できるようなって欲しい。楽楽精算導入で得られた効果・メリット今まで紙媒体で提出していた精算書類をパソコン上で一括で閲覧出来るようになり、経理の人員が減っても、業務に支障をきたしていない。
1915,2021/07/02,PCからの入力だけでなく携帯のアプリからでも使えます。出先でも気軽に経費申請をあげることが出来るので、｢今日までに上げないといけないものがあった！｣といったトラブルにもすぐ対応出来て、いつも助かっています。（もっと余裕を持って、申請するべきなのですが...笑）,携帯で撮影した写真等をそのまま添付してしまうと、ファイルデータが重く開くのが遅くなってしまいます。添付する際にファイルデータを軽くできるようなシステムが追加されると有難いです。,クレジットカードを連携しておくことができ、｢いつ・どこで・いくら｣使ったかの情報を自動で管理してくれるので、入力する時の手間が省けて便利な機能だと感じました。,経費申請の上げ方がかなりわかりやすいので、機械が苦手な方でも使いやすいと思います。
1916,2021/07/02,ICカードからの取り込みと、過去の履歴から自動で訪問先まで入力されるので、以前の全て手打ちだったことからするとかなりの時間短縮に繋がった。,ICカードの取り込み件数が限られているので人によると思うが、まめに取り込まないと抜けが発生するので、取り込み上限を増やしてほしい。,経理側のメリットも大きいと思うが、社員数×短縮時間分の生産制が上がるメリットは大きい。私の場合は1時間近くかかってた経費精算が15分ほどでできるようになった。この口コミを詳しく見る,からの取り込みと、過去の履歴から自動で訪問先まで入力されるので、以前の全て手打ちだったことからするとかなりの時間短縮に繋がった。楽楽精算の改善してほしい点ICカードの取り込み件数が限られているので人によると思うが、まめに取り込まないと抜けが発生するので、取り込み上限を増やしてほしい。楽楽精算導入で得られた効果・メリット経理側のメリットも大きいと思うが、社員数×短縮時間分の生産制が上がるメリットは大きい。私の場合は1時間近くかかってた経費精算が15分ほどでできるようになった。
1917,2021/07/02,経費の種類によって申請ができる。アイコンなどわかりやすい。交通費などよく使うルート登録ができ、乗り換え案内も出してくれるのは便利。個別にメモに入れたりできるのもよい。一通りの機能はあると思う。,申請した後の一覧のボタンが小さい。使いこなせていないだけか、差し戻し案件の削除ができない。同じルートの交通費などで複数利用日がある日は一気に選択できるといい。また、過去のルートからすぐコピーできるとうれしい。,紙で人に提出しなくても、申請できるのが良い。同じルート登録ができるので時間短縮につながり、いくつかの承認者がいてもテレワークで済むのは、今までの作業より効率的であると思う。この口コミを詳しく見る,によって申請ができる。アイコンなどわかりやすい。交通費などよく使うルート登録ができ、乗り換え案内も出してくれるのは便利。個別にメモに入れたりできるのもよい。一通りの機能はあると思う。楽楽精算の改善してほしい点申請した後の一覧のボタンが小さい。使いこなせていないだけか、差し戻し案件の削除ができない。同じルートの交通費などで複数利用日がある日は一気に選択できるといい。また、過去のルートからすぐコピーできるとうれしい。楽楽精算導入で得られた効果・メリット紙で人に提出しなくても、申請できるのが良い。同じルート登録ができるので時間短縮につながり、いくつかの承認者がいてもテレワークで済むのは、今までの作業より効率的であると思う。
1918,2021/06/28,会計ソフトへの仕訳入力を手入力で行なっていたところを仕訳自動取込み機能を使うことにより1～2日の時間削減・経費の細かなチェックに時間投下することが可能になりました。,仕訳自動取込み機能は便利ですが、設定の難易度が非常に高く感じました。また、使う機能使わない機能の種別によって料金設定できれば、もっと手軽な値段で使うことが可能にならないかなと思います。（弊社はクレジット機能や外貨機能は使わない）乗換案内の定期代が表示されない区間が結構あるように感じる（限界はあるかと思いますが…）,定期区間の自動控除機能によって、定期区間分も今までは経費精算してしまっていたところを自動的に控除してくれることにより余計な経費精算されず、経費削減につながった。,社員数が多い企業であれば、会計ソフトの自動取込みは使うべき
1919,2021/06/28,Webクラウド上で完結する製品なので場所を選ばず使用ができる。交通費だけでなくその他全ての経費申請・清算ができる。,「交通費精算」「出張精算」などそれぞれの一覧画面を見ればわかるのだが、トップ画面で申請中の案件の状態（確定待・確定済などのステータス）が見られると良い。,これまでは手書きの伝票にて交通費や経費の申請・処理をしていましたが、楽楽清算を導入することで全てWeb上で完結するようになりました。特に今はリモートワークも多く、自宅から営業先に直行直帰した際の交通費・経費も社外からでも申請できるようになりました。また交通費精算は定期区間を反映した検索が製品内でできるので、今まで乗換案内などで自分で調べていた手間が省けるようになりました。,手書き伝票からの移行に特におすすめです
1920,2021/06/25,経費用の口座を用意することで、経費精算部分の効率化が進みました。また、入力業務が無くなり、ICカードを読み込めるところは便利です。,PCで使用する分は問題ないですが、スマホから申請する場合少し使いづらく感じたので、スマホ版は簡易化してもらえたらと思います。,経費精算に費やしていた時間と手間がかなり削減できました。また、運賃が自動的に出るので、領収書で金額を証明する必要も減り、助かっています。この口コミを詳しく見る,座を用意することで、経費精算部分の効率化が進みました。また、入力業務が無くなり、ICカードを読み込めるところは便利です。楽楽精算の改善してほしい点PCで使用する分は問題ないですが、スマホから申請する場合少し使いづらく感じたので、スマホ版は簡易化してもらえたらと思います。楽楽精算導入で得られた効果・メリット経費精算に費やしていた時間と手間がかなり削減できました。また、運賃が自動的に出るので、領収書で金額を証明する必要も減り、助かっています。
1921,2021/06/25,クレジットカードとの連携がとにかく便利。以前はプライベートカードと混在してしまう人が多かったが、連携データを元に精算してもらうので精算ミスが大幅に減った。,OCRの精度がいまいち。メニュー画面等が若干古めかしい。メニュー画面のフォーマットをもう少し編集できてもいいかと思う。システムの不具合がありましたか？たまにシステムトラブルが起きているようだが大規模なものが起こった記憶はない。,以前は月末に精算が集中していたので金庫に多額のお金を準備しておく必要があった(以前は現金手渡し)。だが、このシステムを導入し振込に変更したおかげで多額のお金を準備しなくてもよくなった。「楽楽精算」導入の決め手価格が安い。以前から使っていたコーポレートカードとの連携機能。,他社と比べてコストパフォーマンスが高いと思います。
1922,2021/06/24,上長への申請から承認までがスムーズになりました。大きなストレスもなく利用できています。領収書もPDFで添付できるため原本の郵送もしなくてよくなり経費削減に役立っている,大きく改善を求めるような項目はありません。しいて言えば、社内ネットワークの問題化もしれませんが重いときがあります。,過去、当社も上長にハンコもらった申請書に領収書を貼り付け郵送で本社経理部におくる作業をしていました。経費、時間が大きく改善できました。,かなり簡単に扱えると思います。新人でも大丈夫
1923,2021/06/24,これまでは経理課に毎日領収書をFAXしていたが楽楽清算を導入後FAXが不要となり毎日の清算業務の短縮ができていることにより業務効率化が図れている。,一度保存してしまった経費精算を消すことができず申請しない下書きのものがシステム上溜まってしまっている。どこかに機能があるのかもしれないが数年前の保存したものが残ったものを簡単に消す機能が欲しい。また、写真で取り込んだ際に領収書によってはお釣りの金額と支払い金額が誤って入力されることがあるので注意が必要。,領収書を携帯で写真をとり読み込むことができるので入力することが少なく簡単に経理課に申請ができる。電車の生産も自動的に金額を算出してくれるので非常に簡単。入力に相違があっても経理課や部署の責任者が確認してどの部分が間違っているのかすぐわかるので電話で相違点を伝えたりせずに簡単に修正ができる。この口コミを詳しく見る,経理課に毎日領収書をFAXしていたが楽楽清算を導入後FAXが不要となり毎日の清算業務の短縮ができていることにより業務効率化が図れている。楽楽精算の改善してほしい点一度保存してしまった経費精算を消すことができず申請しない下書きのものがシステム上溜まってしまっている。どこかに機能があるのかもしれないが数年前の保存したものが残ったものを簡単に消す機能が欲しい。また、写真で取り込んだ際に領収書によってはお釣りの金額と支払い金額が誤って入力されることがあるので注意が必要。楽楽精算導入で得られた効果・メリット領収書を携帯で写真をとり読み込むことができるので入力することが少なく簡単に経理課に申請ができる。電車の生産も自動的に金額を算出してくれるので非常に簡単。入力に相違があっても経理課や部署の責任者が確認してどの部分が間違っているのかすぐわかるので電話で相違点を伝えたりせずに簡単に修正ができる。
1924,2021/06/23,ICカードの履歴を経費精算に使うことができ、正確な精算額を申請することが可能。また、在宅時にもPDFで領収書を添付することで現物がなくても承認することが可能。申請者・承認者共に基本在宅勤務になっても経費精算できるのが強み。,申請項目の幅が狭いのでもう少し広くしてもらいたい。仕訳データやマスタをExcelで出力できるようにしてほしい。システムの不具合がありましたか？仕訳データの作成に手間取ってしまった。,定期区間を自動控除してくれるワークフローによる経費精算が可能のため、業務効率化を実現。項目ごとに記載必須項目を設定できるため最小限の差し戻しで済む。以前よりはるかに差し戻しと申請者への確認が減った。急な在宅勤務にもすぐに対応でき、かなりメリットはある。電子データの保存も7年間で最低限の保存要件もクリアしている。,承認者も申請者も在宅で処理可能。送金処理もかなり楽々。確実に小口現金減らせます。
1925,2021/06/23,主に交通費精算で利用しているが、外出都度精算データを一時保存でき、月末にまとめて申請出来るのが良い。また経路を選択することで金額も自動反映されるのが良い。,基本外出時は会社と取引先の往復が多いが、デフォルトが片道になってるため、間違えることが多いので直して欲しい。,定期券も考慮した交通費が自動的に入力されるため、いろいろ調べたり確認の必要がなくなり効率があがり嬉しい。,定期を考慮した交通費の自動計算
1926,2021/06/22,交通費の精算で主に活用しています。通勤経路も登録できるので一元管理ができて楽です。ICカードも対応できるのが助かります。,履歴の再利用、テンプレートの設定ができるとありがたいです。会社の経費精算の仕組みによるものだとは思いますが、承認されなかった際の再申請がめんどくさい,経費精算の仕組みがある事で、営業活動へのハードルが下がる効果がある。お金を支払って営業活動に赴き、承認されずに自腹なんてことが発生しないという安心感この口コミを詳しく見る,算で主に活用しています。通勤経路も登録できるので一元管理ができて楽です。ICカードも対応できるのが助かります。楽楽精算の改善してほしい点履歴の再利用、テンプレートの設定ができるとありがたいです。会社の経費精算の仕組みによるものだとは思いますが、承認されなかった際の再申請がめんどくさい楽楽精算導入で得られた効果・メリット経費精算の仕組みがある事で、営業活動へのハードルが下がる効果がある。お金を支払って営業活動に赴き、承認されずに自腹なんてことが発生しないという安心感
1927,2021/06/21,交通費精算、経費精算、出張精算の3つに分かれていてそれぞれで精算をすることができます。交通費精算は場所から場所の検索もできて非常に便利です。,交通費精算で地域のコミュニティバスなど網羅されている訳ではありません。また全国の駅などが検索出来るのですが、地域のバスなどの場合重複して探しづらいです。,交通費のルートが適切なのかのエビデンスがあることです。検索結果の候補に早い、安い、移動が楽などの指標があります。管理する上で職員がどの様に行ったか分かるので合理性が高いです。以前利用していた製品の解約理由社の方針のため特になし…,比較的使いやすいです。
1928,2021/06/21,Suicaをかざすだけで、その日の電車の交通情報が反映される。その後もパソコンで申請するだけで経理に情報が行くようになってるので、一々領収書を貰わなくていい。,タクシーは電子マネーで精算ができないため、領収書を紙に貼り付けて提出するというアナログな方法を取らないといけない。,経費精算の時間が圧倒的に短縮されて、無駄な時間がなくなったため、本来の営業の業務に割ける時間が増えた。この口コミを詳しく見る,をかざすだけで、その日の電車の交通情報が反映される。その後もパソコンで申請するだけで経理に情報が行くようになってるので、一々領収書を貰わなくていい。楽楽精算の改善してほしい点タクシーは電子マネーで精算ができないため、領収書を紙に貼り付けて提出するというアナログな方法を取らないといけない。楽楽精算導入で得られた効果・メリット経費精算の時間が圧倒的に短縮されて、無駄な時間がなくなったため、本来の営業の業務に割ける時間が増えた。
1929,2021/06/21,従業員の社員精算、立替精算、交通費精算などの業務が、オンラインで行えるようになり、とても効率が上がりました。,既存伝票の複写は便利だが、複写の際に不要な項目が複写され、複写してほしい項目が消えてしまうのがとても残念なところ。,これまで、個人単位で精算の伝票をエクセルで作成し、印刷し、承認をもらって、また提出するという流れがすべてワークフローで行えるようになり、大変効率が良くなった。この口コミを詳しく見る,員精算、立替精算、交通費精算などの業務が、オンラインで行えるようになり、とても効率が上がりました。楽楽精算の改善してほしい点既存伝票の複写は便利だが、複写の際に不要な項目が複写され、複写してほしい項目が消えてしまうのがとても残念なところ。楽楽精算導入で得られた効果・メリットこれまで、個人単位で精算の伝票をエクセルで作成し、印刷し、承認をもらって、また提出するという流れがすべてワークフローで行えるようになり、大変効率が良くなった。
1930,2021/06/20,これまで出張時の事前承認、および事後精算などは全てExcelで事前記入したものを紙で回付して申請していましたが、このシステムを導入してからWebやスマホからでも可能になり、場所を選ばず行うことが出来ています。加えて、領収書の処理も都度スマホで撮影し保存していくことが可能なので、事後の紙での処理が減りました。,海外出張が多い弊社ですが、海外だと手書きの領収書で処理をされるケースも多く、その場合はスマホなどでの読み取りが難しく結局手打ちで処理をすることが多い点です。読み取り精度を上げてもらいたいです。,今まで個人間で差異があった領収書の処理などがWeb上での回付システムに乗せることが出来てスムーズ化している。特に海外出張など領収書の処理手間が一気に省け、工数削減につながっています。この口コミを詳しく見る,張時の事前承認、および事後精算などは全てExcelで事前記入したものを紙で回付して申請していましたが、このシステムを導入してからWebやスマホからでも可能になり、場所を選ばず行うことが出来ています。加えて、領収書の処理も都度スマホで撮影し保存していくことが可能なので、事後の紙での処理が減りました。楽楽精算の改善してほしい点海外出張が多い弊社ですが、海外だと手書きの領収書で処理をされるケースも多く、その場合はスマホなどでの読み取りが難しく結局手打ちで処理をすることが多い点です。読み取り精度を上げてもらいたいです。楽楽精算導入で得られた効果・メリット今まで個人間で差異があった領収書の処理などがWeb上での回付システムに乗せることが出来てスムーズ化している。特に海外出張など領収書の処理手間が一気に省け、工数削減につながっています。
1931,2021/06/19,スマホ用アプリからSuicaのような交通系ICカードを読み取り、簡単に交通費申請が可能。うちの会社は体制が古く、申請画面を出力して紙で経理に提出しているが、本来はオンラインで完結するシステムなので楽。,モバイルSuicaやPASMOの場合、カードリーダーとして使うスマホをもう一台用意しないといけないので、モバイルICカードを読み込めるようになると良い。,電子印がとても便利。これまでは外出の多い社長に印を貰わなければならず、印をもらいに行くタイミングを気にしなければならなかったそうだが、提出しておけば電子印を社長の都合がいい時に捺してくれるので楽。この口コミを詳しく見る,プリからSuicaのような交通系ICカードを読み取り、簡単に交通費申請が可能。うちの会社は体制が古く、申請画面を出力して紙で経理に提出しているが、本来はオンラインで完結するシステムなので楽。楽楽精算の改善してほしい点モバイルSuicaやPASMOの場合、カードリーダーとして使うスマホをもう一台用意しないといけないので、モバイルICカードを読み込めるようになると良い。楽楽精算導入で得られた効果・メリット電子印がとても便利。これまでは外出の多い社長に印を貰わなければならず、印をもらいに行くタイミングを気にしなければならなかったそうだが、提出しておけば電子印を社長の都合がいい時に捺してくれるので楽。
1932,2021/06/19,いままでタクシー代や電車代を毎回手入力していたので、その手間が一気に省ける。スイカをピッだけで済むのはとても便利。,毎回手入力するよりは便利になったのは確実だが、それでもある程度の手作業が必要なので、少し面倒さは残る。,いままで手入力していた時間が他に使える。部下の管理の点でも、面倒になって入力しない人たちがいたが、彼らにきちんと支払いができる点もメリット。この口コミを詳しく見る,クシー代や電車代を毎回手入力していたので、その手間が一気に省ける。スイカをピッだけで済むのはとても便利。楽楽精算の改善してほしい点毎回手入力するよりは便利になったのは確実だが、それでもある程度の手作業が必要なので、少し面倒さは残る。楽楽精算導入で得られた効果・メリットいままで手入力していた時間が他に使える。部下の管理の点でも、面倒になって入力しない人たちがいたが、彼らにきちんと支払いができる点もメリット。
1933,2021/06/19,勤務先で使用しています。一時保存の機能で少しずつ登録することができるので、月末の経費精算がスムーズに行えています。,普段PCより使用していますが、日付を指定する際、表示されるカレンダーからの選択のみなのが少々使いづらいです。↑↓キーで日付変更できるとより使いやすいです。,営業なので外出する機会がほとんどなのですが、外出先での空き時間で利用できます。また通常の交通費に加え、出張(新幹線、飛行機)、手土産購入などの渉外費利用についても一つのシステムでまとめて申請できるため、手続きがスムーズです。この口コミを詳しく見る,用しています。一時保存の機能で少しずつ登録することができるので、月末の経費精算がスムーズに行えています。楽楽精算の改善してほしい点普段PCより使用していますが、日付を指定する際、表示されるカレンダーからの選択のみなのが少々使いづらいです。↑↓キーで日付変更できるとより使いやすいです。楽楽精算導入で得られた効果・メリット営業なので外出する機会がほとんどなのですが、外出先での空き時間で利用できます。また通常の交通費に加え、出張(新幹線、飛行機)、手土産購入などの渉外費利用についても一つのシステムでまとめて申請できるため、手続きがスムーズです。
1934,2021/06/18,仕事で使用する備品を購入した時や、出張でかかった交通費の精算がパソコン上で可能になる。承認されるとメールが来るので安心。,滅多に使わないので使い方を毎回忘れて担当者に教えてもらっている。もっと直感的に入力できるフォーマットにしてほしい。,弊社では、経費精算の時に承認する人数がとても多く、ペーパーで回覧している時はかなりの時間を要していた。特に私は工場勤務だが、最終承認は本社の社長なので事業所間の移動もあったが、楽楽精算だとデジタルで処理できるので、承認までの時間が大幅に短縮された。この口コミを詳しく見る,する備品を購入した時や、出張でかかった交通費の精算がパソコン上で可能になる。承認されるとメールが来るので安心。楽楽精算の改善してほしい点滅多に使わないので使い方を毎回忘れて担当者に教えてもらっている。もっと直感的に入力できるフォーマットにしてほしい。楽楽精算導入で得られた効果・メリット弊社では、経費精算の時に承認する人数がとても多く、ペーパーで回覧している時はかなりの時間を要していた。特に私は工場勤務だが、最終承認は本社の社長なので事業所間の移動もあったが、楽楽精算だとデジタルで処理できるので、承認までの時間が大幅に短縮された。
1935,2021/06/18,領収書は撮影するだけで申請できるので、名前の通りとても楽に申請でき便利です。申請中の情報が保存できる点も便利です。,入力画面の文字数の限度が短すぎて、長い文章が入らないので分割して入力しています。その点がとても不便だと感じます。また、申請後の取り消しができないので、取り消しできるようになったら便利だと思いました。システムの不具合がありましたか？ありません,領収書など、これまでの申請物が一覧で確認でき、過去どのような内容の申請をしたか振り返る事ができるので、申請・承認が早くなりました。この口コミを詳しく見る,影するだけで申請できるので、名前の通りとても楽に申請でき便利です。申請中の情報が保存できる点も便利です。楽楽精算の改善してほしい点入力画面の文字数の限度が短すぎて、長い文章が入らないので分割して入力しています。その点がとても不便だと感じます。また、申請後の取り消しができないので、取り消しできるようになったら便利だと思いました。システムの不具合がありましたか？ありません楽楽精算導入で得られた効果・メリット領収書など、これまでの申請物が一覧で確認でき、過去どのような内容の申請をしたか振り返る事ができるので、申請・承認が早くなりました。
1936,2021/06/18,今まで社員の出張費は伝票を手書で作成し、現金を直接手渡ししていたため毎日の業務が煩雑で大変でした。楽楽精算を導入してからは、伝票を手書き作成することなく、出張費も銀行振り込みになったので日々の業務に余裕が生まれました。また、集計作業もボタン一つでできるので本当に楽楽です。,初期設定が難しいところです。当社は自分たちで初期設定をしたのですが、サポート担当の方に電話で説明を受けながらの設定はパソコンに不慣れな方にはハードルが高いです。システムの不具合がありましたか？特にありません,今まで出張旅費の為にわざわざ銀行に現金を下ろしに行く業務があったのですが、楽楽精算のおかげで一切なくなりました。社内にいる時間が増え作業効率が上がりました。この口コミを詳しく見る,の出張費は伝票を手書で作成し、現金を直接手渡ししていたため毎日の業務が煩雑で大変でした。楽楽精算を導入してからは、伝票を手書き作成することなく、出張費も銀行振り込みになったので日々の業務に余裕が生まれました。また、集計作業もボタン一つでできるので本当に楽楽です。楽楽精算の改善してほしい点初期設定が難しいところです。当社は自分たちで初期設定をしたのですが、サポート担当の方に電話で説明を受けながらの設定はパソコンに不慣れな方にはハードルが高いです。システムの不具合がありましたか？特にありません楽楽精算導入で得られた効果・メリット今まで出張旅費の為にわざわざ銀行に現金を下ろしに行く業務があったのですが、楽楽精算のおかげで一切なくなりました。社内にいる時間が増え作業効率が上がりました。
1937,2021/06/18,今までは紙の申請書に交通経路を記載して申請をを行っていましたが、変更してからは交通費の算出がものすごく容易になり、申請作業も大幅に楽になりました。,仕分けを実行してしまうと戻せなくなる点と、定期ルートの承認が若干分かりづらい点が改善されるとより使いやすくなる。システムの不具合がありましたか？特になし。,交通費の利用ルートは乗り換え案内から自動で費用を算出することができるので、申請する側も確認する側も記載ミスがなくなりとても楽になった。,機能をフル活用しなくてもしっかり利用可能です。
1938,2021/06/18,ジョルダンとの連携や定期区間控除ができるため、申請者やチェックする承認者が大変楽になり、計算間違いもほとんどなくなりました。,ジョルダンによる計算時に時刻表と合っていないことがあるので、改善してほしい。また、添付ファイル機能も標準にしてほしい。その方が証票を承認フロー時に一緒にチェックができる。システムの不具合がありましたか？たまにジョルダンの表示が時刻表と合っていないことがある。,紙で申請を回さなくてよくなったこと、計算間違がなくなったこと、会計との連携（経理側で少し手間が増えたが）により、伝票起票まで連携して処理できるようになり、職員は楽になっている。この口コミを詳しく見る,との連携や定期区間控除ができるため、申請者やチェックする承認者が大変楽になり、計算間違いもほとんどなくなりました。楽楽精算の改善してほしい点ジョルダンによる計算時に時刻表と合っていないことがあるので、改善してほしい。また、添付ファイル機能も標準にしてほしい。その方が証票を承認フロー時に一緒にチェックができる。システムの不具合がありましたか？たまにジョルダンの表示が時刻表と合っていないことがある。楽楽精算導入で得られた効果・メリット紙で申請を回さなくてよくなったこと、計算間違がなくなったこと、会計との連携（経理側で少し手間が増えたが）により、伝票起票まで連携して処理できるようになり、職員は楽になっている。
1939,2021/06/18,紙ベースで出張精算・経費精算を行っていたが、精算までの進捗が可視化できなかったところ、導入する事で可視化できた。,承認者の設定に階層を持たすことで、異動時の変更を容易にできる様にして欲しい。承認された申請を部署等に変更があっても精算に紐付けできる様にして欲しい。出張申請時に乗換案内で調べた時刻を明細に反映して欲しい。,新型コロナウイルス感染防止対策の為に可能な限り在宅勤務する事になったが、領収書の添付（オプション機能）により原本を確認しなくても精算業務を実施する事ができる様になった。,初期導入費が安価な為、お試し導入がし易い。（但し、ランニングコストが発生する）
1940,2021/06/17,前職で使っていた独自の精算システムは本当に分かりにくく3年経っても経理から差し戻される事が多かったですが、今の会社で使っている楽楽精算はとても直感的なワークフローで誰を通るのか、今どこまで進んでいるのかがわかりやすい。,一度申請すると差戻ボタンがグレーアウトして押せないところ。もしかしたら社内で制限しているのかもしれないですが経理から税率等で指摘があって差戻したくても自分で出来ない。,クラウドサービスなのでテレワーク中でも問題なく使えるし交通費精算、経費精算、出張費等がわかりやすく表示されていてはじめてでも使いやすい。新人が入った際のオンボーディングも楽。新型コロナウイルスの影響で定期がでなくなり、交通費精算を出社毎に行う必要があるのですが、乗換案内ボタンで簡単に金額がわかるし、マイパターンを登録しておけば日付以外が数タップで入力された状態で項目追加されるためとても楽。,ユーザーなので金額等はわかりませんが、今まで使ってきた精算システムの中では一番使いやすいです。
1941,2021/06/17,交通費精算の際に事前に定期券情報を入れておけば、駅名を入力するだけで差し引いた運賃を自動で計算してくれる。,UIが使いにくい。直感的な操作できないので不便。経理から詳細な説明を受けてかつ、良く取扱説明書を読まないといけない。,利用者からするとあまり楽になったという印象はない。経理の同僚からは精算処理がかなり楽になったと聞いた。この口コミを詳しく見る,の際に事前に定期券情報を入れておけば、駅名を入力するだけで差し引いた運賃を自動で計算してくれる。楽楽精算の改善してほしい点UIが使いにくい。直感的な操作できないので不便。経理から詳細な説明を受けてかつ、良く取扱説明書を読まないといけない。楽楽精算導入で得られた効果・メリット利用者からするとあまり楽になったという印象はない。経理の同僚からは精算処理がかなり楽になったと聞いた。
1942,2021/06/16,従前は膨大な紙ベースでの経費精算で、管理にすごくストレスを感じていましたが、ペーパーレスになり事務効率化に。,交通費申請の時に履歴から同じ申請ができるようにしてほしい。同じ顧客に訪問する際に毎回1から申請は省きたい。,現在の処理状況を認識できるため、今まで総務に聞いていたが自身で確認できるようになった。また申請から振込までの時間が従来の半分以下になった。この口コミを詳しく見る,な紙ベースでの経費精算で、管理にすごくストレスを感じていましたが、ペーパーレスになり事務効率化に。楽楽精算の改善してほしい点交通費申請の時に履歴から同じ申請ができるようにしてほしい。同じ顧客に訪問する際に毎回1から申請は省きたい。楽楽精算導入で得られた効果・メリット現在の処理状況を認識できるため、今まで総務に聞いていたが自身で確認できるようになった。また申請から振込までの時間が従来の半分以下になった。
1943,2021/06/15,同じような経費精算の場合は、選択するだけでできるようになった。電車の運賃も自動計算なので、計算間違いがない。,機能の一つとして、件名の言葉に対して、自動で申請負担部署が入るようにしてほしい。文房具といれたら「●●部署負担」と自動で入る設定が、個々にカスタマイズできるようにしたい。,全社員が行うので、交通費などは、自動で記載されることで、ヒューマンエラーのリスクを減らすことができている。この口コミを詳しく見る,経費精算の場合は、選択するだけでできるようになった。電車の運賃も自動計算なので、計算間違いがない。楽楽精算の改善してほしい点機能の一つとして、件名の言葉に対して、自動で申請負担部署が入るようにしてほしい。文房具といれたら「●●部署負担」と自動で入る設定が、個々にカスタマイズできるようにしたい。楽楽精算導入で得られた効果・メリット全社員が行うので、交通費などは、自動で記載されることで、ヒューマンエラーのリスクを減らすことができている。
1944,2021/06/15,交通費精算で主に利用していますが、同じ経路のコピーが可能で、経路検索でJR・私鉄・バスの交通費算出が自動で計算されるため、別途路線検索サイトで調べながら都度入力する負荷が減りました。,交通費が発生した段階で下書きをし、一時保存を行っているのですが、申請フォームまで複数の画面が開かれてしまうのを、個人的には修正いただきたい点と感じています。不要画面を都度閉じるのは手間です。システムの不具合がありましたか？現時点で不具合はありませんでした。,私は経理部門ではありませんが、経理部門の方達からしたら、交通費ごとに経路の検索・費用算出する妥当性の確認負荷が減り、誤入力による再提出の工数が減ったと思います。この口コミを詳しく見る,で主に利用していますが、同じ経路のコピーが可能で、経路検索でJR・私鉄・バスの交通費算出が自動で計算されるため、別途路線検索サイトで調べながら都度入力する負荷が減りました。楽楽精算の改善してほしい点交通費が発生した段階で下書きをし、一時保存を行っているのですが、申請フォームまで複数の画面が開かれてしまうのを、個人的には修正いただきたい点と感じています。不要画面を都度閉じるのは手間です。システムの不具合がありましたか？現時点で不具合はありませんでした。楽楽精算導入で得られた効果・メリット私は経理部門ではありませんが、経理部門の方達からしたら、交通費ごとに経路の検索・費用算出する妥当性の確認負荷が減り、誤入力による再提出の工数が減ったと思います。
1945,2021/06/13,とにかく、操作がシンプルで簡単です。一回説明を受ければ、まず詰まることはなく最後まで操作ができます。,承認に関する部分がもう少し親切ならいいと思いました。承認フローや、承認後の確認など、若干不便に感じることがありました。,スマホなどからもアクセスできるため、色々な無駄が省けました。どんな場面でも場所でもささっと経費精算の操作ができるのは、時間効率アップにつながります。この口コミを詳しく見る,操作がシンプルで簡単です。一回説明を受ければ、まず詰まることはなく最後まで操作ができます。楽楽精算の改善してほしい点承認に関する部分がもう少し親切ならいいと思いました。承認フローや、承認後の確認など、若干不便に感じることがありました。楽楽精算導入で得られた効果・メリットスマホなどからもアクセスできるため、色々な無駄が省けました。どんな場面でも場所でもささっと経費精算の操作ができるのは、時間効率アップにつながります。
1946,2021/06/12,精算ツールについて、承認者・決裁者を自由に選択でき、初見で自分が申請した際も不明な操作は発生せず、クラウドシステムとして充分運営可能と感じた。,"起案システムについて、入力文字制限が半角1,000文字以内である点。添付ファイルが5つまでしか添付できない点。また、添付ファイルがひとつ3MBまでしか添付できない点。",テレワークでの精算管理、起案管理が一本化できた。これまでは社長および管理部門へのメール内にて手続きしていたが、それが一元化できた。,ランニングコスト
1947,2021/06/12,履歴が残っていくのでコピーして再利用が出来る。差し戻し後の修正が可能なので、何度もやり直す事がない。とにかくスムーズに起票出来て嬉しい。,トップ画面のアイコンが見づらい。記入欄の文字が小さく分かりにくい。本来、記入の必要が無い所まで記入してしまいそうになるので、記入欄にカーソルを会わせるとコメントガイドが出てくると嬉しい。,以前はシステムからの申請と合わせてExcelで精算明細を提出しなければならず、とても面倒で時間がかかりミスも多かった。導入後はとてもスムーズでミスも減った。この口コミを詳しく見る,ていくのでコピーして再利用が出来る。差し戻し後の修正が可能なので、何度もやり直す事がない。とにかくスムーズに起票出来て嬉しい。楽楽精算の改善してほしい点トップ画面のアイコンが見づらい。記入欄の文字が小さく分かりにくい。本来、記入の必要が無い所まで記入してしまいそうになるので、記入欄にカーソルを会わせるとコメントガイドが出てくると嬉しい。楽楽精算導入で得られた効果・メリット以前はシステムからの申請と合わせてExcelで精算明細を提出しなければならず、とても面倒で時間がかかりミスも多かった。導入後はとてもスムーズでミスも減った。
1948,2021/06/11,従来の紙ベースでの経費精算を電子化できるため、コピー用紙や印刷費用の削減ができ、承認ルート状況がわかることや、紛失の心配も無くなり管理も楽になった。,画面がパッと見でも古めかしくデザイン性が無いのと、操作も直感的にわかりづらく戸惑うことがある。例えば、電車等の交通費精算で経路検索から料金を反映できるのは便利な機能だと思うが、肝心の操作がわかりづらく、小ウィンドウも開くため、結局は慣れている他の経路検索サイトを使って経路や金額を手入力した方が早い。デザインや操作性を是非改善してほしい。,従来の紙ベースでは承認印が必要だったため、承認者が出張などで不在だと滞ってしまっていたが、電子化できることで外出先や出張先、テレワークなど場所を問わずに申請も承認も可能になった。この口コミを詳しく見る,ースでの経費精算を電子化できるため、コピー用紙や印刷費用の削減ができ、承認ルート状況がわかることや、紛失の心配も無くなり管理も楽になった。楽楽精算の改善してほしい点画面がパッと見でも古めかしくデザイン性が無いのと、操作も直感的にわかりづらく戸惑うことがある。例えば、電車等の交通費精算で経路検索から料金を反映できるのは便利な機能だと思うが、肝心の操作がわかりづらく、小ウィンドウも開くため、結局は慣れている他の経路検索サイトを使って経路や金額を手入力した方が早い。デザインや操作性を是非改善してほしい。楽楽精算導入で得られた効果・メリット従来の紙ベースでは承認印が必要だったため、承認者が出張などで不在だと滞ってしまっていたが、電子化できることで外出先や出張先、テレワークなど場所を問わずに申請も承認も可能になった。
1949,2021/06/11,交通費の申請はもちろんですが、PCの購入など会社内で発生した経費等の申請も全てここで出来てしまうので、とても便利だと思いました。,申請の項目がどこにあるのか分かりづらいので、アイコンを大きくしたり、よく使う項目はトップページに載せたりしてほしい。,会社内で発生した経費を一括で管理できるので、そのほかの管理ツールを使う必要がなく、社内でも混乱することがなくなった。この口コミを詳しく見る,請はもちろんですが、PCの購入など会社内で発生した経費等の申請も全てここで出来てしまうので、とても便利だと思いました。楽楽精算の改善してほしい点申請の項目がどこにあるのか分かりづらいので、アイコンを大きくしたり、よく使う項目はトップページに載せたりしてほしい。楽楽精算導入で得られた効果・メリット会社内で発生した経費を一括で管理できるので、そのほかの管理ツールを使う必要がなく、社内でも混乱することがなくなった。
1950,2021/06/11,メリットは画面が簡潔で使いやすい、アイコンなどがぱっと見わかりやすい。デメリットはシステム面でバグが出る。（同時更新がありました、等、実際は関係のないエラーメッセージが出たりする。）,エラーメッセージの表示改善。ぱっと見で交通費や領収書の確認がとてもしやすく、日々かなり活用させていただいているアプリではあるので期待しています。,やはり交通費の入力がしやすくわかりやすかったため、便利な部分もたくさんあると感じたので、そういった機能面は評価ができます。この口コミを詳しく見る,画面が簡潔で使いやすい、アイコンなどがぱっと見わかりやすい。デメリットはシステム面でバグが出る。（同時更新がありました、等、実際は関係のないエラーメッセージが出たりする。）楽楽精算の改善してほしい点エラーメッセージの表示改善。ぱっと見で交通費や領収書の確認がとてもしやすく、日々かなり活用させていただいているアプリではあるので期待しています。楽楽精算導入で得られた効果・メリットやはり交通費の入力がしやすくわかりやすかったため、便利な部分もたくさんあると感じたので、そういった機能面は評価ができます。
1951,2021/06/10,クレジットカード情報を紐付けることで、未精算情報を利用者に通知させる事ができるようになり、申請漏れを防ぐことが出来る。,スマホアプリではクレジットカード情報を参照できないところがデメリット。PCでクレジットカード情報を選択して下書き保存、その後スマホアプリから編集を行い、カメラで領収書画像を撮影してアップロードするという2度手間になる。システムの不具合がありましたか？とくにありませんでした,領収書とクレジットカード利用履歴の紐付けを精算者が行うことで、財務の人員コストが大幅に削減することができる。,出張など経費使用を伴う社員を多く抱える企業ほどオススメです
1952,2021/06/09,精算時の勘定科目が一目で選びやすい。また金額計算を自動で行なってくれるので時間が取られることがありません。,文字の大きさをもう少し大きく表示して欲しい。文字が小さいため、文字の打ち間違いを見逃しやすい。またもし間違ってもエラー表示してもらいたい。,過去に打ち込んだワードがカーソルに表示されるので、過去に打った文字を選択しながら進められるため、時間短縮になっている。,慣れると使いやすい。
1953,2021/06/09,通勤交通費以外に発生した交通費の申請や、現場で発生した備品等の購買申請に使用しています。交通費に関しては、1週間や1ヶ月分をまとめて申請するため、保存機能がとても便利です。,交通費を調べるルート検索の際、駅名でないと検索ができないため、建物名などを入力すれば最寄りの駅でのルート検索ができるようにして欲しい。,申請の処理状況が確認できるので、経理に確認せずとも現状を知ることができ、問い合わせする必要がなくなった。この口コミを詳しく見る,以外に発生した交通費の申請や、現場で発生した備品等の購買申請に使用しています。交通費に関しては、1週間や1ヶ月分をまとめて申請するため、保存機能がとても便利です。楽楽精算の改善してほしい点交通費を調べるルート検索の際、駅名でないと検索ができないため、建物名などを入力すれば最寄りの駅でのルート検索ができるようにして欲しい。楽楽精算導入で得られた効果・メリット申請の処理状況が確認できるので、経理に確認せずとも現状を知ることができ、問い合わせする必要がなくなった。
1954,2021/06/09,申請者、承認者共に円滑な精算を行える。デジタルデータでのやり取りなのでペーパーレス化を図ることができました。,複数人で同じ出張へ出向いた時に、同じデータをコピーしてインプットできるようにしてほしい。（他の人へのデータ移行は出来なかったので同じデータを一から入力し直した）,以前はエクセルで出張精算を書いて印刷して紙ベースでの承認申請だった為に、精算完了まで時間が掛かっていたり間違えがあると、また最初からなので大変だったが、導入してからはデジタルデータとして承認者へ送付されるので承認までの時間や手間が減った。,出張精算が楽になります。
1955,2021/06/04,交通費の申請の時に、乗車ルートを検索してそのまま自動計算し入力してくれるのが、調べる手間が省けてほんとに助かります。,クレジットカードでの購入の場合の明細入力のやり方が少し見ずらく分かりにくいので、もう少し分かりやすくなるといいと思います。何度もやり直ししているので。,こちらを活用することにより、今までは私がほぼ全員分の入力を担当していましたが、各自でやって貰えるので楽になりました、,ホントに楽になります
1956,2021/05/30,取引先への支払いなど、基本的に楽楽精算上で完結できる。今までは紙で出力し、請求書と申請をチェックしていたがシステム上でどちらもチェックできるのは有り難い。,全社の申請を一覧で見る際に、計上日が見れない。いちいち伝票を開くのが面倒なので、一覧から計上日を見られるとなお良い。,経費精算だけでなく、ワークフローや会計伝票のメニューも利用している。今までは経費精算の承認のためや会計ソフトへの入力のための伝票を紙で出力していたため、楽楽精算1つで経理内のペーパーレス化が促進された。特に会計ソフトへの入力へ時間がかかっていたが、楽楽精算で承認したものをそのまま会計ソフトへ取り込めるため、作業時間も削減できた。この口コミを詳しく見る,支払いなど、基本的に楽楽精算上で完結できる。今までは紙で出力し、請求書と申請をチェックしていたがシステム上でどちらもチェックできるのは有り難い。楽楽精算の改善してほしい点全社の申請を一覧で見る際に、計上日が見れない。いちいち伝票を開くのが面倒なので、一覧から計上日を見られるとなお良い。楽楽精算導入で得られた効果・メリット経費精算だけでなく、ワークフローや会計伝票のメニューも利用している。今までは経費精算の承認のためや会計ソフトへの入力のための伝票を紙で出力していたため、楽楽精算1つで経理内のペーパーレス化が促進された。特に会計ソフトへの入力へ時間がかかっていたが、楽楽精算で承認したものをそのまま会計ソフトへ取り込めるため、作業時間も削減できた。
1957,2021/05/30,交通費の精算や出張場所に行くまでのルートの履歴が残るので、同じ場所に行く際の費用を毎回入力する必要がなくなる。,かかった費用項目1個ごとに1行分を入力する必要があるため、長期出張や色々な場所に立ち寄った際の処理がとても面倒。,これまで経理が手計算や手入力で行っていた作業を申請者が負担し、システムにより間違いを少なくすることが出来るので、多少は経理の負担が減る。この口コミを詳しく見る,算や出張場所に行くまでのルートの履歴が残るので、同じ場所に行く際の費用を毎回入力する必要がなくなる。楽楽精算の改善してほしい点かかった費用項目1個ごとに1行分を入力する必要があるため、長期出張や色々な場所に立ち寄った際の処理がとても面倒。楽楽精算導入で得られた効果・メリットこれまで経理が手計算や手入力で行っていた作業を申請者が負担し、システムにより間違いを少なくすることが出来るので、多少は経理の負担が減る。
1958,2021/05/29,サイト上で出張精算ができ、自動で経理担当に精算内容を連絡出来るため、とても楽になりました。申請内容を専用フォーマットで印刷する事も出来るので書面で提出する事も可能です。,会社によって申請内容をある程度カスタマイズして使うようになるのだが、はじめはサイトのどこの項目で何を申請出来るのか把握する必要があり、慣れるまである程度時間がかかる。,導入前は出張経路や精算金額を紙面に手書きで記載しており、出張精算に時間がかかるためストレスをかなり感じていたが、これを使用する事により出張精算がとても楽になった。,出張精算に時間がかかりストレスを感じている人にお勧め
1959,2021/05/29,国内企業による精算ソフト故、かゆいところに手が届く仕様になっている。出向先の精算ソフトがコンカーであり、本ソフトの優秀さに改めて気づいた。,今のところ、機能に過不足は感じていない。PASMO等ICカードのデータを読み込む機能もあるが自身は使用していないので親和性は不明。,精算ソフトにありがちな、あれもこれも入力が必要ということがないので、精算を溜めてしまうことが無くなった。この口コミを詳しく見る,よる精算ソフト故、かゆいところに手が届く仕様になっている。出向先の精算ソフトがコンカーであり、本ソフトの優秀さに改めて気づいた。楽楽精算の改善してほしい点今のところ、機能に過不足は感じていない。PASMO等ICカードのデータを読み込む機能もあるが自身は使用していないので親和性は不明。楽楽精算導入で得られた効果・メリット精算ソフトにありがちな、あれもこれも入力が必要ということがないので、精算を溜めてしまうことが無くなった。
1960,2021/05/27,会社の方でオリジナルで登録している部分もあるかと思いますが、それぞれの項目も事前に登録されていて選択するだけですし、領収書もアップロードできますし、使いづらい部分が逆に見つかりません。,上述の通り改善したい部分が本当に見当たらないのですが、あえて挙げるとすれば複数の申請を出した際に、日時の順番を自動で古い順に並び替えていただけるとありがたいです。,このシステムを導入する前は虎ノ門に本社を構えるような会社であるにもかかわらず、紙で領収証を提出していて糊がくっついてしまったり、印刷がこすれて読みづらくなってしまったり、アナログな問題が複数ありましたがそちらが全て解決されました。この口コミを詳しく見る,オリジナルで登録している部分もあるかと思いますが、それぞれの項目も事前に登録されていて選択するだけですし、領収書もアップロードできますし、使いづらい部分が逆に見つかりません。楽楽精算の改善してほしい点上述の通り改善したい部分が本当に見当たらないのですが、あえて挙げるとすれば複数の申請を出した際に、日時の順番を自動で古い順に並び替えていただけるとありがたいです。楽楽精算導入で得られた効果・メリットこのシステムを導入する前は虎ノ門に本社を構えるような会社であるにもかかわらず、紙で領収証を提出していて糊がくっついてしまったり、印刷がこすれて読みづらくなってしまったり、アナログな問題が複数ありましたがそちらが全て解決されました。
1961,2021/05/27,導入前はアプリで利用した区間の金額を調べ1件1件登録し申請しなくてはいけなかった為、かなり時間がかかっていましたが、こちらはICカードを読み込むと履歴が一発で表示されるので交通費の申請がかなり楽になりました。,こまめにICカードリーダーの履歴を取り込まないと消えてしまう点です。1日3〜4回乗り降りがある日もあるので、3日くらい取り込みを忘れてしまった時はすこし困ります。,営業活動の交通費の申請時間が大幅に短縮されたので、営業活動やその他業務に使える時間が増え業務効率化に繋がりました。この口コミを詳しく見る,プリで利用した区間の金額を調べ1件1件登録し申請しなくてはいけなかった為、かなり時間がかかっていましたが、こちらはICカードを読み込むと履歴が一発で表示されるので交通費の申請がかなり楽になりました。楽楽精算の改善してほしい点こまめにICカードリーダーの履歴を取り込まないと消えてしまう点です。1日3〜4回乗り降りがある日もあるので、3日くらい取り込みを忘れてしまった時はすこし困ります。楽楽精算導入で得られた効果・メリット営業活動の交通費の申請時間が大幅に短縮されたので、営業活動やその他業務に使える時間が増え業務効率化に繋がりました。
1962,2021/05/26,これまでは旅費交通費などは紙の伝票に記入して経費精算を行っていて煩わしいと感じていたが、パソコン上で申請が出来るので楽になりました。また、公共交通機関の運賃計算もできるので帰社してからSuica履歴やYahoo乗り換え案内で調べる手間もなくなりました。,ボタンの配置や仕様が時々変わり、分かりにくいときがある。何か変化があればTop画面に分かりやすいように表示してほしいです。システムの不具合がありましたか？目立ったトラブルは起きていません。,経費精算の申請にかける時間と手間を減らすことが出来ました。紙の伝票に記入しなくて良いので書き直しの手間からも解放されました。この口コミを詳しく見る,旅費交通費などは紙の伝票に記入して経費精算を行っていて煩わしいと感じていたが、パソコン上で申請が出来るので楽になりました。また、公共交通機関の運賃計算もできるので帰社してからSuica履歴やYahoo乗り換え案内で調べる手間もなくなりました。楽楽精算の改善してほしい点ボタンの配置や仕様が時々変わり、分かりにくいときがある。何か変化があればTop画面に分かりやすいように表示してほしいです。システムの不具合がありましたか？目立ったトラブルは起きていません。楽楽精算導入で得られた効果・メリット経費精算の申請にかける時間と手間を減らすことが出来ました。紙の伝票に記入しなくて良いので書き直しの手間からも解放されました。
1963,2021/05/25,以前まで手書き申請だったのが一気に楽になった。一時保存もできるので、月毎にまとめて申請も楽に行える。,申請内容や振込先等の検索画面の文字が小さく、見づらい。フリーワード検索ができるとより手間がなくなるのではないかと思います。,以前は申請のために手書きで処理していたが、画面上で全て行うことができるので、手間が省けた。承認後メールもくるのでわかりやすい。,利用者にとっては手間がなくなる。
1964,2021/05/25,クラウドタイプの経費精算、交通費精算システムで様々な経費を一元管理することにより業務が効率化されます。ICカードの取り込み機能や乗換案内のシステムにより、申請者は手入力で経費を申請する必要がなくほぼ自動化されますね。,乗換案内の際に路線図や時刻表から自動でデータを取得してくれる機能は便利ですが、検索をかけた際の時刻に合わせて表示してくれるとより使いやすいです。,乗換案内やICカードを使った申請は不正が出来ないためチェックが容易で作業負荷が低減されました。また領収書読み取り機能により、データがデジタルとして保存されるのでコスト削減にもつながっています。この口コミを詳しく見る,イプの経費精算、交通費精算システムで様々な経費を一元管理することにより業務が効率化されます。ICカードの取り込み機能や乗換案内のシステムにより、申請者は手入力で経費を申請する必要がなくほぼ自動化されますね。楽楽精算の改善してほしい点乗換案内の際に路線図や時刻表から自動でデータを取得してくれる機能は便利ですが、検索をかけた際の時刻に合わせて表示してくれるとより使いやすいです。楽楽精算導入で得られた効果・メリット乗換案内やICカードを使った申請は不正が出来ないためチェックが容易で作業負荷が低減されました。また領収書読み取り機能により、データがデジタルとして保存されるのでコスト削減にもつながっています。
1965,2021/05/24,今までExcelに記入、印刷して煩雑だった作業がクラウド上で完結するので工数が減りました。公共交通機関利用の経費の場合、交通経路も検索→反映出来るのも便利です。,会社名義のクレジットカードと連携して、自動的にデータ取り込みしてくれるような機能があるともっと便利になりそうです。,月末の忙しいタイミングの経費精算は記入も多く地味にストレスでした。特に交通費精算は交通経路検索→記入の手間がかかったので、それがシステム上で一括で出来るのが便利です。それ以上に経理担当の負担が大幅に減ったようです。この口コミを詳しく見る,celに記入、印刷して煩雑だった作業がクラウド上で完結するので工数が減りました。公共交通機関利用の経費の場合、交通経路も検索→反映出来るのも便利です。楽楽精算の改善してほしい点会社名義のクレジットカードと連携して、自動的にデータ取り込みしてくれるような機能があるともっと便利になりそうです。楽楽精算導入で得られた効果・メリット月末の忙しいタイミングの経費精算は記入も多く地味にストレスでした。特に交通費精算は交通経路検索→記入の手間がかかったので、それがシステム上で一括で出来るのが便利です。それ以上に経理担当の負担が大幅に減ったようです。
1966,2021/05/22,電子データで過去の申請や承認したものが確認できます。とくに、反復して行う業務はとても便利に感じます。,完全ペーパーレス方式とすると写真をとって申請等、少々面倒かなあと思ってしまいます。印刷して印鑑を押して提出するよりずっと良いことはわかってはいるんですが。,過去データをいつでも閲覧可能であり、それらのことを記憶したり紙ファイルを探す時間を省略できました。この口コミを詳しく見る,で過去の申請や承認したものが確認できます。とくに、反復して行う業務はとても便利に感じます。楽楽精算の改善してほしい点完全ペーパーレス方式とすると写真をとって申請等、少々面倒かなあと思ってしまいます。印刷して印鑑を押して提出するよりずっと良いことはわかってはいるんですが。楽楽精算導入で得られた効果・メリット過去データをいつでも閲覧可能であり、それらのことを記憶したり紙ファイルを探す時間を省略できました。
1967,2021/05/21,定期や交通運賃を自動で計算してくれるので、間違いがありません。これまでは、自分で調べて入力する形なので、間違い⇒連絡⇒再度承認と無駄なフローがありました。,特にないのですが、しいて言えば、管理画面のUIがシンプルすぎるかもしれません。ミスをしたとき、どこの項目を直したらいいのかがわかりにくい。システムの不具合がありましたか？特にはないです。,営業という職種上、交通費精算の頻度が多く、前の経費システムだといちいち調べて、料金を転記して申請上げてと煩雑な工程があった。しかし、今回のはジョルダンの乗換案内と連携しているので、調べる工程が1ステップ削減できた。この口コミを詳しく見る,運賃を自動で計算してくれるので、間違いがありません。これまでは、自分で調べて入力する形なので、間違い⇒連絡⇒再度承認と無駄なフローがありました。楽楽精算の改善してほしい点特にないのですが、しいて言えば、管理画面のUIがシンプルすぎるかもしれません。ミスをしたとき、どこの項目を直したらいいのかがわかりにくい。システムの不具合がありましたか？特にはないです。楽楽精算導入で得られた効果・メリット営業という職種上、交通費精算の頻度が多く、前の経費システムだといちいち調べて、料金を転記して申請上げてと煩雑な工程があった。しかし、今回のはジョルダンの乗換案内と連携しているので、調べる工程が1ステップ削減できた。
1968,2021/05/21,携帯から領収書の写真をアップロードできることにより、面倒な領収書貼り付け作業などがなくなり、時間が削減できた。,複雑な承認フローを設計できない点が不便、また、クレジットカードとの連携を推し進めるとさらに良いサービスに生まれ変わると思う。,経費申請・精算業務にかかる時間を削減でき、結果的に人件費が削減できた。また、楽楽精算から給与システムへの連携もCSVエクスポートが可能なので無理な作り込みが不要になりました。この口コミを詳しく見る,収書の写真をアップロードできることにより、面倒な領収書貼り付け作業などがなくなり、時間が削減できた。楽楽精算の改善してほしい点複雑な承認フローを設計できない点が不便、また、クレジットカードとの連携を推し進めるとさらに良いサービスに生まれ変わると思う。楽楽精算導入で得られた効果・メリット経費申請・精算業務にかかる時間を削減でき、結果的に人件費が削減できた。また、楽楽精算から給与システムへの連携もCSVエクスポートが可能なので無理な作り込みが不要になりました。
1969,2021/05/21,交通費精算の際に、乗換案内との連携により自動的に金額を表示できるところ、経費精算の際にスマホから写真を添付できる点は大きなメリットであると感じる。,例えば交通費精算において、	訪問先・出発・到着などの項目を記入することなく選択式にできればいいなと思う。,申請も承認もオンライン上ですべて完結するので、紙ベースと比較して、精算にかける時間的人的コストを圧倒的に抑えられる。この口コミを詳しく見る,の際に、乗換案内との連携により自動的に金額を表示できるところ、経費精算の際にスマホから写真を添付できる点は大きなメリットであると感じる。楽楽精算の改善してほしい点例えば交通費精算において、	訪問先・出発・到着などの項目を記入することなく選択式にできればいいなと思う。楽楽精算導入で得られた効果・メリット申請も承認もオンライン上ですべて完結するので、紙ベースと比較して、精算にかける時間的人的コストを圧倒的に抑えられる。
1970,2021/05/19,これまでは他社の経費精算システムを使用していたが、入力方法がわかりづらく経費精算に時間がかかっていたが、楽楽精算に変わって見やすいのと操作もシンプルで経費精算時間を大幅に短縮できる。,経費精算を一度確定すると取り消しや修正ができなかったりするため、再度設定しないといけないので、保存できたりコピーできて再度使用できると良いと思う。システムの不具合がありましたか？特にありませんでした。,営業職の為出張等も多く、多くの社員が月末にまとめて経費精算をするので、シンプルで使いやすいおかげで工数削減やミスの低減に寄与している。以前利用していた製品の解約理由修正がしにくい。,シンプルな画面や使いやすさが良いと思います。
1971,2021/05/19,最近、経費精算がこの製品に変わったのですが、定期利用区間の登録ができるところがとてもいいなと思いました。,まだ数回しか使ったことがないので、機能のことをあまり把握していません。今のところ困ったことは起こってはいないです。,交通費申請がとても簡単になりました。以前は、定期利用区間との差額を自身で計算しなければならなかったので。この口コミを詳しく見る,精算がこの製品に変わったのですが、定期利用区間の登録ができるところがとてもいいなと思いました。楽楽精算の改善してほしい点まだ数回しか使ったことがないので、機能のことをあまり把握していません。今のところ困ったことは起こってはいないです。楽楽精算導入で得られた効果・メリット交通費申請がとても簡単になりました。以前は、定期利用区間との差額を自身で計算しなければならなかったので。
1972,2021/05/18,Suica等の交通系ICカードを利用して正確に交通費を立替えられるようになりました。また、経費精算、会食精算でも申請がWebからできるので作業効率アップします。,電話サポートの期間が初期だけなので、1年間とかしばらく続くと良いと思います。メールでのやりとりになると解決に時間がかかります。システムの不具合がありましたか？給与に取り込むための出力データが、思った通りのものが一発で出力ができない。,正確に交通費が把握できること。申請承認に紙の出力が不要になること。紙からシステムへの転記がなくなったこと。この口コミを詳しく見る,等の交通系ICカードを利用して正確に交通費を立替えられるようになりました。また、経費精算、会食精算でも申請がWebからできるので作業効率アップします。楽楽精算の改善してほしい点電話サポートの期間が初期だけなので、1年間とかしばらく続くと良いと思います。メールでのやりとりになると解決に時間がかかります。システムの不具合がありましたか？給与に取り込むための出力データが、思った通りのものが一発で出力ができない。楽楽精算導入で得られた効果・メリット正確に交通費が把握できること。申請承認に紙の出力が不要になること。紙からシステムへの転記がなくなったこと。
1973,2021/05/16,ICカードの履歴から勤務関係の履歴を選んで一括取り込みが可能なため、打ち込む必要がなく楽で重増しの精算もなくなる。,バスの乗り換え案内や新幹線などが一部検索で出てこなかったり、指定席と自由席を選べなかったりするため、改善されるとさらに使いやすい。,紙ベースだった時のミスや、手際の悪さ全てが改善される。どの駅から乗ったか覚えてなくても取り込みで解決できる。この口コミを詳しく見る,の履歴から勤務関係の履歴を選んで一括取り込みが可能なため、打ち込む必要がなく楽で重増しの精算もなくなる。楽楽精算の改善してほしい点バスの乗り換え案内や新幹線などが一部検索で出てこなかったり、指定席と自由席を選べなかったりするため、改善されるとさらに使いやすい。楽楽精算導入で得られた効果・メリット紙ベースだった時のミスや、手際の悪さ全てが改善される。どの駅から乗ったか覚えてなくても取り込みで解決できる。
1974,2021/05/16,直観的に操作できるので、迷うことなく申請が可能です。入力項目もシンプル、乗換案内とも連携しているので、素早く申請できます。,強いて言うなら、最後の申請ボタンを押し忘れしやすいので、なんらかの警告等表示されると、申請漏れが減るかもしれません。,申請時間が短縮されました。さくっと申請できるので、旅費請求が苦にならないので、忙しい時期ほど助かります。この口コミを詳しく見る,作できるので、迷うことなく申請が可能です。入力項目もシンプル、乗換案内とも連携しているので、素早く申請できます。楽楽精算の改善してほしい点強いて言うなら、最後の申請ボタンを押し忘れしやすいので、なんらかの警告等表示されると、申請漏れが減るかもしれません。楽楽精算導入で得られた効果・メリット申請時間が短縮されました。さくっと申請できるので、旅費請求が苦にならないので、忙しい時期ほど助かります。
1975,2021/05/15,小口経費や個別の交通費精算、定期券の精算に利用しております。サイトも見やすいので、直ぐに慣れて皆さん使えてます。,特にありませんが、ログインに困る人がよくいます。パスワードを忘れた人用のシステムがなかったと思いますので、あるといいなと思います。,最近、領収書を保存して添付できる機能がとても便利です！それをサイト内にためておけるのもいいと思います。資格取得の費用の申請もわかりやすかったです。この口コミを詳しく見る,個別の交通費精算、定期券の精算に利用しております。サイトも見やすいので、直ぐに慣れて皆さん使えてます。楽楽精算の改善してほしい点特にありませんが、ログインに困る人がよくいます。パスワードを忘れた人用のシステムがなかったと思いますので、あるといいなと思います。楽楽精算導入で得られた効果・メリット最近、領収書を保存して添付できる機能がとても便利です！それをサイト内にためておけるのもいいと思います。資格取得の費用の申請もわかりやすかったです。
1976,2021/05/14,その名の通り楽々に交通費や経費などの計算が簡単にできます。店舗で立て替えすることが多かったので助かりました。,インフルエンザの予防接種をしたときに、どこにその項目が入ってるかわかりづらかったので、項目の検索ができたらいいなと思いました。,手書きで書いたりする必要がなく、ペーパーレスで簡単なので、どこでもいつでも経費申請がしやすく効率的になりました。この口コミを詳しく見る,り楽々に交通費や経費などの計算が簡単にできます。店舗で立て替えすることが多かったので助かりました。楽楽精算の改善してほしい点インフルエンザの予防接種をしたときに、どこにその項目が入ってるかわかりづらかったので、項目の検索ができたらいいなと思いました。楽楽精算導入で得られた効果・メリット手書きで書いたりする必要がなく、ペーパーレスで簡単なので、どこでもいつでも経費申請がしやすく効率的になりました。
1977,2021/05/14,インターネット環境があれば、どこでも精算申請などが可能であるため、コロナ禍でのリモートワーク中心の働き方の中でも、問題なく業務が進められる。,ワークフローが少し使いにくい。すべてのワークフローが、「ワークフロー」のボタンに格納されて階層分けされて表示する仕様だが、任意に新しいボタンを作ってワークフローを割り当てられるようになると、経費にかかわらないワークフローも載せることができ、ペーパーレスに繋がって助かる。システムの不具合がありましたか？特に大きなことは発生した記憶はない。たまに急にUIが変わって戸惑ったことはある。,紙ベースの申請・承認だとオフィスに来なければ対応できないし、過去のデータを探す際にも端から探していかなければならない。クラウド化されたことによって、これらの課題が解決できた。この口コミを詳しく見る,ット環境があれば、どこでも精算申請などが可能であるため、コロナ禍でのリモートワーク中心の働き方の中でも、問題なく業務が進められる。楽楽精算の改善してほしい点ワークフローが少し使いにくい。すべてのワークフローが、「ワークフロー」のボタンに格納されて階層分けされて表示する仕様だが、任意に新しいボタンを作ってワークフローを割り当てられるようになると、経費にかかわらないワークフローも載せることができ、ペーパーレスに繋がって助かる。システムの不具合がありましたか？特に大きなことは発生した記憶はない。たまに急にUIが変わって戸惑ったことはある。楽楽精算導入で得られた効果・メリット紙ベースの申請・承認だとオフィスに来なければ対応できないし、過去のデータを探す際にも端から探していかなければならない。クラウド化されたことによって、これらの課題が解決できた。
1978,2021/05/14,1ヶ月分を上長へ一括で申請できてとっても楽です。領収書がある際はPDFをとって申請すればでいいので便利です。,シンプルだけど、いろいろ内容があり見たいものがどこにあるのかよく分からないことがあります。質問チャット等あればいいなと思います。,承認ルートを設定出来ます。一括で申請でき、申請する側は承認された通知もくるので判りやすいと思いました。この口コミを詳しく見る,上長へ一括で申請できてとっても楽です。領収書がある際はPDFをとって申請すればでいいので便利です。楽楽精算の改善してほしい点シンプルだけど、いろいろ内容があり見たいものがどこにあるのかよく分からないことがあります。質問チャット等あればいいなと思います。楽楽精算導入で得られた効果・メリット承認ルートを設定出来ます。一括で申請でき、申請する側は承認された通知もくるので判りやすいと思いました。
1979,2021/05/14,出張申請・承認、経費申請・承認等が全てWeb上で実施できる。添付ファイルも簡単に添付できる。交通費検索で、バスも含まれている。,出張期間をいれることで、出張日数の自動表示をしてほしい。プロジェクト、得意先コードなど、標準表示をデフォルト設定してほしい。海外出張の申請がない。,紙記入提出がWeb上で出来便利になった。履歴も残るため、同じ出張の呼び出し利用が出来る。承認フローが登録式で明確になっている。この口コミを詳しく見る,承認、経費申請・承認等が全てWeb上で実施できる。添付ファイルも簡単に添付できる。交通費検索で、バスも含まれている。楽楽精算の改善してほしい点出張期間をいれることで、出張日数の自動表示をしてほしい。プロジェクト、得意先コードなど、標準表示をデフォルト設定してほしい。海外出張の申請がない。楽楽精算導入で得られた効果・メリット紙記入提出がWeb上で出来便利になった。履歴も残るため、同じ出張の呼び出し利用が出来る。承認フローが登録式で明確になっている。
1980,2021/05/14,交通費、経費の精算が簡単に入力して申請、承認、管理が出来ることです。ICカードとの連携もスムーズにできるのも良い点の一つです。,若い20代、30代はすぐに慣れて操作が出来ましたが、50代、60代の高齢の方々はレクチャーが必要でした。動画で操作方法のレクチャーがあれば助かると思いました。,会社が古い体質で、紙ベースで経費のやりくりをしていました。楽々精算を導入して、資源、時間の効率の改善が出来ました。,操作性
1981,2021/05/13,PCだけでなくスマホでも利用できるので場所を選ばずリモートワークでも紙を提出しなくても精算ができるのは嬉しいです。,メニューから申請項目を選択すると別ウィンドウが立ち上がりますが、少しUIが古いというか使いにくく感じます。できれば別ウィンドウが立ち上がるのではなくてそのままのウィンドウで画面が遷移してくれたほうがすっきりして使いやすいと思いました。各精算メニューの”一覧”を選択すると、できる枠幅が小さいので慣れるまでわかりづらかったです。システムの不具合がありましたか？特にトラブルはありませんでした,これまではエクセルに毎月手入力で入力していたので交通費精算も金額を毎回調べなくてはならなかったですが、こちらは”乗換案内”からルートと金額を呼び出して入力できるので、とても楽になりました。この口コミを詳しく見る,なくスマホでも利用できるので場所を選ばずリモートワークでも紙を提出しなくても精算ができるのは嬉しいです。楽楽精算の改善してほしい点メニューから申請項目を選択すると別ウィンドウが立ち上がりますが、少しUIが古いというか使いにくく感じます。できれば別ウィンドウが立ち上がるのではなくてそのままのウィンドウで画面が遷移してくれたほうがすっきりして使いやすいと思いました。各精算メニューの”一覧”を選択すると、できる枠幅が小さいので慣れるまでわかりづらかったです。システムの不具合がありましたか？特にトラブルはありませんでした楽楽精算導入で得られた効果・メリットこれまではエクセルに毎月手入力で入力していたので交通費精算も金額を毎回調べなくてはならなかったですが、こちらは”乗換案内”からルートと金額を呼び出して入力できるので、とても楽になりました。
1982,2021/05/11,交通費など普段かかる以外の経費に対して楽楽精算を活用していますが、このサービスのみで簡単に交通費を算出し、経理に請求する事が出来るのでとても便利に感じています。,特に不満などは今のところ感じてはいないですが、強いて言うならば請求が承認されているか、出し直しになっているかをこのサイトにアクセスして確認しなければいけないので、何か自分のメールアドレスに送ってくれたらいいなと思います。,経理と直接やりとりをせずに自分たちの空いた時間で申請等が行えるので、手間などがかからずに済むと思う。この口コミを詳しく見る,普段かかる以外の経費に対して楽楽精算を活用していますが、このサービスのみで簡単に交通費を算出し、経理に請求する事が出来るのでとても便利に感じています。楽楽精算の改善してほしい点特に不満などは今のところ感じてはいないですが、強いて言うならば請求が承認されているか、出し直しになっているかをこのサイトにアクセスして確認しなければいけないので、何か自分のメールアドレスに送ってくれたらいいなと思います。楽楽精算導入で得られた効果・メリット経理と直接やりとりをせずに自分たちの空いた時間で申請等が行えるので、手間などがかからずに済むと思う。
1983,2021/05/11,社内の経費精算、交通費精算が簡単にできるところ。また、パソコンだけではなく携帯電話からでも申請ができるところ。,よく使う精算項目などについては、ピックアップして、同じ内容で日付違いの場合に簡単にコピーして作成できるようにしてもらえると大変便利だと思う。,元々社内の精算システムは、会社独自のものを利用していたが、経費精算がパソコンからしかできず出張に行っている場合などは申請に手間がかかったり、レシートも必ず原本をすぐに提出する必要があった。楽楽精算に移行してからは、申請が携帯電話からでもできるようになり、出張先でもすぐに申請ができ、レシートも写真添付で対応できるようになった。,とにかく精算が楽にできる点！
1984,2021/05/08,交通費精算が簡単にできます。出発駅と到着駅を入力すると、経路検索ができます。運賃がすぐに分かります。わざわざ調べる手間がなくなりました。,交通費精算でタクシー料金も電車同様に、出発地と到着地の住所を入力すれば、経路検索で費用が出るようになると嬉しいです。,スマホアプリからもアクセスする事ができ、経費申請が簡単に行えるようになった。スマホアプリで経費申請の進捗状況もリアルタイムに把握する事が出来た。この口コミを詳しく見る,が簡単にできます。出発駅と到着駅を入力すると、経路検索ができます。運賃がすぐに分かります。わざわざ調べる手間がなくなりました。楽楽精算の改善してほしい点交通費精算でタクシー料金も電車同様に、出発地と到着地の住所を入力すれば、経路検索で費用が出るようになると嬉しいです。楽楽精算導入で得られた効果・メリットスマホアプリからもアクセスする事ができ、経費申請が簡単に行えるようになった。スマホアプリで経費申請の進捗状況もリアルタイムに把握する事が出来た。
1985,2021/05/07,操作がわかりやすくマニュアルを見なくても感覚的に操作が出来ます。とりわけ運賃を調べるときは便利です。,唯一、わかりにくいのは定型的な入力の手間を省くマイパターンですが、この機能をわかりやすく改善してほしい。,課題を解決するツールではありませんが、日常的に発生する精算業務などに手間を掛けず本業の時間をセーブできるのが何よりです。この口コミを詳しく見る,りやすくマニュアルを見なくても感覚的に操作が出来ます。とりわけ運賃を調べるときは便利です。楽楽精算の改善してほしい点唯一、わかりにくいのは定型的な入力の手間を省くマイパターンですが、この機能をわかりやすく改善してほしい。楽楽精算導入で得られた効果・メリット課題を解決するツールではありませんが、日常的に発生する精算業務などに手間を掛けず本業の時間をセーブできるのが何よりです。
1986,2021/05/06,これまでは社内のシステム（パッケージ？）でしたが、科目などをその都度探さなくてはならず面倒に感じる事が多かったですが、「楽楽精算」になって操作方法が楽になり、ストレスがなくなりました。,今までは交通系ICカードを読み取ると、データがそのまま反映され、プライベートが外して申請できていましたが、読取ソフトが適応外になり、経路を入力している。しかしながら、出発点と目的地を入力すると経路が複数表示され、そこから選べるので楽ではある。,日々の交通費精算は毎日できるものではないが、システムが簡単でないと溜まった時に時間を費やすことになる、楽楽精算は1ヶ月溜めてもストレスなく処理できる。この口コミを詳しく見る,社内のシステム（パッケージ？）でしたが、科目などをその都度探さなくてはならず面倒に感じる事が多かったですが、「楽楽精算」になって操作方法が楽になり、ストレスがなくなりました。楽楽精算の改善してほしい点今までは交通系ICカードを読み取ると、データがそのまま反映され、プライベートが外して申請できていましたが、読取ソフトが適応外になり、経路を入力している。しかしながら、出発点と目的地を入力すると経路が複数表示され、そこから選べるので楽ではある。楽楽精算導入で得られた効果・メリット日々の交通費精算は毎日できるものではないが、システムが簡単でないと溜まった時に時間を費やすことになる、楽楽精算は1ヶ月溜めてもストレスなく処理できる。
1987,2021/05/05,承認までのフローが一貫しているので直接先輩とやりとりせずに申請から承認までを行うことができます。また印刷への変換もすみやかでスムーズで楽楽精算導入後、精算業務が時間短縮できるようになりました。,設定が細かすぎるところもあり、申請エラーが生じることも。管理の上では必要なことと分かりつつも、社員としてはもっと簡易に入力できると効率的だなと感じます。,経費精算の時間短縮により、業務が円滑になりました。チーム内での連携がとりやすくなり、過去の記録も振り返れるのがありがたいです。この口コミを詳しく見る,フローが一貫しているので直接先輩とやりとりせずに申請から承認までを行うことができます。また印刷への変換もすみやかでスムーズで楽楽精算導入後、精算業務が時間短縮できるようになりました。楽楽精算の改善してほしい点設定が細かすぎるところもあり、申請エラーが生じることも。管理の上では必要なことと分かりつつも、社員としてはもっと簡易に入力できると効率的だなと感じます。楽楽精算導入で得られた効果・メリット経費精算の時間短縮により、業務が円滑になりました。チーム内での連携がとりやすくなり、過去の記録も振り返れるのがありがたいです。
1988,2021/05/05,領収書は写真でアップロードできる。支払先や支払日等の基本情報も勝手に読み取って入力してくれる。,写真から支払先などを自動で読み取り入力してくれる機能は便利だが、精度があまり高くない。UIは画面の作りが若干分かりづらい。,今まで毎月会社で申請書を作り、領収書を貼りつけて上司に提出して、押印してもらったら経理に送って…とかなりの時間とフローを費やしていたが、かなり削減されていると思う。この口コミを詳しく見る,真でアップロードできる。支払先や支払日等の基本情報も勝手に読み取って入力してくれる。楽楽精算の改善してほしい点写真から支払先などを自動で読み取り入力してくれる機能は便利だが、精度があまり高くない。UIは画面の作りが若干分かりづらい。楽楽精算導入で得られた効果・メリット今まで毎月会社で申請書を作り、領収書を貼りつけて上司に提出して、押印してもらったら経理に送って…とかなりの時間とフローを費やしていたが、かなり削減されていると思う。
1989,2021/05/05,近距離の交通費精算だけではなく、遠距離の出張時の申請や精算の際の社内決済を全てオンライン上で完結できるため、テレワーク時に非常に便利なサービスとなります。,遠距離の出張申請のページにて、現地のおすすめのホテルやワーキングスペースの予約も行えるように、サイトへ遷移してもらえるとさらに便利になります。,交通費や経費の申請、決済、精算を全てオンライン上で完結することができるため、上長や役員が事務所に不在時でも確認依頼や決済の承認を得ることができる点でメリットを得られました。この口コミを詳しく見る,通費精算だけではなく、遠距離の出張時の申請や精算の際の社内決済を全てオンライン上で完結できるため、テレワーク時に非常に便利なサービスとなります。楽楽精算の改善してほしい点遠距離の出張申請のページにて、現地のおすすめのホテルやワーキングスペースの予約も行えるように、サイトへ遷移してもらえるとさらに便利になります。楽楽精算導入で得られた効果・メリット交通費や経費の申請、決済、精算を全てオンライン上で完結することができるため、上長や役員が事務所に不在時でも確認依頼や決済の承認を得ることができる点でメリットを得られました。
